ply
format ascii 1.0
element vertex 58952
property float x
property float y
property float z
end_header
-10.0 -1.0 -0.3
-10.0 -1.0 -0.15
-10.0 -1.0 0.0
-10.0 -0.75 -0.3
-10.0 -0.75 -0.15
-10.0 -0.75 0.0
-10.0 -0.5 -0.3
-10.0 -0.5 -0.15
-10.0 -0.5 0.0
-10.0 -0.25 -0.3
-10.0 -0.25 -0.15
-10.0 -0.25 0.0
-10.0 0.0 -0.3
-10.0 0.0 -0.15
-10.0 0.0 0.0
-10.0 0.25 -0.3
-10.0 0.25 -0.15
-10.0 0.25 0.0
-10.0 0.5 -0.3
-10.0 0.5 -0.15
-10.0 0.5 0.0
-10.0 0.75 -0.3
-10.0 0.75 -0.15
-10.0 0.75 0.0
-10.0 1.0 -0.3
-10.0 1.0 -0.15
-10.0 1.0 0.0
-10.0 1.25 -0.3
-10.0 1.25 -0.15
-10.0 1.25 0.0
-10.0 1.5 -0.3
-10.0 1.5 -0.15
-10.0 1.5 0.0
-10.0 1.75 -0.3
-10.0 1.75 -0.15
-10.0 1.75 0.0
-10.0 2.0 -0.3
-10.0 2.0 -0.15
-10.0 2.0 0.0
-10.0 2.25 -0.3
-10.0 2.25 -0.15
-10.0 2.25 0.0
-10.0 2.5 -0.3
-10.0 2.5 -0.15
-10.0 2.5 0.0
-10.0 2.75 -0.3
-10.0 2.75 -0.15
-10.0 2.75 0.0
-10.0 3.0 -0.3
-10.0 3.0 -0.15
-10.0 3.0 0.0
-10.0 3.25 -0.3
-10.0 3.25 -0.15
-10.0 3.25 0.0
-10.0 3.5 -0.3
-10.0 3.5 -0.15
-10.0 3.5 0.0
-10.0 3.75 -0.3
-10.0 3.75 -0.15
-10.0 3.75 0.0
-10.0 4.0 -0.3
-10.0 4.0 -0.15
-10.0 4.0 0.0
-10.0 4.25 -0.3
-10.0 4.25 -0.15
-10.0 4.25 0.0
-10.0 4.5 -0.3
-10.0 4.5 -0.15
-10.0 4.5 0.0
-10.0 4.75 -0.3
-10.0 4.75 -0.15
-10.0 4.75 0.0
-10.0 5.0 -0.3
-10.0 5.0 -0.15
-10.0 5.0 0.0
-10.0 5.25 -0.3
-10.0 5.25 -0.15
-10.0 5.25 0.0
-10.0 5.5 -0.3
-10.0 5.5 -0.15
-10.0 5.5 0.0
-10.0 5.75 -0.3
-10.0 5.75 -0.15
-10.0 5.75 0.0
-10.0 6.0 -0.3
-10.0 6.0 -0.15
-10.0 6.0 0.0
-10.0 6.25 -0.3
-10.0 6.25 -0.15
-10.0 6.25 0.0
-10.0 6.5 -0.3
-10.0 6.5 -0.15
-10.0 6.5 0.0
-10.0 6.75 -0.3
-10.0 6.75 -0.15
-10.0 6.75 0.0
-10.0 7.0 -0.3
-10.0 7.0 -0.15
-10.0 7.0 0.0
-10.0 7.25 -0.3
-10.0 7.25 -0.15
-10.0 7.25 0.0
-10.0 7.5 -0.3
-10.0 7.5 -0.15
-10.0 7.5 0.0
-10.0 7.75 -0.3
-10.0 7.75 -0.15
-10.0 7.75 0.0
-10.0 8.0 -0.3
-10.0 8.0 -0.15
-10.0 8.0 0.0
-10.0 8.25 -0.3
-10.0 8.25 -0.15
-10.0 8.25 0.0
-10.0 8.5 -0.3
-10.0 8.5 -0.15
-10.0 8.5 0.0
-10.0 8.75 -0.3
-10.0 8.75 -0.15
-10.0 8.75 0.0
-10.0 9.0 -0.3
-10.0 9.0 -0.15
-10.0 9.0 0.0
-10.0 9.25 -0.3
-10.0 9.25 -0.15
-10.0 9.25 0.0
-10.0 9.5 -0.3
-10.0 9.5 -0.15
-10.0 9.5 0.0
-10.0 9.75 -0.3
-10.0 9.75 -0.15
-10.0 9.75 0.0
-10.0 10.0 -0.3
-10.0 10.0 -0.15
-10.0 10.0 0.0
-10.0 10.25 -0.3
-10.0 10.25 -0.15
-10.0 10.25 0.0
-10.0 10.5 -0.3
-10.0 10.5 -0.15
-10.0 10.5 0.0
-10.0 10.75 -0.3
-10.0 10.75 -0.15
-10.0 10.75 0.0
-10.0 11.0 -0.3
-10.0 11.0 -0.15
-10.0 11.0 0.0
-10.0 11.25 -0.3
-10.0 11.25 -0.15
-10.0 11.25 0.0
-10.0 11.5 -0.3
-10.0 11.5 -0.15
-10.0 11.5 0.0
-10.0 11.75 -0.3
-10.0 11.75 -0.15
-10.0 11.75 0.0
-10.0 12.0 -0.3
-10.0 12.0 -0.15
-10.0 12.0 0.0
-10.0 12.25 -0.3
-10.0 12.25 -0.15
-10.0 12.25 0.0
-10.0 12.5 -0.3
-10.0 12.5 -0.15
-10.0 12.5 0.0
-10.0 12.75 -0.3
-10.0 12.75 -0.15
-10.0 12.75 0.0
-10.0 13.0 -0.3
-10.0 13.0 -0.15
-10.0 13.0 0.0
-10.0 13.25 -0.3
-10.0 13.25 -0.15
-10.0 13.25 0.0
-10.0 13.5 -0.3
-10.0 13.5 -0.15
-10.0 13.5 0.0
-10.0 13.75 -0.3
-10.0 13.75 -0.15
-10.0 13.75 0.0
-10.0 14.0 -0.3
-10.0 14.0 -0.15
-10.0 14.0 0.0
-10.0 14.25 -0.3
-10.0 14.25 -0.15
-10.0 14.25 0.0
-10.0 14.5 -0.3
-10.0 14.5 -0.15
-10.0 14.5 0.0
-10.0 14.75 -0.3
-10.0 14.75 -0.15
-10.0 14.75 0.0
-10.0 15.0 -0.3
-10.0 15.0 -0.15
-10.0 15.0 0.0
-10.0 15.25 -0.3
-10.0 15.25 -0.15
-10.0 15.25 0.0
-10.0 15.5 -0.3
-10.0 15.5 -0.15
-10.0 15.5 0.0
-10.0 15.75 -0.3
-10.0 15.75 -0.15
-10.0 15.75 0.0
-10.0 16.0 -0.3
-10.0 16.0 -0.15
-10.0 16.0 0.0
-10.0 16.25 -0.3
-10.0 16.25 -0.15
-10.0 16.25 0.0
-10.0 16.5 -0.3
-10.0 16.5 -0.15
-10.0 16.5 0.0
-10.0 16.75 -0.3
-10.0 16.75 -0.15
-10.0 16.75 0.0
-10.0 17.0 -0.3
-10.0 17.0 -0.15
-10.0 17.0 0.0
-10.0 17.25 -0.3
-10.0 17.25 -0.15
-10.0 17.25 0.0
-10.0 17.5 -0.3
-10.0 17.5 -0.15
-10.0 17.5 0.0
-10.0 17.75 -0.3
-10.0 17.75 -0.15
-10.0 17.75 0.0
-10.0 18.0 -0.3
-10.0 18.0 -0.15
-10.0 18.0 0.0
-10.0 18.25 -0.3
-10.0 18.25 -0.15
-10.0 18.25 0.0
-10.0 18.5 -0.3
-10.0 18.5 -0.15
-10.0 18.5 0.0
-10.0 18.75 -0.3
-10.0 18.75 -0.15
-10.0 18.75 0.0
-10.0 19.0 -0.3
-10.0 19.0 -0.15
-10.0 19.0 0.0
-10.0 19.25 -0.3
-10.0 19.25 -0.15
-10.0 19.25 0.0
-10.0 19.5 -0.3
-10.0 19.5 -0.15
-10.0 19.5 0.0
-10.0 19.75 -0.3
-10.0 19.75 -0.15
-10.0 19.75 0.0
-10.0 20.0 -0.3
-10.0 20.0 -0.15
-10.0 20.0 0.0
-10.0 20.25 -0.3
-10.0 20.25 -0.15
-10.0 20.25 0.0
-10.0 20.5 -0.3
-10.0 20.5 -0.15
-10.0 20.5 0.0
-10.0 20.75 -0.3
-10.0 20.75 -0.15
-10.0 20.75 0.0
-10.0 21.0 -0.3
-10.0 21.0 -0.15
-10.0 21.0 0.0
-10.0 21.25 -0.3
-10.0 21.25 -0.15
-10.0 21.25 0.0
-10.0 21.5 -0.3
-10.0 21.5 -0.15
-10.0 21.5 0.0
-10.0 21.75 -0.3
-10.0 21.75 -0.15
-10.0 21.75 0.0
-10.0 22.0 -0.3
-10.0 22.0 -0.15
-10.0 22.0 0.0
-10.0 22.25 -0.3
-10.0 22.25 -0.15
-10.0 22.25 0.0
-10.0 22.5 -0.3
-10.0 22.5 -0.15
-10.0 22.5 0.0
-10.0 22.75 -0.3
-10.0 22.75 -0.15
-10.0 22.75 0.0
-10.0 23.0 -0.3
-10.0 23.0 -0.15
-10.0 23.0 0.0
-10.0 23.25 -0.3
-10.0 23.25 -0.15
-10.0 23.25 0.0
-10.0 23.5 -0.3
-10.0 23.5 -0.15
-10.0 23.5 0.0
-10.0 23.75 -0.3
-10.0 23.75 -0.15
-10.0 23.75 0.0
-10.0 24.0 -0.3
-10.0 24.0 -0.15
-10.0 24.0 0.0
-10.0 24.25 -0.3
-10.0 24.25 -0.15
-10.0 24.25 0.0
-10.0 24.5 -0.3
-10.0 24.5 -0.15
-10.0 24.5 0.0
-10.0 24.75 -0.3
-10.0 24.75 -0.15
-10.0 24.75 0.0
-10.0 25.0 -0.3
-10.0 25.0 -0.15
-10.0 25.0 0.0
-9.75 -1.0 -0.3
-9.75 -1.0 -0.15
-9.75 -1.0 0.0
-9.75 -0.75 -0.3
-9.75 -0.75 0.0
-9.75 -0.5 -0.3
-9.75 -0.5 0.0
-9.75 -0.25 -0.3
-9.75 -0.25 0.0
-9.75 0.0 -0.3
-9.75 0.0 0.0
-9.75 0.25 -0.3
-9.75 0.25 0.0
-9.75 0.5 -0.3
-9.75 0.5 0.0
-9.75 0.75 -0.3
-9.75 0.75 0.0
-9.75 1.0 -0.3
-9.75 1.0 0.0
-9.75 1.25 -0.3
-9.75 1.25 0.0
-9.75 1.5 -0.3
-9.75 1.5 0.0
-9.75 1.75 -0.3
-9.75 1.75 0.0
-9.75 2.0 -0.3
-9.75 2.0 0.0
-9.75 2.25 -0.3
-9.75 2.25 0.0
-9.75 2.5 -0.3
-9.75 2.5 0.0
-9.75 2.75 -0.3
-9.75 2.75 0.0
-9.75 3.0 -0.3
-9.75 3.0 0.0
-9.75 3.25 -0.3
-9.75 3.25 0.0
-9.75 3.5 -0.3
-9.75 3.5 0.0
-9.75 3.75 -0.3
-9.75 3.75 0.0
-9.75 4.0 -0.3
-9.75 4.0 0.0
-9.75 4.25 -0.3
-9.75 4.25 0.0
-9.75 4.5 -0.3
-9.75 4.5 0.0
-9.75 4.75 -0.3
-9.75 4.75 0.0
-9.75 5.0 -0.3
-9.75 5.0 0.0
-9.75 5.25 -0.3
-9.75 5.25 0.0
-9.75 5.5 -0.3
-9.75 5.5 0.0
-9.75 5.75 -0.3
-9.75 5.75 0.0
-9.75 6.0 -0.3
-9.75 6.0 0.0
-9.75 6.25 -0.3
-9.75 6.25 0.0
-9.75 6.5 -0.3
-9.75 6.5 0.0
-9.75 6.75 -0.3
-9.75 6.75 0.0
-9.75 7.0 -0.3
-9.75 7.0 0.0
-9.75 7.25 -0.3
-9.75 7.25 0.0
-9.75 7.5 -0.3
-9.75 7.5 0.0
-9.75 7.75 -0.3
-9.75 7.75 0.0
-9.75 8.0 -0.3
-9.75 8.0 0.0
-9.75 8.25 -0.3
-9.75 8.25 0.0
-9.75 8.5 -0.3
-9.75 8.5 0.0
-9.75 8.75 -0.3
-9.75 8.75 0.0
-9.75 9.0 -0.3
-9.75 9.0 0.0
-9.75 9.25 -0.3
-9.75 9.25 0.0
-9.75 9.5 -0.3
-9.75 9.5 0.0
-9.75 9.75 -0.3
-9.75 9.75 0.0
-9.75 10.0 -0.3
-9.75 10.0 0.0
-9.75 10.25 -0.3
-9.75 10.25 0.0
-9.75 10.5 -0.3
-9.75 10.5 0.0
-9.75 10.75 -0.3
-9.75 10.75 0.0
-9.75 11.0 -0.3
-9.75 11.0 0.0
-9.75 11.25 -0.3
-9.75 11.25 0.0
-9.75 11.5 -0.3
-9.75 11.5 0.0
-9.75 11.75 -0.3
-9.75 11.75 0.0
-9.75 12.0 -0.3
-9.75 12.0 0.0
-9.75 12.25 -0.3
-9.75 12.25 0.0
-9.75 12.5 -0.3
-9.75 12.5 0.0
-9.75 12.75 -0.3
-9.75 12.75 0.0
-9.75 13.0 -0.3
-9.75 13.0 0.0
-9.75 13.25 -0.3
-9.75 13.25 0.0
-9.75 13.5 -0.3
-9.75 13.5 0.0
-9.75 13.75 -0.3
-9.75 13.75 0.0
-9.75 14.0 -0.3
-9.75 14.0 0.0
-9.75 14.25 -0.3
-9.75 14.25 0.0
-9.75 14.5 -0.3
-9.75 14.5 0.0
-9.75 14.75 -0.3
-9.75 14.75 0.0
-9.75 15.0 -0.3
-9.75 15.0 0.0
-9.75 15.25 -0.3
-9.75 15.25 0.0
-9.75 15.5 -0.3
-9.75 15.5 0.0
-9.75 15.75 -0.3
-9.75 15.75 0.0
-9.75 16.0 -0.3
-9.75 16.0 0.0
-9.75 16.25 -0.3
-9.75 16.25 0.0
-9.75 16.5 -0.3
-9.75 16.5 0.0
-9.75 16.75 -0.3
-9.75 16.75 0.0
-9.75 17.0 -0.3
-9.75 17.0 0.0
-9.75 17.25 -0.3
-9.75 17.25 0.0
-9.75 17.5 -0.3
-9.75 17.5 0.0
-9.75 17.75 -0.3
-9.75 17.75 0.0
-9.75 18.0 -0.3
-9.75 18.0 0.0
-9.75 18.25 -0.3
-9.75 18.25 0.0
-9.75 18.5 -0.3
-9.75 18.5 0.0
-9.75 18.75 -0.3
-9.75 18.75 0.0
-9.75 19.0 -0.3
-9.75 19.0 0.0
-9.75 19.25 -0.3
-9.75 19.25 0.0
-9.75 19.5 -0.3
-9.75 19.5 0.0
-9.75 19.75 -0.3
-9.75 19.75 0.0
-9.75 20.0 -0.3
-9.75 20.0 0.0
-9.75 20.25 -0.3
-9.75 20.25 0.0
-9.75 20.5 -0.3
-9.75 20.5 0.0
-9.75 20.75 -0.3
-9.75 20.75 0.0
-9.75 21.0 -0.3
-9.75 21.0 0.0
-9.75 21.25 -0.3
-9.75 21.25 0.0
-9.75 21.5 -0.3
-9.75 21.5 0.0
-9.75 21.75 -0.3
-9.75 21.75 0.0
-9.75 22.0 -0.3
-9.75 22.0 0.0
-9.75 22.25 -0.3
-9.75 22.25 0.0
-9.75 22.5 -0.3
-9.75 22.5 0.0
-9.75 22.75 -0.3
-9.75 22.75 0.0
-9.75 23.0 -0.3
-9.75 23.0 0.0
-9.75 23.25 -0.3
-9.75 23.25 0.0
-9.75 23.5 -0.3
-9.75 23.5 0.0
-9.75 23.75 -0.3
-9.75 23.75 0.0
-9.75 24.0 -0.3
-9.75 24.0 0.0
-9.75 24.25 -0.3
-9.75 24.25 0.0
-9.75 24.5 -0.3
-9.75 24.5 0.0
-9.75 24.75 -0.3
-9.75 24.75 0.0
-9.75 25.0 -0.3
-9.75 25.0 -0.15
-9.75 25.0 0.0
-9.5 -1.0 -0.3
-9.5 -1.0 -0.15
-9.5 -1.0 0.0
-9.5 -0.75 -0.3
-9.5 -0.75 0.0
-9.5 -0.5 -0.3
-9.5 -0.5 0.0
-9.5 -0.25 -0.3
-9.5 -0.25 0.0
-9.5 0.0 -0.3
-9.5 0.0 0.0
-9.5 0.25 -0.3
-9.5 0.25 0.0
-9.5 0.5 -0.3
-9.5 0.5 0.0
-9.5 0.75 -0.3
-9.5 0.75 0.0
-9.5 1.0 -0.3
-9.5 1.0 0.0
-9.5 1.25 -0.3
-9.5 1.25 0.0
-9.5 1.5 -0.3
-9.5 1.5 0.0
-9.5 1.75 -0.3
-9.5 1.75 0.0
-9.5 2.0 -0.3
-9.5 2.0 0.0
-9.5 2.25 -0.3
-9.5 2.25 0.0
-9.5 2.5 -0.3
-9.5 2.5 0.0
-9.5 2.75 -0.3
-9.5 2.75 0.0
-9.5 3.0 -0.3
-9.5 3.0 0.0
-9.5 3.25 -0.3
-9.5 3.25 0.0
-9.5 3.5 -0.3
-9.5 3.5 0.0
-9.5 3.75 -0.3
-9.5 3.75 0.0
-9.5 4.0 -0.3
-9.5 4.0 0.0
-9.5 4.25 -0.3
-9.5 4.25 0.0
-9.5 4.5 -0.3
-9.5 4.5 0.0
-9.5 4.75 -0.3
-9.5 4.75 0.0
-9.5 5.0 -0.3
-9.5 5.0 0.0
-9.5 5.25 -0.3
-9.5 5.25 0.0
-9.5 5.5 -0.3
-9.5 5.5 0.0
-9.5 5.75 -0.3
-9.5 5.75 0.0
-9.5 6.0 -0.3
-9.5 6.0 0.0
-9.5 6.25 -0.3
-9.5 6.25 0.0
-9.5 6.5 -0.3
-9.5 6.5 0.0
-9.5 6.75 -0.3
-9.5 6.75 0.0
-9.5 7.0 -0.3
-9.5 7.0 0.0
-9.5 7.25 -0.3
-9.5 7.25 0.0
-9.5 7.5 -0.3
-9.5 7.5 0.0
-9.5 7.75 -0.3
-9.5 7.75 0.0
-9.5 8.0 -0.3
-9.5 8.0 0.0
-9.5 8.25 -0.3
-9.5 8.25 0.0
-9.5 8.5 -0.3
-9.5 8.5 0.0
-9.5 8.75 -0.3
-9.5 8.75 0.0
-9.5 9.0 -0.3
-9.5 9.0 0.0
-9.5 9.25 -0.3
-9.5 9.25 0.0
-9.5 9.5 -0.3
-9.5 9.5 0.0
-9.5 9.75 -0.3
-9.5 9.75 0.0
-9.5 10.0 -0.3
-9.5 10.0 0.0
-9.5 10.25 -0.3
-9.5 10.25 0.0
-9.5 10.5 -0.3
-9.5 10.5 0.0
-9.5 10.75 -0.3
-9.5 10.75 0.0
-9.5 11.0 -0.3
-9.5 11.0 0.0
-9.5 11.25 -0.3
-9.5 11.25 0.0
-9.5 11.5 -0.3
-9.5 11.5 0.0
-9.5 11.75 -0.3
-9.5 11.75 0.0
-9.5 12.0 -0.3
-9.5 12.0 0.0
-9.5 12.25 -0.3
-9.5 12.25 0.0
-9.5 12.5 -0.3
-9.5 12.5 0.0
-9.5 12.75 -0.3
-9.5 12.75 0.0
-9.5 13.0 -0.3
-9.5 13.0 0.0
-9.5 13.25 -0.3
-9.5 13.25 0.0
-9.5 13.5 -0.3
-9.5 13.5 0.0
-9.5 13.75 -0.3
-9.5 13.75 0.0
-9.5 14.0 -0.3
-9.5 14.0 0.0
-9.5 14.25 -0.3
-9.5 14.25 0.0
-9.5 14.5 -0.3
-9.5 14.5 0.0
-9.5 14.75 -0.3
-9.5 14.75 0.0
-9.5 15.0 -0.3
-9.5 15.0 0.0
-9.5 15.25 -0.3
-9.5 15.25 0.0
-9.5 15.5 -0.3
-9.5 15.5 0.0
-9.5 15.75 -0.3
-9.5 15.75 0.0
-9.5 16.0 -0.3
-9.5 16.0 0.0
-9.5 16.25 -0.3
-9.5 16.25 0.0
-9.5 16.5 -0.3
-9.5 16.5 0.0
-9.5 16.75 -0.3
-9.5 16.75 0.0
-9.5 17.0 -0.3
-9.5 17.0 0.0
-9.5 17.25 -0.3
-9.5 17.25 0.0
-9.5 17.5 -0.3
-9.5 17.5 0.0
-9.5 17.75 -0.3
-9.5 17.75 0.0
-9.5 18.0 -0.3
-9.5 18.0 0.0
-9.5 18.25 -0.3
-9.5 18.25 0.0
-9.5 18.5 -0.3
-9.5 18.5 0.0
-9.5 18.75 -0.3
-9.5 18.75 0.0
-9.5 19.0 -0.3
-9.5 19.0 0.0
-9.5 19.25 -0.3
-9.5 19.25 0.0
-9.5 19.5 -0.3
-9.5 19.5 0.0
-9.5 19.75 -0.3
-9.5 19.75 0.0
-9.5 20.0 -0.3
-9.5 20.0 0.0
-9.5 20.25 -0.3
-9.5 20.25 0.0
-9.5 20.5 -0.3
-9.5 20.5 0.0
-9.5 20.75 -0.3
-9.5 20.75 0.0
-9.5 21.0 -0.3
-9.5 21.0 0.0
-9.5 21.25 -0.3
-9.5 21.25 0.0
-9.5 21.5 -0.3
-9.5 21.5 0.0
-9.5 21.75 -0.3
-9.5 21.75 0.0
-9.5 22.0 -0.3
-9.5 22.0 0.0
-9.5 22.25 -0.3
-9.5 22.25 0.0
-9.5 22.5 -0.3
-9.5 22.5 0.0
-9.5 22.75 -0.3
-9.5 22.75 0.0
-9.5 23.0 -0.3
-9.5 23.0 0.0
-9.5 23.25 -0.3
-9.5 23.25 0.0
-9.5 23.5 -0.3
-9.5 23.5 0.0
-9.5 23.75 -0.3
-9.5 23.75 0.0
-9.5 24.0 -0.3
-9.5 24.0 0.0
-9.5 24.25 -0.3
-9.5 24.25 0.0
-9.5 24.5 -0.3
-9.5 24.5 0.0
-9.5 24.75 -0.3
-9.5 24.75 0.0
-9.5 25.0 -0.3
-9.5 25.0 -0.15
-9.5 25.0 0.0
-9.25 -1.0 -0.3
-9.25 -1.0 -0.15
-9.25 -1.0 0.0
-9.25 -0.75 -0.3
-9.25 -0.75 0.0
-9.25 -0.5 -0.3
-9.25 -0.5 0.0
-9.25 -0.25 -0.3
-9.25 -0.25 0.0
-9.25 0.0 -0.3
-9.25 0.0 0.0
-9.25 0.25 -0.3
-9.25 0.25 0.0
-9.25 0.5 -0.3
-9.25 0.5 0.0
-9.25 0.75 -0.3
-9.25 0.75 0.0
-9.25 1.0 -0.3
-9.25 1.0 0.0
-9.25 1.25 -0.3
-9.25 1.25 0.0
-9.25 1.5 -0.3
-9.25 1.5 0.0
-9.25 1.75 -0.3
-9.25 1.75 0.0
-9.25 2.0 -0.3
-9.25 2.0 0.0
-9.25 2.25 -0.3
-9.25 2.25 0.0
-9.25 2.5 -0.3
-9.25 2.5 0.0
-9.25 2.75 -0.3
-9.25 2.75 0.0
-9.25 3.0 -0.3
-9.25 3.0 0.0
-9.25 3.25 -0.3
-9.25 3.25 0.0
-9.25 3.5 -0.3
-9.25 3.5 0.0
-9.25 3.75 -0.3
-9.25 3.75 0.0
-9.25 4.0 -0.3
-9.25 4.0 0.0
-9.25 4.25 -0.3
-9.25 4.25 0.0
-9.25 4.5 -0.3
-9.25 4.5 0.0
-9.25 4.75 -0.3
-9.25 4.75 0.0
-9.25 5.0 -0.3
-9.25 5.0 0.0
-9.25 5.25 -0.3
-9.25 5.25 0.0
-9.25 5.5 -0.3
-9.25 5.5 0.0
-9.25 5.75 -0.3
-9.25 5.75 0.0
-9.25 6.0 -0.3
-9.25 6.0 0.0
-9.25 6.25 -0.3
-9.25 6.25 0.0
-9.25 6.5 -0.3
-9.25 6.5 0.0
-9.25 6.75 -0.3
-9.25 6.75 0.0
-9.25 7.0 -0.3
-9.25 7.0 0.0
-9.25 7.25 -0.3
-9.25 7.25 0.0
-9.25 7.5 -0.3
-9.25 7.5 0.0
-9.25 7.75 -0.3
-9.25 7.75 0.0
-9.25 8.0 -0.3
-9.25 8.0 0.0
-9.25 8.25 -0.3
-9.25 8.25 0.0
-9.25 8.5 -0.3
-9.25 8.5 0.0
-9.25 8.75 -0.3
-9.25 8.75 0.0
-9.25 9.0 -0.3
-9.25 9.0 0.0
-9.25 9.25 -0.3
-9.25 9.25 0.0
-9.25 9.5 -0.3
-9.25 9.5 0.0
-9.25 9.75 -0.3
-9.25 9.75 0.0
-9.25 10.0 -0.3
-9.25 10.0 0.0
-9.25 10.25 -0.3
-9.25 10.25 0.0
-9.25 10.5 -0.3
-9.25 10.5 0.0
-9.25 10.75 -0.3
-9.25 10.75 0.0
-9.25 11.0 -0.3
-9.25 11.0 0.0
-9.25 11.25 -0.3
-9.25 11.25 0.0
-9.25 11.5 -0.3
-9.25 11.5 0.0
-9.25 11.75 -0.3
-9.25 11.75 0.0
-9.25 12.0 -0.3
-9.25 12.0 0.0
-9.25 12.25 -0.3
-9.25 12.25 0.0
-9.25 12.5 -0.3
-9.25 12.5 0.0
-9.25 12.75 -0.3
-9.25 12.75 0.0
-9.25 13.0 -0.3
-9.25 13.0 0.0
-9.25 13.25 -0.3
-9.25 13.25 0.0
-9.25 13.5 -0.3
-9.25 13.5 0.0
-9.25 13.75 -0.3
-9.25 13.75 0.0
-9.25 14.0 -0.3
-9.25 14.0 0.0
-9.25 14.25 -0.3
-9.25 14.25 0.0
-9.25 14.5 -0.3
-9.25 14.5 0.0
-9.25 14.75 -0.3
-9.25 14.75 0.0
-9.25 15.0 -0.3
-9.25 15.0 0.0
-9.25 15.25 -0.3
-9.25 15.25 0.0
-9.25 15.5 -0.3
-9.25 15.5 0.0
-9.25 15.75 -0.3
-9.25 15.75 0.0
-9.25 16.0 -0.3
-9.25 16.0 0.0
-9.25 16.25 -0.3
-9.25 16.25 0.0
-9.25 16.5 -0.3
-9.25 16.5 0.0
-9.25 16.75 -0.3
-9.25 16.75 0.0
-9.25 17.0 -0.3
-9.25 17.0 0.0
-9.25 17.25 -0.3
-9.25 17.25 0.0
-9.25 17.5 -0.3
-9.25 17.5 0.0
-9.25 17.75 -0.3
-9.25 17.75 0.0
-9.25 18.0 -0.3
-9.25 18.0 0.0
-9.25 18.25 -0.3
-9.25 18.25 0.0
-9.25 18.5 -0.3
-9.25 18.5 0.0
-9.25 18.75 -0.3
-9.25 18.75 0.0
-9.25 19.0 -0.3
-9.25 19.0 0.0
-9.25 19.25 -0.3
-9.25 19.25 0.0
-9.25 19.5 -0.3
-9.25 19.5 0.0
-9.25 19.75 -0.3
-9.25 19.75 0.0
-9.25 20.0 -0.3
-9.25 20.0 0.0
-9.25 20.25 -0.3
-9.25 20.25 0.0
-9.25 20.5 -0.3
-9.25 20.5 0.0
-9.25 20.75 -0.3
-9.25 20.75 0.0
-9.25 21.0 -0.3
-9.25 21.0 0.0
-9.25 21.25 -0.3
-9.25 21.25 0.0
-9.25 21.5 -0.3
-9.25 21.5 0.0
-9.25 21.75 -0.3
-9.25 21.75 0.0
-9.25 22.0 -0.3
-9.25 22.0 0.0
-9.25 22.25 -0.3
-9.25 22.25 0.0
-9.25 22.5 -0.3
-9.25 22.5 0.0
-9.25 22.75 -0.3
-9.25 22.75 0.0
-9.25 23.0 -0.3
-9.25 23.0 0.0
-9.25 23.25 -0.3
-9.25 23.25 0.0
-9.25 23.5 -0.3
-9.25 23.5 0.0
-9.25 23.75 -0.3
-9.25 23.75 0.0
-9.25 24.0 -0.3
-9.25 24.0 0.0
-9.25 24.25 -0.3
-9.25 24.25 0.0
-9.25 24.5 -0.3
-9.25 24.5 0.0
-9.25 24.75 -0.3
-9.25 24.75 0.0
-9.25 25.0 -0.3
-9.25 25.0 -0.15
-9.25 25.0 0.0
-9.0 -1.0 -0.3
-9.0 -1.0 -0.15
-9.0 -1.0 0.0
-9.0 -0.75 -0.3
-9.0 -0.75 0.0
-9.0 -0.5 -0.3
-9.0 -0.5 0.0
-9.0 -0.25 -0.3
-9.0 -0.25 0.0
-9.0 0.0 -0.3
-9.0 0.0 -0.22
-9.0 0.0 0.0
-9.0 0.0 0.245
-9.0 0.0 0.49
-9.0 0.0 0.735
-9.0 0.0 0.98
-9.0 0.0 1.225
-9.0 0.0 1.47
-9.0 0.0 1.715
-9.0 0.0 1.96
-9.0 0.0 2.205
-9.0 0.0 2.45
-9.0 0.0 2.67
-9.0 0.18 0.0
-9.0 0.18 0.245
-9.0 0.18 0.49
-9.0 0.18 0.735
-9.0 0.18 0.98
-9.0 0.18 1.225
-9.0 0.18 1.47
-9.0 0.18 1.715
-9.0 0.18 1.96
-9.0 0.18 2.205
-9.0 0.18 2.45
-9.0 0.2453 -0.22
-9.0 0.2453 0.0
-9.0 0.25 -0.3
-9.0 0.25 0.0
-9.0 0.25 0.245
-9.0 0.25 0.49
-9.0 0.25 0.735
-9.0 0.25 0.98
-9.0 0.25 1.225
-9.0 0.25 1.47
-9.0 0.25 1.715
-9.0 0.25 1.96
-9.0 0.25 2.205
-9.0 0.25 2.45
-9.0 0.25 2.67
-9.0 0.4906 -0.22
-9.0 0.4906 0.0
-9.0 0.5 -0.3
-9.0 0.5 0.0
-9.0 0.5 0.245
-9.0 0.5 0.49
-9.0 0.5 0.735
-9.0 0.5 0.98
-9.0 0.5 1.225
-9.0 0.5 1.47
-9.0 0.5 1.715
-9.0 0.5 1.96
-9.0 0.5 2.205
-9.0 0.5 2.45
-9.0 0.5 2.67
-9.0 0.7359 -0.22
-9.0 0.7359 0.0
-9.0 0.75 -0.3
-9.0 0.75 0.0
-9.0 0.75 0.245
-9.0 0.75 0.49
-9.0 0.75 0.735
-9.0 0.75 0.98
-9.0 0.75 1.225
-9.0 0.75 1.47
-9.0 0.75 1.715
-9.0 0.75 1.96
-9.0 0.75 2.205
-9.0 0.75 2.45
-9.0 0.75 2.67
-9.0 0.9813 -0.22
-9.0 0.9813 0.0
-9.0 1.0 -0.3
-9.0 1.0 0.0
-9.0 1.0 0.245
-9.0 1.0 0.49
-9.0 1.0 0.735
-9.0 1.0 0.98
-9.0 1.0 1.225
-9.0 1.0 1.47
-9.0 1.0 1.715
-9.0 1.0 1.96
-9.0 1.0 2.205
-9.0 1.0 2.45
-9.0 1.0 2.67
-9.0 1.2266 -0.22
-9.0 1.2266 0.0
-9.0 1.25 -0.3
-9.0 1.25 0.0
-9.0 1.25 0.245
-9.0 1.25 0.49
-9.0 1.25 0.735
-9.0 1.25 0.98
-9.0 1.25 1.225
-9.0 1.25 1.47
-9.0 1.25 1.715
-9.0 1.25 1.96
-9.0 1.25 2.205
-9.0 1.25 2.45
-9.0 1.25 2.67
-9.0 1.4719 -0.22
-9.0 1.4719 0.0
-9.0 1.5 -0.3
-9.0 1.5 0.0
-9.0 1.5 0.245
-9.0 1.5 0.49
-9.0 1.5 0.735
-9.0 1.5 0.98
-9.0 1.5 1.225
-9.0 1.5 1.47
-9.0 1.5 1.715
-9.0 1.5 1.96
-9.0 1.5 2.205
-9.0 1.5 2.45
-9.0 1.5 2.67
-9.0 1.7172 -0.22
-9.0 1.7172 0.0
-9.0 1.75 -0.3
-9.0 1.75 0.0
-9.0 1.75 0.245
-9.0 1.75 0.49
-9.0 1.75 0.735
-9.0 1.75 0.98
-9.0 1.75 1.225
-9.0 1.75 1.47
-9.0 1.75 1.715
-9.0 1.75 1.96
-9.0 1.75 2.205
-9.0 1.75 2.45
-9.0 1.75 2.67
-9.0 1.9625 -0.22
-9.0 1.9625 0.0
-9.0 2.0 -0.3
-9.0 2.0 0.0
-9.0 2.0 0.245
-9.0 2.0 0.49
-9.0 2.0 0.735
-9.0 2.0 0.98
-9.0 2.0 1.225
-9.0 2.0 1.47
-9.0 2.0 1.715
-9.0 2.0 1.96
-9.0 2.0 2.205
-9.0 2.0 2.45
-9.0 2.0 2.67
-9.0 2.2078 -0.22
-9.0 2.2078 0.0
-9.0 2.25 -0.3
-9.0 2.25 0.0
-9.0 2.25 0.245
-9.0 2.25 0.49
-9.0 2.25 0.735
-9.0 2.25 0.98
-9.0 2.25 1.225
-9.0 2.25 1.47
-9.0 2.25 1.715
-9.0 2.25 1.96
-9.0 2.25 2.205
-9.0 2.25 2.45
-9.0 2.25 2.67
-9.0 2.4531 -0.22
-9.0 2.4531 0.0
-9.0 2.5 -0.3
-9.0 2.5 0.0
-9.0 2.5 0.245
-9.0 2.5 0.49
-9.0 2.5 0.735
-9.0 2.5 0.98
-9.0 2.5 1.225
-9.0 2.5 1.47
-9.0 2.5 1.715
-9.0 2.5 1.96
-9.0 2.5 2.205
-9.0 2.5 2.45
-9.0 2.5 2.67
-9.0 2.6984 -0.22
-9.0 2.6984 0.0
-9.0 2.75 -0.3
-9.0 2.75 0.0
-9.0 2.75 0.245
-9.0 2.75 0.49
-9.0 2.75 0.735
-9.0 2.75 0.98
-9.0 2.75 1.225
-9.0 2.75 1.47
-9.0 2.75 1.715
-9.0 2.75 1.96
-9.0 2.75 2.205
-9.0 2.75 2.45
-9.0 2.75 2.67
-9.0 2.9437 -0.22
-9.0 2.9437 0.0
-9.0 3.0 -0.3
-9.0 3.0 0.0
-9.0 3.0 0.245
-9.0 3.0 0.49
-9.0 3.0 0.735
-9.0 3.0 0.98
-9.0 3.0 1.225
-9.0 3.0 1.47
-9.0 3.0 1.715
-9.0 3.0 1.96
-9.0 3.0 2.205
-9.0 3.0 2.45
-9.0 3.0 2.67
-9.0 3.1891 -0.22
-9.0 3.1891 0.0
-9.0 3.25 -0.3
-9.0 3.25 0.0
-9.0 3.25 0.245
-9.0 3.25 0.49
-9.0 3.25 0.735
-9.0 3.25 0.98
-9.0 3.25 1.225
-9.0 3.25 1.47
-9.0 3.25 1.715
-9.0 3.25 1.96
-9.0 3.25 2.205
-9.0 3.25 2.45
-9.0 3.25 2.67
-9.0 3.4344 -0.22
-9.0 3.4344 0.0
-9.0 3.5 -0.3
-9.0 3.5 0.0
-9.0 3.5 0.245
-9.0 3.5 0.49
-9.0 3.5 0.735
-9.0 3.5 0.98
-9.0 3.5 1.225
-9.0 3.5 1.47
-9.0 3.5 1.715
-9.0 3.5 1.96
-9.0 3.5 2.205
-9.0 3.5 2.45
-9.0 3.5 2.67
-9.0 3.6797 -0.22
-9.0 3.6797 0.0
-9.0 3.75 -0.3
-9.0 3.75 0.0
-9.0 3.75 0.245
-9.0 3.75 0.49
-9.0 3.75 0.735
-9.0 3.75 0.98
-9.0 3.75 1.225
-9.0 3.75 1.47
-9.0 3.75 1.715
-9.0 3.75 1.96
-9.0 3.75 2.205
-9.0 3.75 2.45
-9.0 3.75 2.67
-9.0 3.925 -0.22
-9.0 3.925 0.0
-9.0 4.0 -0.3
-9.0 4.0 0.0
-9.0 4.0 0.245
-9.0 4.0 0.49
-9.0 4.0 0.735
-9.0 4.0 0.98
-9.0 4.0 1.225
-9.0 4.0 1.47
-9.0 4.0 1.715
-9.0 4.0 1.96
-9.0 4.0 2.205
-9.0 4.0 2.45
-9.0 4.0 2.67
-9.0 4.1703 -0.22
-9.0 4.1703 0.0
-9.0 4.25 -0.3
-9.0 4.25 0.0
-9.0 4.25 0.245
-9.0 4.25 0.49
-9.0 4.25 0.735
-9.0 4.25 0.98
-9.0 4.25 1.225
-9.0 4.25 1.47
-9.0 4.25 1.715
-9.0 4.25 1.96
-9.0 4.25 2.205
-9.0 4.25 2.45
-9.0 4.25 2.67
-9.0 4.4156 -0.22
-9.0 4.4156 0.0
-9.0 4.5 -0.3
-9.0 4.5 0.0
-9.0 4.5 0.245
-9.0 4.5 0.49
-9.0 4.5 0.735
-9.0 4.5 0.98
-9.0 4.5 1.225
-9.0 4.5 1.47
-9.0 4.5 1.715
-9.0 4.5 1.96
-9.0 4.5 2.205
-9.0 4.5 2.45
-9.0 4.5 2.67
-9.0 4.6609 -0.22
-9.0 4.6609 0.0
-9.0 4.75 -0.3
-9.0 4.75 0.0
-9.0 4.75 0.245
-9.0 4.75 0.49
-9.0 4.75 0.735
-9.0 4.75 0.98
-9.0 4.75 1.225
-9.0 4.75 1.47
-9.0 4.75 1.715
-9.0 4.75 1.96
-9.0 4.75 2.205
-9.0 4.75 2.45
-9.0 4.75 2.67
-9.0 4.9062 -0.22
-9.0 4.9062 0.0
-9.0 5.0 -0.3
-9.0 5.0 0.0
-9.0 5.0 0.245
-9.0 5.0 0.49
-9.0 5.0 0.735
-9.0 5.0 0.98
-9.0 5.0 1.225
-9.0 5.0 1.47
-9.0 5.0 1.715
-9.0 5.0 1.96
-9.0 5.0 2.205
-9.0 5.0 2.45
-9.0 5.0 2.67
-9.0 5.1516 -0.22
-9.0 5.1516 0.0
-9.0 5.25 -0.3
-9.0 5.25 0.0
-9.0 5.25 0.245
-9.0 5.25 0.49
-9.0 5.25 0.735
-9.0 5.25 0.98
-9.0 5.25 1.225
-9.0 5.25 1.47
-9.0 5.25 1.715
-9.0 5.25 1.96
-9.0 5.25 2.205
-9.0 5.25 2.45
-9.0 5.25 2.67
-9.0 5.3969 -0.22
-9.0 5.3969 0.0
-9.0 5.5 -0.3
-9.0 5.5 0.0
-9.0 5.5 0.245
-9.0 5.5 0.49
-9.0 5.5 0.735
-9.0 5.5 0.98
-9.0 5.5 1.225
-9.0 5.5 1.47
-9.0 5.5 1.715
-9.0 5.5 1.96
-9.0 5.5 2.205
-9.0 5.5 2.45
-9.0 5.5 2.67
-9.0 5.6422 -0.22
-9.0 5.6422 0.0
-9.0 5.75 -0.3
-9.0 5.75 0.0
-9.0 5.75 0.245
-9.0 5.75 0.49
-9.0 5.75 0.735
-9.0 5.75 0.98
-9.0 5.75 1.225
-9.0 5.75 1.47
-9.0 5.75 1.715
-9.0 5.75 1.96
-9.0 5.75 2.205
-9.0 5.75 2.45
-9.0 5.75 2.67
-9.0 5.8875 -0.22
-9.0 5.8875 0.0
-9.0 6.0 -0.3
-9.0 6.0 0.0
-9.0 6.0 0.245
-9.0 6.0 0.49
-9.0 6.0 0.735
-9.0 6.0 0.98
-9.0 6.0 1.225
-9.0 6.0 1.47
-9.0 6.0 1.715
-9.0 6.0 1.96
-9.0 6.0 2.205
-9.0 6.0 2.45
-9.0 6.0 2.67
-9.0 6.1328 -0.22
-9.0 6.1328 0.0
-9.0 6.25 -0.3
-9.0 6.25 0.0
-9.0 6.25 0.245
-9.0 6.25 0.49
-9.0 6.25 0.735
-9.0 6.25 0.98
-9.0 6.25 1.225
-9.0 6.25 1.47
-9.0 6.25 1.715
-9.0 6.25 1.96
-9.0 6.25 2.205
-9.0 6.25 2.45
-9.0 6.25 2.67
-9.0 6.3781 -0.22
-9.0 6.3781 0.0
-9.0 6.5 -0.3
-9.0 6.5 0.0
-9.0 6.5 0.245
-9.0 6.5 0.49
-9.0 6.5 0.735
-9.0 6.5 0.98
-9.0 6.5 1.225
-9.0 6.5 1.47
-9.0 6.5 1.715
-9.0 6.5 1.96
-9.0 6.5 2.205
-9.0 6.5 2.45
-9.0 6.5 2.67
-9.0 6.6234 -0.22
-9.0 6.6234 0.0
-9.0 6.75 -0.3
-9.0 6.75 0.0
-9.0 6.75 0.245
-9.0 6.75 0.49
-9.0 6.75 0.735
-9.0 6.75 0.98
-9.0 6.75 1.225
-9.0 6.75 1.47
-9.0 6.75 1.715
-9.0 6.75 1.96
-9.0 6.75 2.205
-9.0 6.75 2.45
-9.0 6.75 2.67
-9.0 6.8687 -0.22
-9.0 6.8687 0.0
-9.0 7.0 -0.3
-9.0 7.0 0.0
-9.0 7.0 0.245
-9.0 7.0 0.49
-9.0 7.0 0.735
-9.0 7.0 0.98
-9.0 7.0 1.225
-9.0 7.0 1.47
-9.0 7.0 1.715
-9.0 7.0 1.96
-9.0 7.0 2.205
-9.0 7.0 2.45
-9.0 7.0 2.67
-9.0 7.1141 -0.22
-9.0 7.1141 0.0
-9.0 7.25 -0.3
-9.0 7.25 0.0
-9.0 7.25 0.245
-9.0 7.25 0.49
-9.0 7.25 0.735
-9.0 7.25 0.98
-9.0 7.25 1.225
-9.0 7.25 1.47
-9.0 7.25 1.715
-9.0 7.25 1.96
-9.0 7.25 2.205
-9.0 7.25 2.45
-9.0 7.25 2.67
-9.0 7.3594 -0.22
-9.0 7.3594 0.0
-9.0 7.5 -0.3
-9.0 7.5 0.0
-9.0 7.5 0.245
-9.0 7.5 0.49
-9.0 7.5 0.735
-9.0 7.5 0.98
-9.0 7.5 1.225
-9.0 7.5 1.47
-9.0 7.5 1.715
-9.0 7.5 1.96
-9.0 7.5 2.205
-9.0 7.5 2.45
-9.0 7.5 2.67
-9.0 7.6047 -0.22
-9.0 7.6047 0.0
-9.0 7.75 -0.3
-9.0 7.75 0.0
-9.0 7.75 0.245
-9.0 7.75 0.49
-9.0 7.75 0.735
-9.0 7.75 0.98
-9.0 7.75 1.225
-9.0 7.75 1.47
-9.0 7.75 1.715
-9.0 7.75 1.96
-9.0 7.75 2.205
-9.0 7.75 2.45
-9.0 7.75 2.67
-9.0 7.85 -0.22
-9.0 7.85 0.0
-9.0 8.0 -0.3
-9.0 8.0 0.0
-9.0 8.0 0.245
-9.0 8.0 0.49
-9.0 8.0 0.735
-9.0 8.0 0.98
-9.0 8.0 1.225
-9.0 8.0 1.47
-9.0 8.0 1.715
-9.0 8.0 1.96
-9.0 8.0 2.205
-9.0 8.0 2.45
-9.0 8.0 2.67
-9.0 8.0985 -0.22
-9.0 8.0985 0.0
-9.0 8.25 -0.3
-9.0 8.25 0.0
-9.0 8.25 0.245
-9.0 8.25 0.49
-9.0 8.25 0.735
-9.0 8.25 0.98
-9.0 8.25 1.225
-9.0 8.25 1.47
-9.0 8.25 1.715
-9.0 8.25 1.96
-9.0 8.25 2.205
-9.0 8.25 2.45
-9.0 8.25 2.67
-9.0 8.3469 -0.22
-9.0 8.3469 0.0
-9.0 8.5 -0.3
-9.0 8.5 0.0
-9.0 8.5 0.245
-9.0 8.5 0.49
-9.0 8.5 0.735
-9.0 8.5 0.98
-9.0 8.5 1.225
-9.0 8.5 1.47
-9.0 8.5 1.715
-9.0 8.5 1.96
-9.0 8.5 2.205
-9.0 8.5 2.45
-9.0 8.5 2.67
-9.0 8.5954 -0.22
-9.0 8.5954 0.0
-9.0 8.75 -0.3
-9.0 8.75 0.0
-9.0 8.75 0.245
-9.0 8.75 0.49
-9.0 8.75 0.735
-9.0 8.75 0.98
-9.0 8.75 1.225
-9.0 8.75 1.47
-9.0 8.75 1.715
-9.0 8.75 1.96
-9.0 8.75 2.205
-9.0 8.75 2.45
-9.0 8.75 2.67
-9.0 8.8438 -0.22
-9.0 8.8438 0.0
-9.0 9.0 -0.3
-9.0 9.0 0.0
-9.0 9.0 0.245
-9.0 9.0 0.49
-9.0 9.0 0.735
-9.0 9.0 0.98
-9.0 9.0 1.225
-9.0 9.0 1.47
-9.0 9.0 1.715
-9.0 9.0 1.96
-9.0 9.0 2.205
-9.0 9.0 2.45
-9.0 9.0 2.67
-9.0 9.0923 -0.22
-9.0 9.0923 0.0
-9.0 9.25 -0.3
-9.0 9.25 0.0
-9.0 9.25 0.245
-9.0 9.25 0.49
-9.0 9.25 0.735
-9.0 9.25 0.98
-9.0 9.25 1.225
-9.0 9.25 1.47
-9.0 9.25 1.715
-9.0 9.25 1.96
-9.0 9.25 2.205
-9.0 9.25 2.45
-9.0 9.25 2.67
-9.0 9.3408 -0.22
-9.0 9.3408 0.0
-9.0 9.5 -0.3
-9.0 9.5 0.0
-9.0 9.5 0.245
-9.0 9.5 0.49
-9.0 9.5 0.735
-9.0 9.5 0.98
-9.0 9.5 1.225
-9.0 9.5 1.47
-9.0 9.5 1.715
-9.0 9.5 1.96
-9.0 9.5 2.205
-9.0 9.5 2.45
-9.0 9.5 2.67
-9.0 9.5892 -0.22
-9.0 9.5892 0.0
-9.0 9.75 -0.3
-9.0 9.75 0.0
-9.0 9.75 0.245
-9.0 9.75 0.49
-9.0 9.75 0.735
-9.0 9.75 0.98
-9.0 9.75 1.225
-9.0 9.75 1.47
-9.0 9.75 1.715
-9.0 9.75 1.96
-9.0 9.75 2.205
-9.0 9.75 2.45
-9.0 9.75 2.67
-9.0 9.8377 -0.22
-9.0 9.8377 0.0
-9.0 10.0 -0.3
-9.0 10.0 0.0
-9.0 10.0 0.245
-9.0 10.0 0.49
-9.0 10.0 0.735
-9.0 10.0 0.98
-9.0 10.0 1.225
-9.0 10.0 1.47
-9.0 10.0 1.715
-9.0 10.0 1.96
-9.0 10.0 2.205
-9.0 10.0 2.45
-9.0 10.0 2.67
-9.0 10.0862 -0.22
-9.0 10.0862 0.0
-9.0 10.25 -0.3
-9.0 10.25 0.0
-9.0 10.25 0.245
-9.0 10.25 0.49
-9.0 10.25 0.735
-9.0 10.25 0.98
-9.0 10.25 1.225
-9.0 10.25 1.47
-9.0 10.25 1.715
-9.0 10.25 1.96
-9.0 10.25 2.205
-9.0 10.25 2.45
-9.0 10.25 2.67
-9.0 10.3346 -0.22
-9.0 10.3346 0.0
-9.0 10.5 -0.3
-9.0 10.5 0.0
-9.0 10.5 0.245
-9.0 10.5 0.49
-9.0 10.5 0.735
-9.0 10.5 0.98
-9.0 10.5 1.225
-9.0 10.5 1.47
-9.0 10.5 1.715
-9.0 10.5 1.96
-9.0 10.5 2.205
-9.0 10.5 2.45
-9.0 10.5 2.67
-9.0 10.5831 -0.22
-9.0 10.5831 0.0
-9.0 10.75 -0.3
-9.0 10.75 0.0
-9.0 10.75 0.245
-9.0 10.75 0.49
-9.0 10.75 0.735
-9.0 10.75 0.98
-9.0 10.75 1.225
-9.0 10.75 1.47
-9.0 10.75 1.715
-9.0 10.75 1.96
-9.0 10.75 2.205
-9.0 10.75 2.45
-9.0 10.75 2.67
-9.0 10.8315 -0.22
-9.0 10.8315 0.0
-9.0 11.0 -0.3
-9.0 11.0 0.0
-9.0 11.0 0.245
-9.0 11.0 0.49
-9.0 11.0 0.735
-9.0 11.0 0.98
-9.0 11.0 1.225
-9.0 11.0 1.47
-9.0 11.0 1.715
-9.0 11.0 1.96
-9.0 11.0 2.205
-9.0 11.0 2.45
-9.0 11.0 2.67
-9.0 11.08 -0.22
-9.0 11.08 0.0
-9.0 11.25 -0.3
-9.0 11.25 0.0
-9.0 11.25 0.245
-9.0 11.25 0.49
-9.0 11.25 0.735
-9.0 11.25 0.98
-9.0 11.25 1.225
-9.0 11.25 1.47
-9.0 11.25 1.715
-9.0 11.25 1.96
-9.0 11.25 2.205
-9.0 11.25 2.45
-9.0 11.25 2.67
-9.0 11.3285 -0.22
-9.0 11.3285 0.0
-9.0 11.5 -0.3
-9.0 11.5 0.0
-9.0 11.5 0.245
-9.0 11.5 0.49
-9.0 11.5 0.735
-9.0 11.5 0.98
-9.0 11.5 1.225
-9.0 11.5 1.47
-9.0 11.5 1.715
-9.0 11.5 1.96
-9.0 11.5 2.205
-9.0 11.5 2.45
-9.0 11.5 2.67
-9.0 11.5769 -0.22
-9.0 11.5769 0.0
-9.0 11.75 -0.3
-9.0 11.75 0.0
-9.0 11.75 0.245
-9.0 11.75 0.49
-9.0 11.75 0.735
-9.0 11.75 0.98
-9.0 11.75 1.225
-9.0 11.75 1.47
-9.0 11.75 1.715
-9.0 11.75 1.96
-9.0 11.75 2.205
-9.0 11.75 2.45
-9.0 11.75 2.67
-9.0 11.8254 -0.22
-9.0 11.8254 0.0
-9.0 12.0 -0.3
-9.0 12.0 0.0
-9.0 12.0 0.245
-9.0 12.0 0.49
-9.0 12.0 0.735
-9.0 12.0 0.98
-9.0 12.0 1.225
-9.0 12.0 1.47
-9.0 12.0 1.715
-9.0 12.0 1.96
-9.0 12.0 2.205
-9.0 12.0 2.45
-9.0 12.0 2.67
-9.0 12.0738 -0.22
-9.0 12.0738 0.0
-9.0 12.25 -0.3
-9.0 12.25 0.0
-9.0 12.25 0.245
-9.0 12.25 0.49
-9.0 12.25 0.735
-9.0 12.25 0.98
-9.0 12.25 1.225
-9.0 12.25 1.47
-9.0 12.25 1.715
-9.0 12.25 1.96
-9.0 12.25 2.205
-9.0 12.25 2.45
-9.0 12.25 2.67
-9.0 12.3223 -0.22
-9.0 12.3223 0.0
-9.0 12.5 -0.3
-9.0 12.5 0.0
-9.0 12.5 0.245
-9.0 12.5 0.49
-9.0 12.5 0.735
-9.0 12.5 0.98
-9.0 12.5 1.225
-9.0 12.5 1.47
-9.0 12.5 1.715
-9.0 12.5 1.96
-9.0 12.5 2.205
-9.0 12.5 2.45
-9.0 12.5 2.67
-9.0 12.5708 -0.22
-9.0 12.5708 0.0
-9.0 12.75 -0.3
-9.0 12.75 0.0
-9.0 12.75 0.245
-9.0 12.75 0.49
-9.0 12.75 0.735
-9.0 12.75 0.98
-9.0 12.75 1.225
-9.0 12.75 1.47
-9.0 12.75 1.715
-9.0 12.75 1.96
-9.0 12.75 2.205
-9.0 12.75 2.45
-9.0 12.75 2.67
-9.0 12.8192 -0.22
-9.0 12.8192 0.0
-9.0 13.0 -0.3
-9.0 13.0 0.0
-9.0 13.0 0.245
-9.0 13.0 0.49
-9.0 13.0 0.735
-9.0 13.0 0.98
-9.0 13.0 1.225
-9.0 13.0 1.47
-9.0 13.0 1.715
-9.0 13.0 1.96
-9.0 13.0 2.205
-9.0 13.0 2.45
-9.0 13.0 2.67
-9.0 13.0677 -0.22
-9.0 13.0677 0.0
-9.0 13.25 -0.3
-9.0 13.25 0.0
-9.0 13.25 0.245
-9.0 13.25 0.49
-9.0 13.25 0.735
-9.0 13.25 0.98
-9.0 13.25 1.225
-9.0 13.25 1.47
-9.0 13.25 1.715
-9.0 13.25 1.96
-9.0 13.25 2.205
-9.0 13.25 2.45
-9.0 13.25 2.67
-9.0 13.3162 -0.22
-9.0 13.3162 0.0
-9.0 13.5 -0.3
-9.0 13.5 0.0
-9.0 13.5 0.245
-9.0 13.5 0.49
-9.0 13.5 0.735
-9.0 13.5 0.98
-9.0 13.5 1.225
-9.0 13.5 1.47
-9.0 13.5 1.715
-9.0 13.5 1.96
-9.0 13.5 2.205
-9.0 13.5 2.45
-9.0 13.5 2.67
-9.0 13.5646 -0.22
-9.0 13.5646 0.0
-9.0 13.75 -0.3
-9.0 13.75 0.0
-9.0 13.75 0.245
-9.0 13.75 0.49
-9.0 13.75 0.735
-9.0 13.75 0.98
-9.0 13.75 1.225
-9.0 13.75 1.47
-9.0 13.75 1.715
-9.0 13.75 1.96
-9.0 13.75 2.205
-9.0 13.75 2.45
-9.0 13.75 2.67
-9.0 13.8131 -0.22
-9.0 13.8131 0.0
-9.0 14.0 -0.3
-9.0 14.0 0.0
-9.0 14.0 0.245
-9.0 14.0 0.49
-9.0 14.0 0.735
-9.0 14.0 0.98
-9.0 14.0 1.225
-9.0 14.0 1.47
-9.0 14.0 1.715
-9.0 14.0 1.96
-9.0 14.0 2.205
-9.0 14.0 2.45
-9.0 14.0 2.67
-9.0 14.0615 -0.22
-9.0 14.0615 0.0
-9.0 14.25 -0.3
-9.0 14.25 0.0
-9.0 14.25 0.245
-9.0 14.25 0.49
-9.0 14.25 0.735
-9.0 14.25 0.98
-9.0 14.25 1.225
-9.0 14.25 1.47
-9.0 14.25 1.715
-9.0 14.25 1.96
-9.0 14.25 2.205
-9.0 14.25 2.45
-9.0 14.25 2.67
-9.0 14.31 -0.22
-9.0 14.31 0.0
-9.0 14.5 -0.3
-9.0 14.5 0.0
-9.0 14.5 0.245
-9.0 14.5 0.49
-9.0 14.5 0.735
-9.0 14.5 0.98
-9.0 14.5 1.225
-9.0 14.5 1.47
-9.0 14.5 1.715
-9.0 14.5 1.96
-9.0 14.5 2.205
-9.0 14.5 2.45
-9.0 14.5 2.67
-9.0 14.5585 -0.22
-9.0 14.5585 0.0
-9.0 14.75 -0.3
-9.0 14.75 0.0
-9.0 14.75 0.245
-9.0 14.75 0.49
-9.0 14.75 0.735
-9.0 14.75 0.98
-9.0 14.75 1.225
-9.0 14.75 1.47
-9.0 14.75 1.715
-9.0 14.75 1.96
-9.0 14.75 2.205
-9.0 14.75 2.45
-9.0 14.75 2.67
-9.0 14.8069 -0.22
-9.0 14.8069 0.0
-9.0 15.0 -0.3
-9.0 15.0 0.0
-9.0 15.0 0.245
-9.0 15.0 0.49
-9.0 15.0 0.735
-9.0 15.0 0.98
-9.0 15.0 1.225
-9.0 15.0 1.47
-9.0 15.0 1.715
-9.0 15.0 1.96
-9.0 15.0 2.205
-9.0 15.0 2.45
-9.0 15.0 2.67
-9.0 15.0554 -0.22
-9.0 15.0554 0.0
-9.0 15.25 -0.3
-9.0 15.25 0.0
-9.0 15.25 0.245
-9.0 15.25 0.49
-9.0 15.25 0.735
-9.0 15.25 0.98
-9.0 15.25 1.225
-9.0 15.25 1.47
-9.0 15.25 1.715
-9.0 15.25 1.96
-9.0 15.25 2.205
-9.0 15.25 2.45
-9.0 15.25 2.67
-9.0 15.3038 -0.22
-9.0 15.3038 0.0
-9.0 15.5 -0.3
-9.0 15.5 0.0
-9.0 15.5 0.245
-9.0 15.5 0.49
-9.0 15.5 0.735
-9.0 15.5 0.98
-9.0 15.5 1.225
-9.0 15.5 1.47
-9.0 15.5 1.715
-9.0 15.5 1.96
-9.0 15.5 2.205
-9.0 15.5 2.45
-9.0 15.5 2.67
-9.0 15.5523 -0.22
-9.0 15.5523 0.0
-9.0 15.75 -0.3
-9.0 15.75 0.0
-9.0 15.75 0.245
-9.0 15.75 0.49
-9.0 15.75 0.735
-9.0 15.75 0.98
-9.0 15.75 1.225
-9.0 15.75 1.47
-9.0 15.75 1.715
-9.0 15.75 1.96
-9.0 15.75 2.205
-9.0 15.75 2.45
-9.0 15.75 2.67
-9.0 15.8008 -0.22
-9.0 15.8008 0.0
-9.0 16.0 -0.3
-9.0 16.0 0.0
-9.0 16.0 0.245
-9.0 16.0 0.49
-9.0 16.0 0.735
-9.0 16.0 0.98
-9.0 16.0 1.225
-9.0 16.0 1.47
-9.0 16.0 1.715
-9.0 16.0 1.96
-9.0 16.0 2.205
-9.0 16.0 2.45
-9.0 16.0 2.67
-9.0 16.0492 -0.22
-9.0 16.0492 0.0
-9.0 16.25 -0.3
-9.0 16.25 0.0
-9.0 16.25 0.245
-9.0 16.25 0.49
-9.0 16.25 0.735
-9.0 16.25 0.98
-9.0 16.25 1.225
-9.0 16.25 1.47
-9.0 16.25 1.715
-9.0 16.25 1.96
-9.0 16.25 2.205
-9.0 16.25 2.45
-9.0 16.25 2.67
-9.0 16.2977 -0.22
-9.0 16.2977 0.0
-9.0 16.5 -0.3
-9.0 16.5 0.0
-9.0 16.5 0.245
-9.0 16.5 0.49
-9.0 16.5 0.735
-9.0 16.5 0.98
-9.0 16.5 1.225
-9.0 16.5 1.47
-9.0 16.5 1.715
-9.0 16.5 1.96
-9.0 16.5 2.205
-9.0 16.5 2.45
-9.0 16.5 2.67
-9.0 16.5462 -0.22
-9.0 16.5462 0.0
-9.0 16.75 -0.3
-9.0 16.75 0.0
-9.0 16.75 0.245
-9.0 16.75 0.49
-9.0 16.75 0.735
-9.0 16.75 0.98
-9.0 16.75 1.225
-9.0 16.75 1.47
-9.0 16.75 1.715
-9.0 16.75 1.96
-9.0 16.75 2.205
-9.0 16.75 2.45
-9.0 16.75 2.67
-9.0 16.7946 -0.22
-9.0 16.7946 0.0
-9.0 17.0 -0.3
-9.0 17.0 0.0
-9.0 17.0 0.245
-9.0 17.0 0.49
-9.0 17.0 0.735
-9.0 17.0 0.98
-9.0 17.0 1.225
-9.0 17.0 1.47
-9.0 17.0 1.715
-9.0 17.0 1.96
-9.0 17.0 2.205
-9.0 17.0 2.45
-9.0 17.0 2.67
-9.0 17.0431 -0.22
-9.0 17.0431 0.0
-9.0 17.25 -0.3
-9.0 17.25 0.0
-9.0 17.25 0.245
-9.0 17.25 0.49
-9.0 17.25 0.735
-9.0 17.25 0.98
-9.0 17.25 1.225
-9.0 17.25 1.47
-9.0 17.25 1.715
-9.0 17.25 1.96
-9.0 17.25 2.205
-9.0 17.25 2.45
-9.0 17.25 2.67
-9.0 17.2915 -0.22
-9.0 17.2915 0.0
-9.0 17.5 -0.3
-9.0 17.5 0.0
-9.0 17.5 0.245
-9.0 17.5 0.49
-9.0 17.5 0.735
-9.0 17.5 0.98
-9.0 17.5 1.225
-9.0 17.5 1.47
-9.0 17.5 1.715
-9.0 17.5 1.96
-9.0 17.5 2.205
-9.0 17.5 2.45
-9.0 17.5 2.67
-9.0 17.54 -0.22
-9.0 17.54 0.0
-9.0 17.75 -0.3
-9.0 17.75 0.0
-9.0 17.75 0.245
-9.0 17.75 0.49
-9.0 17.75 0.735
-9.0 17.75 0.98
-9.0 17.75 1.225
-9.0 17.75 1.47
-9.0 17.75 1.715
-9.0 17.75 1.96
-9.0 17.75 2.205
-9.0 17.75 2.45
-9.0 17.75 2.67
-9.0 17.7885 -0.22
-9.0 17.7885 0.0
-9.0 18.0 -0.3
-9.0 18.0 0.0
-9.0 18.0 0.245
-9.0 18.0 0.49
-9.0 18.0 0.735
-9.0 18.0 0.98
-9.0 18.0 1.225
-9.0 18.0 1.47
-9.0 18.0 1.715
-9.0 18.0 1.96
-9.0 18.0 2.205
-9.0 18.0 2.45
-9.0 18.0 2.67
-9.0 18.0369 -0.22
-9.0 18.0369 0.0
-9.0 18.25 -0.3
-9.0 18.25 0.0
-9.0 18.25 0.245
-9.0 18.25 0.49
-9.0 18.25 0.735
-9.0 18.25 0.98
-9.0 18.25 1.225
-9.0 18.25 1.47
-9.0 18.25 1.715
-9.0 18.25 1.96
-9.0 18.25 2.205
-9.0 18.25 2.45
-9.0 18.25 2.67
-9.0 18.2854 -0.22
-9.0 18.2854 0.0
-9.0 18.5 -0.3
-9.0 18.5 0.0
-9.0 18.5 0.245
-9.0 18.5 0.49
-9.0 18.5 0.735
-9.0 18.5 0.98
-9.0 18.5 1.225
-9.0 18.5 1.47
-9.0 18.5 1.715
-9.0 18.5 1.96
-9.0 18.5 2.205
-9.0 18.5 2.45
-9.0 18.5 2.67
-9.0 18.5338 -0.22
-9.0 18.5338 0.0
-9.0 18.75 -0.3
-9.0 18.75 0.0
-9.0 18.75 0.245
-9.0 18.75 0.49
-9.0 18.75 0.735
-9.0 18.75 0.98
-9.0 18.75 1.225
-9.0 18.75 1.47
-9.0 18.75 1.715
-9.0 18.75 1.96
-9.0 18.75 2.205
-9.0 18.75 2.45
-9.0 18.75 2.67
-9.0 18.7823 -0.22
-9.0 18.7823 0.0
-9.0 19.0 -0.3
-9.0 19.0 0.0
-9.0 19.0 0.245
-9.0 19.0 0.49
-9.0 19.0 0.735
-9.0 19.0 0.98
-9.0 19.0 1.225
-9.0 19.0 1.47
-9.0 19.0 1.715
-9.0 19.0 1.96
-9.0 19.0 2.205
-9.0 19.0 2.45
-9.0 19.0 2.67
-9.0 19.0308 -0.22
-9.0 19.0308 0.0
-9.0 19.25 -0.3
-9.0 19.25 0.0
-9.0 19.25 0.245
-9.0 19.25 0.49
-9.0 19.25 0.735
-9.0 19.25 0.98
-9.0 19.25 1.225
-9.0 19.25 1.47
-9.0 19.25 1.715
-9.0 19.25 1.96
-9.0 19.25 2.205
-9.0 19.25 2.45
-9.0 19.25 2.67
-9.0 19.2792 -0.22
-9.0 19.2792 0.0
-9.0 19.5 -0.3
-9.0 19.5 0.0
-9.0 19.5 0.245
-9.0 19.5 0.49
-9.0 19.5 0.735
-9.0 19.5 0.98
-9.0 19.5 1.225
-9.0 19.5 1.47
-9.0 19.5 1.715
-9.0 19.5 1.96
-9.0 19.5 2.205
-9.0 19.5 2.45
-9.0 19.5 2.67
-9.0 19.5277 -0.22
-9.0 19.5277 0.0
-9.0 19.75 -0.3
-9.0 19.75 0.0
-9.0 19.75 0.245
-9.0 19.75 0.49
-9.0 19.75 0.735
-9.0 19.75 0.98
-9.0 19.75 1.225
-9.0 19.75 1.47
-9.0 19.75 1.715
-9.0 19.75 1.96
-9.0 19.75 2.205
-9.0 19.75 2.45
-9.0 19.75 2.67
-9.0 19.7762 -0.22
-9.0 19.7762 0.0
-9.0 20.0 -0.3
-9.0 20.0 0.0
-9.0 20.0 0.245
-9.0 20.0 0.49
-9.0 20.0 0.735
-9.0 20.0 0.98
-9.0 20.0 1.225
-9.0 20.0 1.47
-9.0 20.0 1.715
-9.0 20.0 1.96
-9.0 20.0 2.205
-9.0 20.0 2.45
-9.0 20.0 2.67
-9.0 20.0246 -0.22
-9.0 20.0246 0.0
-9.0 20.25 -0.3
-9.0 20.25 0.0
-9.0 20.25 0.245
-9.0 20.25 0.49
-9.0 20.25 0.735
-9.0 20.25 0.98
-9.0 20.25 1.225
-9.0 20.25 1.47
-9.0 20.25 1.715
-9.0 20.25 1.96
-9.0 20.25 2.205
-9.0 20.25 2.45
-9.0 20.25 2.67
-9.0 20.2731 -0.22
-9.0 20.2731 0.0
-9.0 20.5 -0.3
-9.0 20.5 0.0
-9.0 20.5 0.245
-9.0 20.5 0.49
-9.0 20.5 0.735
-9.0 20.5 0.98
-9.0 20.5 1.225
-9.0 20.5 1.47
-9.0 20.5 1.715
-9.0 20.5 1.96
-9.0 20.5 2.205
-9.0 20.5 2.45
-9.0 20.5 2.67
-9.0 20.5215 -0.22
-9.0 20.5215 0.0
-9.0 20.75 -0.3
-9.0 20.75 0.0
-9.0 20.75 0.245
-9.0 20.75 0.49
-9.0 20.75 0.735
-9.0 20.75 0.98
-9.0 20.75 1.225
-9.0 20.75 1.47
-9.0 20.75 1.715
-9.0 20.75 1.96
-9.0 20.75 2.205
-9.0 20.75 2.45
-9.0 20.75 2.67
-9.0 20.77 -0.22
-9.0 20.77 0.0
-9.0 21.0 -0.3
-9.0 21.0 0.0
-9.0 21.0 0.245
-9.0 21.0 0.49
-9.0 21.0 0.735
-9.0 21.0 0.98
-9.0 21.0 1.225
-9.0 21.0 1.47
-9.0 21.0 1.715
-9.0 21.0 1.96
-9.0 21.0 2.205
-9.0 21.0 2.45
-9.0 21.0 2.67
-9.0 21.0185 -0.22
-9.0 21.0185 0.0
-9.0 21.25 -0.3
-9.0 21.25 0.0
-9.0 21.25 0.245
-9.0 21.25 0.49
-9.0 21.25 0.735
-9.0 21.25 0.98
-9.0 21.25 1.225
-9.0 21.25 1.47
-9.0 21.25 1.715
-9.0 21.25 1.96
-9.0 21.25 2.205
-9.0 21.25 2.45
-9.0 21.25 2.67
-9.0 21.2669 -0.22
-9.0 21.2669 0.0
-9.0 21.5 -0.3
-9.0 21.5 0.0
-9.0 21.5 0.245
-9.0 21.5 0.49
-9.0 21.5 0.735
-9.0 21.5 0.98
-9.0 21.5 1.225
-9.0 21.5 1.47
-9.0 21.5 1.715
-9.0 21.5 1.96
-9.0 21.5 2.205
-9.0 21.5 2.45
-9.0 21.5 2.67
-9.0 21.5154 -0.22
-9.0 21.5154 0.0
-9.0 21.75 -0.3
-9.0 21.75 0.0
-9.0 21.75 0.245
-9.0 21.75 0.49
-9.0 21.75 0.735
-9.0 21.75 0.98
-9.0 21.75 1.225
-9.0 21.75 1.47
-9.0 21.75 1.715
-9.0 21.75 1.96
-9.0 21.75 2.205
-9.0 21.75 2.45
-9.0 21.75 2.67
-9.0 21.7638 -0.22
-9.0 21.7638 0.0
-9.0 22.0 -0.3
-9.0 22.0 0.0
-9.0 22.0 0.245
-9.0 22.0 0.49
-9.0 22.0 0.735
-9.0 22.0 0.98
-9.0 22.0 1.225
-9.0 22.0 1.47
-9.0 22.0 1.715
-9.0 22.0 1.96
-9.0 22.0 2.205
-9.0 22.0 2.45
-9.0 22.0 2.67
-9.0 22.0123 -0.22
-9.0 22.0123 0.0
-9.0 22.25 -0.3
-9.0 22.25 0.0
-9.0 22.25 0.245
-9.0 22.25 0.49
-9.0 22.25 0.735
-9.0 22.25 0.98
-9.0 22.25 1.225
-9.0 22.25 1.47
-9.0 22.25 1.715
-9.0 22.25 1.96
-9.0 22.25 2.205
-9.0 22.25 2.45
-9.0 22.25 2.67
-9.0 22.2608 -0.22
-9.0 22.2608 0.0
-9.0 22.5 -0.3
-9.0 22.5 0.0
-9.0 22.5 0.245
-9.0 22.5 0.49
-9.0 22.5 0.735
-9.0 22.5 0.98
-9.0 22.5 1.225
-9.0 22.5 1.47
-9.0 22.5 1.715
-9.0 22.5 1.96
-9.0 22.5 2.205
-9.0 22.5 2.45
-9.0 22.5 2.67
-9.0 22.5092 -0.22
-9.0 22.5092 0.0
-9.0 22.75 -0.3
-9.0 22.75 0.0
-9.0 22.75 0.245
-9.0 22.75 0.49
-9.0 22.75 0.735
-9.0 22.75 0.98
-9.0 22.75 1.225
-9.0 22.75 1.47
-9.0 22.75 1.715
-9.0 22.75 1.96
-9.0 22.75 2.205
-9.0 22.75 2.45
-9.0 22.75 2.67
-9.0 22.7577 -0.22
-9.0 22.7577 0.0
-9.0 23.0 -0.3
-9.0 23.0 0.0
-9.0 23.0 0.245
-9.0 23.0 0.49
-9.0 23.0 0.735
-9.0 23.0 0.98
-9.0 23.0 1.225
-9.0 23.0 1.47
-9.0 23.0 1.715
-9.0 23.0 1.96
-9.0 23.0 2.205
-9.0 23.0 2.45
-9.0 23.0 2.67
-9.0 23.0062 -0.22
-9.0 23.0062 0.0
-9.0 23.25 -0.3
-9.0 23.25 0.0
-9.0 23.25 0.245
-9.0 23.25 0.49
-9.0 23.25 0.735
-9.0 23.25 0.98
-9.0 23.25 1.225
-9.0 23.25 1.47
-9.0 23.25 1.715
-9.0 23.25 1.96
-9.0 23.25 2.205
-9.0 23.25 2.45
-9.0 23.25 2.67
-9.0 23.2546 -0.22
-9.0 23.2546 0.0
-9.0 23.5 -0.3
-9.0 23.5 0.0
-9.0 23.5 0.245
-9.0 23.5 0.49
-9.0 23.5 0.735
-9.0 23.5 0.98
-9.0 23.5 1.225
-9.0 23.5 1.47
-9.0 23.5 1.715
-9.0 23.5 1.96
-9.0 23.5 2.205
-9.0 23.5 2.45
-9.0 23.5 2.67
-9.0 23.5031 -0.22
-9.0 23.5031 0.0
-9.0 23.75 -0.3
-9.0 23.75 0.0
-9.0 23.75 0.245
-9.0 23.75 0.49
-9.0 23.75 0.735
-9.0 23.75 0.98
-9.0 23.75 1.225
-9.0 23.75 1.47
-9.0 23.75 1.715
-9.0 23.75 1.96
-9.0 23.75 2.205
-9.0 23.75 2.45
-9.0 23.75 2.67
-9.0 23.7515 -0.22
-9.0 23.7515 0.0
-9.0 23.82 0.0
-9.0 23.82 0.245
-9.0 23.82 0.49
-9.0 23.82 0.735
-9.0 23.82 0.98
-9.0 23.82 1.225
-9.0 23.82 1.47
-9.0 23.82 1.715
-9.0 23.82 1.96
-9.0 23.82 2.205
-9.0 23.82 2.45
-9.0 24.0 -0.3
-9.0 24.0 -0.22
-9.0 24.0 0.0
-9.0 24.0 0.245
-9.0 24.0 0.49
-9.0 24.0 0.735
-9.0 24.0 0.98
-9.0 24.0 1.225
-9.0 24.0 1.47
-9.0 24.0 1.715
-9.0 24.0 1.96
-9.0 24.0 2.205
-9.0 24.0 2.45
-9.0 24.0 2.67
-9.0 24.25 -0.3
-9.0 24.25 0.0
-9.0 24.5 -0.3
-9.0 24.5 0.0
-9.0 24.75 -0.3
-9.0 24.75 0.0
-9.0 25.0 -0.3
-9.0 25.0 -0.15
-9.0 25.0 0.0
-8.82 0.0 0.0
-8.82 0.0 0.245
-8.82 0.0 0.49
-8.82 0.0 0.735
-8.82 0.0 0.98
-8.82 0.0 1.225
-8.82 0.0 1.47
-8.82 0.0 1.715
-8.82 0.0 1.96
-8.82 0.0 2.205
-8.82 0.0 2.45
-8.82 0.25 0.0
-8.82 0.25 0.245
-8.82 0.25 0.49
-8.82 0.25 0.735
-8.82 0.25 0.98
-8.82 0.25 1.225
-8.82 0.25 1.47
-8.82 0.25 1.715
-8.82 0.25 1.96
-8.82 0.25 2.205
-8.82 0.25 2.45
-8.82 0.5 0.0
-8.82 0.5 0.245
-8.82 0.5 0.49
-8.82 0.5 0.735
-8.82 0.5 0.98
-8.82 0.5 1.225
-8.82 0.5 1.47
-8.82 0.5 1.715
-8.82 0.5 1.96
-8.82 0.5 2.205
-8.82 0.5 2.45
-8.82 0.75 0.0
-8.82 0.75 0.245
-8.82 0.75 0.49
-8.82 0.75 0.735
-8.82 0.75 0.98
-8.82 0.75 1.225
-8.82 0.75 1.47
-8.82 0.75 1.715
-8.82 0.75 1.96
-8.82 0.75 2.205
-8.82 0.75 2.45
-8.82 1.0 0.0
-8.82 1.0 0.245
-8.82 1.0 0.49
-8.82 1.0 0.735
-8.82 1.0 0.98
-8.82 1.0 1.225
-8.82 1.0 1.47
-8.82 1.0 1.715
-8.82 1.0 1.96
-8.82 1.0 2.205
-8.82 1.0 2.45
-8.82 1.25 0.0
-8.82 1.25 0.245
-8.82 1.25 0.49
-8.82 1.25 0.735
-8.82 1.25 0.98
-8.82 1.25 1.225
-8.82 1.25 1.47
-8.82 1.25 1.715
-8.82 1.25 1.96
-8.82 1.25 2.205
-8.82 1.25 2.45
-8.82 1.5 0.0
-8.82 1.5 0.245
-8.82 1.5 0.49
-8.82 1.5 0.735
-8.82 1.5 0.98
-8.82 1.5 1.225
-8.82 1.5 1.47
-8.82 1.5 1.715
-8.82 1.5 1.96
-8.82 1.5 2.205
-8.82 1.5 2.45
-8.82 1.75 0.0
-8.82 1.75 0.245
-8.82 1.75 0.49
-8.82 1.75 0.735
-8.82 1.75 0.98
-8.82 1.75 1.225
-8.82 1.75 1.47
-8.82 1.75 1.715
-8.82 1.75 1.96
-8.82 1.75 2.205
-8.82 1.75 2.45
-8.82 2.0 0.0
-8.82 2.0 0.245
-8.82 2.0 0.49
-8.82 2.0 0.735
-8.82 2.0 0.98
-8.82 2.0 1.225
-8.82 2.0 1.47
-8.82 2.0 1.715
-8.82 2.0 1.96
-8.82 2.0 2.205
-8.82 2.0 2.45
-8.82 2.25 0.0
-8.82 2.25 0.245
-8.82 2.25 0.49
-8.82 2.25 0.735
-8.82 2.25 0.98
-8.82 2.25 1.225
-8.82 2.25 1.47
-8.82 2.25 1.715
-8.82 2.25 1.96
-8.82 2.25 2.205
-8.82 2.25 2.45
-8.82 2.5 0.0
-8.82 2.5 0.245
-8.82 2.5 0.49
-8.82 2.5 0.735
-8.82 2.5 0.98
-8.82 2.5 1.225
-8.82 2.5 1.47
-8.82 2.5 1.715
-8.82 2.5 1.96
-8.82 2.5 2.205
-8.82 2.5 2.45
-8.82 2.75 0.0
-8.82 2.75 0.245
-8.82 2.75 0.49
-8.82 2.75 0.735
-8.82 2.75 0.98
-8.82 2.75 1.225
-8.82 2.75 1.47
-8.82 2.75 1.715
-8.82 2.75 1.96
-8.82 2.75 2.205
-8.82 2.75 2.45
-8.82 3.0 0.0
-8.82 3.0 0.245
-8.82 3.0 0.49
-8.82 3.0 0.735
-8.82 3.0 0.98
-8.82 3.0 1.225
-8.82 3.0 1.47
-8.82 3.0 1.715
-8.82 3.0 1.96
-8.82 3.0 2.205
-8.82 3.0 2.45
-8.82 3.25 0.0
-8.82 3.25 0.245
-8.82 3.25 0.49
-8.82 3.25 0.735
-8.82 3.25 0.98
-8.82 3.25 1.225
-8.82 3.25 1.47
-8.82 3.25 1.715
-8.82 3.25 1.96
-8.82 3.25 2.205
-8.82 3.25 2.45
-8.82 3.5 0.0
-8.82 3.5 0.245
-8.82 3.5 0.49
-8.82 3.5 0.735
-8.82 3.5 0.98
-8.82 3.5 1.225
-8.82 3.5 1.47
-8.82 3.5 1.715
-8.82 3.5 1.96
-8.82 3.5 2.205
-8.82 3.5 2.45
-8.82 3.75 0.0
-8.82 3.75 0.245
-8.82 3.75 0.49
-8.82 3.75 0.735
-8.82 3.75 0.98
-8.82 3.75 1.225
-8.82 3.75 1.47
-8.82 3.75 1.715
-8.82 3.75 1.96
-8.82 3.75 2.205
-8.82 3.75 2.45
-8.82 4.0 0.0
-8.82 4.0 0.245
-8.82 4.0 0.49
-8.82 4.0 0.735
-8.82 4.0 0.98
-8.82 4.0 1.225
-8.82 4.0 1.47
-8.82 4.0 1.715
-8.82 4.0 1.96
-8.82 4.0 2.205
-8.82 4.0 2.45
-8.82 4.25 0.0
-8.82 4.25 0.245
-8.82 4.25 0.49
-8.82 4.25 0.735
-8.82 4.25 0.98
-8.82 4.25 1.225
-8.82 4.25 1.47
-8.82 4.25 1.715
-8.82 4.25 1.96
-8.82 4.25 2.205
-8.82 4.25 2.45
-8.82 4.5 0.0
-8.82 4.5 0.245
-8.82 4.5 0.49
-8.82 4.5 0.735
-8.82 4.5 0.98
-8.82 4.5 1.225
-8.82 4.5 1.47
-8.82 4.5 1.715
-8.82 4.5 1.96
-8.82 4.5 2.205
-8.82 4.5 2.45
-8.82 4.75 0.0
-8.82 4.75 0.245
-8.82 4.75 0.49
-8.82 4.75 0.735
-8.82 4.75 0.98
-8.82 4.75 1.225
-8.82 4.75 1.47
-8.82 4.75 1.715
-8.82 4.75 1.96
-8.82 4.75 2.205
-8.82 4.75 2.45
-8.82 5.0 0.0
-8.82 5.0 0.245
-8.82 5.0 0.49
-8.82 5.0 0.735
-8.82 5.0 0.98
-8.82 5.0 1.225
-8.82 5.0 1.47
-8.82 5.0 1.715
-8.82 5.0 1.96
-8.82 5.0 2.205
-8.82 5.0 2.45
-8.82 5.25 0.0
-8.82 5.25 0.245
-8.82 5.25 0.49
-8.82 5.25 0.735
-8.82 5.25 0.98
-8.82 5.25 1.225
-8.82 5.25 1.47
-8.82 5.25 1.715
-8.82 5.25 1.96
-8.82 5.25 2.205
-8.82 5.25 2.45
-8.82 5.5 0.0
-8.82 5.5 0.245
-8.82 5.5 0.49
-8.82 5.5 0.735
-8.82 5.5 0.98
-8.82 5.5 1.225
-8.82 5.5 1.47
-8.82 5.5 1.715
-8.82 5.5 1.96
-8.82 5.5 2.205
-8.82 5.5 2.45
-8.82 5.75 0.0
-8.82 5.75 0.245
-8.82 5.75 0.49
-8.82 5.75 0.735
-8.82 5.75 0.98
-8.82 5.75 1.225
-8.82 5.75 1.47
-8.82 5.75 1.715
-8.82 5.75 1.96
-8.82 5.75 2.205
-8.82 5.75 2.45
-8.82 6.0 0.0
-8.82 6.0 0.245
-8.82 6.0 0.49
-8.82 6.0 0.735
-8.82 6.0 0.98
-8.82 6.0 1.225
-8.82 6.0 1.47
-8.82 6.0 1.715
-8.82 6.0 1.96
-8.82 6.0 2.205
-8.82 6.0 2.45
-8.82 6.25 0.0
-8.82 6.25 0.245
-8.82 6.25 0.49
-8.82 6.25 0.735
-8.82 6.25 0.98
-8.82 6.25 1.225
-8.82 6.25 1.47
-8.82 6.25 1.715
-8.82 6.25 1.96
-8.82 6.25 2.205
-8.82 6.25 2.45
-8.82 6.5 0.0
-8.82 6.5 0.245
-8.82 6.5 0.49
-8.82 6.5 0.735
-8.82 6.5 0.98
-8.82 6.5 1.225
-8.82 6.5 1.47
-8.82 6.5 1.715
-8.82 6.5 1.96
-8.82 6.5 2.205
-8.82 6.5 2.45
-8.82 6.75 0.0
-8.82 6.75 0.245
-8.82 6.75 0.49
-8.82 6.75 0.735
-8.82 6.75 0.98
-8.82 6.75 1.225
-8.82 6.75 1.47
-8.82 6.75 1.715
-8.82 6.75 1.96
-8.82 6.75 2.205
-8.82 6.75 2.45
-8.82 7.0 0.0
-8.82 7.0 0.245
-8.82 7.0 0.49
-8.82 7.0 0.735
-8.82 7.0 0.98
-8.82 7.0 1.225
-8.82 7.0 1.47
-8.82 7.0 1.715
-8.82 7.0 1.96
-8.82 7.0 2.205
-8.82 7.0 2.45
-8.82 7.25 0.0
-8.82 7.25 0.245
-8.82 7.25 0.49
-8.82 7.25 0.735
-8.82 7.25 0.98
-8.82 7.25 1.225
-8.82 7.25 1.47
-8.82 7.25 1.715
-8.82 7.25 1.96
-8.82 7.25 2.205
-8.82 7.25 2.45
-8.82 7.5 0.0
-8.82 7.5 0.245
-8.82 7.5 0.49
-8.82 7.5 0.735
-8.82 7.5 0.98
-8.82 7.5 1.225
-8.82 7.5 1.47
-8.82 7.5 1.715
-8.82 7.5 1.96
-8.82 7.5 2.205
-8.82 7.5 2.45
-8.82 7.75 0.0
-8.82 7.75 0.245
-8.82 7.75 0.49
-8.82 7.75 0.735
-8.82 7.75 0.98
-8.82 7.75 1.225
-8.82 7.75 1.47
-8.82 7.75 1.715
-8.82 7.75 1.96
-8.82 7.75 2.205
-8.82 7.75 2.45
-8.82 8.0 0.0
-8.82 8.0 0.245
-8.82 8.0 0.49
-8.82 8.0 0.735
-8.82 8.0 0.98
-8.82 8.0 1.225
-8.82 8.0 1.47
-8.82 8.0 1.715
-8.82 8.0 1.96
-8.82 8.0 2.205
-8.82 8.0 2.45
-8.82 8.25 0.0
-8.82 8.25 0.245
-8.82 8.25 0.49
-8.82 8.25 0.735
-8.82 8.25 0.98
-8.82 8.25 1.225
-8.82 8.25 1.47
-8.82 8.25 1.715
-8.82 8.25 1.96
-8.82 8.25 2.205
-8.82 8.25 2.45
-8.82 8.5 0.0
-8.82 8.5 0.245
-8.82 8.5 0.49
-8.82 8.5 0.735
-8.82 8.5 0.98
-8.82 8.5 1.225
-8.82 8.5 1.47
-8.82 8.5 1.715
-8.82 8.5 1.96
-8.82 8.5 2.205
-8.82 8.5 2.45
-8.82 8.75 0.0
-8.82 8.75 0.245
-8.82 8.75 0.49
-8.82 8.75 0.735
-8.82 8.75 0.98
-8.82 8.75 1.225
-8.82 8.75 1.47
-8.82 8.75 1.715
-8.82 8.75 1.96
-8.82 8.75 2.205
-8.82 8.75 2.45
-8.82 9.0 0.0
-8.82 9.0 0.245
-8.82 9.0 0.49
-8.82 9.0 0.735
-8.82 9.0 0.98
-8.82 9.0 1.225
-8.82 9.0 1.47
-8.82 9.0 1.715
-8.82 9.0 1.96
-8.82 9.0 2.205
-8.82 9.0 2.45
-8.82 9.25 0.0
-8.82 9.25 0.245
-8.82 9.25 0.49
-8.82 9.25 0.735
-8.82 9.25 0.98
-8.82 9.25 1.225
-8.82 9.25 1.47
-8.82 9.25 1.715
-8.82 9.25 1.96
-8.82 9.25 2.205
-8.82 9.25 2.45
-8.82 9.5 0.0
-8.82 9.5 0.245
-8.82 9.5 0.49
-8.82 9.5 0.735
-8.82 9.5 0.98
-8.82 9.5 1.225
-8.82 9.5 1.47
-8.82 9.5 1.715
-8.82 9.5 1.96
-8.82 9.5 2.205
-8.82 9.5 2.45
-8.82 9.75 0.0
-8.82 9.75 0.245
-8.82 9.75 0.49
-8.82 9.75 0.735
-8.82 9.75 0.98
-8.82 9.75 1.225
-8.82 9.75 1.47
-8.82 9.75 1.715
-8.82 9.75 1.96
-8.82 9.75 2.205
-8.82 9.75 2.45
-8.82 10.0 0.0
-8.82 10.0 0.245
-8.82 10.0 0.49
-8.82 10.0 0.735
-8.82 10.0 0.98
-8.82 10.0 1.225
-8.82 10.0 1.47
-8.82 10.0 1.715
-8.82 10.0 1.96
-8.82 10.0 2.205
-8.82 10.0 2.45
-8.82 10.25 0.0
-8.82 10.25 0.245
-8.82 10.25 0.49
-8.82 10.25 0.735
-8.82 10.25 0.98
-8.82 10.25 1.225
-8.82 10.25 1.47
-8.82 10.25 1.715
-8.82 10.25 1.96
-8.82 10.25 2.205
-8.82 10.25 2.45
-8.82 10.5 0.0
-8.82 10.5 0.245
-8.82 10.5 0.49
-8.82 10.5 0.735
-8.82 10.5 0.98
-8.82 10.5 1.225
-8.82 10.5 1.47
-8.82 10.5 1.715
-8.82 10.5 1.96
-8.82 10.5 2.205
-8.82 10.5 2.45
-8.82 10.75 0.0
-8.82 10.75 0.245
-8.82 10.75 0.49
-8.82 10.75 0.735
-8.82 10.75 0.98
-8.82 10.75 1.225
-8.82 10.75 1.47
-8.82 10.75 1.715
-8.82 10.75 1.96
-8.82 10.75 2.205
-8.82 10.75 2.45
-8.82 11.0 0.0
-8.82 11.0 0.245
-8.82 11.0 0.49
-8.82 11.0 0.735
-8.82 11.0 0.98
-8.82 11.0 1.225
-8.82 11.0 1.47
-8.82 11.0 1.715
-8.82 11.0 1.96
-8.82 11.0 2.205
-8.82 11.0 2.45
-8.82 11.25 0.0
-8.82 11.25 0.245
-8.82 11.25 0.49
-8.82 11.25 0.735
-8.82 11.25 0.98
-8.82 11.25 1.225
-8.82 11.25 1.47
-8.82 11.25 1.715
-8.82 11.25 1.96
-8.82 11.25 2.205
-8.82 11.25 2.45
-8.82 11.5 0.0
-8.82 11.5 0.245
-8.82 11.5 0.49
-8.82 11.5 0.735
-8.82 11.5 0.98
-8.82 11.5 1.225
-8.82 11.5 1.47
-8.82 11.5 1.715
-8.82 11.5 1.96
-8.82 11.5 2.205
-8.82 11.5 2.45
-8.82 11.75 0.0
-8.82 11.75 0.245
-8.82 11.75 0.49
-8.82 11.75 0.735
-8.82 11.75 0.98
-8.82 11.75 1.225
-8.82 11.75 1.47
-8.82 11.75 1.715
-8.82 11.75 1.96
-8.82 11.75 2.205
-8.82 11.75 2.45
-8.82 12.0 0.0
-8.82 12.0 0.245
-8.82 12.0 0.49
-8.82 12.0 0.735
-8.82 12.0 0.98
-8.82 12.0 1.225
-8.82 12.0 1.47
-8.82 12.0 1.715
-8.82 12.0 1.96
-8.82 12.0 2.205
-8.82 12.0 2.45
-8.82 12.25 0.0
-8.82 12.25 0.245
-8.82 12.25 0.49
-8.82 12.25 0.735
-8.82 12.25 0.98
-8.82 12.25 1.225
-8.82 12.25 1.47
-8.82 12.25 1.715
-8.82 12.25 1.96
-8.82 12.25 2.205
-8.82 12.25 2.45
-8.82 12.5 0.0
-8.82 12.5 0.245
-8.82 12.5 0.49
-8.82 12.5 0.735
-8.82 12.5 0.98
-8.82 12.5 1.225
-8.82 12.5 1.47
-8.82 12.5 1.715
-8.82 12.5 1.96
-8.82 12.5 2.205
-8.82 12.5 2.45
-8.82 12.75 0.0
-8.82 12.75 0.245
-8.82 12.75 0.49
-8.82 12.75 0.735
-8.82 12.75 0.98
-8.82 12.75 1.225
-8.82 12.75 1.47
-8.82 12.75 1.715
-8.82 12.75 1.96
-8.82 12.75 2.205
-8.82 12.75 2.45
-8.82 13.0 0.0
-8.82 13.0 0.245
-8.82 13.0 0.49
-8.82 13.0 0.735
-8.82 13.0 0.98
-8.82 13.0 1.225
-8.82 13.0 1.47
-8.82 13.0 1.715
-8.82 13.0 1.96
-8.82 13.0 2.205
-8.82 13.0 2.45
-8.82 13.25 0.0
-8.82 13.25 0.245
-8.82 13.25 0.49
-8.82 13.25 0.735
-8.82 13.25 0.98
-8.82 13.25 1.225
-8.82 13.25 1.47
-8.82 13.25 1.715
-8.82 13.25 1.96
-8.82 13.25 2.205
-8.82 13.25 2.45
-8.82 13.5 0.0
-8.82 13.5 0.245
-8.82 13.5 0.49
-8.82 13.5 0.735
-8.82 13.5 0.98
-8.82 13.5 1.225
-8.82 13.5 1.47
-8.82 13.5 1.715
-8.82 13.5 1.96
-8.82 13.5 2.205
-8.82 13.5 2.45
-8.82 13.75 0.0
-8.82 13.75 0.245
-8.82 13.75 0.49
-8.82 13.75 0.735
-8.82 13.75 0.98
-8.82 13.75 1.225
-8.82 13.75 1.47
-8.82 13.75 1.715
-8.82 13.75 1.96
-8.82 13.75 2.205
-8.82 13.75 2.45
-8.82 14.0 0.0
-8.82 14.0 0.245
-8.82 14.0 0.49
-8.82 14.0 0.735
-8.82 14.0 0.98
-8.82 14.0 1.225
-8.82 14.0 1.47
-8.82 14.0 1.715
-8.82 14.0 1.96
-8.82 14.0 2.205
-8.82 14.0 2.45
-8.82 14.25 0.0
-8.82 14.25 0.245
-8.82 14.25 0.49
-8.82 14.25 0.735
-8.82 14.25 0.98
-8.82 14.25 1.225
-8.82 14.25 1.47
-8.82 14.25 1.715
-8.82 14.25 1.96
-8.82 14.25 2.205
-8.82 14.25 2.45
-8.82 14.5 0.0
-8.82 14.5 0.245
-8.82 14.5 0.49
-8.82 14.5 0.735
-8.82 14.5 0.98
-8.82 14.5 1.225
-8.82 14.5 1.47
-8.82 14.5 1.715
-8.82 14.5 1.96
-8.82 14.5 2.205
-8.82 14.5 2.45
-8.82 14.75 0.0
-8.82 14.75 0.245
-8.82 14.75 0.49
-8.82 14.75 0.735
-8.82 14.75 0.98
-8.82 14.75 1.225
-8.82 14.75 1.47
-8.82 14.75 1.715
-8.82 14.75 1.96
-8.82 14.75 2.205
-8.82 14.75 2.45
-8.82 15.0 0.0
-8.82 15.0 0.245
-8.82 15.0 0.49
-8.82 15.0 0.735
-8.82 15.0 0.98
-8.82 15.0 1.225
-8.82 15.0 1.47
-8.82 15.0 1.715
-8.82 15.0 1.96
-8.82 15.0 2.205
-8.82 15.0 2.45
-8.82 15.25 0.0
-8.82 15.25 0.245
-8.82 15.25 0.49
-8.82 15.25 0.735
-8.82 15.25 0.98
-8.82 15.25 1.225
-8.82 15.25 1.47
-8.82 15.25 1.715
-8.82 15.25 1.96
-8.82 15.25 2.205
-8.82 15.25 2.45
-8.82 15.5 0.0
-8.82 15.5 0.245
-8.82 15.5 0.49
-8.82 15.5 0.735
-8.82 15.5 0.98
-8.82 15.5 1.225
-8.82 15.5 1.47
-8.82 15.5 1.715
-8.82 15.5 1.96
-8.82 15.5 2.205
-8.82 15.5 2.45
-8.82 15.75 0.0
-8.82 15.75 0.245
-8.82 15.75 0.49
-8.82 15.75 0.735
-8.82 15.75 0.98
-8.82 15.75 1.225
-8.82 15.75 1.47
-8.82 15.75 1.715
-8.82 15.75 1.96
-8.82 15.75 2.205
-8.82 15.75 2.45
-8.82 16.0 0.0
-8.82 16.0 0.245
-8.82 16.0 0.49
-8.82 16.0 0.735
-8.82 16.0 0.98
-8.82 16.0 1.225
-8.82 16.0 1.47
-8.82 16.0 1.715
-8.82 16.0 1.96
-8.82 16.0 2.205
-8.82 16.0 2.45
-8.82 16.25 0.0
-8.82 16.25 0.245
-8.82 16.25 0.49
-8.82 16.25 0.735
-8.82 16.25 0.98
-8.82 16.25 1.225
-8.82 16.25 1.47
-8.82 16.25 1.715
-8.82 16.25 1.96
-8.82 16.25 2.205
-8.82 16.25 2.45
-8.82 16.5 0.0
-8.82 16.5 0.245
-8.82 16.5 0.49
-8.82 16.5 0.735
-8.82 16.5 0.98
-8.82 16.5 1.225
-8.82 16.5 1.47
-8.82 16.5 1.715
-8.82 16.5 1.96
-8.82 16.5 2.205
-8.82 16.5 2.45
-8.82 16.75 0.0
-8.82 16.75 0.245
-8.82 16.75 0.49
-8.82 16.75 0.735
-8.82 16.75 0.98
-8.82 16.75 1.225
-8.82 16.75 1.47
-8.82 16.75 1.715
-8.82 16.75 1.96
-8.82 16.75 2.205
-8.82 16.75 2.45
-8.82 17.0 0.0
-8.82 17.0 0.245
-8.82 17.0 0.49
-8.82 17.0 0.735
-8.82 17.0 0.98
-8.82 17.0 1.225
-8.82 17.0 1.47
-8.82 17.0 1.715
-8.82 17.0 1.96
-8.82 17.0 2.205
-8.82 17.0 2.45
-8.82 17.25 0.0
-8.82 17.25 0.245
-8.82 17.25 0.49
-8.82 17.25 0.735
-8.82 17.25 0.98
-8.82 17.25 1.225
-8.82 17.25 1.47
-8.82 17.25 1.715
-8.82 17.25 1.96
-8.82 17.25 2.205
-8.82 17.25 2.45
-8.82 17.5 0.0
-8.82 17.5 0.245
-8.82 17.5 0.49
-8.82 17.5 0.735
-8.82 17.5 0.98
-8.82 17.5 1.225
-8.82 17.5 1.47
-8.82 17.5 1.715
-8.82 17.5 1.96
-8.82 17.5 2.205
-8.82 17.5 2.45
-8.82 17.75 0.0
-8.82 17.75 0.245
-8.82 17.75 0.49
-8.82 17.75 0.735
-8.82 17.75 0.98
-8.82 17.75 1.225
-8.82 17.75 1.47
-8.82 17.75 1.715
-8.82 17.75 1.96
-8.82 17.75 2.205
-8.82 17.75 2.45
-8.82 18.0 0.0
-8.82 18.0 0.245
-8.82 18.0 0.49
-8.82 18.0 0.735
-8.82 18.0 0.98
-8.82 18.0 1.225
-8.82 18.0 1.47
-8.82 18.0 1.715
-8.82 18.0 1.96
-8.82 18.0 2.205
-8.82 18.0 2.45
-8.82 18.25 0.0
-8.82 18.25 0.245
-8.82 18.25 0.49
-8.82 18.25 0.735
-8.82 18.25 0.98
-8.82 18.25 1.225
-8.82 18.25 1.47
-8.82 18.25 1.715
-8.82 18.25 1.96
-8.82 18.25 2.205
-8.82 18.25 2.45
-8.82 18.5 0.0
-8.82 18.5 0.245
-8.82 18.5 0.49
-8.82 18.5 0.735
-8.82 18.5 0.98
-8.82 18.5 1.225
-8.82 18.5 1.47
-8.82 18.5 1.715
-8.82 18.5 1.96
-8.82 18.5 2.205
-8.82 18.5 2.45
-8.82 18.75 0.0
-8.82 18.75 0.245
-8.82 18.75 0.49
-8.82 18.75 0.735
-8.82 18.75 0.98
-8.82 18.75 1.225
-8.82 18.75 1.47
-8.82 18.75 1.715
-8.82 18.75 1.96
-8.82 18.75 2.205
-8.82 18.75 2.45
-8.82 19.0 0.0
-8.82 19.0 0.245
-8.82 19.0 0.49
-8.82 19.0 0.735
-8.82 19.0 0.98
-8.82 19.0 1.225
-8.82 19.0 1.47
-8.82 19.0 1.715
-8.82 19.0 1.96
-8.82 19.0 2.205
-8.82 19.0 2.45
-8.82 19.25 0.0
-8.82 19.25 0.245
-8.82 19.25 0.49
-8.82 19.25 0.735
-8.82 19.25 0.98
-8.82 19.25 1.225
-8.82 19.25 1.47
-8.82 19.25 1.715
-8.82 19.25 1.96
-8.82 19.25 2.205
-8.82 19.25 2.45
-8.82 19.5 0.0
-8.82 19.5 0.245
-8.82 19.5 0.49
-8.82 19.5 0.735
-8.82 19.5 0.98
-8.82 19.5 1.225
-8.82 19.5 1.47
-8.82 19.5 1.715
-8.82 19.5 1.96
-8.82 19.5 2.205
-8.82 19.5 2.45
-8.82 19.75 0.0
-8.82 19.75 0.245
-8.82 19.75 0.49
-8.82 19.75 0.735
-8.82 19.75 0.98
-8.82 19.75 1.225
-8.82 19.75 1.47
-8.82 19.75 1.715
-8.82 19.75 1.96
-8.82 19.75 2.205
-8.82 19.75 2.45
-8.82 20.0 0.0
-8.82 20.0 0.245
-8.82 20.0 0.49
-8.82 20.0 0.735
-8.82 20.0 0.98
-8.82 20.0 1.225
-8.82 20.0 1.47
-8.82 20.0 1.715
-8.82 20.0 1.96
-8.82 20.0 2.205
-8.82 20.0 2.45
-8.82 20.25 0.0
-8.82 20.25 0.245
-8.82 20.25 0.49
-8.82 20.25 0.735
-8.82 20.25 0.98
-8.82 20.25 1.225
-8.82 20.25 1.47
-8.82 20.25 1.715
-8.82 20.25 1.96
-8.82 20.25 2.205
-8.82 20.25 2.45
-8.82 20.5 0.0
-8.82 20.5 0.245
-8.82 20.5 0.49
-8.82 20.5 0.735
-8.82 20.5 0.98
-8.82 20.5 1.225
-8.82 20.5 1.47
-8.82 20.5 1.715
-8.82 20.5 1.96
-8.82 20.5 2.205
-8.82 20.5 2.45
-8.82 20.75 0.0
-8.82 20.75 0.245
-8.82 20.75 0.49
-8.82 20.75 0.735
-8.82 20.75 0.98
-8.82 20.75 1.225
-8.82 20.75 1.47
-8.82 20.75 1.715
-8.82 20.75 1.96
-8.82 20.75 2.205
-8.82 20.75 2.45
-8.82 21.0 0.0
-8.82 21.0 0.245
-8.82 21.0 0.49
-8.82 21.0 0.735
-8.82 21.0 0.98
-8.82 21.0 1.225
-8.82 21.0 1.47
-8.82 21.0 1.715
-8.82 21.0 1.96
-8.82 21.0 2.205
-8.82 21.0 2.45
-8.82 21.25 0.0
-8.82 21.25 0.245
-8.82 21.25 0.49
-8.82 21.25 0.735
-8.82 21.25 0.98
-8.82 21.25 1.225
-8.82 21.25 1.47
-8.82 21.25 1.715
-8.82 21.25 1.96
-8.82 21.25 2.205
-8.82 21.25 2.45
-8.82 21.5 0.0
-8.82 21.5 0.245
-8.82 21.5 0.49
-8.82 21.5 0.735
-8.82 21.5 0.98
-8.82 21.5 1.225
-8.82 21.5 1.47
-8.82 21.5 1.715
-8.82 21.5 1.96
-8.82 21.5 2.205
-8.82 21.5 2.45
-8.82 21.75 0.0
-8.82 21.75 0.245
-8.82 21.75 0.49
-8.82 21.75 0.735
-8.82 21.75 0.98
-8.82 21.75 1.225
-8.82 21.75 1.47
-8.82 21.75 1.715
-8.82 21.75 1.96
-8.82 21.75 2.205
-8.82 21.75 2.45
-8.82 22.0 0.0
-8.82 22.0 0.245
-8.82 22.0 0.49
-8.82 22.0 0.735
-8.82 22.0 0.98
-8.82 22.0 1.225
-8.82 22.0 1.47
-8.82 22.0 1.715
-8.82 22.0 1.96
-8.82 22.0 2.205
-8.82 22.0 2.45
-8.82 22.25 0.0
-8.82 22.25 0.245
-8.82 22.25 0.49
-8.82 22.25 0.735
-8.82 22.25 0.98
-8.82 22.25 1.225
-8.82 22.25 1.47
-8.82 22.25 1.715
-8.82 22.25 1.96
-8.82 22.25 2.205
-8.82 22.25 2.45
-8.82 22.5 0.0
-8.82 22.5 0.245
-8.82 22.5 0.49
-8.82 22.5 0.735
-8.82 22.5 0.98
-8.82 22.5 1.225
-8.82 22.5 1.47
-8.82 22.5 1.715
-8.82 22.5 1.96
-8.82 22.5 2.205
-8.82 22.5 2.45
-8.82 22.75 0.0
-8.82 22.75 0.245
-8.82 22.75 0.49
-8.82 22.75 0.735
-8.82 22.75 0.98
-8.82 22.75 1.225
-8.82 22.75 1.47
-8.82 22.75 1.715
-8.82 22.75 1.96
-8.82 22.75 2.205
-8.82 22.75 2.45
-8.82 23.0 0.0
-8.82 23.0 0.245
-8.82 23.0 0.49
-8.82 23.0 0.735
-8.82 23.0 0.98
-8.82 23.0 1.225
-8.82 23.0 1.47
-8.82 23.0 1.715
-8.82 23.0 1.96
-8.82 23.0 2.205
-8.82 23.0 2.45
-8.82 23.25 0.0
-8.82 23.25 0.245
-8.82 23.25 0.49
-8.82 23.25 0.735
-8.82 23.25 0.98
-8.82 23.25 1.225
-8.82 23.25 1.47
-8.82 23.25 1.715
-8.82 23.25 1.96
-8.82 23.25 2.205
-8.82 23.25 2.45
-8.82 23.5 0.0
-8.82 23.5 0.245
-8.82 23.5 0.49
-8.82 23.5 0.735
-8.82 23.5 0.98
-8.82 23.5 1.225
-8.82 23.5 1.47
-8.82 23.5 1.715
-8.82 23.5 1.96
-8.82 23.5 2.205
-8.82 23.5 2.45
-8.82 23.75 0.0
-8.82 23.75 0.245
-8.82 23.75 0.49
-8.82 23.75 0.735
-8.82 23.75 0.98
-8.82 23.75 1.225
-8.82 23.75 1.47
-8.82 23.75 1.715
-8.82 23.75 1.96
-8.82 23.75 2.205
-8.82 23.75 2.45
-8.82 24.0 0.0
-8.82 24.0 0.245
-8.82 24.0 0.49
-8.82 24.0 0.735
-8.82 24.0 0.98
-8.82 24.0 1.225
-8.82 24.0 1.47
-8.82 24.0 1.715
-8.82 24.0 1.96
-8.82 24.0 2.205
-8.82 24.0 2.45
-8.7612 0.0 -0.22
-8.7612 0.0 0.0
-8.7612 0.2453 -0.22
-8.7612 0.2453 0.0
-8.7612 0.4906 -0.22
-8.7612 0.4906 0.0
-8.7612 0.7359 -0.22
-8.7612 0.7359 0.0
-8.7612 0.9813 -0.22
-8.7612 0.9813 0.0
-8.7612 1.2266 -0.22
-8.7612 1.2266 0.0
-8.7612 1.4719 -0.22
-8.7612 1.4719 0.0
-8.7612 1.7172 -0.22
-8.7612 1.7172 0.0
-8.7612 1.9625 -0.22
-8.7612 1.9625 0.0
-8.7612 2.2078 -0.22
-8.7612 2.2078 0.0
-8.7612 2.4531 -0.22
-8.7612 2.4531 0.0
-8.7612 2.6984 -0.22
-8.7612 2.6984 0.0
-8.7612 2.9437 -0.22
-8.7612 2.9437 0.0
-8.7612 3.1891 -0.22
-8.7612 3.1891 0.0
-8.7612 3.4344 -0.22
-8.7612 3.4344 0.0
-8.7612 3.6797 -0.22
-8.7612 3.6797 0.0
-8.7612 3.925 -0.22
-8.7612 3.925 0.0
-8.7612 4.1703 -0.22
-8.7612 4.1703 0.0
-8.7612 4.4156 -0.22
-8.7612 4.4156 0.0
-8.7612 4.6609 -0.22
-8.7612 4.6609 0.0
-8.7612 4.9062 -0.22
-8.7612 4.9062 0.0
-8.7612 5.1516 -0.22
-8.7612 5.1516 0.0
-8.7612 5.3969 -0.22
-8.7612 5.3969 0.0
-8.7612 5.6422 -0.22
-8.7612 5.6422 0.0
-8.7612 5.8875 -0.22
-8.7612 5.8875 0.0
-8.7612 6.1328 -0.22
-8.7612 6.1328 0.0
-8.7612 6.3781 -0.22
-8.7612 6.3781 0.0
-8.7612 6.6234 -0.22
-8.7612 6.6234 0.0
-8.7612 6.8687 -0.22
-8.7612 6.8687 0.0
-8.7612 7.1141 -0.22
-8.7612 7.1141 0.0
-8.7612 7.3594 -0.22
-8.7612 7.3594 0.0
-8.7612 7.6047 -0.22
-8.7612 7.6047 0.0
-8.7612 7.85 -0.22
-8.7612 7.85 0.0
-8.7506 0.0 0.0
-8.7506 0.0 0.245
-8.7506 0.0 0.49
-8.7506 0.0 0.735
-8.7506 0.0 0.98
-8.7506 0.0 1.225
-8.7506 0.0 1.47
-8.7506 0.0 1.715
-8.7506 0.0 1.96
-8.7506 0.0 2.205
-8.7506 0.0 2.45
-8.7506 0.18 0.0
-8.7506 0.18 0.245
-8.7506 0.18 0.49
-8.7506 0.18 0.735
-8.7506 0.18 0.98
-8.7506 0.18 1.225
-8.7506 0.18 1.47
-8.7506 0.18 1.715
-8.7506 0.18 1.96
-8.7506 0.18 2.205
-8.7506 0.18 2.45
-8.75 -1.0 -0.3
-8.75 -1.0 -0.15
-8.75 -1.0 0.0
-8.75 -0.75 -0.3
-8.75 -0.75 0.0
-8.75 -0.5 -0.3
-8.75 -0.5 0.0
-8.75 -0.25 -0.3
-8.75 -0.25 0.0
-8.75 0.0 -0.3
-8.75 0.0 0.0
-8.75 0.0 2.45
-8.75 0.0 2.67
-8.75 0.25 -0.3
-8.75 0.25 0.0
-8.75 0.25 2.45
-8.75 0.25 2.67
-8.75 0.5 -0.3
-8.75 0.5 0.0
-8.75 0.5 2.45
-8.75 0.5 2.67
-8.75 0.75 -0.3
-8.75 0.75 0.0
-8.75 0.75 2.45
-8.75 0.75 2.67
-8.75 1.0 -0.3
-8.75 1.0 0.0
-8.75 1.0 2.45
-8.75 1.0 2.67
-8.75 1.25 -0.3
-8.75 1.25 0.0
-8.75 1.25 2.45
-8.75 1.25 2.67
-8.75 1.5 -0.3
-8.75 1.5 0.0
-8.75 1.5 2.45
-8.75 1.5 2.67
-8.75 1.75 -0.3
-8.75 1.75 0.0
-8.75 1.75 2.45
-8.75 1.75 2.67
-8.75 2.0 -0.3
-8.75 2.0 0.0
-8.75 2.0 2.45
-8.75 2.0 2.67
-8.75 2.25 -0.3
-8.75 2.25 0.0
-8.75 2.25 2.45
-8.75 2.25 2.67
-8.75 2.5 -0.3
-8.75 2.5 0.0
-8.75 2.5 2.45
-8.75 2.5 2.67
-8.75 2.75 -0.3
-8.75 2.75 0.0
-8.75 2.75 2.45
-8.75 2.75 2.67
-8.75 3.0 -0.3
-8.75 3.0 0.0
-8.75 3.0 2.45
-8.75 3.0 2.67
-8.75 3.25 -0.3
-8.75 3.25 0.0
-8.75 3.25 2.45
-8.75 3.25 2.67
-8.75 3.5 -0.3
-8.75 3.5 0.0
-8.75 3.5 2.45
-8.75 3.5 2.67
-8.75 3.75 -0.3
-8.75 3.75 0.0
-8.75 3.75 2.45
-8.75 3.75 2.67
-8.75 4.0 -0.3
-8.75 4.0 0.0
-8.75 4.0 2.45
-8.75 4.0 2.67
-8.75 4.25 -0.3
-8.75 4.25 0.0
-8.75 4.25 2.45
-8.75 4.25 2.67
-8.75 4.5 -0.3
-8.75 4.5 0.0
-8.75 4.5 2.45
-8.75 4.5 2.67
-8.75 4.75 -0.3
-8.75 4.75 0.0
-8.75 4.75 2.45
-8.75 4.75 2.67
-8.75 5.0 -0.3
-8.75 5.0 0.0
-8.75 5.0 2.45
-8.75 5.0 2.67
-8.75 5.25 -0.3
-8.75 5.25 0.0
-8.75 5.25 2.45
-8.75 5.25 2.67
-8.75 5.5 -0.3
-8.75 5.5 0.0
-8.75 5.5 2.45
-8.75 5.5 2.67
-8.75 5.75 -0.3
-8.75 5.75 0.0
-8.75 5.75 2.45
-8.75 5.75 2.67
-8.75 6.0 -0.3
-8.75 6.0 0.0
-8.75 6.0 2.45
-8.75 6.0 2.67
-8.75 6.25 -0.3
-8.75 6.25 0.0
-8.75 6.25 2.45
-8.75 6.25 2.67
-8.75 6.5 -0.3
-8.75 6.5 0.0
-8.75 6.5 2.45
-8.75 6.5 2.67
-8.75 6.75 -0.3
-8.75 6.75 0.0
-8.75 6.75 2.45
-8.75 6.75 2.67
-8.75 7.0 -0.3
-8.75 7.0 0.0
-8.75 7.0 2.45
-8.75 7.0 2.67
-8.75 7.25 -0.3
-8.75 7.25 0.0
-8.75 7.25 2.45
-8.75 7.25 2.67
-8.75 7.5 -0.3
-8.75 7.5 0.0
-8.75 7.5 2.45
-8.75 7.5 2.67
-8.75 7.75 -0.3
-8.75 7.75 0.0
-8.75 7.75 2.45
-8.75 7.75 2.67
-8.75 7.85 -0.22
-8.75 7.85 0.0
-8.75 8.0 -0.3
-8.75 8.0 0.0
-8.75 8.0 2.45
-8.75 8.0 2.67
-8.75 8.0985 -0.22
-8.75 8.0985 0.0
-8.75 8.25 -0.3
-8.75 8.25 0.0
-8.75 8.25 2.45
-8.75 8.25 2.67
-8.75 8.3469 -0.22
-8.75 8.3469 0.0
-8.75 8.5 -0.3
-8.75 8.5 0.0
-8.75 8.5 2.45
-8.75 8.5 2.67
-8.75 8.5954 -0.22
-8.75 8.5954 0.0
-8.75 8.75 -0.3
-8.75 8.75 0.0
-8.75 8.75 2.45
-8.75 8.75 2.67
-8.75 8.8438 -0.22
-8.75 8.8438 0.0
-8.75 9.0 -0.3
-8.75 9.0 0.0
-8.75 9.0 2.45
-8.75 9.0 2.67
-8.75 9.0923 -0.22
-8.75 9.0923 0.0
-8.75 9.25 -0.3
-8.75 9.25 0.0
-8.75 9.25 2.45
-8.75 9.25 2.67
-8.75 9.3408 -0.22
-8.75 9.3408 0.0
-8.75 9.5 -0.3
-8.75 9.5 0.0
-8.75 9.5 2.45
-8.75 9.5 2.67
-8.75 9.5892 -0.22
-8.75 9.5892 0.0
-8.75 9.75 -0.3
-8.75 9.75 0.0
-8.75 9.75 2.45
-8.75 9.75 2.67
-8.75 9.8377 -0.22
-8.75 9.8377 0.0
-8.75 10.0 -0.3
-8.75 10.0 0.0
-8.75 10.0 2.45
-8.75 10.0 2.67
-8.75 10.0862 -0.22
-8.75 10.0862 0.0
-8.75 10.25 -0.3
-8.75 10.25 0.0
-8.75 10.25 2.45
-8.75 10.25 2.67
-8.75 10.3346 -0.22
-8.75 10.3346 0.0
-8.75 10.5 -0.3
-8.75 10.5 0.0
-8.75 10.5 2.45
-8.75 10.5 2.67
-8.75 10.5831 -0.22
-8.75 10.5831 0.0
-8.75 10.75 -0.3
-8.75 10.75 0.0
-8.75 10.75 2.45
-8.75 10.75 2.67
-8.75 10.8315 -0.22
-8.75 10.8315 0.0
-8.75 11.0 -0.3
-8.75 11.0 0.0
-8.75 11.0 2.45
-8.75 11.0 2.67
-8.75 11.08 -0.22
-8.75 11.08 0.0
-8.75 11.25 -0.3
-8.75 11.25 0.0
-8.75 11.25 2.45
-8.75 11.25 2.67
-8.75 11.3285 -0.22
-8.75 11.3285 0.0
-8.75 11.5 -0.3
-8.75 11.5 0.0
-8.75 11.5 2.45
-8.75 11.5 2.67
-8.75 11.5769 -0.22
-8.75 11.5769 0.0
-8.75 11.75 -0.3
-8.75 11.75 0.0
-8.75 11.75 2.45
-8.75 11.75 2.67
-8.75 11.8254 -0.22
-8.75 11.8254 0.0
-8.75 12.0 -0.3
-8.75 12.0 0.0
-8.75 12.0 2.45
-8.75 12.0 2.67
-8.75 12.0738 -0.22
-8.75 12.0738 0.0
-8.75 12.25 -0.3
-8.75 12.25 0.0
-8.75 12.25 2.45
-8.75 12.25 2.67
-8.75 12.3223 -0.22
-8.75 12.3223 0.0
-8.75 12.5 -0.3
-8.75 12.5 0.0
-8.75 12.5 2.45
-8.75 12.5 2.67
-8.75 12.5708 -0.22
-8.75 12.5708 0.0
-8.75 12.75 -0.3
-8.75 12.75 0.0
-8.75 12.75 2.45
-8.75 12.75 2.67
-8.75 12.8192 -0.22
-8.75 12.8192 0.0
-8.75 13.0 -0.3
-8.75 13.0 0.0
-8.75 13.0 2.45
-8.75 13.0 2.67
-8.75 13.0677 -0.22
-8.75 13.0677 0.0
-8.75 13.25 -0.3
-8.75 13.25 0.0
-8.75 13.25 2.45
-8.75 13.25 2.67
-8.75 13.3162 -0.22
-8.75 13.3162 0.0
-8.75 13.5 -0.3
-8.75 13.5 0.0
-8.75 13.5 2.45
-8.75 13.5 2.67
-8.75 13.5646 -0.22
-8.75 13.5646 0.0
-8.75 13.75 -0.3
-8.75 13.75 0.0
-8.75 13.75 2.45
-8.75 13.75 2.67
-8.75 13.8131 -0.22
-8.75 13.8131 0.0
-8.75 14.0 -0.3
-8.75 14.0 0.0
-8.75 14.0 2.45
-8.75 14.0 2.67
-8.75 14.0615 -0.22
-8.75 14.0615 0.0
-8.75 14.25 -0.3
-8.75 14.25 0.0
-8.75 14.25 2.45
-8.75 14.25 2.67
-8.75 14.31 -0.22
-8.75 14.31 0.0
-8.75 14.5 -0.3
-8.75 14.5 0.0
-8.75 14.5 2.45
-8.75 14.5 2.67
-8.75 14.5585 -0.22
-8.75 14.5585 0.0
-8.75 14.75 -0.3
-8.75 14.75 0.0
-8.75 14.75 2.45
-8.75 14.75 2.67
-8.75 14.8069 -0.22
-8.75 14.8069 0.0
-8.75 15.0 -0.3
-8.75 15.0 0.0
-8.75 15.0 2.45
-8.75 15.0 2.67
-8.75 15.0554 -0.22
-8.75 15.0554 0.0
-8.75 15.25 -0.3
-8.75 15.25 0.0
-8.75 15.25 2.45
-8.75 15.25 2.67
-8.75 15.3038 -0.22
-8.75 15.3038 0.0
-8.75 15.5 -0.3
-8.75 15.5 0.0
-8.75 15.5 2.45
-8.75 15.5 2.67
-8.75 15.5523 -0.22
-8.75 15.5523 0.0
-8.75 15.75 -0.3
-8.75 15.75 0.0
-8.75 15.75 2.45
-8.75 15.75 2.67
-8.75 15.8008 -0.22
-8.75 15.8008 0.0
-8.75 16.0 -0.3
-8.75 16.0 0.0
-8.75 16.0 2.45
-8.75 16.0 2.67
-8.75 16.0492 -0.22
-8.75 16.0492 0.0
-8.75 16.25 -0.3
-8.75 16.25 0.0
-8.75 16.25 2.45
-8.75 16.25 2.67
-8.75 16.2977 -0.22
-8.75 16.2977 0.0
-8.75 16.5 -0.3
-8.75 16.5 0.0
-8.75 16.5 2.45
-8.75 16.5 2.67
-8.75 16.5462 -0.22
-8.75 16.5462 0.0
-8.75 16.75 -0.3
-8.75 16.75 0.0
-8.75 16.75 2.45
-8.75 16.75 2.67
-8.75 16.7946 -0.22
-8.75 16.7946 0.0
-8.75 17.0 -0.3
-8.75 17.0 0.0
-8.75 17.0 2.45
-8.75 17.0 2.67
-8.75 17.0431 -0.22
-8.75 17.0431 0.0
-8.75 17.25 -0.3
-8.75 17.25 0.0
-8.75 17.25 2.45
-8.75 17.25 2.67
-8.75 17.2915 -0.22
-8.75 17.2915 0.0
-8.75 17.5 -0.3
-8.75 17.5 0.0
-8.75 17.5 2.45
-8.75 17.5 2.67
-8.75 17.54 -0.22
-8.75 17.54 0.0
-8.75 17.75 -0.3
-8.75 17.75 0.0
-8.75 17.75 2.45
-8.75 17.75 2.67
-8.75 17.7885 -0.22
-8.75 17.7885 0.0
-8.75 18.0 -0.3
-8.75 18.0 0.0
-8.75 18.0 2.45
-8.75 18.0 2.67
-8.75 18.0369 -0.22
-8.75 18.0369 0.0
-8.75 18.25 -0.3
-8.75 18.25 0.0
-8.75 18.25 2.45
-8.75 18.25 2.67
-8.75 18.2854 -0.22
-8.75 18.2854 0.0
-8.75 18.5 -0.3
-8.75 18.5 0.0
-8.75 18.5 2.45
-8.75 18.5 2.67
-8.75 18.5338 -0.22
-8.75 18.5338 0.0
-8.75 18.75 -0.3
-8.75 18.75 0.0
-8.75 18.75 2.45
-8.75 18.75 2.67
-8.75 18.7823 -0.22
-8.75 18.7823 0.0
-8.75 19.0 -0.3
-8.75 19.0 0.0
-8.75 19.0 2.45
-8.75 19.0 2.67
-8.75 19.0308 -0.22
-8.75 19.0308 0.0
-8.75 19.25 -0.3
-8.75 19.25 0.0
-8.75 19.25 2.45
-8.75 19.25 2.67
-8.75 19.2792 -0.22
-8.75 19.2792 0.0
-8.75 19.5 -0.3
-8.75 19.5 0.0
-8.75 19.5 2.45
-8.75 19.5 2.67
-8.75 19.5277 -0.22
-8.75 19.5277 0.0
-8.75 19.75 -0.3
-8.75 19.75 0.0
-8.75 19.75 2.45
-8.75 19.75 2.67
-8.75 19.7762 -0.22
-8.75 19.7762 0.0
-8.75 20.0 -0.3
-8.75 20.0 0.0
-8.75 20.0 2.45
-8.75 20.0 2.67
-8.75 20.0246 -0.22
-8.75 20.0246 0.0
-8.75 20.25 -0.3
-8.75 20.25 0.0
-8.75 20.25 2.45
-8.75 20.25 2.67
-8.75 20.2731 -0.22
-8.75 20.2731 0.0
-8.75 20.5 -0.3
-8.75 20.5 0.0
-8.75 20.5 2.45
-8.75 20.5 2.67
-8.75 20.5215 -0.22
-8.75 20.5215 0.0
-8.75 20.75 -0.3
-8.75 20.75 0.0
-8.75 20.75 2.45
-8.75 20.75 2.67
-8.75 20.77 -0.22
-8.75 20.77 0.0
-8.75 21.0 -0.3
-8.75 21.0 0.0
-8.75 21.0 2.45
-8.75 21.0 2.67
-8.75 21.0185 -0.22
-8.75 21.0185 0.0
-8.75 21.25 -0.3
-8.75 21.25 0.0
-8.75 21.25 2.45
-8.75 21.25 2.67
-8.75 21.2669 -0.22
-8.75 21.2669 0.0
-8.75 21.5 -0.3
-8.75 21.5 0.0
-8.75 21.5 2.45
-8.75 21.5 2.67
-8.75 21.5154 -0.22
-8.75 21.5154 0.0
-8.75 21.75 -0.3
-8.75 21.75 0.0
-8.75 21.75 2.45
-8.75 21.75 2.67
-8.75 21.7638 -0.22
-8.75 21.7638 0.0
-8.75 22.0 -0.3
-8.75 22.0 0.0
-8.75 22.0 2.45
-8.75 22.0 2.67
-8.75 22.0123 -0.22
-8.75 22.0123 0.0
-8.75 22.25 -0.3
-8.75 22.25 0.0
-8.75 22.25 2.45
-8.75 22.25 2.67
-8.75 22.2608 -0.22
-8.75 22.2608 0.0
-8.75 22.5 -0.3
-8.75 22.5 0.0
-8.75 22.5 2.45
-8.75 22.5 2.67
-8.75 22.5092 -0.22
-8.75 22.5092 0.0
-8.75 22.75 -0.3
-8.75 22.75 0.0
-8.75 22.75 2.45
-8.75 22.75 2.67
-8.75 22.7577 -0.22
-8.75 22.7577 0.0
-8.75 23.0 -0.3
-8.75 23.0 0.0
-8.75 23.0 2.45
-8.75 23.0 2.67
-8.75 23.0062 -0.22
-8.75 23.0062 0.0
-8.75 23.25 -0.3
-8.75 23.25 0.0
-8.75 23.25 2.45
-8.75 23.25 2.67
-8.75 23.2546 -0.22
-8.75 23.2546 0.0
-8.75 23.5 -0.3
-8.75 23.5 0.0
-8.75 23.5 2.45
-8.75 23.5 2.67
-8.75 23.5031 -0.22
-8.75 23.5031 0.0
-8.75 23.75 -0.3
-8.75 23.75 0.0
-8.75 23.75 2.45
-8.75 23.75 2.67
-8.75 23.7515 -0.22
-8.75 23.7515 0.0
-8.75 23.82 0.0
-8.75 23.82 0.245
-8.75 23.82 0.49
-8.75 23.82 0.735
-8.75 23.82 0.98
-8.75 23.82 1.225
-8.75 23.82 1.47
-8.75 23.82 1.715
-8.75 23.82 1.96
-8.75 23.82 2.205
-8.75 23.82 2.45
-8.75 24.0 -0.3
-8.75 24.0 -0.22
-8.75 24.0 0.0
-8.75 24.0 0.245
-8.75 24.0 0.49
-8.75 24.0 0.735
-8.75 24.0 0.98
-8.75 24.0 1.225
-8.75 24.0 1.47
-8.75 24.0 1.715
-8.75 24.0 1.96
-8.75 24.0 2.205
-8.75 24.0 2.45
-8.75 24.0 2.67
-8.75 24.25 -0.3
-8.75 24.25 0.0
-8.75 24.5 -0.3
-8.75 24.5 0.0
-8.75 24.75 -0.3
-8.75 24.75 0.0
-8.75 25.0 -0.3
-8.75 25.0 -0.15
-8.75 25.0 0.0
-8.5224 0.0 -0.22
-8.5224 0.0 0.0
-8.5224 0.2453 -0.22
-8.5224 0.2453 0.0
-8.5224 0.4906 -0.22
-8.5224 0.4906 0.0
-8.5224 0.7359 -0.22
-8.5224 0.7359 0.0
-8.5224 0.9813 -0.22
-8.5224 0.9813 0.0
-8.5224 1.2266 -0.22
-8.5224 1.2266 0.0
-8.5224 1.4719 -0.22
-8.5224 1.4719 0.0
-8.5224 1.7172 -0.22
-8.5224 1.7172 0.0
-8.5224 1.9625 -0.22
-8.5224 1.9625 0.0
-8.5224 2.2078 -0.22
-8.5224 2.2078 0.0
-8.5224 2.4531 -0.22
-8.5224 2.4531 0.0
-8.5224 2.6984 -0.22
-8.5224 2.6984 0.0
-8.5224 2.9437 -0.22
-8.5224 2.9437 0.0
-8.5224 3.1891 -0.22
-8.5224 3.1891 0.0
-8.5224 3.4344 -0.22
-8.5224 3.4344 0.0
-8.5224 3.6797 -0.22
-8.5224 3.6797 0.0
-8.5224 3.925 -0.22
-8.5224 3.925 0.0
-8.5224 4.1703 -0.22
-8.5224 4.1703 0.0
-8.5224 4.4156 -0.22
-8.5224 4.4156 0.0
-8.5224 4.6609 -0.22
-8.5224 4.6609 0.0
-8.5224 4.9062 -0.22
-8.5224 4.9062 0.0
-8.5224 5.1516 -0.22
-8.5224 5.1516 0.0
-8.5224 5.3969 -0.22
-8.5224 5.3969 0.0
-8.5224 5.6422 -0.22
-8.5224 5.6422 0.0
-8.5224 5.8875 -0.22
-8.5224 5.8875 0.0
-8.5224 6.1328 -0.22
-8.5224 6.1328 0.0
-8.5224 6.3781 -0.22
-8.5224 6.3781 0.0
-8.5224 6.6234 -0.22
-8.5224 6.6234 0.0
-8.5224 6.8687 -0.22
-8.5224 6.8687 0.0
-8.5224 7.1141 -0.22
-8.5224 7.1141 0.0
-8.5224 7.3594 -0.22
-8.5224 7.3594 0.0
-8.5224 7.6047 -0.22
-8.5224 7.6047 0.0
-8.5224 7.85 -0.22
-8.5224 7.85 0.0
-8.5012 0.0 0.0
-8.5012 0.0 0.245
-8.5012 0.0 0.49
-8.5012 0.0 0.735
-8.5012 0.0 0.98
-8.5012 0.0 1.225
-8.5012 0.0 1.47
-8.5012 0.0 1.715
-8.5012 0.0 1.96
-8.5012 0.0 2.205
-8.5012 0.0 2.45
-8.5012 0.18 0.0
-8.5012 0.18 0.245
-8.5012 0.18 0.49
-8.5012 0.18 0.735
-8.5012 0.18 0.98
-8.5012 0.18 1.225
-8.5012 0.18 1.47
-8.5012 0.18 1.715
-8.5012 0.18 1.96
-8.5012 0.18 2.205
-8.5012 0.18 2.45
-8.5 -1.0 -0.3
-8.5 -1.0 -0.15
-8.5 -1.0 0.0
-8.5 -0.75 -0.3
-8.5 -0.75 0.0
-8.5 -0.5 -0.3
-8.5 -0.5 0.0
-8.5 -0.25 -0.3
-8.5 -0.25 0.0
-8.5 0.0 -0.3
-8.5 0.0 0.0
-8.5 0.0 2.45
-8.5 0.0 2.67
-8.5 0.25 -0.3
-8.5 0.25 0.0
-8.5 0.25 2.45
-8.5 0.25 2.67
-8.5 0.5 -0.3
-8.5 0.5 0.0
-8.5 0.5 2.45
-8.5 0.5 2.67
-8.5 0.75 -0.3
-8.5 0.75 0.0
-8.5 0.75 2.45
-8.5 0.75 2.67
-8.5 1.0 -0.3
-8.5 1.0 0.0
-8.5 1.0 2.45
-8.5 1.0 2.67
-8.5 1.25 -0.3
-8.5 1.25 0.0
-8.5 1.25 2.45
-8.5 1.25 2.67
-8.5 1.5 -0.3
-8.5 1.5 0.0
-8.5 1.5 2.45
-8.5 1.5 2.67
-8.5 1.75 -0.3
-8.5 1.75 0.0
-8.5 1.75 2.45
-8.5 1.75 2.67
-8.5 2.0 -0.3
-8.5 2.0 0.0
-8.5 2.0 2.45
-8.5 2.0 2.67
-8.5 2.25 -0.3
-8.5 2.25 0.0
-8.5 2.25 2.45
-8.5 2.25 2.67
-8.5 2.5 -0.3
-8.5 2.5 0.0
-8.5 2.5 2.45
-8.5 2.5 2.67
-8.5 2.75 -0.3
-8.5 2.75 0.0
-8.5 2.75 2.45
-8.5 2.75 2.67
-8.5 3.0 -0.3
-8.5 3.0 0.0
-8.5 3.0 2.45
-8.5 3.0 2.67
-8.5 3.25 -0.3
-8.5 3.25 0.0
-8.5 3.25 2.45
-8.5 3.25 2.67
-8.5 3.5 -0.3
-8.5 3.5 0.0
-8.5 3.5 2.45
-8.5 3.5 2.67
-8.5 3.75 -0.3
-8.5 3.75 0.0
-8.5 3.75 2.45
-8.5 3.75 2.67
-8.5 4.0 -0.3
-8.5 4.0 0.0
-8.5 4.0 2.45
-8.5 4.0 2.67
-8.5 4.25 -0.3
-8.5 4.25 0.0
-8.5 4.25 2.45
-8.5 4.25 2.67
-8.5 4.5 -0.3
-8.5 4.5 0.0
-8.5 4.5 2.45
-8.5 4.5 2.67
-8.5 4.75 -0.3
-8.5 4.75 0.0
-8.5 4.75 2.45
-8.5 4.75 2.67
-8.5 5.0 -0.3
-8.5 5.0 0.0
-8.5 5.0 2.45
-8.5 5.0 2.67
-8.5 5.25 -0.3
-8.5 5.25 0.0
-8.5 5.25 2.45
-8.5 5.25 2.67
-8.5 5.5 -0.3
-8.5 5.5 0.0
-8.5 5.5 2.45
-8.5 5.5 2.67
-8.5 5.75 -0.3
-8.5 5.75 0.0
-8.5 5.75 2.45
-8.5 5.75 2.67
-8.5 6.0 -0.3
-8.5 6.0 0.0
-8.5 6.0 2.45
-8.5 6.0 2.67
-8.5 6.25 -0.3
-8.5 6.25 0.0
-8.5 6.25 2.45
-8.5 6.25 2.67
-8.5 6.5 -0.3
-8.5 6.5 0.0
-8.5 6.5 2.45
-8.5 6.5 2.67
-8.5 6.75 -0.3
-8.5 6.75 0.0
-8.5 6.75 2.45
-8.5 6.75 2.67
-8.5 7.0 -0.3
-8.5 7.0 0.0
-8.5 7.0 2.45
-8.5 7.0 2.67
-8.5 7.25 -0.3
-8.5 7.25 0.0
-8.5 7.25 2.45
-8.5 7.25 2.67
-8.5 7.5 -0.3
-8.5 7.5 0.0
-8.5 7.5 2.45
-8.5 7.5 2.67
-8.5 7.75 -0.3
-8.5 7.75 0.0
-8.5 7.75 2.45
-8.5 7.75 2.67
-8.5 7.85 -0.22
-8.5 7.85 0.0
-8.5 7.85 0.245
-8.5 7.85 0.49
-8.5 7.85 0.735
-8.5 7.85 0.98
-8.5 7.85 1.225
-8.5 7.85 1.47
-8.5 7.85 1.715
-8.5 7.85 1.96
-8.5 7.85 2.205
-8.5 7.85 2.45
-8.5 8.0 -0.3
-8.5 8.0 0.0
-8.5 8.0 2.45
-8.5 8.0 2.67
-8.5 8.03 0.0
-8.5 8.03 0.245
-8.5 8.03 0.49
-8.5 8.03 0.735
-8.5 8.03 0.98
-8.5 8.03 1.225
-8.5 8.03 1.47
-8.5 8.03 1.715
-8.5 8.03 1.96
-8.5 8.03 2.205
-8.5 8.03 2.45
-8.5 8.0971 0.0
-8.5 8.0971 0.245
-8.5 8.0971 0.49
-8.5 8.0971 0.735
-8.5 8.0971 0.98
-8.5 8.0971 1.225
-8.5 8.0971 1.47
-8.5 8.0971 1.715
-8.5 8.0971 1.96
-8.5 8.0971 2.205
-8.5 8.0971 2.45
-8.5 8.0985 -0.22
-8.5 8.0985 0.0
-8.5 8.25 -0.3
-8.5 8.25 0.0
-8.5 8.25 2.45
-8.5 8.25 2.67
-8.5 8.3442 0.0
-8.5 8.3442 0.245
-8.5 8.3442 0.49
-8.5 8.3442 0.735
-8.5 8.3442 0.98
-8.5 8.3442 1.225
-8.5 8.3442 1.47
-8.5 8.3442 1.715
-8.5 8.3442 1.96
-8.5 8.3442 2.205
-8.5 8.3442 2.45
-8.5 8.3469 -0.22
-8.5 8.3469 0.0
-8.5 8.5 -0.3
-8.5 8.5 0.0
-8.5 8.5 2.45
-8.5 8.5 2.67
-8.5 8.5912 0.0
-8.5 8.5912 0.245
-8.5 8.5912 0.49
-8.5 8.5912 0.735
-8.5 8.5912 0.98
-8.5 8.5912 1.225
-8.5 8.5912 1.47
-8.5 8.5912 1.715
-8.5 8.5912 1.96
-8.5 8.5912 2.205
-8.5 8.5912 2.45
-8.5 8.5954 -0.22
-8.5 8.5954 0.0
-8.5 8.75 -0.3
-8.5 8.75 0.0
-8.5 8.75 2.45
-8.5 8.75 2.67
-8.5 8.8383 0.0
-8.5 8.8383 0.245
-8.5 8.8383 0.49
-8.5 8.8383 0.735
-8.5 8.8383 0.98
-8.5 8.8383 1.225
-8.5 8.8383 1.47
-8.5 8.8383 1.715
-8.5 8.8383 1.96
-8.5 8.8383 2.205
-8.5 8.8383 2.45
-8.5 8.8438 -0.22
-8.5 8.8438 0.0
-8.5 9.0 -0.3
-8.5 9.0 0.0
-8.5 9.0 2.45
-8.5 9.0 2.67
-8.5 9.0854 0.0
-8.5 9.0854 0.245
-8.5 9.0854 0.49
-8.5 9.0854 0.735
-8.5 9.0854 0.98
-8.5 9.0854 1.225
-8.5 9.0854 1.47
-8.5 9.0854 1.715
-8.5 9.0854 1.96
-8.5 9.0854 2.205
-8.5 9.0854 2.45
-8.5 9.0923 -0.22
-8.5 9.0923 0.0
-8.5 9.25 -0.3
-8.5 9.25 0.0
-8.5 9.25 2.45
-8.5 9.25 2.67
-8.5 9.3325 0.0
-8.5 9.3325 0.245
-8.5 9.3325 0.49
-8.5 9.3325 0.735
-8.5 9.3325 0.98
-8.5 9.3325 1.225
-8.5 9.3325 1.47
-8.5 9.3325 1.715
-8.5 9.3325 1.96
-8.5 9.3325 2.205
-8.5 9.3325 2.45
-8.5 9.3408 -0.22
-8.5 9.3408 0.0
-8.5 9.5 -0.3
-8.5 9.5 0.0
-8.5 9.5 2.45
-8.5 9.5 2.67
-8.5 9.5795 0.0
-8.5 9.5795 0.245
-8.5 9.5795 0.49
-8.5 9.5795 0.735
-8.5 9.5795 0.98
-8.5 9.5795 1.225
-8.5 9.5795 1.47
-8.5 9.5795 1.715
-8.5 9.5795 1.96
-8.5 9.5795 2.205
-8.5 9.5795 2.45
-8.5 9.5892 -0.22
-8.5 9.5892 0.0
-8.5 9.75 -0.3
-8.5 9.75 0.0
-8.5 9.75 2.45
-8.5 9.75 2.67
-8.5 9.8266 0.0
-8.5 9.8266 0.245
-8.5 9.8266 0.49
-8.5 9.8266 0.735
-8.5 9.8266 0.98
-8.5 9.8266 1.225
-8.5 9.8266 1.47
-8.5 9.8266 1.715
-8.5 9.8266 1.96
-8.5 9.8266 2.205
-8.5 9.8266 2.45
-8.5 9.8377 -0.22
-8.5 9.8377 0.0
-8.5 10.0 -0.3
-8.5 10.0 0.0
-8.5 10.0 2.45
-8.5 10.0 2.67
-8.5 10.0737 0.0
-8.5 10.0737 0.245
-8.5 10.0737 0.49
-8.5 10.0737 0.735
-8.5 10.0737 0.98
-8.5 10.0737 1.225
-8.5 10.0737 1.47
-8.5 10.0737 1.715
-8.5 10.0737 1.96
-8.5 10.0737 2.205
-8.5 10.0737 2.45
-8.5 10.0862 -0.22
-8.5 10.0862 0.0
-8.5 10.25 -0.3
-8.5 10.25 0.0
-8.5 10.25 2.45
-8.5 10.25 2.67
-8.5 10.3208 0.0
-8.5 10.3208 0.245
-8.5 10.3208 0.49
-8.5 10.3208 0.735
-8.5 10.3208 0.98
-8.5 10.3208 1.225
-8.5 10.3208 1.47
-8.5 10.3208 1.715
-8.5 10.3208 1.96
-8.5 10.3208 2.205
-8.5 10.3208 2.45
-8.5 10.3346 -0.22
-8.5 10.3346 0.0
-8.5 10.5 -0.3
-8.5 10.5 0.0
-8.5 10.5 2.45
-8.5 10.5 2.67
-8.5 10.5678 0.0
-8.5 10.5678 0.245
-8.5 10.5678 0.49
-8.5 10.5678 0.735
-8.5 10.5678 0.98
-8.5 10.5678 1.225
-8.5 10.5678 1.47
-8.5 10.5678 1.715
-8.5 10.5678 1.96
-8.5 10.5678 2.205
-8.5 10.5678 2.45
-8.5 10.5831 -0.22
-8.5 10.5831 0.0
-8.5 10.75 -0.3
-8.5 10.75 0.0
-8.5 10.75 2.45
-8.5 10.75 2.67
-8.5 10.8149 0.0
-8.5 10.8149 0.245
-8.5 10.8149 0.49
-8.5 10.8149 0.735
-8.5 10.8149 0.98
-8.5 10.8149 1.225
-8.5 10.8149 1.47
-8.5 10.8149 1.715
-8.5 10.8149 1.96
-8.5 10.8149 2.205
-8.5 10.8149 2.45
-8.5 10.8315 -0.22
-8.5 10.8315 0.0
-8.5 11.0 -0.3
-8.5 11.0 0.0
-8.5 11.0 2.45
-8.5 11.0 2.67
-8.5 11.062 0.0
-8.5 11.062 0.245
-8.5 11.062 0.49
-8.5 11.062 0.735
-8.5 11.062 0.98
-8.5 11.062 1.225
-8.5 11.062 1.47
-8.5 11.062 1.715
-8.5 11.062 1.96
-8.5 11.062 2.205
-8.5 11.062 2.45
-8.5 11.08 -0.22
-8.5 11.08 0.0
-8.5 11.25 -0.3
-8.5 11.25 0.0
-8.5 11.25 2.45
-8.5 11.25 2.67
-8.5 11.3091 0.0
-8.5 11.3091 0.245
-8.5 11.3091 0.49
-8.5 11.3091 0.735
-8.5 11.3091 0.98
-8.5 11.3091 1.225
-8.5 11.3091 1.47
-8.5 11.3091 1.715
-8.5 11.3091 1.96
-8.5 11.3091 2.205
-8.5 11.3091 2.45
-8.5 11.3285 -0.22
-8.5 11.3285 0.0
-8.5 11.5 -0.3
-8.5 11.5 0.0
-8.5 11.5 2.45
-8.5 11.5 2.67
-8.5 11.5562 0.0
-8.5 11.5562 0.245
-8.5 11.5562 0.49
-8.5 11.5562 0.735
-8.5 11.5562 0.98
-8.5 11.5562 1.225
-8.5 11.5562 1.47
-8.5 11.5562 1.715
-8.5 11.5562 1.96
-8.5 11.5562 2.205
-8.5 11.5562 2.45
-8.5 11.5769 -0.22
-8.5 11.5769 0.0
-8.5 11.75 -0.3
-8.5 11.75 0.0
-8.5 11.75 2.45
-8.5 11.75 2.67
-8.5 11.8032 0.0
-8.5 11.8032 0.245
-8.5 11.8032 0.49
-8.5 11.8032 0.735
-8.5 11.8032 0.98
-8.5 11.8032 1.225
-8.5 11.8032 1.47
-8.5 11.8032 1.715
-8.5 11.8032 1.96
-8.5 11.8032 2.205
-8.5 11.8032 2.45
-8.5 11.8254 -0.22
-8.5 11.8254 0.0
-8.5 12.0 -0.3
-8.5 12.0 0.0
-8.5 12.0 2.45
-8.5 12.0 2.67
-8.5 12.0503 0.0
-8.5 12.0503 0.245
-8.5 12.0503 0.49
-8.5 12.0503 0.735
-8.5 12.0503 0.98
-8.5 12.0503 1.225
-8.5 12.0503 1.47
-8.5 12.0503 1.715
-8.5 12.0503 1.96
-8.5 12.0503 2.205
-8.5 12.0503 2.45
-8.5 12.0738 -0.22
-8.5 12.0738 0.0
-8.5 12.25 -0.3
-8.5 12.25 0.0
-8.5 12.25 2.45
-8.5 12.25 2.67
-8.5 12.2974 0.0
-8.5 12.2974 0.245
-8.5 12.2974 0.49
-8.5 12.2974 0.735
-8.5 12.2974 0.98
-8.5 12.2974 1.225
-8.5 12.2974 1.47
-8.5 12.2974 1.715
-8.5 12.2974 1.96
-8.5 12.2974 2.205
-8.5 12.2974 2.45
-8.5 12.3223 -0.22
-8.5 12.3223 0.0
-8.5 12.5 -0.3
-8.5 12.5 0.0
-8.5 12.5 2.45
-8.5 12.5 2.67
-8.5 12.5445 0.0
-8.5 12.5445 0.245
-8.5 12.5445 0.49
-8.5 12.5445 0.735
-8.5 12.5445 0.98
-8.5 12.5445 1.225
-8.5 12.5445 1.47
-8.5 12.5445 1.715
-8.5 12.5445 1.96
-8.5 12.5445 2.205
-8.5 12.5445 2.45
-8.5 12.5708 -0.22
-8.5 12.5708 0.0
-8.5 12.75 -0.3
-8.5 12.75 0.0
-8.5 12.75 2.45
-8.5 12.75 2.67
-8.5 12.7915 0.0
-8.5 12.7915 0.245
-8.5 12.7915 0.49
-8.5 12.7915 0.735
-8.5 12.7915 0.98
-8.5 12.7915 1.225
-8.5 12.7915 1.47
-8.5 12.7915 1.715
-8.5 12.7915 1.96
-8.5 12.7915 2.205
-8.5 12.7915 2.45
-8.5 12.8192 -0.22
-8.5 12.8192 0.0
-8.5 13.0 -0.3
-8.5 13.0 0.0
-8.5 13.0 2.45
-8.5 13.0 2.67
-8.5 13.0386 0.0
-8.5 13.0386 0.245
-8.5 13.0386 0.49
-8.5 13.0386 0.735
-8.5 13.0386 0.98
-8.5 13.0386 1.225
-8.5 13.0386 1.47
-8.5 13.0386 1.715
-8.5 13.0386 1.96
-8.5 13.0386 2.205
-8.5 13.0386 2.45
-8.5 13.0677 -0.22
-8.5 13.0677 0.0
-8.5 13.25 -0.3
-8.5 13.25 0.0
-8.5 13.25 2.45
-8.5 13.25 2.67
-8.5 13.2857 0.0
-8.5 13.2857 0.245
-8.5 13.2857 0.49
-8.5 13.2857 0.735
-8.5 13.2857 0.98
-8.5 13.2857 1.225
-8.5 13.2857 1.47
-8.5 13.2857 1.715
-8.5 13.2857 1.96
-8.5 13.2857 2.205
-8.5 13.2857 2.45
-8.5 13.3162 -0.22
-8.5 13.3162 0.0
-8.5 13.5 -0.3
-8.5 13.5 0.0
-8.5 13.5 2.45
-8.5 13.5 2.67
-8.5 13.5328 0.0
-8.5 13.5328 0.245
-8.5 13.5328 0.49
-8.5 13.5328 0.735
-8.5 13.5328 0.98
-8.5 13.5328 1.225
-8.5 13.5328 1.47
-8.5 13.5328 1.715
-8.5 13.5328 1.96
-8.5 13.5328 2.205
-8.5 13.5328 2.45
-8.5 13.5646 -0.22
-8.5 13.5646 0.0
-8.5 13.75 -0.3
-8.5 13.75 0.0
-8.5 13.75 2.45
-8.5 13.75 2.67
-8.5 13.7798 0.0
-8.5 13.7798 0.245
-8.5 13.7798 0.49
-8.5 13.7798 0.735
-8.5 13.7798 0.98
-8.5 13.7798 1.225
-8.5 13.7798 1.47
-8.5 13.7798 1.715
-8.5 13.7798 1.96
-8.5 13.7798 2.205
-8.5 13.7798 2.45
-8.5 13.8131 -0.22
-8.5 13.8131 0.0
-8.5 14.0 -0.3
-8.5 14.0 0.0
-8.5 14.0 2.45
-8.5 14.0 2.67
-8.5 14.0269 0.0
-8.5 14.0269 0.245
-8.5 14.0269 0.49
-8.5 14.0269 0.735
-8.5 14.0269 0.98
-8.5 14.0269 1.225
-8.5 14.0269 1.47
-8.5 14.0269 1.715
-8.5 14.0269 1.96
-8.5 14.0269 2.205
-8.5 14.0269 2.45
-8.5 14.0615 -0.22
-8.5 14.0615 0.0
-8.5 14.25 -0.3
-8.5 14.25 0.0
-8.5 14.25 2.45
-8.5 14.25 2.67
-8.5 14.274 0.0
-8.5 14.274 0.245
-8.5 14.274 0.49
-8.5 14.274 0.735
-8.5 14.274 0.98
-8.5 14.274 1.225
-8.5 14.274 1.47
-8.5 14.274 1.715
-8.5 14.274 1.96
-8.5 14.274 2.205
-8.5 14.274 2.45
-8.5 14.31 -0.22
-8.5 14.31 0.0
-8.5 14.5 -0.3
-8.5 14.5 0.0
-8.5 14.5 2.45
-8.5 14.5 2.67
-8.5 14.5211 0.0
-8.5 14.5211 0.245
-8.5 14.5211 0.49
-8.5 14.5211 0.735
-8.5 14.5211 0.98
-8.5 14.5211 1.225
-8.5 14.5211 1.47
-8.5 14.5211 1.715
-8.5 14.5211 1.96
-8.5 14.5211 2.205
-8.5 14.5211 2.45
-8.5 14.5585 -0.22
-8.5 14.5585 0.0
-8.5 14.75 -0.3
-8.5 14.75 0.0
-8.5 14.75 2.45
-8.5 14.75 2.67
-8.5 14.7682 0.0
-8.5 14.7682 0.245
-8.5 14.7682 0.49
-8.5 14.7682 0.735
-8.5 14.7682 0.98
-8.5 14.7682 1.225
-8.5 14.7682 1.47
-8.5 14.7682 1.715
-8.5 14.7682 1.96
-8.5 14.7682 2.205
-8.5 14.7682 2.45
-8.5 14.8069 -0.22
-8.5 14.8069 0.0
-8.5 15.0 -0.3
-8.5 15.0 0.0
-8.5 15.0 2.45
-8.5 15.0 2.67
-8.5 15.0152 0.0
-8.5 15.0152 0.245
-8.5 15.0152 0.49
-8.5 15.0152 0.735
-8.5 15.0152 0.98
-8.5 15.0152 1.225
-8.5 15.0152 1.47
-8.5 15.0152 1.715
-8.5 15.0152 1.96
-8.5 15.0152 2.205
-8.5 15.0152 2.45
-8.5 15.0554 -0.22
-8.5 15.0554 0.0
-8.5 15.25 -0.3
-8.5 15.25 0.0
-8.5 15.25 2.45
-8.5 15.25 2.67
-8.5 15.2623 0.0
-8.5 15.2623 0.245
-8.5 15.2623 0.49
-8.5 15.2623 0.735
-8.5 15.2623 0.98
-8.5 15.2623 1.225
-8.5 15.2623 1.47
-8.5 15.2623 1.715
-8.5 15.2623 1.96
-8.5 15.2623 2.205
-8.5 15.2623 2.45
-8.5 15.3038 -0.22
-8.5 15.3038 0.0
-8.5 15.5 -0.3
-8.5 15.5 0.0
-8.5 15.5 2.45
-8.5 15.5 2.67
-8.5 15.5094 0.0
-8.5 15.5094 0.245
-8.5 15.5094 0.49
-8.5 15.5094 0.735
-8.5 15.5094 0.98
-8.5 15.5094 1.225
-8.5 15.5094 1.47
-8.5 15.5094 1.715
-8.5 15.5094 1.96
-8.5 15.5094 2.205
-8.5 15.5094 2.45
-8.5 15.5523 -0.22
-8.5 15.5523 0.0
-8.5 15.75 -0.3
-8.5 15.75 0.0
-8.5 15.75 2.45
-8.5 15.75 2.67
-8.5 15.7565 0.0
-8.5 15.7565 0.245
-8.5 15.7565 0.49
-8.5 15.7565 0.735
-8.5 15.7565 0.98
-8.5 15.7565 1.225
-8.5 15.7565 1.47
-8.5 15.7565 1.715
-8.5 15.7565 1.96
-8.5 15.7565 2.205
-8.5 15.7565 2.45
-8.5 15.8008 -0.22
-8.5 15.8008 0.0
-8.5 16.0 -0.3
-8.5 16.0 0.0
-8.5 16.0 2.45
-8.5 16.0 2.67
-8.5 16.0035 0.0
-8.5 16.0035 0.245
-8.5 16.0035 0.49
-8.5 16.0035 0.735
-8.5 16.0035 0.98
-8.5 16.0035 1.225
-8.5 16.0035 1.47
-8.5 16.0035 1.715
-8.5 16.0035 1.96
-8.5 16.0035 2.205
-8.5 16.0035 2.45
-8.5 16.0492 -0.22
-8.5 16.0492 0.0
-8.5 16.25 -0.3
-8.5 16.25 0.0
-8.5 16.25 2.45
-8.5 16.25 2.67
-8.5 16.2506 0.0
-8.5 16.2506 0.245
-8.5 16.2506 0.49
-8.5 16.2506 0.735
-8.5 16.2506 0.98
-8.5 16.2506 1.225
-8.5 16.2506 1.47
-8.5 16.2506 1.715
-8.5 16.2506 1.96
-8.5 16.2506 2.205
-8.5 16.2506 2.45
-8.5 16.2977 -0.22
-8.5 16.2977 0.0
-8.5 16.4977 0.0
-8.5 16.4977 0.245
-8.5 16.4977 0.49
-8.5 16.4977 0.735
-8.5 16.4977 0.98
-8.5 16.4977 1.225
-8.5 16.4977 1.47
-8.5 16.4977 1.715
-8.5 16.4977 1.96
-8.5 16.4977 2.205
-8.5 16.4977 2.45
-8.5 16.5 -0.3
-8.5 16.5 0.0
-8.5 16.5 2.45
-8.5 16.5 2.67
-8.5 16.5462 -0.22
-8.5 16.5462 0.0
-8.5 16.7448 0.0
-8.5 16.7448 0.245
-8.5 16.7448 0.49
-8.5 16.7448 0.735
-8.5 16.7448 0.98
-8.5 16.7448 1.225
-8.5 16.7448 1.47
-8.5 16.7448 1.715
-8.5 16.7448 1.96
-8.5 16.7448 2.205
-8.5 16.7448 2.45
-8.5 16.75 -0.3
-8.5 16.75 0.0
-8.5 16.75 2.45
-8.5 16.75 2.67
-8.5 16.7946 -0.22
-8.5 16.7946 0.0
-8.5 16.9918 0.0
-8.5 16.9918 0.245
-8.5 16.9918 0.49
-8.5 16.9918 0.735
-8.5 16.9918 0.98
-8.5 16.9918 1.225
-8.5 16.9918 1.47
-8.5 16.9918 1.715
-8.5 16.9918 1.96
-8.5 16.9918 2.205
-8.5 16.9918 2.45
-8.5 17.0 -0.3
-8.5 17.0 0.0
-8.5 17.0 2.45
-8.5 17.0 2.67
-8.5 17.0431 -0.22
-8.5 17.0431 0.0
-8.5 17.2389 0.0
-8.5 17.2389 0.245
-8.5 17.2389 0.49
-8.5 17.2389 0.735
-8.5 17.2389 0.98
-8.5 17.2389 1.225
-8.5 17.2389 1.47
-8.5 17.2389 1.715
-8.5 17.2389 1.96
-8.5 17.2389 2.205
-8.5 17.2389 2.45
-8.5 17.25 -0.3
-8.5 17.25 0.0
-8.5 17.25 2.45
-8.5 17.25 2.67
-8.5 17.2915 -0.22
-8.5 17.2915 0.0
-8.5 17.486 0.0
-8.5 17.486 0.245
-8.5 17.486 0.49
-8.5 17.486 0.735
-8.5 17.486 0.98
-8.5 17.486 1.225
-8.5 17.486 1.47
-8.5 17.486 1.715
-8.5 17.486 1.96
-8.5 17.486 2.205
-8.5 17.486 2.45
-8.5 17.5 -0.3
-8.5 17.5 0.0
-8.5 17.5 2.45
-8.5 17.5 2.67
-8.5 17.54 -0.22
-8.5 17.54 0.0
-8.5 17.7331 0.0
-8.5 17.7331 0.245
-8.5 17.7331 0.49
-8.5 17.7331 0.735
-8.5 17.7331 0.98
-8.5 17.7331 1.225
-8.5 17.7331 1.47
-8.5 17.7331 1.715
-8.5 17.7331 1.96
-8.5 17.7331 2.205
-8.5 17.7331 2.45
-8.5 17.75 -0.3
-8.5 17.75 0.0
-8.5 17.75 2.45
-8.5 17.75 2.67
-8.5 17.7885 -0.22
-8.5 17.7885 0.0
-8.5 17.9802 0.0
-8.5 17.9802 0.245
-8.5 17.9802 0.49
-8.5 17.9802 0.735
-8.5 17.9802 0.98
-8.5 17.9802 1.225
-8.5 17.9802 1.47
-8.5 17.9802 1.715
-8.5 17.9802 1.96
-8.5 17.9802 2.205
-8.5 17.9802 2.45
-8.5 18.0 -0.3
-8.5 18.0 0.0
-8.5 18.0 2.45
-8.5 18.0 2.67
-8.5 18.0369 -0.22
-8.5 18.0369 0.0
-8.5 18.2272 0.0
-8.5 18.2272 0.245
-8.5 18.2272 0.49
-8.5 18.2272 0.735
-8.5 18.2272 0.98
-8.5 18.2272 1.225
-8.5 18.2272 1.47
-8.5 18.2272 1.715
-8.5 18.2272 1.96
-8.5 18.2272 2.205
-8.5 18.2272 2.45
-8.5 18.25 -0.3
-8.5 18.25 0.0
-8.5 18.25 2.45
-8.5 18.25 2.67
-8.5 18.2854 -0.22
-8.5 18.2854 0.0
-8.5 18.4743 0.0
-8.5 18.4743 0.245
-8.5 18.4743 0.49
-8.5 18.4743 0.735
-8.5 18.4743 0.98
-8.5 18.4743 1.225
-8.5 18.4743 1.47
-8.5 18.4743 1.715
-8.5 18.4743 1.96
-8.5 18.4743 2.205
-8.5 18.4743 2.45
-8.5 18.5 -0.3
-8.5 18.5 0.0
-8.5 18.5 2.45
-8.5 18.5 2.67
-8.5 18.5338 -0.22
-8.5 18.5338 0.0
-8.5 18.7214 0.0
-8.5 18.7214 0.245
-8.5 18.7214 0.49
-8.5 18.7214 0.735
-8.5 18.7214 0.98
-8.5 18.7214 1.225
-8.5 18.7214 1.47
-8.5 18.7214 1.715
-8.5 18.7214 1.96
-8.5 18.7214 2.205
-8.5 18.7214 2.45
-8.5 18.75 -0.3
-8.5 18.75 0.0
-8.5 18.75 2.45
-8.5 18.75 2.67
-8.5 18.7823 -0.22
-8.5 18.7823 0.0
-8.5 18.9685 0.0
-8.5 18.9685 0.245
-8.5 18.9685 0.49
-8.5 18.9685 0.735
-8.5 18.9685 0.98
-8.5 18.9685 1.225
-8.5 18.9685 1.47
-8.5 18.9685 1.715
-8.5 18.9685 1.96
-8.5 18.9685 2.205
-8.5 18.9685 2.45
-8.5 19.0 -0.3
-8.5 19.0 0.0
-8.5 19.0 2.45
-8.5 19.0 2.67
-8.5 19.0308 -0.22
-8.5 19.0308 0.0
-8.5 19.2155 0.0
-8.5 19.2155 0.245
-8.5 19.2155 0.49
-8.5 19.2155 0.735
-8.5 19.2155 0.98
-8.5 19.2155 1.225
-8.5 19.2155 1.47
-8.5 19.2155 1.715
-8.5 19.2155 1.96
-8.5 19.2155 2.205
-8.5 19.2155 2.45
-8.5 19.25 -0.3
-8.5 19.25 0.0
-8.5 19.25 2.45
-8.5 19.25 2.67
-8.5 19.2792 -0.22
-8.5 19.2792 0.0
-8.5 19.4626 0.0
-8.5 19.4626 0.245
-8.5 19.4626 0.49
-8.5 19.4626 0.735
-8.5 19.4626 0.98
-8.5 19.4626 1.225
-8.5 19.4626 1.47
-8.5 19.4626 1.715
-8.5 19.4626 1.96
-8.5 19.4626 2.205
-8.5 19.4626 2.45
-8.5 19.5 -0.3
-8.5 19.5 0.0
-8.5 19.5 2.45
-8.5 19.5 2.67
-8.5 19.5277 -0.22
-8.5 19.5277 0.0
-8.5 19.7097 0.0
-8.5 19.7097 0.245
-8.5 19.7097 0.49
-8.5 19.7097 0.735
-8.5 19.7097 0.98
-8.5 19.7097 1.225
-8.5 19.7097 1.47
-8.5 19.7097 1.715
-8.5 19.7097 1.96
-8.5 19.7097 2.205
-8.5 19.7097 2.45
-8.5 19.75 -0.3
-8.5 19.75 0.0
-8.5 19.75 2.45
-8.5 19.75 2.67
-8.5 19.7762 -0.22
-8.5 19.7762 0.0
-8.5 19.9568 0.0
-8.5 19.9568 0.245
-8.5 19.9568 0.49
-8.5 19.9568 0.735
-8.5 19.9568 0.98
-8.5 19.9568 1.225
-8.5 19.9568 1.47
-8.5 19.9568 1.715
-8.5 19.9568 1.96
-8.5 19.9568 2.205
-8.5 19.9568 2.45
-8.5 20.0 -0.3
-8.5 20.0 0.0
-8.5 20.0 2.45
-8.5 20.0 2.67
-8.5 20.0246 -0.22
-8.5 20.0246 0.0
-8.5 20.2038 0.0
-8.5 20.2038 0.245
-8.5 20.2038 0.49
-8.5 20.2038 0.735
-8.5 20.2038 0.98
-8.5 20.2038 1.225
-8.5 20.2038 1.47
-8.5 20.2038 1.715
-8.5 20.2038 1.96
-8.5 20.2038 2.205
-8.5 20.2038 2.45
-8.5 20.25 -0.3
-8.5 20.25 0.0
-8.5 20.25 2.45
-8.5 20.25 2.67
-8.5 20.2731 -0.22
-8.5 20.2731 0.0
-8.5 20.4509 0.0
-8.5 20.4509 0.245
-8.5 20.4509 0.49
-8.5 20.4509 0.735
-8.5 20.4509 0.98
-8.5 20.4509 1.225
-8.5 20.4509 1.47
-8.5 20.4509 1.715
-8.5 20.4509 1.96
-8.5 20.4509 2.205
-8.5 20.4509 2.45
-8.5 20.5 -0.3
-8.5 20.5 0.0
-8.5 20.5 2.45
-8.5 20.5 2.67
-8.5 20.5215 -0.22
-8.5 20.5215 0.0
-8.5 20.698 0.0
-8.5 20.698 0.245
-8.5 20.698 0.49
-8.5 20.698 0.735
-8.5 20.698 0.98
-8.5 20.698 1.225
-8.5 20.698 1.47
-8.5 20.698 1.715
-8.5 20.698 1.96
-8.5 20.698 2.205
-8.5 20.698 2.45
-8.5 20.75 -0.3
-8.5 20.75 0.0
-8.5 20.75 2.45
-8.5 20.75 2.67
-8.5 20.77 -0.22
-8.5 20.77 0.0
-8.5 20.9451 0.0
-8.5 20.9451 0.245
-8.5 20.9451 0.49
-8.5 20.9451 0.735
-8.5 20.9451 0.98
-8.5 20.9451 1.225
-8.5 20.9451 1.47
-8.5 20.9451 1.715
-8.5 20.9451 1.96
-8.5 20.9451 2.205
-8.5 20.9451 2.45
-8.5 21.0 -0.3
-8.5 21.0 0.0
-8.5 21.0 2.45
-8.5 21.0 2.67
-8.5 21.0185 -0.22
-8.5 21.0185 0.0
-8.5 21.1922 0.0
-8.5 21.1922 0.245
-8.5 21.1922 0.49
-8.5 21.1922 0.735
-8.5 21.1922 0.98
-8.5 21.1922 1.225
-8.5 21.1922 1.47
-8.5 21.1922 1.715
-8.5 21.1922 1.96
-8.5 21.1922 2.205
-8.5 21.1922 2.45
-8.5 21.25 -0.3
-8.5 21.25 0.0
-8.5 21.25 2.45
-8.5 21.25 2.67
-8.5 21.2669 -0.22
-8.5 21.2669 0.0
-8.5 21.4392 0.0
-8.5 21.4392 0.245
-8.5 21.4392 0.49
-8.5 21.4392 0.735
-8.5 21.4392 0.98
-8.5 21.4392 1.225
-8.5 21.4392 1.47
-8.5 21.4392 1.715
-8.5 21.4392 1.96
-8.5 21.4392 2.205
-8.5 21.4392 2.45
-8.5 21.5 -0.3
-8.5 21.5 0.0
-8.5 21.5 2.45
-8.5 21.5 2.67
-8.5 21.5154 -0.22
-8.5 21.5154 0.0
-8.5 21.6863 0.0
-8.5 21.6863 0.245
-8.5 21.6863 0.49
-8.5 21.6863 0.735
-8.5 21.6863 0.98
-8.5 21.6863 1.225
-8.5 21.6863 1.47
-8.5 21.6863 1.715
-8.5 21.6863 1.96
-8.5 21.6863 2.205
-8.5 21.6863 2.45
-8.5 21.75 -0.3
-8.5 21.75 0.0
-8.5 21.75 2.45
-8.5 21.75 2.67
-8.5 21.7638 -0.22
-8.5 21.7638 0.0
-8.5 21.9334 0.0
-8.5 21.9334 0.245
-8.5 21.9334 0.49
-8.5 21.9334 0.735
-8.5 21.9334 0.98
-8.5 21.9334 1.225
-8.5 21.9334 1.47
-8.5 21.9334 1.715
-8.5 21.9334 1.96
-8.5 21.9334 2.205
-8.5 21.9334 2.45
-8.5 22.0 -0.3
-8.5 22.0 0.0
-8.5 22.0 2.45
-8.5 22.0 2.67
-8.5 22.0123 -0.22
-8.5 22.0123 0.0
-8.5 22.1805 0.0
-8.5 22.1805 0.245
-8.5 22.1805 0.49
-8.5 22.1805 0.735
-8.5 22.1805 0.98
-8.5 22.1805 1.225
-8.5 22.1805 1.47
-8.5 22.1805 1.715
-8.5 22.1805 1.96
-8.5 22.1805 2.205
-8.5 22.1805 2.45
-8.5 22.25 -0.3
-8.5 22.25 0.0
-8.5 22.25 2.45
-8.5 22.25 2.67
-8.5 22.2608 -0.22
-8.5 22.2608 0.0
-8.5 22.4275 0.0
-8.5 22.4275 0.245
-8.5 22.4275 0.49
-8.5 22.4275 0.735
-8.5 22.4275 0.98
-8.5 22.4275 1.225
-8.5 22.4275 1.47
-8.5 22.4275 1.715
-8.5 22.4275 1.96
-8.5 22.4275 2.205
-8.5 22.4275 2.45
-8.5 22.5 -0.3
-8.5 22.5 0.0
-8.5 22.5 2.45
-8.5 22.5 2.67
-8.5 22.5092 -0.22
-8.5 22.5092 0.0
-8.5 22.6746 0.0
-8.5 22.6746 0.245
-8.5 22.6746 0.49
-8.5 22.6746 0.735
-8.5 22.6746 0.98
-8.5 22.6746 1.225
-8.5 22.6746 1.47
-8.5 22.6746 1.715
-8.5 22.6746 1.96
-8.5 22.6746 2.205
-8.5 22.6746 2.45
-8.5 22.75 -0.3
-8.5 22.75 0.0
-8.5 22.75 2.45
-8.5 22.75 2.67
-8.5 22.7577 -0.22
-8.5 22.7577 0.0
-8.5 22.9217 0.0
-8.5 22.9217 0.245
-8.5 22.9217 0.49
-8.5 22.9217 0.735
-8.5 22.9217 0.98
-8.5 22.9217 1.225
-8.5 22.9217 1.47
-8.5 22.9217 1.715
-8.5 22.9217 1.96
-8.5 22.9217 2.205
-8.5 22.9217 2.45
-8.5 23.0 -0.3
-8.5 23.0 0.0
-8.5 23.0 2.45
-8.5 23.0 2.67
-8.5 23.0062 -0.22
-8.5 23.0062 0.0
-8.5 23.1688 0.0
-8.5 23.1688 0.245
-8.5 23.1688 0.49
-8.5 23.1688 0.735
-8.5 23.1688 0.98
-8.5 23.1688 1.225
-8.5 23.1688 1.47
-8.5 23.1688 1.715
-8.5 23.1688 1.96
-8.5 23.1688 2.205
-8.5 23.1688 2.45
-8.5 23.25 -0.3
-8.5 23.25 0.0
-8.5 23.25 2.45
-8.5 23.25 2.67
-8.5 23.2546 -0.22
-8.5 23.2546 0.0
-8.5 23.4158 0.0
-8.5 23.4158 0.245
-8.5 23.4158 0.49
-8.5 23.4158 0.735
-8.5 23.4158 0.98
-8.5 23.4158 1.225
-8.5 23.4158 1.47
-8.5 23.4158 1.715
-8.5 23.4158 1.96
-8.5 23.4158 2.205
-8.5 23.4158 2.45
-8.5 23.5 -0.3
-8.5 23.5 0.0
-8.5 23.5 2.45
-8.5 23.5 2.67
-8.5 23.5031 -0.22
-8.5 23.5031 0.0
-8.5 23.6629 0.0
-8.5 23.6629 0.245
-8.5 23.6629 0.49
-8.5 23.6629 0.735
-8.5 23.6629 0.98
-8.5 23.6629 1.225
-8.5 23.6629 1.47
-8.5 23.6629 1.715
-8.5 23.6629 1.96
-8.5 23.6629 2.205
-8.5 23.6629 2.45
-8.5 23.73 0.0
-8.5 23.73 0.245
-8.5 23.73 0.49
-8.5 23.73 0.735
-8.5 23.73 0.98
-8.5 23.73 1.225
-8.5 23.73 1.47
-8.5 23.73 1.715
-8.5 23.73 1.96
-8.5 23.73 2.205
-8.5 23.73 2.45
-8.5 23.75 -0.3
-8.5 23.75 0.0
-8.5 23.75 2.45
-8.5 23.75 2.67
-8.5 23.7515 -0.22
-8.5 23.7515 0.0
-8.5 23.82 0.0
-8.5 23.82 0.245
-8.5 23.82 0.49
-8.5 23.82 0.735
-8.5 23.82 0.98
-8.5 23.82 1.225
-8.5 23.82 1.47
-8.5 23.82 1.715
-8.5 23.82 1.96
-8.5 23.82 2.205
-8.5 23.82 2.45
-8.5 23.91 0.0
-8.5 23.91 0.245
-8.5 23.91 0.49
-8.5 23.91 0.735
-8.5 23.91 0.98
-8.5 23.91 1.225
-8.5 23.91 1.47
-8.5 23.91 1.715
-8.5 23.91 1.96
-8.5 23.91 2.205
-8.5 23.91 2.45
-8.5 24.0 -0.3
-8.5 24.0 -0.22
-8.5 24.0 0.0
-8.5 24.0 0.245
-8.5 24.0 0.49
-8.5 24.0 0.735
-8.5 24.0 0.98
-8.5 24.0 1.225
-8.5 24.0 1.47
-8.5 24.0 1.715
-8.5 24.0 1.96
-8.5 24.0 2.205
-8.5 24.0 2.45
-8.5 24.0 2.67
-8.5 24.25 -0.3
-8.5 24.25 0.0
-8.5 24.5 -0.3
-8.5 24.5 0.0
-8.5 24.75 -0.3
-8.5 24.75 0.0
-8.5 25.0 -0.3
-8.5 25.0 -0.15
-8.5 25.0 0.0
-8.32 7.85 0.0
-8.32 7.85 0.245
-8.32 7.85 0.49
-8.32 7.85 0.735
-8.32 7.85 0.98
-8.32 7.85 1.225
-8.32 7.85 1.47
-8.32 7.85 1.715
-8.32 7.85 1.96
-8.32 7.85 2.205
-8.32 7.85 2.45
-8.32 8.0971 0.0
-8.32 8.0971 0.245
-8.32 8.0971 0.49
-8.32 8.0971 0.735
-8.32 8.0971 0.98
-8.32 8.0971 1.225
-8.32 8.0971 1.47
-8.32 8.0971 1.715
-8.32 8.0971 1.96
-8.32 8.0971 2.205
-8.32 8.0971 2.45
-8.32 8.3442 0.0
-8.32 8.3442 0.245
-8.32 8.3442 0.49
-8.32 8.3442 0.735
-8.32 8.3442 0.98
-8.32 8.3442 1.225
-8.32 8.3442 1.47
-8.32 8.3442 1.715
-8.32 8.3442 1.96
-8.32 8.3442 2.205
-8.32 8.3442 2.45
-8.32 8.5912 0.0
-8.32 8.5912 0.245
-8.32 8.5912 0.49
-8.32 8.5912 0.735
-8.32 8.5912 0.98
-8.32 8.5912 1.225
-8.32 8.5912 1.47
-8.32 8.5912 1.715
-8.32 8.5912 1.96
-8.32 8.5912 2.205
-8.32 8.5912 2.45
-8.32 8.8383 0.0
-8.32 8.8383 0.245
-8.32 8.8383 0.49
-8.32 8.8383 0.735
-8.32 8.8383 0.98
-8.32 8.8383 1.225
-8.32 8.8383 1.47
-8.32 8.8383 1.715
-8.32 8.8383 1.96
-8.32 8.8383 2.205
-8.32 8.8383 2.45
-8.32 9.0854 0.0
-8.32 9.0854 0.245
-8.32 9.0854 0.49
-8.32 9.0854 0.735
-8.32 9.0854 0.98
-8.32 9.0854 1.225
-8.32 9.0854 1.47
-8.32 9.0854 1.715
-8.32 9.0854 1.96
-8.32 9.0854 2.205
-8.32 9.0854 2.45
-8.32 9.3325 0.0
-8.32 9.3325 0.245
-8.32 9.3325 0.49
-8.32 9.3325 0.735
-8.32 9.3325 0.98
-8.32 9.3325 1.225
-8.32 9.3325 1.47
-8.32 9.3325 1.715
-8.32 9.3325 1.96
-8.32 9.3325 2.205
-8.32 9.3325 2.45
-8.32 9.5795 0.0
-8.32 9.5795 0.245
-8.32 9.5795 0.49
-8.32 9.5795 0.735
-8.32 9.5795 0.98
-8.32 9.5795 1.225
-8.32 9.5795 1.47
-8.32 9.5795 1.715
-8.32 9.5795 1.96
-8.32 9.5795 2.205
-8.32 9.5795 2.45
-8.32 9.8266 0.0
-8.32 9.8266 0.245
-8.32 9.8266 0.49
-8.32 9.8266 0.735
-8.32 9.8266 0.98
-8.32 9.8266 1.225
-8.32 9.8266 1.47
-8.32 9.8266 1.715
-8.32 9.8266 1.96
-8.32 9.8266 2.205
-8.32 9.8266 2.45
-8.32 10.0737 0.0
-8.32 10.0737 0.245
-8.32 10.0737 0.49
-8.32 10.0737 0.735
-8.32 10.0737 0.98
-8.32 10.0737 1.225
-8.32 10.0737 1.47
-8.32 10.0737 1.715
-8.32 10.0737 1.96
-8.32 10.0737 2.205
-8.32 10.0737 2.45
-8.32 10.3208 0.0
-8.32 10.3208 0.245
-8.32 10.3208 0.49
-8.32 10.3208 0.735
-8.32 10.3208 0.98
-8.32 10.3208 1.225
-8.32 10.3208 1.47
-8.32 10.3208 1.715
-8.32 10.3208 1.96
-8.32 10.3208 2.205
-8.32 10.3208 2.45
-8.32 10.5678 0.0
-8.32 10.5678 0.245
-8.32 10.5678 0.49
-8.32 10.5678 0.735
-8.32 10.5678 0.98
-8.32 10.5678 1.225
-8.32 10.5678 1.47
-8.32 10.5678 1.715
-8.32 10.5678 1.96
-8.32 10.5678 2.205
-8.32 10.5678 2.45
-8.32 10.8149 0.0
-8.32 10.8149 0.245
-8.32 10.8149 0.49
-8.32 10.8149 0.735
-8.32 10.8149 0.98
-8.32 10.8149 1.225
-8.32 10.8149 1.47
-8.32 10.8149 1.715
-8.32 10.8149 1.96
-8.32 10.8149 2.205
-8.32 10.8149 2.45
-8.32 11.062 0.0
-8.32 11.062 0.245
-8.32 11.062 0.49
-8.32 11.062 0.735
-8.32 11.062 0.98
-8.32 11.062 1.225
-8.32 11.062 1.47
-8.32 11.062 1.715
-8.32 11.062 1.96
-8.32 11.062 2.205
-8.32 11.062 2.45
-8.32 11.3091 0.0
-8.32 11.3091 0.245
-8.32 11.3091 0.49
-8.32 11.3091 0.735
-8.32 11.3091 0.98
-8.32 11.3091 1.225
-8.32 11.3091 1.47
-8.32 11.3091 1.715
-8.32 11.3091 1.96
-8.32 11.3091 2.205
-8.32 11.3091 2.45
-8.32 11.5562 0.0
-8.32 11.5562 0.245
-8.32 11.5562 0.49
-8.32 11.5562 0.735
-8.32 11.5562 0.98
-8.32 11.5562 1.225
-8.32 11.5562 1.47
-8.32 11.5562 1.715
-8.32 11.5562 1.96
-8.32 11.5562 2.205
-8.32 11.5562 2.45
-8.32 11.8032 0.0
-8.32 11.8032 0.245
-8.32 11.8032 0.49
-8.32 11.8032 0.735
-8.32 11.8032 0.98
-8.32 11.8032 1.225
-8.32 11.8032 1.47
-8.32 11.8032 1.715
-8.32 11.8032 1.96
-8.32 11.8032 2.205
-8.32 11.8032 2.45
-8.32 12.0503 0.0
-8.32 12.0503 0.245
-8.32 12.0503 0.49
-8.32 12.0503 0.735
-8.32 12.0503 0.98
-8.32 12.0503 1.225
-8.32 12.0503 1.47
-8.32 12.0503 1.715
-8.32 12.0503 1.96
-8.32 12.0503 2.205
-8.32 12.0503 2.45
-8.32 12.2974 0.0
-8.32 12.2974 0.245
-8.32 12.2974 0.49
-8.32 12.2974 0.735
-8.32 12.2974 0.98
-8.32 12.2974 1.225
-8.32 12.2974 1.47
-8.32 12.2974 1.715
-8.32 12.2974 1.96
-8.32 12.2974 2.205
-8.32 12.2974 2.45
-8.32 12.5445 0.0
-8.32 12.5445 0.245
-8.32 12.5445 0.49
-8.32 12.5445 0.735
-8.32 12.5445 0.98
-8.32 12.5445 1.225
-8.32 12.5445 1.47
-8.32 12.5445 1.715
-8.32 12.5445 1.96
-8.32 12.5445 2.205
-8.32 12.5445 2.45
-8.32 12.7915 0.0
-8.32 12.7915 0.245
-8.32 12.7915 0.49
-8.32 12.7915 0.735
-8.32 12.7915 0.98
-8.32 12.7915 1.225
-8.32 12.7915 1.47
-8.32 12.7915 1.715
-8.32 12.7915 1.96
-8.32 12.7915 2.205
-8.32 12.7915 2.45
-8.32 13.0386 0.0
-8.32 13.0386 0.245
-8.32 13.0386 0.49
-8.32 13.0386 0.735
-8.32 13.0386 0.98
-8.32 13.0386 1.225
-8.32 13.0386 1.47
-8.32 13.0386 1.715
-8.32 13.0386 1.96
-8.32 13.0386 2.205
-8.32 13.0386 2.45
-8.32 13.2857 0.0
-8.32 13.2857 0.245
-8.32 13.2857 0.49
-8.32 13.2857 0.735
-8.32 13.2857 0.98
-8.32 13.2857 1.225
-8.32 13.2857 1.47
-8.32 13.2857 1.715
-8.32 13.2857 1.96
-8.32 13.2857 2.205
-8.32 13.2857 2.45
-8.32 13.5328 0.0
-8.32 13.5328 0.245
-8.32 13.5328 0.49
-8.32 13.5328 0.735
-8.32 13.5328 0.98
-8.32 13.5328 1.225
-8.32 13.5328 1.47
-8.32 13.5328 1.715
-8.32 13.5328 1.96
-8.32 13.5328 2.205
-8.32 13.5328 2.45
-8.32 13.7798 0.0
-8.32 13.7798 0.245
-8.32 13.7798 0.49
-8.32 13.7798 0.735
-8.32 13.7798 0.98
-8.32 13.7798 1.225
-8.32 13.7798 1.47
-8.32 13.7798 1.715
-8.32 13.7798 1.96
-8.32 13.7798 2.205
-8.32 13.7798 2.45
-8.32 14.0269 0.0
-8.32 14.0269 0.245
-8.32 14.0269 0.49
-8.32 14.0269 0.735
-8.32 14.0269 0.98
-8.32 14.0269 1.225
-8.32 14.0269 1.47
-8.32 14.0269 1.715
-8.32 14.0269 1.96
-8.32 14.0269 2.205
-8.32 14.0269 2.45
-8.32 14.274 0.0
-8.32 14.274 0.245
-8.32 14.274 0.49
-8.32 14.274 0.735
-8.32 14.274 0.98
-8.32 14.274 1.225
-8.32 14.274 1.47
-8.32 14.274 1.715
-8.32 14.274 1.96
-8.32 14.274 2.205
-8.32 14.274 2.45
-8.32 14.5211 0.0
-8.32 14.5211 0.245
-8.32 14.5211 0.49
-8.32 14.5211 0.735
-8.32 14.5211 0.98
-8.32 14.5211 1.225
-8.32 14.5211 1.47
-8.32 14.5211 1.715
-8.32 14.5211 1.96
-8.32 14.5211 2.205
-8.32 14.5211 2.45
-8.32 14.7682 0.0
-8.32 14.7682 0.245
-8.32 14.7682 0.49
-8.32 14.7682 0.735
-8.32 14.7682 0.98
-8.32 14.7682 1.225
-8.32 14.7682 1.47
-8.32 14.7682 1.715
-8.32 14.7682 1.96
-8.32 14.7682 2.205
-8.32 14.7682 2.45
-8.32 15.0152 0.0
-8.32 15.0152 0.245
-8.32 15.0152 0.49
-8.32 15.0152 0.735
-8.32 15.0152 0.98
-8.32 15.0152 1.225
-8.32 15.0152 1.47
-8.32 15.0152 1.715
-8.32 15.0152 1.96
-8.32 15.0152 2.205
-8.32 15.0152 2.45
-8.32 15.2623 0.0
-8.32 15.2623 0.245
-8.32 15.2623 0.49
-8.32 15.2623 0.735
-8.32 15.2623 0.98
-8.32 15.2623 1.225
-8.32 15.2623 1.47
-8.32 15.2623 1.715
-8.32 15.2623 1.96
-8.32 15.2623 2.205
-8.32 15.2623 2.45
-8.32 15.5094 0.0
-8.32 15.5094 0.245
-8.32 15.5094 0.49
-8.32 15.5094 0.735
-8.32 15.5094 0.98
-8.32 15.5094 1.225
-8.32 15.5094 1.47
-8.32 15.5094 1.715
-8.32 15.5094 1.96
-8.32 15.5094 2.205
-8.32 15.5094 2.45
-8.32 15.7565 0.0
-8.32 15.7565 0.245
-8.32 15.7565 0.49
-8.32 15.7565 0.735
-8.32 15.7565 0.98
-8.32 15.7565 1.225
-8.32 15.7565 1.47
-8.32 15.7565 1.715
-8.32 15.7565 1.96
-8.32 15.7565 2.205
-8.32 15.7565 2.45
-8.32 16.0035 0.0
-8.32 16.0035 0.245
-8.32 16.0035 0.49
-8.32 16.0035 0.735
-8.32 16.0035 0.98
-8.32 16.0035 1.225
-8.32 16.0035 1.47
-8.32 16.0035 1.715
-8.32 16.0035 1.96
-8.32 16.0035 2.205
-8.32 16.0035 2.45
-8.32 16.2506 0.0
-8.32 16.2506 0.245
-8.32 16.2506 0.49
-8.32 16.2506 0.735
-8.32 16.2506 0.98
-8.32 16.2506 1.225
-8.32 16.2506 1.47
-8.32 16.2506 1.715
-8.32 16.2506 1.96
-8.32 16.2506 2.205
-8.32 16.2506 2.45
-8.32 16.4977 0.0
-8.32 16.4977 0.245
-8.32 16.4977 0.49
-8.32 16.4977 0.735
-8.32 16.4977 0.98
-8.32 16.4977 1.225
-8.32 16.4977 1.47
-8.32 16.4977 1.715
-8.32 16.4977 1.96
-8.32 16.4977 2.205
-8.32 16.4977 2.45
-8.32 16.7448 0.0
-8.32 16.7448 0.245
-8.32 16.7448 0.49
-8.32 16.7448 0.735
-8.32 16.7448 0.98
-8.32 16.7448 1.225
-8.32 16.7448 1.47
-8.32 16.7448 1.715
-8.32 16.7448 1.96
-8.32 16.7448 2.205
-8.32 16.7448 2.45
-8.32 16.9918 0.0
-8.32 16.9918 0.245
-8.32 16.9918 0.49
-8.32 16.9918 0.735
-8.32 16.9918 0.98
-8.32 16.9918 1.225
-8.32 16.9918 1.47
-8.32 16.9918 1.715
-8.32 16.9918 1.96
-8.32 16.9918 2.205
-8.32 16.9918 2.45
-8.32 17.2389 0.0
-8.32 17.2389 0.245
-8.32 17.2389 0.49
-8.32 17.2389 0.735
-8.32 17.2389 0.98
-8.32 17.2389 1.225
-8.32 17.2389 1.47
-8.32 17.2389 1.715
-8.32 17.2389 1.96
-8.32 17.2389 2.205
-8.32 17.2389 2.45
-8.32 17.486 0.0
-8.32 17.486 0.245
-8.32 17.486 0.49
-8.32 17.486 0.735
-8.32 17.486 0.98
-8.32 17.486 1.225
-8.32 17.486 1.47
-8.32 17.486 1.715
-8.32 17.486 1.96
-8.32 17.486 2.205
-8.32 17.486 2.45
-8.32 17.7331 0.0
-8.32 17.7331 0.245
-8.32 17.7331 0.49
-8.32 17.7331 0.735
-8.32 17.7331 0.98
-8.32 17.7331 1.225
-8.32 17.7331 1.47
-8.32 17.7331 1.715
-8.32 17.7331 1.96
-8.32 17.7331 2.205
-8.32 17.7331 2.45
-8.32 17.9802 0.0
-8.32 17.9802 0.245
-8.32 17.9802 0.49
-8.32 17.9802 0.735
-8.32 17.9802 0.98
-8.32 17.9802 1.225
-8.32 17.9802 1.47
-8.32 17.9802 1.715
-8.32 17.9802 1.96
-8.32 17.9802 2.205
-8.32 17.9802 2.45
-8.32 18.2272 0.0
-8.32 18.2272 0.245
-8.32 18.2272 0.49
-8.32 18.2272 0.735
-8.32 18.2272 0.98
-8.32 18.2272 1.225
-8.32 18.2272 1.47
-8.32 18.2272 1.715
-8.32 18.2272 1.96
-8.32 18.2272 2.205
-8.32 18.2272 2.45
-8.32 18.4743 0.0
-8.32 18.4743 0.245
-8.32 18.4743 0.49
-8.32 18.4743 0.735
-8.32 18.4743 0.98
-8.32 18.4743 1.225
-8.32 18.4743 1.47
-8.32 18.4743 1.715
-8.32 18.4743 1.96
-8.32 18.4743 2.205
-8.32 18.4743 2.45
-8.32 18.7214 0.0
-8.32 18.7214 0.245
-8.32 18.7214 0.49
-8.32 18.7214 0.735
-8.32 18.7214 0.98
-8.32 18.7214 1.225
-8.32 18.7214 1.47
-8.32 18.7214 1.715
-8.32 18.7214 1.96
-8.32 18.7214 2.205
-8.32 18.7214 2.45
-8.32 18.9685 0.0
-8.32 18.9685 0.245
-8.32 18.9685 0.49
-8.32 18.9685 0.735
-8.32 18.9685 0.98
-8.32 18.9685 1.225
-8.32 18.9685 1.47
-8.32 18.9685 1.715
-8.32 18.9685 1.96
-8.32 18.9685 2.205
-8.32 18.9685 2.45
-8.32 19.2155 0.0
-8.32 19.2155 0.245
-8.32 19.2155 0.49
-8.32 19.2155 0.735
-8.32 19.2155 0.98
-8.32 19.2155 1.225
-8.32 19.2155 1.47
-8.32 19.2155 1.715
-8.32 19.2155 1.96
-8.32 19.2155 2.205
-8.32 19.2155 2.45
-8.32 19.4626 0.0
-8.32 19.4626 0.245
-8.32 19.4626 0.49
-8.32 19.4626 0.735
-8.32 19.4626 0.98
-8.32 19.4626 1.225
-8.32 19.4626 1.47
-8.32 19.4626 1.715
-8.32 19.4626 1.96
-8.32 19.4626 2.205
-8.32 19.4626 2.45
-8.32 19.7097 0.0
-8.32 19.7097 0.245
-8.32 19.7097 0.49
-8.32 19.7097 0.735
-8.32 19.7097 0.98
-8.32 19.7097 1.225
-8.32 19.7097 1.47
-8.32 19.7097 1.715
-8.32 19.7097 1.96
-8.32 19.7097 2.205
-8.32 19.7097 2.45
-8.32 19.9568 0.0
-8.32 19.9568 0.245
-8.32 19.9568 0.49
-8.32 19.9568 0.735
-8.32 19.9568 0.98
-8.32 19.9568 1.225
-8.32 19.9568 1.47
-8.32 19.9568 1.715
-8.32 19.9568 1.96
-8.32 19.9568 2.205
-8.32 19.9568 2.45
-8.32 20.2038 0.0
-8.32 20.2038 0.245
-8.32 20.2038 0.49
-8.32 20.2038 0.735
-8.32 20.2038 0.98
-8.32 20.2038 1.225
-8.32 20.2038 1.47
-8.32 20.2038 1.715
-8.32 20.2038 1.96
-8.32 20.2038 2.205
-8.32 20.2038 2.45
-8.32 20.4509 0.0
-8.32 20.4509 0.245
-8.32 20.4509 0.49
-8.32 20.4509 0.735
-8.32 20.4509 0.98
-8.32 20.4509 1.225
-8.32 20.4509 1.47
-8.32 20.4509 1.715
-8.32 20.4509 1.96
-8.32 20.4509 2.205
-8.32 20.4509 2.45
-8.32 20.698 0.0
-8.32 20.698 0.245
-8.32 20.698 0.49
-8.32 20.698 0.735
-8.32 20.698 0.98
-8.32 20.698 1.225
-8.32 20.698 1.47
-8.32 20.698 1.715
-8.32 20.698 1.96
-8.32 20.698 2.205
-8.32 20.698 2.45
-8.32 20.9451 0.0
-8.32 20.9451 0.245
-8.32 20.9451 0.49
-8.32 20.9451 0.735
-8.32 20.9451 0.98
-8.32 20.9451 1.225
-8.32 20.9451 1.47
-8.32 20.9451 1.715
-8.32 20.9451 1.96
-8.32 20.9451 2.205
-8.32 20.9451 2.45
-8.32 21.1922 0.0
-8.32 21.1922 0.245
-8.32 21.1922 0.49
-8.32 21.1922 0.735
-8.32 21.1922 0.98
-8.32 21.1922 1.225
-8.32 21.1922 1.47
-8.32 21.1922 1.715
-8.32 21.1922 1.96
-8.32 21.1922 2.205
-8.32 21.1922 2.45
-8.32 21.4392 0.0
-8.32 21.4392 0.245
-8.32 21.4392 0.49
-8.32 21.4392 0.735
-8.32 21.4392 0.98
-8.32 21.4392 1.225
-8.32 21.4392 1.47
-8.32 21.4392 1.715
-8.32 21.4392 1.96
-8.32 21.4392 2.205
-8.32 21.4392 2.45
-8.32 21.6863 0.0
-8.32 21.6863 0.245
-8.32 21.6863 0.49
-8.32 21.6863 0.735
-8.32 21.6863 0.98
-8.32 21.6863 1.225
-8.32 21.6863 1.47
-8.32 21.6863 1.715
-8.32 21.6863 1.96
-8.32 21.6863 2.205
-8.32 21.6863 2.45
-8.32 21.9334 0.0
-8.32 21.9334 0.245
-8.32 21.9334 0.49
-8.32 21.9334 0.735
-8.32 21.9334 0.98
-8.32 21.9334 1.225
-8.32 21.9334 1.47
-8.32 21.9334 1.715
-8.32 21.9334 1.96
-8.32 21.9334 2.205
-8.32 21.9334 2.45
-8.32 22.1805 0.0
-8.32 22.1805 0.245
-8.32 22.1805 0.49
-8.32 22.1805 0.735
-8.32 22.1805 0.98
-8.32 22.1805 1.225
-8.32 22.1805 1.47
-8.32 22.1805 1.715
-8.32 22.1805 1.96
-8.32 22.1805 2.205
-8.32 22.1805 2.45
-8.32 22.4275 0.0
-8.32 22.4275 0.245
-8.32 22.4275 0.49
-8.32 22.4275 0.735
-8.32 22.4275 0.98
-8.32 22.4275 1.225
-8.32 22.4275 1.47
-8.32 22.4275 1.715
-8.32 22.4275 1.96
-8.32 22.4275 2.205
-8.32 22.4275 2.45
-8.32 22.6746 0.0
-8.32 22.6746 0.245
-8.32 22.6746 0.49
-8.32 22.6746 0.735
-8.32 22.6746 0.98
-8.32 22.6746 1.225
-8.32 22.6746 1.47
-8.32 22.6746 1.715
-8.32 22.6746 1.96
-8.32 22.6746 2.205
-8.32 22.6746 2.45
-8.32 22.9217 0.0
-8.32 22.9217 0.245
-8.32 22.9217 0.49
-8.32 22.9217 0.735
-8.32 22.9217 0.98
-8.32 22.9217 1.225
-8.32 22.9217 1.47
-8.32 22.9217 1.715
-8.32 22.9217 1.96
-8.32 22.9217 2.205
-8.32 22.9217 2.45
-8.32 23.1688 0.0
-8.32 23.1688 0.245
-8.32 23.1688 0.49
-8.32 23.1688 0.735
-8.32 23.1688 0.98
-8.32 23.1688 1.225
-8.32 23.1688 1.47
-8.32 23.1688 1.715
-8.32 23.1688 1.96
-8.32 23.1688 2.205
-8.32 23.1688 2.45
-8.32 23.4158 0.0
-8.32 23.4158 0.245
-8.32 23.4158 0.49
-8.32 23.4158 0.735
-8.32 23.4158 0.98
-8.32 23.4158 1.225
-8.32 23.4158 1.47
-8.32 23.4158 1.715
-8.32 23.4158 1.96
-8.32 23.4158 2.205
-8.32 23.4158 2.45
-8.32 23.6629 0.0
-8.32 23.6629 0.245
-8.32 23.6629 0.49
-8.32 23.6629 0.735
-8.32 23.6629 0.98
-8.32 23.6629 1.225
-8.32 23.6629 1.47
-8.32 23.6629 1.715
-8.32 23.6629 1.96
-8.32 23.6629 2.205
-8.32 23.6629 2.45
-8.32 23.91 0.0
-8.32 23.91 0.245
-8.32 23.91 0.49
-8.32 23.91 0.735
-8.32 23.91 0.98
-8.32 23.91 1.225
-8.32 23.91 1.47
-8.32 23.91 1.715
-8.32 23.91 1.96
-8.32 23.91 2.205
-8.32 23.91 2.45
-8.2835 0.0 -0.22
-8.2835 0.0 0.0
-8.2835 0.2453 -0.22
-8.2835 0.2453 0.0
-8.2835 0.4906 -0.22
-8.2835 0.4906 0.0
-8.2835 0.7359 -0.22
-8.2835 0.7359 0.0
-8.2835 0.9813 -0.22
-8.2835 0.9813 0.0
-8.2835 1.2266 -0.22
-8.2835 1.2266 0.0
-8.2835 1.4719 -0.22
-8.2835 1.4719 0.0
-8.2835 1.7172 -0.22
-8.2835 1.7172 0.0
-8.2835 1.9625 -0.22
-8.2835 1.9625 0.0
-8.2835 2.2078 -0.22
-8.2835 2.2078 0.0
-8.2835 2.4531 -0.22
-8.2835 2.4531 0.0
-8.2835 2.6984 -0.22
-8.2835 2.6984 0.0
-8.2835 2.9437 -0.22
-8.2835 2.9437 0.0
-8.2835 3.1891 -0.22
-8.2835 3.1891 0.0
-8.2835 3.4344 -0.22
-8.2835 3.4344 0.0
-8.2835 3.6797 -0.22
-8.2835 3.6797 0.0
-8.2835 3.925 -0.22
-8.2835 3.925 0.0
-8.2835 4.1703 -0.22
-8.2835 4.1703 0.0
-8.2835 4.4156 -0.22
-8.2835 4.4156 0.0
-8.2835 4.6609 -0.22
-8.2835 4.6609 0.0
-8.2835 4.9062 -0.22
-8.2835 4.9062 0.0
-8.2835 5.1516 -0.22
-8.2835 5.1516 0.0
-8.2835 5.3969 -0.22
-8.2835 5.3969 0.0
-8.2835 5.6422 -0.22
-8.2835 5.6422 0.0
-8.2835 5.8875 -0.22
-8.2835 5.8875 0.0
-8.2835 6.1328 -0.22
-8.2835 6.1328 0.0
-8.2835 6.3781 -0.22
-8.2835 6.3781 0.0
-8.2835 6.6234 -0.22
-8.2835 6.6234 0.0
-8.2835 6.8687 -0.22
-8.2835 6.8687 0.0
-8.2835 7.1141 -0.22
-8.2835 7.1141 0.0
-8.2835 7.3594 -0.22
-8.2835 7.3594 0.0
-8.2835 7.6047 -0.22
-8.2835 7.6047 0.0
-8.2835 7.85 -0.22
-8.2835 7.85 0.0
-8.2533 7.85 0.0
-8.2533 7.85 0.245
-8.2533 7.85 0.49
-8.2533 7.85 0.735
-8.2533 7.85 0.98
-8.2533 7.85 1.225
-8.2533 7.85 1.47
-8.2533 7.85 1.715
-8.2533 7.85 1.96
-8.2533 7.85 2.205
-8.2533 7.85 2.45
-8.2533 8.03 0.0
-8.2533 8.03 0.245
-8.2533 8.03 0.49
-8.2533 8.03 0.735
-8.2533 8.03 0.98
-8.2533 8.03 1.225
-8.2533 8.03 1.47
-8.2533 8.03 1.715
-8.2533 8.03 1.96
-8.2533 8.03 2.205
-8.2533 8.03 2.45
-8.2533 23.73 0.0
-8.2533 23.73 0.245
-8.2533 23.73 0.49
-8.2533 23.73 0.735
-8.2533 23.73 0.98
-8.2533 23.73 1.225
-8.2533 23.73 1.47
-8.2533 23.73 1.715
-8.2533 23.73 1.96
-8.2533 23.73 2.205
-8.2533 23.73 2.45
-8.2533 23.91 0.0
-8.2533 23.91 0.245
-8.2533 23.91 0.49
-8.2533 23.91 0.735
-8.2533 23.91 0.98
-8.2533 23.91 1.225
-8.2533 23.91 1.47
-8.2533 23.91 1.715
-8.2533 23.91 1.96
-8.2533 23.91 2.205
-8.2533 23.91 2.45
-8.2519 0.0 0.0
-8.2519 0.0 0.245
-8.2519 0.0 0.49
-8.2519 0.0 0.735
-8.2519 0.0 0.98
-8.2519 0.0 1.225
-8.2519 0.0 1.47
-8.2519 0.0 1.715
-8.2519 0.0 1.96
-8.2519 0.0 2.205
-8.2519 0.0 2.45
-8.2519 0.18 0.0
-8.2519 0.18 0.245
-8.2519 0.18 0.49
-8.2519 0.18 0.735
-8.2519 0.18 0.98
-8.2519 0.18 1.225
-8.2519 0.18 1.47
-8.2519 0.18 1.715
-8.2519 0.18 1.96
-8.2519 0.18 2.205
-8.2519 0.18 2.45
-8.25 -1.0 -0.3
-8.25 -1.0 -0.15
-8.25 -1.0 0.0
-8.25 -0.75 -0.3
-8.25 -0.75 0.0
-8.25 -0.5 -0.3
-8.25 -0.5 0.0
-8.25 -0.25 -0.3
-8.25 -0.25 0.0
-8.25 0.0 -0.3
-8.25 0.0 0.0
-8.25 0.0 2.45
-8.25 0.0 2.67
-8.25 0.25 -0.3
-8.25 0.25 0.0
-8.25 0.25 2.45
-8.25 0.25 2.67
-8.25 0.5 -0.3
-8.25 0.5 0.0
-8.25 0.5 2.45
-8.25 0.5 2.67
-8.25 0.75 -0.3
-8.25 0.75 0.0
-8.25 0.75 2.45
-8.25 0.75 2.67
-8.25 1.0 -0.3
-8.25 1.0 0.0
-8.25 1.0 2.45
-8.25 1.0 2.67
-8.25 1.25 -0.3
-8.25 1.25 0.0
-8.25 1.25 2.45
-8.25 1.25 2.67
-8.25 1.5 -0.3
-8.25 1.5 0.0
-8.25 1.5 2.45
-8.25 1.5 2.67
-8.25 1.75 -0.3
-8.25 1.75 0.0
-8.25 1.75 2.45
-8.25 1.75 2.67
-8.25 2.0 -0.3
-8.25 2.0 0.0
-8.25 2.0 2.45
-8.25 2.0 2.67
-8.25 2.25 -0.3
-8.25 2.25 0.0
-8.25 2.25 2.45
-8.25 2.25 2.67
-8.25 2.5 -0.3
-8.25 2.5 0.0
-8.25 2.5 2.45
-8.25 2.5 2.67
-8.25 2.75 -0.3
-8.25 2.75 0.0
-8.25 2.75 2.45
-8.25 2.75 2.67
-8.25 3.0 -0.3
-8.25 3.0 0.0
-8.25 3.0 2.45
-8.25 3.0 2.67
-8.25 3.25 -0.3
-8.25 3.25 0.0
-8.25 3.25 2.45
-8.25 3.25 2.67
-8.25 3.5 -0.3
-8.25 3.5 0.0
-8.25 3.5 2.45
-8.25 3.5 2.67
-8.25 3.75 -0.3
-8.25 3.75 0.0
-8.25 3.75 2.45
-8.25 3.75 2.67
-8.25 4.0 -0.3
-8.25 4.0 0.0
-8.25 4.0 2.45
-8.25 4.0 2.67
-8.25 4.25 -0.3
-8.25 4.25 0.0
-8.25 4.25 2.45
-8.25 4.25 2.67
-8.25 4.5 -0.3
-8.25 4.5 0.0
-8.25 4.5 2.45
-8.25 4.5 2.67
-8.25 4.75 -0.3
-8.25 4.75 0.0
-8.25 4.75 2.45
-8.25 4.75 2.67
-8.25 5.0 -0.3
-8.25 5.0 0.0
-8.25 5.0 2.45
-8.25 5.0 2.67
-8.25 5.25 -0.3
-8.25 5.25 0.0
-8.25 5.25 2.45
-8.25 5.25 2.67
-8.25 5.5 -0.3
-8.25 5.5 0.0
-8.25 5.5 2.45
-8.25 5.5 2.67
-8.25 5.75 -0.3
-8.25 5.75 0.0
-8.25 5.75 2.45
-8.25 5.75 2.67
-8.25 6.0 -0.3
-8.25 6.0 0.0
-8.25 6.0 2.45
-8.25 6.0 2.67
-8.25 6.25 -0.3
-8.25 6.25 0.0
-8.25 6.25 2.45
-8.25 6.25 2.67
-8.25 6.5 -0.3
-8.25 6.5 0.0
-8.25 6.5 2.45
-8.25 6.5 2.67
-8.25 6.75 -0.3
-8.25 6.75 0.0
-8.25 6.75 2.45
-8.25 6.75 2.67
-8.25 7.0 -0.3
-8.25 7.0 0.0
-8.25 7.0 2.45
-8.25 7.0 2.67
-8.25 7.25 -0.3
-8.25 7.25 0.0
-8.25 7.25 2.45
-8.25 7.25 2.67
-8.25 7.5 -0.3
-8.25 7.5 0.0
-8.25 7.5 2.45
-8.25 7.5 2.67
-8.25 7.75 -0.3
-8.25 7.75 0.0
-8.25 7.75 2.45
-8.25 7.75 2.67
-8.25 7.85 -0.22
-8.25 7.85 0.0
-8.25 8.0 -0.3
-8.25 8.0 0.0
-8.25 8.0 2.45
-8.25 8.0 2.67
-8.25 8.0985 -0.22
-8.25 8.0985 0.0
-8.25 8.25 -0.3
-8.25 8.25 0.0
-8.25 8.25 2.45
-8.25 8.25 2.67
-8.25 8.3469 -0.22
-8.25 8.3469 0.0
-8.25 8.5 -0.3
-8.25 8.5 0.0
-8.25 8.5 2.45
-8.25 8.5 2.67
-8.25 8.5954 -0.22
-8.25 8.5954 0.0
-8.25 8.75 -0.3
-8.25 8.75 0.0
-8.25 8.75 2.45
-8.25 8.75 2.67
-8.25 8.8438 -0.22
-8.25 8.8438 0.0
-8.25 9.0 -0.3
-8.25 9.0 0.0
-8.25 9.0 2.45
-8.25 9.0 2.67
-8.25 9.0923 -0.22
-8.25 9.0923 0.0
-8.25 9.25 -0.3
-8.25 9.25 0.0
-8.25 9.25 2.45
-8.25 9.25 2.67
-8.25 9.3408 -0.22
-8.25 9.3408 0.0
-8.25 9.5 -0.3
-8.25 9.5 0.0
-8.25 9.5 2.45
-8.25 9.5 2.67
-8.25 9.5892 -0.22
-8.25 9.5892 0.0
-8.25 9.75 -0.3
-8.25 9.75 0.0
-8.25 9.75 2.45
-8.25 9.75 2.67
-8.25 9.8377 -0.22
-8.25 9.8377 0.0
-8.25 10.0 -0.3
-8.25 10.0 0.0
-8.25 10.0 2.45
-8.25 10.0 2.67
-8.25 10.0862 -0.22
-8.25 10.0862 0.0
-8.25 10.25 -0.3
-8.25 10.25 0.0
-8.25 10.25 2.45
-8.25 10.25 2.67
-8.25 10.3346 -0.22
-8.25 10.3346 0.0
-8.25 10.5 -0.3
-8.25 10.5 0.0
-8.25 10.5 2.45
-8.25 10.5 2.67
-8.25 10.5831 -0.22
-8.25 10.5831 0.0
-8.25 10.75 -0.3
-8.25 10.75 0.0
-8.25 10.75 2.45
-8.25 10.75 2.67
-8.25 10.8315 -0.22
-8.25 10.8315 0.0
-8.25 11.0 -0.3
-8.25 11.0 0.0
-8.25 11.0 2.45
-8.25 11.0 2.67
-8.25 11.08 -0.22
-8.25 11.08 0.0
-8.25 11.25 -0.3
-8.25 11.25 0.0
-8.25 11.25 2.45
-8.25 11.25 2.67
-8.25 11.3285 -0.22
-8.25 11.3285 0.0
-8.25 11.5 -0.3
-8.25 11.5 0.0
-8.25 11.5 2.45
-8.25 11.5 2.67
-8.25 11.5769 -0.22
-8.25 11.5769 0.0
-8.25 11.75 -0.3
-8.25 11.75 0.0
-8.25 11.75 2.45
-8.25 11.75 2.67
-8.25 11.8254 -0.22
-8.25 11.8254 0.0
-8.25 12.0 -0.3
-8.25 12.0 0.0
-8.25 12.0 2.45
-8.25 12.0 2.67
-8.25 12.0738 -0.22
-8.25 12.0738 0.0
-8.25 12.25 -0.3
-8.25 12.25 0.0
-8.25 12.25 2.45
-8.25 12.25 2.67
-8.25 12.3223 -0.22
-8.25 12.3223 0.0
-8.25 12.5 -0.3
-8.25 12.5 0.0
-8.25 12.5 2.45
-8.25 12.5 2.67
-8.25 12.5708 -0.22
-8.25 12.5708 0.0
-8.25 12.75 -0.3
-8.25 12.75 0.0
-8.25 12.75 2.45
-8.25 12.75 2.67
-8.25 12.8192 -0.22
-8.25 12.8192 0.0
-8.25 13.0 -0.3
-8.25 13.0 0.0
-8.25 13.0 2.45
-8.25 13.0 2.67
-8.25 13.0677 -0.22
-8.25 13.0677 0.0
-8.25 13.25 -0.3
-8.25 13.25 0.0
-8.25 13.25 2.45
-8.25 13.25 2.67
-8.25 13.3162 -0.22
-8.25 13.3162 0.0
-8.25 13.5 -0.3
-8.25 13.5 0.0
-8.25 13.5 2.45
-8.25 13.5 2.67
-8.25 13.5646 -0.22
-8.25 13.5646 0.0
-8.25 13.75 -0.3
-8.25 13.75 0.0
-8.25 13.75 2.45
-8.25 13.75 2.67
-8.25 13.8131 -0.22
-8.25 13.8131 0.0
-8.25 14.0 -0.3
-8.25 14.0 0.0
-8.25 14.0 2.45
-8.25 14.0 2.67
-8.25 14.0615 -0.22
-8.25 14.0615 0.0
-8.25 14.25 -0.3
-8.25 14.25 0.0
-8.25 14.25 2.45
-8.25 14.25 2.67
-8.25 14.31 -0.22
-8.25 14.31 0.0
-8.25 14.5 -0.3
-8.25 14.5 0.0
-8.25 14.5 2.45
-8.25 14.5 2.67
-8.25 14.5585 -0.22
-8.25 14.5585 0.0
-8.25 14.75 -0.3
-8.25 14.75 0.0
-8.25 14.75 2.45
-8.25 14.75 2.67
-8.25 14.8069 -0.22
-8.25 14.8069 0.0
-8.25 15.0 -0.3
-8.25 15.0 0.0
-8.25 15.0 2.45
-8.25 15.0 2.67
-8.25 15.0554 -0.22
-8.25 15.0554 0.0
-8.25 15.25 -0.3
-8.25 15.25 0.0
-8.25 15.25 2.45
-8.25 15.25 2.67
-8.25 15.3038 -0.22
-8.25 15.3038 0.0
-8.25 15.5 -0.3
-8.25 15.5 0.0
-8.25 15.5 2.45
-8.25 15.5 2.67
-8.25 15.5523 -0.22
-8.25 15.5523 0.0
-8.25 15.75 -0.3
-8.25 15.75 0.0
-8.25 15.75 2.45
-8.25 15.75 2.67
-8.25 15.8008 -0.22
-8.25 15.8008 0.0
-8.25 16.0 -0.3
-8.25 16.0 0.0
-8.25 16.0 2.45
-8.25 16.0 2.67
-8.25 16.0492 -0.22
-8.25 16.0492 0.0
-8.25 16.25 -0.3
-8.25 16.25 0.0
-8.25 16.25 2.45
-8.25 16.25 2.67
-8.25 16.2977 -0.22
-8.25 16.2977 0.0
-8.25 16.5 -0.3
-8.25 16.5 0.0
-8.25 16.5 2.45
-8.25 16.5 2.67
-8.25 16.5462 -0.22
-8.25 16.5462 0.0
-8.25 16.75 -0.3
-8.25 16.75 0.0
-8.25 16.75 2.45
-8.25 16.75 2.67
-8.25 16.7946 -0.22
-8.25 16.7946 0.0
-8.25 17.0 -0.3
-8.25 17.0 0.0
-8.25 17.0 2.45
-8.25 17.0 2.67
-8.25 17.0431 -0.22
-8.25 17.0431 0.0
-8.25 17.25 -0.3
-8.25 17.25 0.0
-8.25 17.25 2.45
-8.25 17.25 2.67
-8.25 17.2915 -0.22
-8.25 17.2915 0.0
-8.25 17.5 -0.3
-8.25 17.5 0.0
-8.25 17.5 2.45
-8.25 17.5 2.67
-8.25 17.54 -0.22
-8.25 17.54 0.0
-8.25 17.75 -0.3
-8.25 17.75 0.0
-8.25 17.75 2.45
-8.25 17.75 2.67
-8.25 17.7885 -0.22
-8.25 17.7885 0.0
-8.25 18.0 -0.3
-8.25 18.0 0.0
-8.25 18.0 2.45
-8.25 18.0 2.67
-8.25 18.0369 -0.22
-8.25 18.0369 0.0
-8.25 18.25 -0.3
-8.25 18.25 0.0
-8.25 18.25 2.45
-8.25 18.25 2.67
-8.25 18.2854 -0.22
-8.25 18.2854 0.0
-8.25 18.5 -0.3
-8.25 18.5 0.0
-8.25 18.5 2.45
-8.25 18.5 2.67
-8.25 18.5338 -0.22
-8.25 18.5338 0.0
-8.25 18.75 -0.3
-8.25 18.75 0.0
-8.25 18.75 2.45
-8.25 18.75 2.67
-8.25 18.7823 -0.22
-8.25 18.7823 0.0
-8.25 19.0 -0.3
-8.25 19.0 0.0
-8.25 19.0 2.45
-8.25 19.0 2.67
-8.25 19.0308 -0.22
-8.25 19.0308 0.0
-8.25 19.25 -0.3
-8.25 19.25 0.0
-8.25 19.25 2.45
-8.25 19.25 2.67
-8.25 19.2792 -0.22
-8.25 19.2792 0.0
-8.25 19.5 -0.3
-8.25 19.5 0.0
-8.25 19.5 2.45
-8.25 19.5 2.67
-8.25 19.5277 -0.22
-8.25 19.5277 0.0
-8.25 19.75 -0.3
-8.25 19.75 0.0
-8.25 19.75 2.45
-8.25 19.75 2.67
-8.25 19.7762 -0.22
-8.25 19.7762 0.0
-8.25 20.0 -0.3
-8.25 20.0 0.0
-8.25 20.0 2.45
-8.25 20.0 2.67
-8.25 20.0246 -0.22
-8.25 20.0246 0.0
-8.25 20.25 -0.3
-8.25 20.25 0.0
-8.25 20.25 2.45
-8.25 20.25 2.67
-8.25 20.2731 -0.22
-8.25 20.2731 0.0
-8.25 20.5 -0.3
-8.25 20.5 0.0
-8.25 20.5 2.45
-8.25 20.5 2.67
-8.25 20.5215 -0.22
-8.25 20.5215 0.0
-8.25 20.75 -0.3
-8.25 20.75 0.0
-8.25 20.75 2.45
-8.25 20.75 2.67
-8.25 20.77 -0.22
-8.25 20.77 0.0
-8.25 21.0 -0.3
-8.25 21.0 0.0
-8.25 21.0 2.45
-8.25 21.0 2.67
-8.25 21.0185 -0.22
-8.25 21.0185 0.0
-8.25 21.25 -0.3
-8.25 21.25 0.0
-8.25 21.25 2.45
-8.25 21.25 2.67
-8.25 21.2669 -0.22
-8.25 21.2669 0.0
-8.25 21.5 -0.3
-8.25 21.5 0.0
-8.25 21.5 2.45
-8.25 21.5 2.67
-8.25 21.5154 -0.22
-8.25 21.5154 0.0
-8.25 21.75 -0.3
-8.25 21.75 0.0
-8.25 21.75 2.45
-8.25 21.75 2.67
-8.25 21.7638 -0.22
-8.25 21.7638 0.0
-8.25 22.0 -0.3
-8.25 22.0 0.0
-8.25 22.0 2.45
-8.25 22.0 2.67
-8.25 22.0123 -0.22
-8.25 22.0123 0.0
-8.25 22.25 -0.3
-8.25 22.25 0.0
-8.25 22.25 2.45
-8.25 22.25 2.67
-8.25 22.2608 -0.22
-8.25 22.2608 0.0
-8.25 22.5 -0.3
-8.25 22.5 0.0
-8.25 22.5 2.45
-8.25 22.5 2.67
-8.25 22.5092 -0.22
-8.25 22.5092 0.0
-8.25 22.75 -0.3
-8.25 22.75 0.0
-8.25 22.75 2.45
-8.25 22.75 2.67
-8.25 22.7577 -0.22
-8.25 22.7577 0.0
-8.25 23.0 -0.3
-8.25 23.0 0.0
-8.25 23.0 2.45
-8.25 23.0 2.67
-8.25 23.0062 -0.22
-8.25 23.0062 0.0
-8.25 23.25 -0.3
-8.25 23.25 0.0
-8.25 23.25 2.45
-8.25 23.25 2.67
-8.25 23.2546 -0.22
-8.25 23.2546 0.0
-8.25 23.5 -0.3
-8.25 23.5 0.0
-8.25 23.5 2.45
-8.25 23.5 2.67
-8.25 23.5031 -0.22
-8.25 23.5031 0.0
-8.25 23.75 -0.3
-8.25 23.75 0.0
-8.25 23.75 2.45
-8.25 23.75 2.67
-8.25 23.7515 -0.22
-8.25 23.7515 0.0
-8.25 23.82 0.0
-8.25 23.82 0.245
-8.25 23.82 0.49
-8.25 23.82 0.735
-8.25 23.82 0.98
-8.25 23.82 1.225
-8.25 23.82 1.47
-8.25 23.82 1.715
-8.25 23.82 1.96
-8.25 23.82 2.205
-8.25 23.82 2.45
-8.25 24.0 -0.3
-8.25 24.0 -0.22
-8.25 24.0 0.0
-8.25 24.0 0.245
-8.25 24.0 0.49
-8.25 24.0 0.735
-8.25 24.0 0.98
-8.25 24.0 1.225
-8.25 24.0 1.47
-8.25 24.0 1.715
-8.25 24.0 1.96
-8.25 24.0 2.205
-8.25 24.0 2.45
-8.25 24.0 2.67
-8.25 24.25 -0.3
-8.25 24.25 0.0
-8.25 24.5 -0.3
-8.25 24.5 0.0
-8.25 24.75 -0.3
-8.25 24.75 0.0
-8.25 25.0 -0.3
-8.25 25.0 -0.15
-8.25 25.0 0.0
-8.0447 0.0 -0.22
-8.0447 0.0 0.0
-8.0447 0.2453 -0.22
-8.0447 0.2453 0.0
-8.0447 0.4906 -0.22
-8.0447 0.4906 0.0
-8.0447 0.7359 -0.22
-8.0447 0.7359 0.0
-8.0447 0.9813 -0.22
-8.0447 0.9813 0.0
-8.0447 1.2266 -0.22
-8.0447 1.2266 0.0
-8.0447 1.4719 -0.22
-8.0447 1.4719 0.0
-8.0447 1.7172 -0.22
-8.0447 1.7172 0.0
-8.0447 1.9625 -0.22
-8.0447 1.9625 0.0
-8.0447 2.2078 -0.22
-8.0447 2.2078 0.0
-8.0447 2.4531 -0.22
-8.0447 2.4531 0.0
-8.0447 2.6984 -0.22
-8.0447 2.6984 0.0
-8.0447 2.9437 -0.22
-8.0447 2.9437 0.0
-8.0447 3.1891 -0.22
-8.0447 3.1891 0.0
-8.0447 3.4344 -0.22
-8.0447 3.4344 0.0
-8.0447 3.6797 -0.22
-8.0447 3.6797 0.0
-8.0447 3.925 -0.22
-8.0447 3.925 0.0
-8.0447 4.1703 -0.22
-8.0447 4.1703 0.0
-8.0447 4.4156 -0.22
-8.0447 4.4156 0.0
-8.0447 4.6609 -0.22
-8.0447 4.6609 0.0
-8.0447 4.9062 -0.22
-8.0447 4.9062 0.0
-8.0447 5.1516 -0.22
-8.0447 5.1516 0.0
-8.0447 5.3969 -0.22
-8.0447 5.3969 0.0
-8.0447 5.6422 -0.22
-8.0447 5.6422 0.0
-8.0447 5.8875 -0.22
-8.0447 5.8875 0.0
-8.0447 6.1328 -0.22
-8.0447 6.1328 0.0
-8.0447 6.3781 -0.22
-8.0447 6.3781 0.0
-8.0447 6.6234 -0.22
-8.0447 6.6234 0.0
-8.0447 6.8687 -0.22
-8.0447 6.8687 0.0
-8.0447 7.1141 -0.22
-8.0447 7.1141 0.0
-8.0447 7.3594 -0.22
-8.0447 7.3594 0.0
-8.0447 7.6047 -0.22
-8.0447 7.6047 0.0
-8.0447 7.85 -0.22
-8.0447 7.85 0.0
-8.0067 7.85 0.0
-8.0067 7.85 0.245
-8.0067 7.85 0.49
-8.0067 7.85 0.735
-8.0067 7.85 0.98
-8.0067 7.85 1.225
-8.0067 7.85 1.47
-8.0067 7.85 1.715
-8.0067 7.85 1.96
-8.0067 7.85 2.205
-8.0067 7.85 2.45
-8.0067 8.03 0.0
-8.0067 8.03 0.245
-8.0067 8.03 0.49
-8.0067 8.03 0.735
-8.0067 8.03 0.98
-8.0067 8.03 1.225
-8.0067 8.03 1.47
-8.0067 8.03 1.715
-8.0067 8.03 1.96
-8.0067 8.03 2.205
-8.0067 8.03 2.45
-8.0067 23.73 0.0
-8.0067 23.73 0.245
-8.0067 23.73 0.49
-8.0067 23.73 0.735
-8.0067 23.73 0.98
-8.0067 23.73 1.225
-8.0067 23.73 1.47
-8.0067 23.73 1.715
-8.0067 23.73 1.96
-8.0067 23.73 2.205
-8.0067 23.73 2.45
-8.0067 23.91 0.0
-8.0067 23.91 0.245
-8.0067 23.91 0.49
-8.0067 23.91 0.735
-8.0067 23.91 0.98
-8.0067 23.91 1.225
-8.0067 23.91 1.47
-8.0067 23.91 1.715
-8.0067 23.91 1.96
-8.0067 23.91 2.205
-8.0067 23.91 2.45
-8.0025 0.0 0.0
-8.0025 0.0 0.245
-8.0025 0.0 0.49
-8.0025 0.0 0.735
-8.0025 0.0 0.98
-8.0025 0.0 1.225
-8.0025 0.0 1.47
-8.0025 0.0 1.715
-8.0025 0.0 1.96
-8.0025 0.0 2.205
-8.0025 0.0 2.45
-8.0025 0.18 0.0
-8.0025 0.18 0.245
-8.0025 0.18 0.49
-8.0025 0.18 0.735
-8.0025 0.18 0.98
-8.0025 0.18 1.225
-8.0025 0.18 1.47
-8.0025 0.18 1.715
-8.0025 0.18 1.96
-8.0025 0.18 2.205
-8.0025 0.18 2.45
-8.0 -1.0 -0.3
-8.0 -1.0 -0.15
-8.0 -1.0 0.0
-8.0 -0.75 -0.3
-8.0 -0.75 0.0
-8.0 -0.5 -0.3
-8.0 -0.5 0.0
-8.0 -0.25 -0.3
-8.0 -0.25 0.0
-8.0 0.0 -0.3
-8.0 0.0 0.0
-8.0 0.0 2.45
-8.0 0.0 2.67
-8.0 0.25 -0.3
-8.0 0.25 0.0
-8.0 0.25 2.45
-8.0 0.25 2.67
-8.0 0.5 -0.3
-8.0 0.5 0.0
-8.0 0.5 2.45
-8.0 0.5 2.67
-8.0 0.75 -0.3
-8.0 0.75 0.0
-8.0 0.75 2.45
-8.0 0.75 2.67
-8.0 1.0 -0.3
-8.0 1.0 0.0
-8.0 1.0 2.45
-8.0 1.0 2.67
-8.0 1.25 -0.3
-8.0 1.25 0.0
-8.0 1.25 2.45
-8.0 1.25 2.67
-8.0 1.5 -0.3
-8.0 1.5 0.0
-8.0 1.5 2.45
-8.0 1.5 2.67
-8.0 1.75 -0.3
-8.0 1.75 0.0
-8.0 1.75 2.45
-8.0 1.75 2.67
-8.0 2.0 -0.3
-8.0 2.0 0.0
-8.0 2.0 2.45
-8.0 2.0 2.67
-8.0 2.25 -0.3
-8.0 2.25 0.0
-8.0 2.25 2.45
-8.0 2.25 2.67
-8.0 2.5 -0.3
-8.0 2.5 0.0
-8.0 2.5 2.45
-8.0 2.5 2.67
-8.0 2.75 -0.3
-8.0 2.75 0.0
-8.0 2.75 2.45
-8.0 2.75 2.67
-8.0 3.0 -0.3
-8.0 3.0 0.0
-8.0 3.0 2.45
-8.0 3.0 2.67
-8.0 3.25 -0.3
-8.0 3.25 0.0
-8.0 3.25 2.45
-8.0 3.25 2.67
-8.0 3.5 -0.3
-8.0 3.5 0.0
-8.0 3.5 2.45
-8.0 3.5 2.67
-8.0 3.75 -0.3
-8.0 3.75 0.0
-8.0 3.75 2.45
-8.0 3.75 2.67
-8.0 4.0 -0.3
-8.0 4.0 0.0
-8.0 4.0 2.45
-8.0 4.0 2.67
-8.0 4.25 -0.3
-8.0 4.25 0.0
-8.0 4.25 2.45
-8.0 4.25 2.67
-8.0 4.5 -0.3
-8.0 4.5 0.0
-8.0 4.5 2.45
-8.0 4.5 2.67
-8.0 4.75 -0.3
-8.0 4.75 0.0
-8.0 4.75 2.45
-8.0 4.75 2.67
-8.0 5.0 -0.3
-8.0 5.0 0.0
-8.0 5.0 2.45
-8.0 5.0 2.67
-8.0 5.25 -0.3
-8.0 5.25 0.0
-8.0 5.25 2.45
-8.0 5.25 2.67
-8.0 5.5 -0.3
-8.0 5.5 0.0
-8.0 5.5 2.45
-8.0 5.5 2.67
-8.0 5.75 -0.3
-8.0 5.75 0.0
-8.0 5.75 2.45
-8.0 5.75 2.67
-8.0 6.0 -0.3
-8.0 6.0 0.0
-8.0 6.0 2.45
-8.0 6.0 2.67
-8.0 6.25 -0.3
-8.0 6.25 0.0
-8.0 6.25 2.45
-8.0 6.25 2.67
-8.0 6.5 -0.3
-8.0 6.5 0.0
-8.0 6.5 2.45
-8.0 6.5 2.67
-8.0 6.75 -0.3
-8.0 6.75 0.0
-8.0 6.75 2.45
-8.0 6.75 2.67
-8.0 7.0 -0.3
-8.0 7.0 0.0
-8.0 7.0 2.45
-8.0 7.0 2.67
-8.0 7.25 -0.3
-8.0 7.25 0.0
-8.0 7.25 2.45
-8.0 7.25 2.67
-8.0 7.5 -0.3
-8.0 7.5 0.0
-8.0 7.5 2.45
-8.0 7.5 2.67
-8.0 7.75 -0.3
-8.0 7.75 0.0
-8.0 7.75 2.45
-8.0 7.75 2.67
-8.0 7.85 -0.22
-8.0 7.85 0.0
-8.0 8.0 -0.3
-8.0 8.0 0.0
-8.0 8.0 2.45
-8.0 8.0 2.67
-8.0 8.0985 -0.22
-8.0 8.0985 0.0
-8.0 8.25 -0.3
-8.0 8.25 0.0
-8.0 8.25 2.45
-8.0 8.25 2.67
-8.0 8.3469 -0.22
-8.0 8.3469 0.0
-8.0 8.5 -0.3
-8.0 8.5 0.0
-8.0 8.5 2.45
-8.0 8.5 2.67
-8.0 8.5954 -0.22
-8.0 8.5954 0.0
-8.0 8.75 -0.3
-8.0 8.75 0.0
-8.0 8.75 2.45
-8.0 8.75 2.67
-8.0 8.8438 -0.22
-8.0 8.8438 0.0
-8.0 9.0 -0.3
-8.0 9.0 0.0
-8.0 9.0 2.45
-8.0 9.0 2.67
-8.0 9.0923 -0.22
-8.0 9.0923 0.0
-8.0 9.25 -0.3
-8.0 9.25 0.0
-8.0 9.25 2.45
-8.0 9.25 2.67
-8.0 9.3408 -0.22
-8.0 9.3408 0.0
-8.0 9.5 -0.3
-8.0 9.5 0.0
-8.0 9.5 2.45
-8.0 9.5 2.67
-8.0 9.5892 -0.22
-8.0 9.5892 0.0
-8.0 9.75 -0.3
-8.0 9.75 0.0
-8.0 9.75 2.45
-8.0 9.75 2.67
-8.0 9.8377 -0.22
-8.0 9.8377 0.0
-8.0 10.0 -0.3
-8.0 10.0 0.0
-8.0 10.0 2.45
-8.0 10.0 2.67
-8.0 10.0862 -0.22
-8.0 10.0862 0.0
-8.0 10.25 -0.3
-8.0 10.25 0.0
-8.0 10.25 2.45
-8.0 10.25 2.67
-8.0 10.3346 -0.22
-8.0 10.3346 0.0
-8.0 10.5 -0.3
-8.0 10.5 0.0
-8.0 10.5 2.45
-8.0 10.5 2.67
-8.0 10.5831 -0.22
-8.0 10.5831 0.0
-8.0 10.75 -0.3
-8.0 10.75 0.0
-8.0 10.75 2.45
-8.0 10.75 2.67
-8.0 10.8315 -0.22
-8.0 10.8315 0.0
-8.0 11.0 -0.3
-8.0 11.0 0.0
-8.0 11.0 2.45
-8.0 11.0 2.67
-8.0 11.08 -0.22
-8.0 11.08 0.0
-8.0 11.25 -0.3
-8.0 11.25 0.0
-8.0 11.25 2.45
-8.0 11.25 2.67
-8.0 11.3285 -0.22
-8.0 11.3285 0.0
-8.0 11.5 -0.3
-8.0 11.5 0.0
-8.0 11.5 2.45
-8.0 11.5 2.67
-8.0 11.5769 -0.22
-8.0 11.5769 0.0
-8.0 11.75 -0.3
-8.0 11.75 0.0
-8.0 11.75 2.45
-8.0 11.75 2.67
-8.0 11.8254 -0.22
-8.0 11.8254 0.0
-8.0 12.0 -0.3
-8.0 12.0 0.0
-8.0 12.0 2.45
-8.0 12.0 2.67
-8.0 12.0738 -0.22
-8.0 12.0738 0.0
-8.0 12.25 -0.3
-8.0 12.25 0.0
-8.0 12.25 2.45
-8.0 12.25 2.67
-8.0 12.3223 -0.22
-8.0 12.3223 0.0
-8.0 12.5 -0.3
-8.0 12.5 0.0
-8.0 12.5 2.45
-8.0 12.5 2.67
-8.0 12.5708 -0.22
-8.0 12.5708 0.0
-8.0 12.75 -0.3
-8.0 12.75 0.0
-8.0 12.75 2.45
-8.0 12.75 2.67
-8.0 12.8192 -0.22
-8.0 12.8192 0.0
-8.0 13.0 -0.3
-8.0 13.0 0.0
-8.0 13.0 2.45
-8.0 13.0 2.67
-8.0 13.0677 -0.22
-8.0 13.0677 0.0
-8.0 13.25 -0.3
-8.0 13.25 0.0
-8.0 13.25 2.45
-8.0 13.25 2.67
-8.0 13.3162 -0.22
-8.0 13.3162 0.0
-8.0 13.5 -0.3
-8.0 13.5 0.0
-8.0 13.5 2.45
-8.0 13.5 2.67
-8.0 13.5646 -0.22
-8.0 13.5646 0.0
-8.0 13.75 -0.3
-8.0 13.75 0.0
-8.0 13.75 2.45
-8.0 13.75 2.67
-8.0 13.8131 -0.22
-8.0 13.8131 0.0
-8.0 14.0 -0.3
-8.0 14.0 0.0
-8.0 14.0 2.45
-8.0 14.0 2.67
-8.0 14.0615 -0.22
-8.0 14.0615 0.0
-8.0 14.25 -0.3
-8.0 14.25 0.0
-8.0 14.25 2.45
-8.0 14.25 2.67
-8.0 14.31 -0.22
-8.0 14.31 0.0
-8.0 14.5 -0.3
-8.0 14.5 0.0
-8.0 14.5 2.45
-8.0 14.5 2.67
-8.0 14.5585 -0.22
-8.0 14.5585 0.0
-8.0 14.75 -0.3
-8.0 14.75 0.0
-8.0 14.75 2.45
-8.0 14.75 2.67
-8.0 14.8069 -0.22
-8.0 14.8069 0.0
-8.0 15.0 -0.3
-8.0 15.0 0.0
-8.0 15.0 2.45
-8.0 15.0 2.67
-8.0 15.0554 -0.22
-8.0 15.0554 0.0
-8.0 15.25 -0.3
-8.0 15.25 0.0
-8.0 15.25 2.45
-8.0 15.25 2.67
-8.0 15.3038 -0.22
-8.0 15.3038 0.0
-8.0 15.5 -0.3
-8.0 15.5 0.0
-8.0 15.5 2.45
-8.0 15.5 2.67
-8.0 15.5523 -0.22
-8.0 15.5523 0.0
-8.0 15.75 -0.3
-8.0 15.75 0.0
-8.0 15.75 2.45
-8.0 15.75 2.67
-8.0 15.8008 -0.22
-8.0 15.8008 0.0
-8.0 16.0 -0.3
-8.0 16.0 0.0
-8.0 16.0 2.45
-8.0 16.0 2.67
-8.0 16.0492 -0.22
-8.0 16.0492 0.0
-8.0 16.25 -0.3
-8.0 16.25 0.0
-8.0 16.25 2.45
-8.0 16.25 2.67
-8.0 16.2977 -0.22
-8.0 16.2977 0.0
-8.0 16.5 -0.3
-8.0 16.5 0.0
-8.0 16.5 2.45
-8.0 16.5 2.67
-8.0 16.5462 -0.22
-8.0 16.5462 0.0
-8.0 16.75 -0.3
-8.0 16.75 0.0
-8.0 16.75 2.45
-8.0 16.75 2.67
-8.0 16.7946 -0.22
-8.0 16.7946 0.0
-8.0 17.0 -0.3
-8.0 17.0 0.0
-8.0 17.0 2.45
-8.0 17.0 2.67
-8.0 17.0431 -0.22
-8.0 17.0431 0.0
-8.0 17.25 -0.3
-8.0 17.25 0.0
-8.0 17.25 2.45
-8.0 17.25 2.67
-8.0 17.2915 -0.22
-8.0 17.2915 0.0
-8.0 17.5 -0.3
-8.0 17.5 0.0
-8.0 17.5 2.45
-8.0 17.5 2.67
-8.0 17.54 -0.22
-8.0 17.54 0.0
-8.0 17.75 -0.3
-8.0 17.75 0.0
-8.0 17.75 2.45
-8.0 17.75 2.67
-8.0 17.7885 -0.22
-8.0 17.7885 0.0
-8.0 18.0 -0.3
-8.0 18.0 0.0
-8.0 18.0 2.45
-8.0 18.0 2.67
-8.0 18.0369 -0.22
-8.0 18.0369 0.0
-8.0 18.25 -0.3
-8.0 18.25 0.0
-8.0 18.25 2.45
-8.0 18.25 2.67
-8.0 18.2854 -0.22
-8.0 18.2854 0.0
-8.0 18.5 -0.3
-8.0 18.5 0.0
-8.0 18.5 2.45
-8.0 18.5 2.67
-8.0 18.5338 -0.22
-8.0 18.5338 0.0
-8.0 18.75 -0.3
-8.0 18.75 0.0
-8.0 18.75 2.45
-8.0 18.75 2.67
-8.0 18.7823 -0.22
-8.0 18.7823 0.0
-8.0 19.0 -0.3
-8.0 19.0 0.0
-8.0 19.0 2.45
-8.0 19.0 2.67
-8.0 19.0308 -0.22
-8.0 19.0308 0.0
-8.0 19.25 -0.3
-8.0 19.25 0.0
-8.0 19.25 2.45
-8.0 19.25 2.67
-8.0 19.2792 -0.22
-8.0 19.2792 0.0
-8.0 19.5 -0.3
-8.0 19.5 0.0
-8.0 19.5 2.45
-8.0 19.5 2.67
-8.0 19.5277 -0.22
-8.0 19.5277 0.0
-8.0 19.75 -0.3
-8.0 19.75 0.0
-8.0 19.75 2.45
-8.0 19.75 2.67
-8.0 19.7762 -0.22
-8.0 19.7762 0.0
-8.0 20.0 -0.3
-8.0 20.0 0.0
-8.0 20.0 2.45
-8.0 20.0 2.67
-8.0 20.0246 -0.22
-8.0 20.0246 0.0
-8.0 20.25 -0.3
-8.0 20.25 0.0
-8.0 20.25 2.45
-8.0 20.25 2.67
-8.0 20.2731 -0.22
-8.0 20.2731 0.0
-8.0 20.5 -0.3
-8.0 20.5 0.0
-8.0 20.5 2.45
-8.0 20.5 2.67
-8.0 20.5215 -0.22
-8.0 20.5215 0.0
-8.0 20.75 -0.3
-8.0 20.75 0.0
-8.0 20.75 2.45
-8.0 20.75 2.67
-8.0 20.77 -0.22
-8.0 20.77 0.0
-8.0 21.0 -0.3
-8.0 21.0 0.0
-8.0 21.0 2.45
-8.0 21.0 2.67
-8.0 21.0185 -0.22
-8.0 21.0185 0.0
-8.0 21.25 -0.3
-8.0 21.25 0.0
-8.0 21.25 2.45
-8.0 21.25 2.67
-8.0 21.2669 -0.22
-8.0 21.2669 0.0
-8.0 21.5 -0.3
-8.0 21.5 0.0
-8.0 21.5 2.45
-8.0 21.5 2.67
-8.0 21.5154 -0.22
-8.0 21.5154 0.0
-8.0 21.75 -0.3
-8.0 21.75 0.0
-8.0 21.75 2.45
-8.0 21.75 2.67
-8.0 21.7638 -0.22
-8.0 21.7638 0.0
-8.0 22.0 -0.3
-8.0 22.0 0.0
-8.0 22.0 2.45
-8.0 22.0 2.67
-8.0 22.0123 -0.22
-8.0 22.0123 0.0
-8.0 22.25 -0.3
-8.0 22.25 0.0
-8.0 22.25 2.45
-8.0 22.25 2.67
-8.0 22.2608 -0.22
-8.0 22.2608 0.0
-8.0 22.5 -0.3
-8.0 22.5 0.0
-8.0 22.5 2.45
-8.0 22.5 2.67
-8.0 22.5092 -0.22
-8.0 22.5092 0.0
-8.0 22.75 -0.3
-8.0 22.75 0.0
-8.0 22.75 2.45
-8.0 22.75 2.67
-8.0 22.7577 -0.22
-8.0 22.7577 0.0
-8.0 23.0 -0.3
-8.0 23.0 0.0
-8.0 23.0 2.45
-8.0 23.0 2.67
-8.0 23.0062 -0.22
-8.0 23.0062 0.0
-8.0 23.25 -0.3
-8.0 23.25 0.0
-8.0 23.25 2.45
-8.0 23.25 2.67
-8.0 23.2546 -0.22
-8.0 23.2546 0.0
-8.0 23.5 -0.3
-8.0 23.5 0.0
-8.0 23.5 2.45
-8.0 23.5 2.67
-8.0 23.5031 -0.22
-8.0 23.5031 0.0
-8.0 23.75 -0.3
-8.0 23.75 0.0
-8.0 23.75 2.45
-8.0 23.75 2.67
-8.0 23.7515 -0.22
-8.0 23.7515 0.0
-8.0 23.82 0.0
-8.0 23.82 0.245
-8.0 23.82 0.49
-8.0 23.82 0.735
-8.0 23.82 0.98
-8.0 23.82 1.225
-8.0 23.82 1.47
-8.0 23.82 1.715
-8.0 23.82 1.96
-8.0 23.82 2.205
-8.0 23.82 2.45
-8.0 24.0 -0.3
-8.0 24.0 -0.22
-8.0 24.0 0.0
-8.0 24.0 0.245
-8.0 24.0 0.49
-8.0 24.0 0.735
-8.0 24.0 0.98
-8.0 24.0 1.225
-8.0 24.0 1.47
-8.0 24.0 1.715
-8.0 24.0 1.96
-8.0 24.0 2.205
-8.0 24.0 2.45
-8.0 24.0 2.67
-8.0 24.25 -0.3
-8.0 24.25 0.0
-8.0 24.5 -0.3
-8.0 24.5 0.0
-8.0 24.75 -0.3
-8.0 24.75 0.0
-8.0 25.0 -0.3
-8.0 25.0 -0.15
-8.0 25.0 0.0
-7.8059 0.0 -0.22
-7.8059 0.0 0.0
-7.8059 0.2453 -0.22
-7.8059 0.2453 0.0
-7.8059 0.4906 -0.22
-7.8059 0.4906 0.0
-7.8059 0.7359 -0.22
-7.8059 0.7359 0.0
-7.8059 0.9813 -0.22
-7.8059 0.9813 0.0
-7.8059 1.2266 -0.22
-7.8059 1.2266 0.0
-7.8059 1.4719 -0.22
-7.8059 1.4719 0.0
-7.8059 1.7172 -0.22
-7.8059 1.7172 0.0
-7.8059 1.9625 -0.22
-7.8059 1.9625 0.0
-7.8059 2.2078 -0.22
-7.8059 2.2078 0.0
-7.8059 2.4531 -0.22
-7.8059 2.4531 0.0
-7.8059 2.6984 -0.22
-7.8059 2.6984 0.0
-7.8059 2.9437 -0.22
-7.8059 2.9437 0.0
-7.8059 3.1891 -0.22
-7.8059 3.1891 0.0
-7.8059 3.4344 -0.22
-7.8059 3.4344 0.0
-7.8059 3.6797 -0.22
-7.8059 3.6797 0.0
-7.8059 3.925 -0.22
-7.8059 3.925 0.0
-7.8059 4.1703 -0.22
-7.8059 4.1703 0.0
-7.8059 4.4156 -0.22
-7.8059 4.4156 0.0
-7.8059 4.6609 -0.22
-7.8059 4.6609 0.0
-7.8059 4.9062 -0.22
-7.8059 4.9062 0.0
-7.8059 5.1516 -0.22
-7.8059 5.1516 0.0
-7.8059 5.3969 -0.22
-7.8059 5.3969 0.0
-7.8059 5.6422 -0.22
-7.8059 5.6422 0.0
-7.8059 5.8875 -0.22
-7.8059 5.8875 0.0
-7.8059 6.1328 -0.22
-7.8059 6.1328 0.0
-7.8059 6.3781 -0.22
-7.8059 6.3781 0.0
-7.8059 6.6234 -0.22
-7.8059 6.6234 0.0
-7.8059 6.8687 -0.22
-7.8059 6.8687 0.0
-7.8059 7.1141 -0.22
-7.8059 7.1141 0.0
-7.8059 7.3594 -0.22
-7.8059 7.3594 0.0
-7.8059 7.6047 -0.22
-7.8059 7.6047 0.0
-7.8059 7.85 -0.22
-7.8059 7.85 0.0
-7.76 7.85 0.0
-7.76 7.85 0.245
-7.76 7.85 0.49
-7.76 7.85 0.735
-7.76 7.85 0.98
-7.76 7.85 1.225
-7.76 7.85 1.47
-7.76 7.85 1.715
-7.76 7.85 1.96
-7.76 7.85 2.205
-7.76 7.85 2.45
-7.76 8.03 0.0
-7.76 8.03 0.245
-7.76 8.03 0.49
-7.76 8.03 0.735
-7.76 8.03 0.98
-7.76 8.03 1.225
-7.76 8.03 1.47
-7.76 8.03 1.715
-7.76 8.03 1.96
-7.76 8.03 2.205
-7.76 8.03 2.45
-7.76 23.73 0.0
-7.76 23.73 0.245
-7.76 23.73 0.49
-7.76 23.73 0.735
-7.76 23.73 0.98
-7.76 23.73 1.225
-7.76 23.73 1.47
-7.76 23.73 1.715
-7.76 23.73 1.96
-7.76 23.73 2.205
-7.76 23.73 2.45
-7.76 23.91 0.0
-7.76 23.91 0.245
-7.76 23.91 0.49
-7.76 23.91 0.735
-7.76 23.91 0.98
-7.76 23.91 1.225
-7.76 23.91 1.47
-7.76 23.91 1.715
-7.76 23.91 1.96
-7.76 23.91 2.205
-7.76 23.91 2.45
-7.7531 0.0 0.0
-7.7531 0.0 0.245
-7.7531 0.0 0.49
-7.7531 0.0 0.735
-7.7531 0.0 0.98
-7.7531 0.0 1.225
-7.7531 0.0 1.47
-7.7531 0.0 1.715
-7.7531 0.0 1.96
-7.7531 0.0 2.205
-7.7531 0.0 2.45
-7.7531 0.18 0.0
-7.7531 0.18 0.245
-7.7531 0.18 0.49
-7.7531 0.18 0.735
-7.7531 0.18 0.98
-7.7531 0.18 1.225
-7.7531 0.18 1.47
-7.7531 0.18 1.715
-7.7531 0.18 1.96
-7.7531 0.18 2.205
-7.7531 0.18 2.45
-7.75 -1.0 -0.3
-7.75 -1.0 -0.15
-7.75 -1.0 0.0
-7.75 -0.75 -0.3
-7.75 -0.75 0.0
-7.75 -0.5 -0.3
-7.75 -0.5 0.0
-7.75 -0.25 -0.3
-7.75 -0.25 0.0
-7.75 0.0 -0.3
-7.75 0.0 0.0
-7.75 0.0 2.45
-7.75 0.0 2.67
-7.75 0.25 -0.3
-7.75 0.25 0.0
-7.75 0.25 2.45
-7.75 0.25 2.67
-7.75 0.5 -0.3
-7.75 0.5 0.0
-7.75 0.5 2.45
-7.75 0.5 2.67
-7.75 0.75 -0.3
-7.75 0.75 0.0
-7.75 0.75 2.45
-7.75 0.75 2.67
-7.75 1.0 -0.3
-7.75 1.0 0.0
-7.75 1.0 2.45
-7.75 1.0 2.67
-7.75 1.25 -0.3
-7.75 1.25 0.0
-7.75 1.25 2.45
-7.75 1.25 2.67
-7.75 1.5 -0.3
-7.75 1.5 0.0
-7.75 1.5 2.45
-7.75 1.5 2.67
-7.75 1.75 -0.3
-7.75 1.75 0.0
-7.75 1.75 2.45
-7.75 1.75 2.67
-7.75 2.0 -0.3
-7.75 2.0 0.0
-7.75 2.0 2.45
-7.75 2.0 2.67
-7.75 2.25 -0.3
-7.75 2.25 0.0
-7.75 2.25 2.45
-7.75 2.25 2.67
-7.75 2.5 -0.3
-7.75 2.5 0.0
-7.75 2.5 2.45
-7.75 2.5 2.67
-7.75 2.75 -0.3
-7.75 2.75 0.0
-7.75 2.75 2.45
-7.75 2.75 2.67
-7.75 3.0 -0.3
-7.75 3.0 0.0
-7.75 3.0 2.45
-7.75 3.0 2.67
-7.75 3.25 -0.3
-7.75 3.25 0.0
-7.75 3.25 2.45
-7.75 3.25 2.67
-7.75 3.5 -0.3
-7.75 3.5 0.0
-7.75 3.5 2.45
-7.75 3.5 2.67
-7.75 3.75 -0.3
-7.75 3.75 0.0
-7.75 3.75 2.45
-7.75 3.75 2.67
-7.75 4.0 -0.3
-7.75 4.0 0.0
-7.75 4.0 2.45
-7.75 4.0 2.67
-7.75 4.25 -0.3
-7.75 4.25 0.0
-7.75 4.25 2.45
-7.75 4.25 2.67
-7.75 4.5 -0.3
-7.75 4.5 0.0
-7.75 4.5 2.45
-7.75 4.5 2.67
-7.75 4.75 -0.3
-7.75 4.75 0.0
-7.75 4.75 2.45
-7.75 4.75 2.67
-7.75 5.0 -0.3
-7.75 5.0 0.0
-7.75 5.0 2.45
-7.75 5.0 2.67
-7.75 5.25 -0.3
-7.75 5.25 0.0
-7.75 5.25 2.45
-7.75 5.25 2.67
-7.75 5.5 -0.3
-7.75 5.5 0.0
-7.75 5.5 2.45
-7.75 5.5 2.67
-7.75 5.75 -0.3
-7.75 5.75 0.0
-7.75 5.75 2.45
-7.75 5.75 2.67
-7.75 6.0 -0.3
-7.75 6.0 0.0
-7.75 6.0 2.45
-7.75 6.0 2.67
-7.75 6.25 -0.3
-7.75 6.25 0.0
-7.75 6.25 2.45
-7.75 6.25 2.67
-7.75 6.5 -0.3
-7.75 6.5 0.0
-7.75 6.5 2.45
-7.75 6.5 2.67
-7.75 6.75 -0.3
-7.75 6.75 0.0
-7.75 6.75 2.45
-7.75 6.75 2.67
-7.75 7.0 -0.3
-7.75 7.0 0.0
-7.75 7.0 2.45
-7.75 7.0 2.67
-7.75 7.25 -0.3
-7.75 7.25 0.0
-7.75 7.25 2.45
-7.75 7.25 2.67
-7.75 7.5 -0.3
-7.75 7.5 0.0
-7.75 7.5 2.45
-7.75 7.5 2.67
-7.75 7.75 -0.3
-7.75 7.75 0.0
-7.75 7.75 2.45
-7.75 7.75 2.67
-7.75 7.85 -0.22
-7.75 7.85 0.0
-7.75 8.0 -0.3
-7.75 8.0 0.0
-7.75 8.0 2.45
-7.75 8.0 2.67
-7.75 8.0985 -0.22
-7.75 8.0985 0.0
-7.75 8.25 -0.3
-7.75 8.25 0.0
-7.75 8.25 2.45
-7.75 8.25 2.67
-7.75 8.3469 -0.22
-7.75 8.3469 0.0
-7.75 8.5 -0.3
-7.75 8.5 0.0
-7.75 8.5 2.45
-7.75 8.5 2.67
-7.75 8.5954 -0.22
-7.75 8.5954 0.0
-7.75 8.75 -0.3
-7.75 8.75 0.0
-7.75 8.75 2.45
-7.75 8.75 2.67
-7.75 8.8438 -0.22
-7.75 8.8438 0.0
-7.75 9.0 -0.3
-7.75 9.0 0.0
-7.75 9.0 2.45
-7.75 9.0 2.67
-7.75 9.0923 -0.22
-7.75 9.0923 0.0
-7.75 9.25 -0.3
-7.75 9.25 0.0
-7.75 9.25 2.45
-7.75 9.25 2.67
-7.75 9.3408 -0.22
-7.75 9.3408 0.0
-7.75 9.5 -0.3
-7.75 9.5 0.0
-7.75 9.5 2.45
-7.75 9.5 2.67
-7.75 9.5892 -0.22
-7.75 9.5892 0.0
-7.75 9.75 -0.3
-7.75 9.75 0.0
-7.75 9.75 2.45
-7.75 9.75 2.67
-7.75 9.8377 -0.22
-7.75 9.8377 0.0
-7.75 10.0 -0.3
-7.75 10.0 0.0
-7.75 10.0 2.45
-7.75 10.0 2.67
-7.75 10.0862 -0.22
-7.75 10.0862 0.0
-7.75 10.25 -0.3
-7.75 10.25 0.0
-7.75 10.25 2.45
-7.75 10.25 2.67
-7.75 10.3346 -0.22
-7.75 10.3346 0.0
-7.75 10.5 -0.3
-7.75 10.5 0.0
-7.75 10.5 2.45
-7.75 10.5 2.67
-7.75 10.5831 -0.22
-7.75 10.5831 0.0
-7.75 10.75 -0.3
-7.75 10.75 0.0
-7.75 10.75 2.45
-7.75 10.75 2.67
-7.75 10.8315 -0.22
-7.75 10.8315 0.0
-7.75 11.0 -0.3
-7.75 11.0 0.0
-7.75 11.0 2.45
-7.75 11.0 2.67
-7.75 11.08 -0.22
-7.75 11.08 0.0
-7.75 11.25 -0.3
-7.75 11.25 0.0
-7.75 11.25 2.45
-7.75 11.25 2.67
-7.75 11.3285 -0.22
-7.75 11.3285 0.0
-7.75 11.5 -0.3
-7.75 11.5 0.0
-7.75 11.5 2.45
-7.75 11.5 2.67
-7.75 11.5769 -0.22
-7.75 11.5769 0.0
-7.75 11.75 -0.3
-7.75 11.75 0.0
-7.75 11.75 2.45
-7.75 11.75 2.67
-7.75 11.8254 -0.22
-7.75 11.8254 0.0
-7.75 12.0 -0.3
-7.75 12.0 0.0
-7.75 12.0 2.45
-7.75 12.0 2.67
-7.75 12.0738 -0.22
-7.75 12.0738 0.0
-7.75 12.25 -0.3
-7.75 12.25 0.0
-7.75 12.25 2.45
-7.75 12.25 2.67
-7.75 12.3223 -0.22
-7.75 12.3223 0.0
-7.75 12.5 -0.3
-7.75 12.5 0.0
-7.75 12.5 2.45
-7.75 12.5 2.67
-7.75 12.5708 -0.22
-7.75 12.5708 0.0
-7.75 12.75 -0.3
-7.75 12.75 0.0
-7.75 12.75 2.45
-7.75 12.75 2.67
-7.75 12.8192 -0.22
-7.75 12.8192 0.0
-7.75 13.0 -0.3
-7.75 13.0 0.0
-7.75 13.0 2.45
-7.75 13.0 2.67
-7.75 13.0677 -0.22
-7.75 13.0677 0.0
-7.75 13.25 -0.3
-7.75 13.25 0.0
-7.75 13.25 2.45
-7.75 13.25 2.67
-7.75 13.3162 -0.22
-7.75 13.3162 0.0
-7.75 13.5 -0.3
-7.75 13.5 0.0
-7.75 13.5 2.45
-7.75 13.5 2.67
-7.75 13.5646 -0.22
-7.75 13.5646 0.0
-7.75 13.75 -0.3
-7.75 13.75 0.0
-7.75 13.75 2.45
-7.75 13.75 2.67
-7.75 13.8131 -0.22
-7.75 13.8131 0.0
-7.75 14.0 -0.3
-7.75 14.0 0.0
-7.75 14.0 2.45
-7.75 14.0 2.67
-7.75 14.0615 -0.22
-7.75 14.0615 0.0
-7.75 14.25 -0.3
-7.75 14.25 0.0
-7.75 14.25 2.45
-7.75 14.25 2.67
-7.75 14.31 -0.22
-7.75 14.31 0.0
-7.75 14.5 -0.3
-7.75 14.5 0.0
-7.75 14.5 2.45
-7.75 14.5 2.67
-7.75 14.5585 -0.22
-7.75 14.5585 0.0
-7.75 14.75 -0.3
-7.75 14.75 0.0
-7.75 14.75 2.45
-7.75 14.75 2.67
-7.75 14.8069 -0.22
-7.75 14.8069 0.0
-7.75 15.0 -0.3
-7.75 15.0 0.0
-7.75 15.0 2.45
-7.75 15.0 2.67
-7.75 15.0554 -0.22
-7.75 15.0554 0.0
-7.75 15.25 -0.3
-7.75 15.25 0.0
-7.75 15.25 2.45
-7.75 15.25 2.67
-7.75 15.3038 -0.22
-7.75 15.3038 0.0
-7.75 15.5 -0.3
-7.75 15.5 0.0
-7.75 15.5 2.45
-7.75 15.5 2.67
-7.75 15.5523 -0.22
-7.75 15.5523 0.0
-7.75 15.75 -0.3
-7.75 15.75 0.0
-7.75 15.75 2.45
-7.75 15.75 2.67
-7.75 15.8008 -0.22
-7.75 15.8008 0.0
-7.75 16.0 -0.3
-7.75 16.0 0.0
-7.75 16.0 2.45
-7.75 16.0 2.67
-7.75 16.0492 -0.22
-7.75 16.0492 0.0
-7.75 16.25 -0.3
-7.75 16.25 0.0
-7.75 16.25 2.45
-7.75 16.25 2.67
-7.75 16.2977 -0.22
-7.75 16.2977 0.0
-7.75 16.5 -0.3
-7.75 16.5 0.0
-7.75 16.5 2.45
-7.75 16.5 2.67
-7.75 16.5462 -0.22
-7.75 16.5462 0.0
-7.75 16.75 -0.3
-7.75 16.75 0.0
-7.75 16.75 2.45
-7.75 16.75 2.67
-7.75 16.7946 -0.22
-7.75 16.7946 0.0
-7.75 17.0 -0.3
-7.75 17.0 0.0
-7.75 17.0 2.45
-7.75 17.0 2.67
-7.75 17.0431 -0.22
-7.75 17.0431 0.0
-7.75 17.25 -0.3
-7.75 17.25 0.0
-7.75 17.25 2.45
-7.75 17.25 2.67
-7.75 17.2915 -0.22
-7.75 17.2915 0.0
-7.75 17.5 -0.3
-7.75 17.5 0.0
-7.75 17.5 2.45
-7.75 17.5 2.67
-7.75 17.54 -0.22
-7.75 17.54 0.0
-7.75 17.75 -0.3
-7.75 17.75 0.0
-7.75 17.75 2.45
-7.75 17.75 2.67
-7.75 17.7885 -0.22
-7.75 17.7885 0.0
-7.75 18.0 -0.3
-7.75 18.0 0.0
-7.75 18.0 2.45
-7.75 18.0 2.67
-7.75 18.0369 -0.22
-7.75 18.0369 0.0
-7.75 18.25 -0.3
-7.75 18.25 0.0
-7.75 18.25 2.45
-7.75 18.25 2.67
-7.75 18.2854 -0.22
-7.75 18.2854 0.0
-7.75 18.5 -0.3
-7.75 18.5 0.0
-7.75 18.5 2.45
-7.75 18.5 2.67
-7.75 18.5338 -0.22
-7.75 18.5338 0.0
-7.75 18.75 -0.3
-7.75 18.75 0.0
-7.75 18.75 2.45
-7.75 18.75 2.67
-7.75 18.7823 -0.22
-7.75 18.7823 0.0
-7.75 19.0 -0.3
-7.75 19.0 0.0
-7.75 19.0 2.45
-7.75 19.0 2.67
-7.75 19.0308 -0.22
-7.75 19.0308 0.0
-7.75 19.25 -0.3
-7.75 19.25 0.0
-7.75 19.25 2.45
-7.75 19.25 2.67
-7.75 19.2792 -0.22
-7.75 19.2792 0.0
-7.75 19.5 -0.3
-7.75 19.5 0.0
-7.75 19.5 2.45
-7.75 19.5 2.67
-7.75 19.5277 -0.22
-7.75 19.5277 0.0
-7.75 19.75 -0.3
-7.75 19.75 0.0
-7.75 19.75 2.45
-7.75 19.75 2.67
-7.75 19.7762 -0.22
-7.75 19.7762 0.0
-7.75 20.0 -0.3
-7.75 20.0 0.0
-7.75 20.0 2.45
-7.75 20.0 2.67
-7.75 20.0246 -0.22
-7.75 20.0246 0.0
-7.75 20.25 -0.3
-7.75 20.25 0.0
-7.75 20.25 2.45
-7.75 20.25 2.67
-7.75 20.2731 -0.22
-7.75 20.2731 0.0
-7.75 20.5 -0.3
-7.75 20.5 0.0
-7.75 20.5 2.45
-7.75 20.5 2.67
-7.75 20.5215 -0.22
-7.75 20.5215 0.0
-7.75 20.75 -0.3
-7.75 20.75 0.0
-7.75 20.75 2.45
-7.75 20.75 2.67
-7.75 20.77 -0.22
-7.75 20.77 0.0
-7.75 21.0 -0.3
-7.75 21.0 0.0
-7.75 21.0 2.45
-7.75 21.0 2.67
-7.75 21.0185 -0.22
-7.75 21.0185 0.0
-7.75 21.25 -0.3
-7.75 21.25 0.0
-7.75 21.25 2.45
-7.75 21.25 2.67
-7.75 21.2669 -0.22
-7.75 21.2669 0.0
-7.75 21.5 -0.3
-7.75 21.5 0.0
-7.75 21.5 2.45
-7.75 21.5 2.67
-7.75 21.5154 -0.22
-7.75 21.5154 0.0
-7.75 21.75 -0.3
-7.75 21.75 0.0
-7.75 21.75 2.45
-7.75 21.75 2.67
-7.75 21.7638 -0.22
-7.75 21.7638 0.0
-7.75 22.0 -0.3
-7.75 22.0 0.0
-7.75 22.0 2.45
-7.75 22.0 2.67
-7.75 22.0123 -0.22
-7.75 22.0123 0.0
-7.75 22.25 -0.3
-7.75 22.25 0.0
-7.75 22.25 2.45
-7.75 22.25 2.67
-7.75 22.2608 -0.22
-7.75 22.2608 0.0
-7.75 22.5 -0.3
-7.75 22.5 0.0
-7.75 22.5 2.45
-7.75 22.5 2.67
-7.75 22.5092 -0.22
-7.75 22.5092 0.0
-7.75 22.75 -0.3
-7.75 22.75 0.0
-7.75 22.75 2.45
-7.75 22.75 2.67
-7.75 22.7577 -0.22
-7.75 22.7577 0.0
-7.75 23.0 -0.3
-7.75 23.0 0.0
-7.75 23.0 2.45
-7.75 23.0 2.67
-7.75 23.0062 -0.22
-7.75 23.0062 0.0
-7.75 23.25 -0.3
-7.75 23.25 0.0
-7.75 23.25 2.45
-7.75 23.25 2.67
-7.75 23.2546 -0.22
-7.75 23.2546 0.0
-7.75 23.5 -0.3
-7.75 23.5 0.0
-7.75 23.5 2.45
-7.75 23.5 2.67
-7.75 23.5031 -0.22
-7.75 23.5031 0.0
-7.75 23.75 -0.3
-7.75 23.75 0.0
-7.75 23.75 2.45
-7.75 23.75 2.67
-7.75 23.7515 -0.22
-7.75 23.7515 0.0
-7.75 23.82 0.0
-7.75 23.82 0.245
-7.75 23.82 0.49
-7.75 23.82 0.735
-7.75 23.82 0.98
-7.75 23.82 1.225
-7.75 23.82 1.47
-7.75 23.82 1.715
-7.75 23.82 1.96
-7.75 23.82 2.205
-7.75 23.82 2.45
-7.75 24.0 -0.3
-7.75 24.0 -0.22
-7.75 24.0 0.0
-7.75 24.0 0.245
-7.75 24.0 0.49
-7.75 24.0 0.735
-7.75 24.0 0.98
-7.75 24.0 1.225
-7.75 24.0 1.47
-7.75 24.0 1.715
-7.75 24.0 1.96
-7.75 24.0 2.205
-7.75 24.0 2.45
-7.75 24.0 2.67
-7.75 24.25 -0.3
-7.75 24.25 0.0
-7.75 24.5 -0.3
-7.75 24.5 0.0
-7.75 24.75 -0.3
-7.75 24.75 0.0
-7.75 25.0 -0.3
-7.75 25.0 -0.15
-7.75 25.0 0.0
-7.5671 0.0 -0.22
-7.5671 0.0 0.0
-7.5671 0.2453 -0.22
-7.5671 0.2453 0.0
-7.5671 0.4906 -0.22
-7.5671 0.4906 0.0
-7.5671 0.7359 -0.22
-7.5671 0.7359 0.0
-7.5671 0.9813 -0.22
-7.5671 0.9813 0.0
-7.5671 1.2266 -0.22
-7.5671 1.2266 0.0
-7.5671 1.4719 -0.22
-7.5671 1.4719 0.0
-7.5671 1.7172 -0.22
-7.5671 1.7172 0.0
-7.5671 1.9625 -0.22
-7.5671 1.9625 0.0
-7.5671 2.2078 -0.22
-7.5671 2.2078 0.0
-7.5671 2.4531 -0.22
-7.5671 2.4531 0.0
-7.5671 2.6984 -0.22
-7.5671 2.6984 0.0
-7.5671 2.9437 -0.22
-7.5671 2.9437 0.0
-7.5671 3.1891 -0.22
-7.5671 3.1891 0.0
-7.5671 3.4344 -0.22
-7.5671 3.4344 0.0
-7.5671 3.6797 -0.22
-7.5671 3.6797 0.0
-7.5671 3.925 -0.22
-7.5671 3.925 0.0
-7.5671 4.1703 -0.22
-7.5671 4.1703 0.0
-7.5671 4.4156 -0.22
-7.5671 4.4156 0.0
-7.5671 4.6609 -0.22
-7.5671 4.6609 0.0
-7.5671 4.9062 -0.22
-7.5671 4.9062 0.0
-7.5671 5.1516 -0.22
-7.5671 5.1516 0.0
-7.5671 5.3969 -0.22
-7.5671 5.3969 0.0
-7.5671 5.6422 -0.22
-7.5671 5.6422 0.0
-7.5671 5.8875 -0.22
-7.5671 5.8875 0.0
-7.5671 6.1328 -0.22
-7.5671 6.1328 0.0
-7.5671 6.3781 -0.22
-7.5671 6.3781 0.0
-7.5671 6.6234 -0.22
-7.5671 6.6234 0.0
-7.5671 6.8687 -0.22
-7.5671 6.8687 0.0
-7.5671 7.1141 -0.22
-7.5671 7.1141 0.0
-7.5671 7.3594 -0.22
-7.5671 7.3594 0.0
-7.5671 7.6047 -0.22
-7.5671 7.6047 0.0
-7.5671 7.85 -0.22
-7.5671 7.85 0.0
-7.5133 7.85 0.0
-7.5133 7.85 0.245
-7.5133 7.85 0.49
-7.5133 7.85 0.735
-7.5133 7.85 0.98
-7.5133 7.85 1.225
-7.5133 7.85 1.47
-7.5133 7.85 1.715
-7.5133 7.85 1.96
-7.5133 7.85 2.205
-7.5133 7.85 2.45
-7.5133 8.03 0.0
-7.5133 8.03 0.245
-7.5133 8.03 0.49
-7.5133 8.03 0.735
-7.5133 8.03 0.98
-7.5133 8.03 1.225
-7.5133 8.03 1.47
-7.5133 8.03 1.715
-7.5133 8.03 1.96
-7.5133 8.03 2.205
-7.5133 8.03 2.45
-7.5133 23.73 0.0
-7.5133 23.73 0.245
-7.5133 23.73 0.49
-7.5133 23.73 0.735
-7.5133 23.73 0.98
-7.5133 23.73 1.225
-7.5133 23.73 1.47
-7.5133 23.73 1.715
-7.5133 23.73 1.96
-7.5133 23.73 2.205
-7.5133 23.73 2.45
-7.5133 23.91 0.0
-7.5133 23.91 0.245
-7.5133 23.91 0.49
-7.5133 23.91 0.735
-7.5133 23.91 0.98
-7.5133 23.91 1.225
-7.5133 23.91 1.47
-7.5133 23.91 1.715
-7.5133 23.91 1.96
-7.5133 23.91 2.205
-7.5133 23.91 2.45
-7.5038 0.0 0.0
-7.5038 0.0 0.245
-7.5038 0.0 0.49
-7.5038 0.0 0.735
-7.5038 0.0 0.98
-7.5038 0.0 1.225
-7.5038 0.0 1.47
-7.5038 0.0 1.715
-7.5038 0.0 1.96
-7.5038 0.0 2.205
-7.5038 0.0 2.45
-7.5038 0.18 0.0
-7.5038 0.18 0.245
-7.5038 0.18 0.49
-7.5038 0.18 0.735
-7.5038 0.18 0.98
-7.5038 0.18 1.225
-7.5038 0.18 1.47
-7.5038 0.18 1.715
-7.5038 0.18 1.96
-7.5038 0.18 2.205
-7.5038 0.18 2.45
-7.5 -1.0 -0.3
-7.5 -1.0 -0.15
-7.5 -1.0 0.0
-7.5 -0.75 -0.3
-7.5 -0.75 0.0
-7.5 -0.5 -0.3
-7.5 -0.5 0.0
-7.5 -0.25 -0.3
-7.5 -0.25 0.0
-7.5 0.0 -0.3
-7.5 0.0 0.0
-7.5 0.0 2.45
-7.5 0.0 2.67
-7.5 0.25 -0.3
-7.5 0.25 0.0
-7.5 0.25 2.45
-7.5 0.25 2.67
-7.5 0.5 -0.3
-7.5 0.5 0.0
-7.5 0.5 2.45
-7.5 0.5 2.67
-7.5 0.75 -0.3
-7.5 0.75 0.0
-7.5 0.75 2.45
-7.5 0.75 2.67
-7.5 1.0 -0.3
-7.5 1.0 0.0
-7.5 1.0 2.45
-7.5 1.0 2.67
-7.5 1.25 -0.3
-7.5 1.25 0.0
-7.5 1.25 2.45
-7.5 1.25 2.67
-7.5 1.5 -0.3
-7.5 1.5 0.0
-7.5 1.5 2.45
-7.5 1.5 2.67
-7.5 1.75 -0.3
-7.5 1.75 0.0
-7.5 1.75 2.45
-7.5 1.75 2.67
-7.5 2.0 -0.3
-7.5 2.0 0.0
-7.5 2.0 2.45
-7.5 2.0 2.67
-7.5 2.25 -0.3
-7.5 2.25 0.0
-7.5 2.25 2.45
-7.5 2.25 2.67
-7.5 2.5 -0.3
-7.5 2.5 0.0
-7.5 2.5 2.45
-7.5 2.5 2.67
-7.5 2.75 -0.3
-7.5 2.75 0.0
-7.5 2.75 2.45
-7.5 2.75 2.67
-7.5 3.0 -0.3
-7.5 3.0 0.0
-7.5 3.0 2.45
-7.5 3.0 2.67
-7.5 3.25 -0.3
-7.5 3.25 0.0
-7.5 3.25 2.45
-7.5 3.25 2.67
-7.5 3.5 -0.3
-7.5 3.5 0.0
-7.5 3.5 2.45
-7.5 3.5 2.67
-7.5 3.75 -0.3
-7.5 3.75 0.0
-7.5 3.75 2.45
-7.5 3.75 2.67
-7.5 4.0 -0.3
-7.5 4.0 0.0
-7.5 4.0 2.45
-7.5 4.0 2.67
-7.5 4.25 -0.3
-7.5 4.25 0.0
-7.5 4.25 2.45
-7.5 4.25 2.67
-7.5 4.5 -0.3
-7.5 4.5 0.0
-7.5 4.5 2.45
-7.5 4.5 2.67
-7.5 4.75 -0.3
-7.5 4.75 0.0
-7.5 4.75 2.45
-7.5 4.75 2.67
-7.5 5.0 -0.3
-7.5 5.0 0.0
-7.5 5.0 2.45
-7.5 5.0 2.67
-7.5 5.25 -0.3
-7.5 5.25 0.0
-7.5 5.25 2.45
-7.5 5.25 2.67
-7.5 5.5 -0.3
-7.5 5.5 0.0
-7.5 5.5 2.45
-7.5 5.5 2.67
-7.5 5.75 -0.3
-7.5 5.75 0.0
-7.5 5.75 2.45
-7.5 5.75 2.67
-7.5 6.0 -0.3
-7.5 6.0 0.0
-7.5 6.0 2.45
-7.5 6.0 2.67
-7.5 6.25 -0.3
-7.5 6.25 0.0
-7.5 6.25 2.45
-7.5 6.25 2.67
-7.5 6.5 -0.3
-7.5 6.5 0.0
-7.5 6.5 2.45
-7.5 6.5 2.67
-7.5 6.75 -0.3
-7.5 6.75 0.0
-7.5 6.75 2.45
-7.5 6.75 2.67
-7.5 7.0 -0.3
-7.5 7.0 0.0
-7.5 7.0 2.45
-7.5 7.0 2.67
-7.5 7.25 -0.3
-7.5 7.25 0.0
-7.5 7.25 2.45
-7.5 7.25 2.67
-7.5 7.5 -0.3
-7.5 7.5 0.0
-7.5 7.5 2.45
-7.5 7.5 2.67
-7.5 7.75 -0.3
-7.5 7.75 0.0
-7.5 7.75 2.45
-7.5 7.75 2.67
-7.5 7.85 -0.22
-7.5 7.85 0.0
-7.5 8.0 -0.3
-7.5 8.0 0.0
-7.5 8.0 2.45
-7.5 8.0 2.67
-7.5 8.0985 -0.22
-7.5 8.0985 0.0
-7.5 8.25 -0.3
-7.5 8.25 0.0
-7.5 8.25 2.45
-7.5 8.25 2.67
-7.5 8.3469 -0.22
-7.5 8.3469 0.0
-7.5 8.5 -0.3
-7.5 8.5 0.0
-7.5 8.5 2.45
-7.5 8.5 2.67
-7.5 8.5954 -0.22
-7.5 8.5954 0.0
-7.5 8.75 -0.3
-7.5 8.75 0.0
-7.5 8.75 2.45
-7.5 8.75 2.67
-7.5 8.8438 -0.22
-7.5 8.8438 0.0
-7.5 9.0 -0.3
-7.5 9.0 0.0
-7.5 9.0 2.45
-7.5 9.0 2.67
-7.5 9.0923 -0.22
-7.5 9.0923 0.0
-7.5 9.25 -0.3
-7.5 9.25 0.0
-7.5 9.25 2.45
-7.5 9.25 2.67
-7.5 9.3408 -0.22
-7.5 9.3408 0.0
-7.5 9.5 -0.3
-7.5 9.5 0.0
-7.5 9.5 2.45
-7.5 9.5 2.67
-7.5 9.5892 -0.22
-7.5 9.5892 0.0
-7.5 9.75 -0.3
-7.5 9.75 0.0
-7.5 9.75 2.45
-7.5 9.75 2.67
-7.5 9.8377 -0.22
-7.5 9.8377 0.0
-7.5 10.0 -0.3
-7.5 10.0 0.0
-7.5 10.0 2.45
-7.5 10.0 2.67
-7.5 10.0862 -0.22
-7.5 10.0862 0.0
-7.5 10.25 -0.3
-7.5 10.25 0.0
-7.5 10.25 2.45
-7.5 10.25 2.67
-7.5 10.3346 -0.22
-7.5 10.3346 0.0
-7.5 10.5 -0.3
-7.5 10.5 0.0
-7.5 10.5 2.45
-7.5 10.5 2.67
-7.5 10.5831 -0.22
-7.5 10.5831 0.0
-7.5 10.75 -0.3
-7.5 10.75 0.0
-7.5 10.75 2.45
-7.5 10.75 2.67
-7.5 10.8315 -0.22
-7.5 10.8315 0.0
-7.5 11.0 -0.3
-7.5 11.0 0.0
-7.5 11.0 2.45
-7.5 11.0 2.67
-7.5 11.08 -0.22
-7.5 11.08 0.0
-7.5 11.25 -0.3
-7.5 11.25 0.0
-7.5 11.25 2.45
-7.5 11.25 2.67
-7.5 11.3285 -0.22
-7.5 11.3285 0.0
-7.5 11.5 -0.3
-7.5 11.5 0.0
-7.5 11.5 2.45
-7.5 11.5 2.67
-7.5 11.5769 -0.22
-7.5 11.5769 0.0
-7.5 11.75 -0.3
-7.5 11.75 0.0
-7.5 11.75 2.45
-7.5 11.75 2.67
-7.5 11.8254 -0.22
-7.5 11.8254 0.0
-7.5 12.0 -0.3
-7.5 12.0 0.0
-7.5 12.0 2.45
-7.5 12.0 2.67
-7.5 12.0738 -0.22
-7.5 12.0738 0.0
-7.5 12.25 -0.3
-7.5 12.25 0.0
-7.5 12.25 2.45
-7.5 12.25 2.67
-7.5 12.3223 -0.22
-7.5 12.3223 0.0
-7.5 12.5 -0.3
-7.5 12.5 0.0
-7.5 12.5 2.45
-7.5 12.5 2.67
-7.5 12.5708 -0.22
-7.5 12.5708 0.0
-7.5 12.75 -0.3
-7.5 12.75 0.0
-7.5 12.75 2.45
-7.5 12.75 2.67
-7.5 12.8192 -0.22
-7.5 12.8192 0.0
-7.5 13.0 -0.3
-7.5 13.0 0.0
-7.5 13.0 2.45
-7.5 13.0 2.67
-7.5 13.0677 -0.22
-7.5 13.0677 0.0
-7.5 13.25 -0.3
-7.5 13.25 0.0
-7.5 13.25 2.45
-7.5 13.25 2.67
-7.5 13.3162 -0.22
-7.5 13.3162 0.0
-7.5 13.5 -0.3
-7.5 13.5 0.0
-7.5 13.5 2.45
-7.5 13.5 2.67
-7.5 13.5646 -0.22
-7.5 13.5646 0.0
-7.5 13.75 -0.3
-7.5 13.75 0.0
-7.5 13.75 2.45
-7.5 13.75 2.67
-7.5 13.8131 -0.22
-7.5 13.8131 0.0
-7.5 14.0 -0.3
-7.5 14.0 0.0
-7.5 14.0 2.45
-7.5 14.0 2.67
-7.5 14.0615 -0.22
-7.5 14.0615 0.0
-7.5 14.25 -0.3
-7.5 14.25 0.0
-7.5 14.25 2.45
-7.5 14.25 2.67
-7.5 14.31 -0.22
-7.5 14.31 0.0
-7.5 14.5 -0.3
-7.5 14.5 0.0
-7.5 14.5 2.45
-7.5 14.5 2.67
-7.5 14.5585 -0.22
-7.5 14.5585 0.0
-7.5 14.75 -0.3
-7.5 14.75 0.0
-7.5 14.75 2.45
-7.5 14.75 2.67
-7.5 14.8069 -0.22
-7.5 14.8069 0.0
-7.5 15.0 -0.3
-7.5 15.0 0.0
-7.5 15.0 2.45
-7.5 15.0 2.67
-7.5 15.0554 -0.22
-7.5 15.0554 0.0
-7.5 15.25 -0.3
-7.5 15.25 0.0
-7.5 15.25 2.45
-7.5 15.25 2.67
-7.5 15.3038 -0.22
-7.5 15.3038 0.0
-7.5 15.5 -0.3
-7.5 15.5 0.0
-7.5 15.5 2.45
-7.5 15.5 2.67
-7.5 15.5523 -0.22
-7.5 15.5523 0.0
-7.5 15.75 -0.3
-7.5 15.75 0.0
-7.5 15.75 2.45
-7.5 15.75 2.67
-7.5 15.8008 -0.22
-7.5 15.8008 0.0
-7.5 16.0 -0.3
-7.5 16.0 0.0
-7.5 16.0 2.45
-7.5 16.0 2.67
-7.5 16.0492 -0.22
-7.5 16.0492 0.0
-7.5 16.25 -0.3
-7.5 16.25 0.0
-7.5 16.25 2.45
-7.5 16.25 2.67
-7.5 16.2977 -0.22
-7.5 16.2977 0.0
-7.5 16.5 -0.3
-7.5 16.5 0.0
-7.5 16.5 2.45
-7.5 16.5 2.67
-7.5 16.5462 -0.22
-7.5 16.5462 0.0
-7.5 16.75 -0.3
-7.5 16.75 0.0
-7.5 16.75 2.45
-7.5 16.75 2.67
-7.5 16.7946 -0.22
-7.5 16.7946 0.0
-7.5 17.0 -0.3
-7.5 17.0 0.0
-7.5 17.0 2.45
-7.5 17.0 2.67
-7.5 17.0431 -0.22
-7.5 17.0431 0.0
-7.5 17.25 -0.3
-7.5 17.25 0.0
-7.5 17.25 2.45
-7.5 17.25 2.67
-7.5 17.2915 -0.22
-7.5 17.2915 0.0
-7.5 17.5 -0.3
-7.5 17.5 0.0
-7.5 17.5 2.45
-7.5 17.5 2.67
-7.5 17.54 -0.22
-7.5 17.54 0.0
-7.5 17.75 -0.3
-7.5 17.75 0.0
-7.5 17.75 2.45
-7.5 17.75 2.67
-7.5 17.7885 -0.22
-7.5 17.7885 0.0
-7.5 18.0 -0.3
-7.5 18.0 0.0
-7.5 18.0 2.45
-7.5 18.0 2.67
-7.5 18.0369 -0.22
-7.5 18.0369 0.0
-7.5 18.25 -0.3
-7.5 18.25 0.0
-7.5 18.25 2.45
-7.5 18.25 2.67
-7.5 18.2854 -0.22
-7.5 18.2854 0.0
-7.5 18.5 -0.3
-7.5 18.5 0.0
-7.5 18.5 2.45
-7.5 18.5 2.67
-7.5 18.5338 -0.22
-7.5 18.5338 0.0
-7.5 18.75 -0.3
-7.5 18.75 0.0
-7.5 18.75 2.45
-7.5 18.75 2.67
-7.5 18.7823 -0.22
-7.5 18.7823 0.0
-7.5 19.0 -0.3
-7.5 19.0 0.0
-7.5 19.0 2.45
-7.5 19.0 2.67
-7.5 19.0308 -0.22
-7.5 19.0308 0.0
-7.5 19.25 -0.3
-7.5 19.25 0.0
-7.5 19.25 2.45
-7.5 19.25 2.67
-7.5 19.2792 -0.22
-7.5 19.2792 0.0
-7.5 19.5 -0.3
-7.5 19.5 0.0
-7.5 19.5 2.45
-7.5 19.5 2.67
-7.5 19.5277 -0.22
-7.5 19.5277 0.0
-7.5 19.75 -0.3
-7.5 19.75 0.0
-7.5 19.75 2.45
-7.5 19.75 2.67
-7.5 19.7762 -0.22
-7.5 19.7762 0.0
-7.5 20.0 -0.3
-7.5 20.0 0.0
-7.5 20.0 2.45
-7.5 20.0 2.67
-7.5 20.0246 -0.22
-7.5 20.0246 0.0
-7.5 20.25 -0.3
-7.5 20.25 0.0
-7.5 20.25 2.45
-7.5 20.25 2.67
-7.5 20.2731 -0.22
-7.5 20.2731 0.0
-7.5 20.5 -0.3
-7.5 20.5 0.0
-7.5 20.5 2.45
-7.5 20.5 2.67
-7.5 20.5215 -0.22
-7.5 20.5215 0.0
-7.5 20.75 -0.3
-7.5 20.75 0.0
-7.5 20.75 2.45
-7.5 20.75 2.67
-7.5 20.77 -0.22
-7.5 20.77 0.0
-7.5 21.0 -0.3
-7.5 21.0 0.0
-7.5 21.0 2.45
-7.5 21.0 2.67
-7.5 21.0185 -0.22
-7.5 21.0185 0.0
-7.5 21.25 -0.3
-7.5 21.25 0.0
-7.5 21.25 2.45
-7.5 21.25 2.67
-7.5 21.2669 -0.22
-7.5 21.2669 0.0
-7.5 21.5 -0.3
-7.5 21.5 0.0
-7.5 21.5 2.45
-7.5 21.5 2.67
-7.5 21.5154 -0.22
-7.5 21.5154 0.0
-7.5 21.75 -0.3
-7.5 21.75 0.0
-7.5 21.75 2.45
-7.5 21.75 2.67
-7.5 21.7638 -0.22
-7.5 21.7638 0.0
-7.5 22.0 -0.3
-7.5 22.0 0.0
-7.5 22.0 2.45
-7.5 22.0 2.67
-7.5 22.0123 -0.22
-7.5 22.0123 0.0
-7.5 22.25 -0.3
-7.5 22.25 0.0
-7.5 22.25 2.45
-7.5 22.25 2.67
-7.5 22.2608 -0.22
-7.5 22.2608 0.0
-7.5 22.5 -0.3
-7.5 22.5 0.0
-7.5 22.5 2.45
-7.5 22.5 2.67
-7.5 22.5092 -0.22
-7.5 22.5092 0.0
-7.5 22.75 -0.3
-7.5 22.75 0.0
-7.5 22.75 2.45
-7.5 22.75 2.67
-7.5 22.7577 -0.22
-7.5 22.7577 0.0
-7.5 23.0 -0.3
-7.5 23.0 0.0
-7.5 23.0 2.45
-7.5 23.0 2.67
-7.5 23.0062 -0.22
-7.5 23.0062 0.0
-7.5 23.25 -0.3
-7.5 23.25 0.0
-7.5 23.25 2.45
-7.5 23.25 2.67
-7.5 23.2546 -0.22
-7.5 23.2546 0.0
-7.5 23.5 -0.3
-7.5 23.5 0.0
-7.5 23.5 2.45
-7.5 23.5 2.67
-7.5 23.5031 -0.22
-7.5 23.5031 0.0
-7.5 23.75 -0.3
-7.5 23.75 0.0
-7.5 23.75 2.45
-7.5 23.75 2.67
-7.5 23.7515 -0.22
-7.5 23.7515 0.0
-7.5 23.82 0.0
-7.5 23.82 0.245
-7.5 23.82 0.49
-7.5 23.82 0.735
-7.5 23.82 0.98
-7.5 23.82 1.225
-7.5 23.82 1.47
-7.5 23.82 1.715
-7.5 23.82 1.96
-7.5 23.82 2.205
-7.5 23.82 2.45
-7.5 24.0 -0.3
-7.5 24.0 -0.22
-7.5 24.0 0.0
-7.5 24.0 0.245
-7.5 24.0 0.49
-7.5 24.0 0.735
-7.5 24.0 0.98
-7.5 24.0 1.225
-7.5 24.0 1.47
-7.5 24.0 1.715
-7.5 24.0 1.96
-7.5 24.0 2.205
-7.5 24.0 2.45
-7.5 24.0 2.67
-7.5 24.25 -0.3
-7.5 24.25 0.0
-7.5 24.5 -0.3
-7.5 24.5 0.0
-7.5 24.75 -0.3
-7.5 24.75 0.0
-7.5 25.0 -0.3
-7.5 25.0 -0.15
-7.5 25.0 0.0
-7.3282 0.0 -0.22
-7.3282 0.0 0.0
-7.3282 0.2453 -0.22
-7.3282 0.2453 0.0
-7.3282 0.4906 -0.22
-7.3282 0.4906 0.0
-7.3282 0.7359 -0.22
-7.3282 0.7359 0.0
-7.3282 0.9813 -0.22
-7.3282 0.9813 0.0
-7.3282 1.2266 -0.22
-7.3282 1.2266 0.0
-7.3282 1.4719 -0.22
-7.3282 1.4719 0.0
-7.3282 1.7172 -0.22
-7.3282 1.7172 0.0
-7.3282 1.9625 -0.22
-7.3282 1.9625 0.0
-7.3282 2.2078 -0.22
-7.3282 2.2078 0.0
-7.3282 2.4531 -0.22
-7.3282 2.4531 0.0
-7.3282 2.6984 -0.22
-7.3282 2.6984 0.0
-7.3282 2.9437 -0.22
-7.3282 2.9437 0.0
-7.3282 3.1891 -0.22
-7.3282 3.1891 0.0
-7.3282 3.4344 -0.22
-7.3282 3.4344 0.0
-7.3282 3.6797 -0.22
-7.3282 3.6797 0.0
-7.3282 3.925 -0.22
-7.3282 3.925 0.0
-7.3282 4.1703 -0.22
-7.3282 4.1703 0.0
-7.3282 4.4156 -0.22
-7.3282 4.4156 0.0
-7.3282 4.6609 -0.22
-7.3282 4.6609 0.0
-7.3282 4.9062 -0.22
-7.3282 4.9062 0.0
-7.3282 5.1516 -0.22
-7.3282 5.1516 0.0
-7.3282 5.3969 -0.22
-7.3282 5.3969 0.0
-7.3282 5.6422 -0.22
-7.3282 5.6422 0.0
-7.3282 5.8875 -0.22
-7.3282 5.8875 0.0
-7.3282 6.1328 -0.22
-7.3282 6.1328 0.0
-7.3282 6.3781 -0.22
-7.3282 6.3781 0.0
-7.3282 6.6234 -0.22
-7.3282 6.6234 0.0
-7.3282 6.8687 -0.22
-7.3282 6.8687 0.0
-7.3282 7.1141 -0.22
-7.3282 7.1141 0.0
-7.3282 7.3594 -0.22
-7.3282 7.3594 0.0
-7.3282 7.6047 -0.22
-7.3282 7.6047 0.0
-7.3282 7.85 -0.22
-7.3282 7.85 0.0
-7.2667 7.85 0.0
-7.2667 7.85 0.245
-7.2667 7.85 0.49
-7.2667 7.85 0.735
-7.2667 7.85 0.98
-7.2667 7.85 1.225
-7.2667 7.85 1.47
-7.2667 7.85 1.715
-7.2667 7.85 1.96
-7.2667 7.85 2.205
-7.2667 7.85 2.45
-7.2667 8.03 0.0
-7.2667 8.03 0.245
-7.2667 8.03 0.49
-7.2667 8.03 0.735
-7.2667 8.03 0.98
-7.2667 8.03 1.225
-7.2667 8.03 1.47
-7.2667 8.03 1.715
-7.2667 8.03 1.96
-7.2667 8.03 2.205
-7.2667 8.03 2.45
-7.2667 23.73 0.0
-7.2667 23.73 0.245
-7.2667 23.73 0.49
-7.2667 23.73 0.735
-7.2667 23.73 0.98
-7.2667 23.73 1.225
-7.2667 23.73 1.47
-7.2667 23.73 1.715
-7.2667 23.73 1.96
-7.2667 23.73 2.205
-7.2667 23.73 2.45
-7.2667 23.91 0.0
-7.2667 23.91 0.245
-7.2667 23.91 0.49
-7.2667 23.91 0.735
-7.2667 23.91 0.98
-7.2667 23.91 1.225
-7.2667 23.91 1.47
-7.2667 23.91 1.715
-7.2667 23.91 1.96
-7.2667 23.91 2.205
-7.2667 23.91 2.45
-7.2544 0.0 0.0
-7.2544 0.0 0.245
-7.2544 0.0 0.49
-7.2544 0.0 0.735
-7.2544 0.0 0.98
-7.2544 0.0 1.225
-7.2544 0.0 1.47
-7.2544 0.0 1.715
-7.2544 0.0 1.96
-7.2544 0.0 2.205
-7.2544 0.0 2.45
-7.2544 0.18 0.0
-7.2544 0.18 0.245
-7.2544 0.18 0.49
-7.2544 0.18 0.735
-7.2544 0.18 0.98
-7.2544 0.18 1.225
-7.2544 0.18 1.47
-7.2544 0.18 1.715
-7.2544 0.18 1.96
-7.2544 0.18 2.205
-7.2544 0.18 2.45
-7.25 -1.0 -0.3
-7.25 -1.0 -0.15
-7.25 -1.0 0.0
-7.25 -0.75 -0.3
-7.25 -0.75 0.0
-7.25 -0.5 -0.3
-7.25 -0.5 0.0
-7.25 -0.25 -0.3
-7.25 -0.25 0.0
-7.25 0.0 -0.3
-7.25 0.0 0.0
-7.25 0.0 2.45
-7.25 0.0 2.67
-7.25 0.25 -0.3
-7.25 0.25 0.0
-7.25 0.25 2.45
-7.25 0.25 2.67
-7.25 0.5 -0.3
-7.25 0.5 0.0
-7.25 0.5 2.45
-7.25 0.5 2.67
-7.25 0.75 -0.3
-7.25 0.75 0.0
-7.25 0.75 2.45
-7.25 0.75 2.67
-7.25 1.0 -0.3
-7.25 1.0 0.0
-7.25 1.0 2.45
-7.25 1.0 2.67
-7.25 1.25 -0.3
-7.25 1.25 0.0
-7.25 1.25 2.45
-7.25 1.25 2.67
-7.25 1.5 -0.3
-7.25 1.5 0.0
-7.25 1.5 2.45
-7.25 1.5 2.67
-7.25 1.75 -0.3
-7.25 1.75 0.0
-7.25 1.75 2.45
-7.25 1.75 2.67
-7.25 2.0 -0.3
-7.25 2.0 0.0
-7.25 2.0 2.45
-7.25 2.0 2.67
-7.25 2.25 -0.3
-7.25 2.25 0.0
-7.25 2.25 2.45
-7.25 2.25 2.67
-7.25 2.5 -0.3
-7.25 2.5 0.0
-7.25 2.5 2.45
-7.25 2.5 2.67
-7.25 2.75 -0.3
-7.25 2.75 0.0
-7.25 2.75 2.45
-7.25 2.75 2.67
-7.25 3.0 -0.3
-7.25 3.0 0.0
-7.25 3.0 2.45
-7.25 3.0 2.67
-7.25 3.25 -0.3
-7.25 3.25 0.0
-7.25 3.25 2.45
-7.25 3.25 2.67
-7.25 3.5 -0.3
-7.25 3.5 0.0
-7.25 3.5 2.45
-7.25 3.5 2.67
-7.25 3.75 -0.3
-7.25 3.75 0.0
-7.25 3.75 2.45
-7.25 3.75 2.67
-7.25 4.0 -0.3
-7.25 4.0 0.0
-7.25 4.0 2.45
-7.25 4.0 2.67
-7.25 4.25 -0.3
-7.25 4.25 0.0
-7.25 4.25 2.45
-7.25 4.25 2.67
-7.25 4.5 -0.3
-7.25 4.5 0.0
-7.25 4.5 2.45
-7.25 4.5 2.67
-7.25 4.75 -0.3
-7.25 4.75 0.0
-7.25 4.75 2.45
-7.25 4.75 2.67
-7.25 5.0 -0.3
-7.25 5.0 0.0
-7.25 5.0 2.45
-7.25 5.0 2.67
-7.25 5.25 -0.3
-7.25 5.25 0.0
-7.25 5.25 2.45
-7.25 5.25 2.67
-7.25 5.5 -0.3
-7.25 5.5 0.0
-7.25 5.5 2.45
-7.25 5.5 2.67
-7.25 5.75 -0.3
-7.25 5.75 0.0
-7.25 5.75 2.45
-7.25 5.75 2.67
-7.25 6.0 -0.3
-7.25 6.0 0.0
-7.25 6.0 2.45
-7.25 6.0 2.67
-7.25 6.25 -0.3
-7.25 6.25 0.0
-7.25 6.25 2.45
-7.25 6.25 2.67
-7.25 6.5 -0.3
-7.25 6.5 0.0
-7.25 6.5 2.45
-7.25 6.5 2.67
-7.25 6.75 -0.3
-7.25 6.75 0.0
-7.25 6.75 2.45
-7.25 6.75 2.67
-7.25 7.0 -0.3
-7.25 7.0 0.0
-7.25 7.0 2.45
-7.25 7.0 2.67
-7.25 7.25 -0.3
-7.25 7.25 0.0
-7.25 7.25 2.45
-7.25 7.25 2.67
-7.25 7.5 -0.3
-7.25 7.5 0.0
-7.25 7.5 2.45
-7.25 7.5 2.67
-7.25 7.75 -0.3
-7.25 7.75 0.0
-7.25 7.75 2.45
-7.25 7.75 2.67
-7.25 7.85 -0.22
-7.25 7.85 0.0
-7.25 8.0 -0.3
-7.25 8.0 0.0
-7.25 8.0 2.45
-7.25 8.0 2.67
-7.25 8.0985 -0.22
-7.25 8.0985 0.0
-7.25 8.25 -0.3
-7.25 8.25 0.0
-7.25 8.25 2.45
-7.25 8.25 2.67
-7.25 8.3469 -0.22
-7.25 8.3469 0.0
-7.25 8.5 -0.3
-7.25 8.5 0.0
-7.25 8.5 2.45
-7.25 8.5 2.67
-7.25 8.5954 -0.22
-7.25 8.5954 0.0
-7.25 8.75 -0.3
-7.25 8.75 0.0
-7.25 8.75 2.45
-7.25 8.75 2.67
-7.25 8.8438 -0.22
-7.25 8.8438 0.0
-7.25 9.0 -0.3
-7.25 9.0 0.0
-7.25 9.0 2.45
-7.25 9.0 2.67
-7.25 9.0923 -0.22
-7.25 9.0923 0.0
-7.25 9.25 -0.3
-7.25 9.25 0.0
-7.25 9.25 2.45
-7.25 9.25 2.67
-7.25 9.3408 -0.22
-7.25 9.3408 0.0
-7.25 9.5 -0.3
-7.25 9.5 0.0
-7.25 9.5 2.45
-7.25 9.5 2.67
-7.25 9.5892 -0.22
-7.25 9.5892 0.0
-7.25 9.75 -0.3
-7.25 9.75 0.0
-7.25 9.75 2.45
-7.25 9.75 2.67
-7.25 9.8377 -0.22
-7.25 9.8377 0.0
-7.25 10.0 -0.3
-7.25 10.0 0.0
-7.25 10.0 2.45
-7.25 10.0 2.67
-7.25 10.0862 -0.22
-7.25 10.0862 0.0
-7.25 10.25 -0.3
-7.25 10.25 0.0
-7.25 10.25 2.45
-7.25 10.25 2.67
-7.25 10.3346 -0.22
-7.25 10.3346 0.0
-7.25 10.5 -0.3
-7.25 10.5 0.0
-7.25 10.5 2.45
-7.25 10.5 2.67
-7.25 10.5831 -0.22
-7.25 10.5831 0.0
-7.25 10.75 -0.3
-7.25 10.75 0.0
-7.25 10.75 2.45
-7.25 10.75 2.67
-7.25 10.8315 -0.22
-7.25 10.8315 0.0
-7.25 11.0 -0.3
-7.25 11.0 0.0
-7.25 11.0 2.45
-7.25 11.0 2.67
-7.25 11.08 -0.22
-7.25 11.08 0.0
-7.25 11.25 -0.3
-7.25 11.25 0.0
-7.25 11.25 2.45
-7.25 11.25 2.67
-7.25 11.3285 -0.22
-7.25 11.3285 0.0
-7.25 11.5 -0.3
-7.25 11.5 0.0
-7.25 11.5 2.45
-7.25 11.5 2.67
-7.25 11.5769 -0.22
-7.25 11.5769 0.0
-7.25 11.75 -0.3
-7.25 11.75 0.0
-7.25 11.75 2.45
-7.25 11.75 2.67
-7.25 11.8254 -0.22
-7.25 11.8254 0.0
-7.25 12.0 -0.3
-7.25 12.0 0.0
-7.25 12.0 2.45
-7.25 12.0 2.67
-7.25 12.0738 -0.22
-7.25 12.0738 0.0
-7.25 12.25 -0.3
-7.25 12.25 0.0
-7.25 12.25 2.45
-7.25 12.25 2.67
-7.25 12.3223 -0.22
-7.25 12.3223 0.0
-7.25 12.5 -0.3
-7.25 12.5 0.0
-7.25 12.5 2.45
-7.25 12.5 2.67
-7.25 12.5708 -0.22
-7.25 12.5708 0.0
-7.25 12.75 -0.3
-7.25 12.75 0.0
-7.25 12.75 2.45
-7.25 12.75 2.67
-7.25 12.8192 -0.22
-7.25 12.8192 0.0
-7.25 13.0 -0.3
-7.25 13.0 0.0
-7.25 13.0 2.45
-7.25 13.0 2.67
-7.25 13.0677 -0.22
-7.25 13.0677 0.0
-7.25 13.25 -0.3
-7.25 13.25 0.0
-7.25 13.25 2.45
-7.25 13.25 2.67
-7.25 13.3162 -0.22
-7.25 13.3162 0.0
-7.25 13.5 -0.3
-7.25 13.5 0.0
-7.25 13.5 2.45
-7.25 13.5 2.67
-7.25 13.5646 -0.22
-7.25 13.5646 0.0
-7.25 13.75 -0.3
-7.25 13.75 0.0
-7.25 13.75 2.45
-7.25 13.75 2.67
-7.25 13.8131 -0.22
-7.25 13.8131 0.0
-7.25 14.0 -0.3
-7.25 14.0 0.0
-7.25 14.0 2.45
-7.25 14.0 2.67
-7.25 14.0615 -0.22
-7.25 14.0615 0.0
-7.25 14.25 -0.3
-7.25 14.25 0.0
-7.25 14.25 2.45
-7.25 14.25 2.67
-7.25 14.31 -0.22
-7.25 14.31 0.0
-7.25 14.5 -0.3
-7.25 14.5 0.0
-7.25 14.5 2.45
-7.25 14.5 2.67
-7.25 14.5585 -0.22
-7.25 14.5585 0.0
-7.25 14.75 -0.3
-7.25 14.75 0.0
-7.25 14.75 2.45
-7.25 14.75 2.67
-7.25 14.8069 -0.22
-7.25 14.8069 0.0
-7.25 15.0 -0.3
-7.25 15.0 0.0
-7.25 15.0 2.45
-7.25 15.0 2.67
-7.25 15.0554 -0.22
-7.25 15.0554 0.0
-7.25 15.25 -0.3
-7.25 15.25 0.0
-7.25 15.25 2.45
-7.25 15.25 2.67
-7.25 15.3038 -0.22
-7.25 15.3038 0.0
-7.25 15.5 -0.3
-7.25 15.5 0.0
-7.25 15.5 2.45
-7.25 15.5 2.67
-7.25 15.5523 -0.22
-7.25 15.5523 0.0
-7.25 15.75 -0.3
-7.25 15.75 0.0
-7.25 15.75 2.45
-7.25 15.75 2.67
-7.25 15.8008 -0.22
-7.25 15.8008 0.0
-7.25 16.0 -0.3
-7.25 16.0 0.0
-7.25 16.0 2.45
-7.25 16.0 2.67
-7.25 16.0492 -0.22
-7.25 16.0492 0.0
-7.25 16.25 -0.3
-7.25 16.25 0.0
-7.25 16.25 2.45
-7.25 16.25 2.67
-7.25 16.2977 -0.22
-7.25 16.2977 0.0
-7.25 16.5 -0.3
-7.25 16.5 0.0
-7.25 16.5 2.45
-7.25 16.5 2.67
-7.25 16.5462 -0.22
-7.25 16.5462 0.0
-7.25 16.75 -0.3
-7.25 16.75 0.0
-7.25 16.75 2.45
-7.25 16.75 2.67
-7.25 16.7946 -0.22
-7.25 16.7946 0.0
-7.25 17.0 -0.3
-7.25 17.0 0.0
-7.25 17.0 2.45
-7.25 17.0 2.67
-7.25 17.0431 -0.22
-7.25 17.0431 0.0
-7.25 17.25 -0.3
-7.25 17.25 0.0
-7.25 17.25 2.45
-7.25 17.25 2.67
-7.25 17.2915 -0.22
-7.25 17.2915 0.0
-7.25 17.5 -0.3
-7.25 17.5 0.0
-7.25 17.5 2.45
-7.25 17.5 2.67
-7.25 17.54 -0.22
-7.25 17.54 0.0
-7.25 17.75 -0.3
-7.25 17.75 0.0
-7.25 17.75 2.45
-7.25 17.75 2.67
-7.25 17.7885 -0.22
-7.25 17.7885 0.0
-7.25 18.0 -0.3
-7.25 18.0 0.0
-7.25 18.0 2.45
-7.25 18.0 2.67
-7.25 18.0369 -0.22
-7.25 18.0369 0.0
-7.25 18.25 -0.3
-7.25 18.25 0.0
-7.25 18.25 2.45
-7.25 18.25 2.67
-7.25 18.2854 -0.22
-7.25 18.2854 0.0
-7.25 18.5 -0.3
-7.25 18.5 0.0
-7.25 18.5 2.45
-7.25 18.5 2.67
-7.25 18.5338 -0.22
-7.25 18.5338 0.0
-7.25 18.75 -0.3
-7.25 18.75 0.0
-7.25 18.75 2.45
-7.25 18.75 2.67
-7.25 18.7823 -0.22
-7.25 18.7823 0.0
-7.25 19.0 -0.3
-7.25 19.0 0.0
-7.25 19.0 2.45
-7.25 19.0 2.67
-7.25 19.0308 -0.22
-7.25 19.0308 0.0
-7.25 19.25 -0.3
-7.25 19.25 0.0
-7.25 19.25 2.45
-7.25 19.25 2.67
-7.25 19.2792 -0.22
-7.25 19.2792 0.0
-7.25 19.5 -0.3
-7.25 19.5 0.0
-7.25 19.5 2.45
-7.25 19.5 2.67
-7.25 19.5277 -0.22
-7.25 19.5277 0.0
-7.25 19.75 -0.3
-7.25 19.75 0.0
-7.25 19.75 2.45
-7.25 19.75 2.67
-7.25 19.7762 -0.22
-7.25 19.7762 0.0
-7.25 20.0 -0.3
-7.25 20.0 0.0
-7.25 20.0 2.45
-7.25 20.0 2.67
-7.25 20.0246 -0.22
-7.25 20.0246 0.0
-7.25 20.25 -0.3
-7.25 20.25 0.0
-7.25 20.25 2.45
-7.25 20.25 2.67
-7.25 20.2731 -0.22
-7.25 20.2731 0.0
-7.25 20.5 -0.3
-7.25 20.5 0.0
-7.25 20.5 2.45
-7.25 20.5 2.67
-7.25 20.5215 -0.22
-7.25 20.5215 0.0
-7.25 20.75 -0.3
-7.25 20.75 0.0
-7.25 20.75 2.45
-7.25 20.75 2.67
-7.25 20.77 -0.22
-7.25 20.77 0.0
-7.25 21.0 -0.3
-7.25 21.0 0.0
-7.25 21.0 2.45
-7.25 21.0 2.67
-7.25 21.0185 -0.22
-7.25 21.0185 0.0
-7.25 21.25 -0.3
-7.25 21.25 0.0
-7.25 21.25 2.45
-7.25 21.25 2.67
-7.25 21.2669 -0.22
-7.25 21.2669 0.0
-7.25 21.5 -0.3
-7.25 21.5 0.0
-7.25 21.5 2.45
-7.25 21.5 2.67
-7.25 21.5154 -0.22
-7.25 21.5154 0.0
-7.25 21.75 -0.3
-7.25 21.75 0.0
-7.25 21.75 2.45
-7.25 21.75 2.67
-7.25 21.7638 -0.22
-7.25 21.7638 0.0
-7.25 22.0 -0.3
-7.25 22.0 0.0
-7.25 22.0 2.45
-7.25 22.0 2.67
-7.25 22.0123 -0.22
-7.25 22.0123 0.0
-7.25 22.25 -0.3
-7.25 22.25 0.0
-7.25 22.25 2.45
-7.25 22.25 2.67
-7.25 22.2608 -0.22
-7.25 22.2608 0.0
-7.25 22.5 -0.3
-7.25 22.5 0.0
-7.25 22.5 2.45
-7.25 22.5 2.67
-7.25 22.5092 -0.22
-7.25 22.5092 0.0
-7.25 22.75 -0.3
-7.25 22.75 0.0
-7.25 22.75 2.45
-7.25 22.75 2.67
-7.25 22.7577 -0.22
-7.25 22.7577 0.0
-7.25 23.0 -0.3
-7.25 23.0 0.0
-7.25 23.0 2.45
-7.25 23.0 2.67
-7.25 23.0062 -0.22
-7.25 23.0062 0.0
-7.25 23.25 -0.3
-7.25 23.25 0.0
-7.25 23.25 2.45
-7.25 23.25 2.67
-7.25 23.2546 -0.22
-7.25 23.2546 0.0
-7.25 23.5 -0.3
-7.25 23.5 0.0
-7.25 23.5 2.45
-7.25 23.5 2.67
-7.25 23.5031 -0.22
-7.25 23.5031 0.0
-7.25 23.75 -0.3
-7.25 23.75 0.0
-7.25 23.75 2.45
-7.25 23.75 2.67
-7.25 23.7515 -0.22
-7.25 23.7515 0.0
-7.25 23.82 0.0
-7.25 23.82 0.245
-7.25 23.82 0.49
-7.25 23.82 0.735
-7.25 23.82 0.98
-7.25 23.82 1.225
-7.25 23.82 1.47
-7.25 23.82 1.715
-7.25 23.82 1.96
-7.25 23.82 2.205
-7.25 23.82 2.45
-7.25 24.0 -0.3
-7.25 24.0 -0.22
-7.25 24.0 0.0
-7.25 24.0 0.245
-7.25 24.0 0.49
-7.25 24.0 0.735
-7.25 24.0 0.98
-7.25 24.0 1.225
-7.25 24.0 1.47
-7.25 24.0 1.715
-7.25 24.0 1.96
-7.25 24.0 2.205
-7.25 24.0 2.45
-7.25 24.0 2.67
-7.25 24.25 -0.3
-7.25 24.25 0.0
-7.25 24.5 -0.3
-7.25 24.5 0.0
-7.25 24.75 -0.3
-7.25 24.75 0.0
-7.25 25.0 -0.3
-7.25 25.0 -0.15
-7.25 25.0 0.0
-7.0894 0.0 -0.22
-7.0894 0.0 0.0
-7.0894 0.2453 -0.22
-7.0894 0.2453 0.0
-7.0894 0.4906 -0.22
-7.0894 0.4906 0.0
-7.0894 0.7359 -0.22
-7.0894 0.7359 0.0
-7.0894 0.9813 -0.22
-7.0894 0.9813 0.0
-7.0894 1.2266 -0.22
-7.0894 1.2266 0.0
-7.0894 1.4719 -0.22
-7.0894 1.4719 0.0
-7.0894 1.7172 -0.22
-7.0894 1.7172 0.0
-7.0894 1.9625 -0.22
-7.0894 1.9625 0.0
-7.0894 2.2078 -0.22
-7.0894 2.2078 0.0
-7.0894 2.4531 -0.22
-7.0894 2.4531 0.0
-7.0894 2.6984 -0.22
-7.0894 2.6984 0.0
-7.0894 2.9437 -0.22
-7.0894 2.9437 0.0
-7.0894 3.1891 -0.22
-7.0894 3.1891 0.0
-7.0894 3.4344 -0.22
-7.0894 3.4344 0.0
-7.0894 3.6797 -0.22
-7.0894 3.6797 0.0
-7.0894 3.925 -0.22
-7.0894 3.925 0.0
-7.0894 4.1703 -0.22
-7.0894 4.1703 0.0
-7.0894 4.4156 -0.22
-7.0894 4.4156 0.0
-7.0894 4.6609 -0.22
-7.0894 4.6609 0.0
-7.0894 4.9062 -0.22
-7.0894 4.9062 0.0
-7.0894 5.1516 -0.22
-7.0894 5.1516 0.0
-7.0894 5.3969 -0.22
-7.0894 5.3969 0.0
-7.0894 5.6422 -0.22
-7.0894 5.6422 0.0
-7.0894 5.8875 -0.22
-7.0894 5.8875 0.0
-7.0894 6.1328 -0.22
-7.0894 6.1328 0.0
-7.0894 6.3781 -0.22
-7.0894 6.3781 0.0
-7.0894 6.6234 -0.22
-7.0894 6.6234 0.0
-7.0894 6.8687 -0.22
-7.0894 6.8687 0.0
-7.0894 7.1141 -0.22
-7.0894 7.1141 0.0
-7.0894 7.3594 -0.22
-7.0894 7.3594 0.0
-7.0894 7.6047 -0.22
-7.0894 7.6047 0.0
-7.0894 7.85 -0.22
-7.0894 7.85 0.0
-7.02 7.85 0.0
-7.02 7.85 0.245
-7.02 7.85 0.49
-7.02 7.85 0.735
-7.02 7.85 0.98
-7.02 7.85 1.225
-7.02 7.85 1.47
-7.02 7.85 1.715
-7.02 7.85 1.96
-7.02 7.85 2.205
-7.02 7.85 2.45
-7.02 8.03 0.0
-7.02 8.03 0.245
-7.02 8.03 0.49
-7.02 8.03 0.735
-7.02 8.03 0.98
-7.02 8.03 1.225
-7.02 8.03 1.47
-7.02 8.03 1.715
-7.02 8.03 1.96
-7.02 8.03 2.205
-7.02 8.03 2.45
-7.02 23.73 0.0
-7.02 23.73 0.245
-7.02 23.73 0.49
-7.02 23.73 0.735
-7.02 23.73 0.98
-7.02 23.73 1.225
-7.02 23.73 1.47
-7.02 23.73 1.715
-7.02 23.73 1.96
-7.02 23.73 2.205
-7.02 23.73 2.45
-7.02 23.91 0.0
-7.02 23.91 0.245
-7.02 23.91 0.49
-7.02 23.91 0.735
-7.02 23.91 0.98
-7.02 23.91 1.225
-7.02 23.91 1.47
-7.02 23.91 1.715
-7.02 23.91 1.96
-7.02 23.91 2.205
-7.02 23.91 2.45
-7.005 0.0 0.0
-7.005 0.0 0.245
-7.005 0.0 0.49
-7.005 0.0 0.735
-7.005 0.0 0.98
-7.005 0.0 1.225
-7.005 0.0 1.47
-7.005 0.0 1.715
-7.005 0.0 1.96
-7.005 0.0 2.205
-7.005 0.0 2.45
-7.005 0.18 0.0
-7.005 0.18 0.245
-7.005 0.18 0.49
-7.005 0.18 0.735
-7.005 0.18 0.98
-7.005 0.18 1.225
-7.005 0.18 1.47
-7.005 0.18 1.715
-7.005 0.18 1.96
-7.005 0.18 2.205
-7.005 0.18 2.45
-7.0 -1.0 -0.3
-7.0 -1.0 -0.15
-7.0 -1.0 0.0
-7.0 -0.75 -0.3
-7.0 -0.75 0.0
-7.0 -0.5 -0.3
-7.0 -0.5 0.0
-7.0 -0.25 -0.3
-7.0 -0.25 0.0
-7.0 0.0 -0.3
-7.0 0.0 0.0
-7.0 0.0 2.45
-7.0 0.0 2.67
-7.0 0.25 -0.3
-7.0 0.25 0.0
-7.0 0.25 2.45
-7.0 0.25 2.67
-7.0 0.5 -0.3
-7.0 0.5 0.0
-7.0 0.5 2.45
-7.0 0.5 2.67
-7.0 0.75 -0.3
-7.0 0.75 0.0
-7.0 0.75 2.45
-7.0 0.75 2.67
-7.0 1.0 -0.3
-7.0 1.0 0.0
-7.0 1.0 2.45
-7.0 1.0 2.67
-7.0 1.25 -0.3
-7.0 1.25 0.0
-7.0 1.25 2.45
-7.0 1.25 2.67
-7.0 1.5 -0.3
-7.0 1.5 0.0
-7.0 1.5 2.45
-7.0 1.5 2.67
-7.0 1.75 -0.3
-7.0 1.75 0.0
-7.0 1.75 2.45
-7.0 1.75 2.67
-7.0 2.0 -0.3
-7.0 2.0 0.0
-7.0 2.0 2.45
-7.0 2.0 2.67
-7.0 2.25 -0.3
-7.0 2.25 0.0
-7.0 2.25 2.45
-7.0 2.25 2.67
-7.0 2.5 -0.3
-7.0 2.5 0.0
-7.0 2.5 2.45
-7.0 2.5 2.67
-7.0 2.75 -0.3
-7.0 2.75 0.0
-7.0 2.75 2.45
-7.0 2.75 2.67
-7.0 3.0 -0.3
-7.0 3.0 0.0
-7.0 3.0 2.45
-7.0 3.0 2.67
-7.0 3.25 -0.3
-7.0 3.25 0.0
-7.0 3.25 2.45
-7.0 3.25 2.67
-7.0 3.5 -0.3
-7.0 3.5 0.0
-7.0 3.5 2.45
-7.0 3.5 2.67
-7.0 3.75 -0.3
-7.0 3.75 0.0
-7.0 3.75 2.45
-7.0 3.75 2.67
-7.0 4.0 -0.3
-7.0 4.0 0.0
-7.0 4.0 2.45
-7.0 4.0 2.67
-7.0 4.25 -0.3
-7.0 4.25 0.0
-7.0 4.25 2.45
-7.0 4.25 2.67
-7.0 4.5 -0.3
-7.0 4.5 0.0
-7.0 4.5 2.45
-7.0 4.5 2.67
-7.0 4.75 -0.3
-7.0 4.75 0.0
-7.0 4.75 2.45
-7.0 4.75 2.67
-7.0 5.0 -0.3
-7.0 5.0 0.0
-7.0 5.0 2.45
-7.0 5.0 2.67
-7.0 5.25 -0.3
-7.0 5.25 0.0
-7.0 5.25 2.45
-7.0 5.25 2.67
-7.0 5.5 -0.3
-7.0 5.5 0.0
-7.0 5.5 2.45
-7.0 5.5 2.67
-7.0 5.75 -0.3
-7.0 5.75 0.0
-7.0 5.75 2.45
-7.0 5.75 2.67
-7.0 6.0 -0.3
-7.0 6.0 0.0
-7.0 6.0 2.45
-7.0 6.0 2.67
-7.0 6.25 -0.3
-7.0 6.25 0.0
-7.0 6.25 2.45
-7.0 6.25 2.67
-7.0 6.5 -0.3
-7.0 6.5 0.0
-7.0 6.5 2.45
-7.0 6.5 2.67
-7.0 6.75 -0.3
-7.0 6.75 0.0
-7.0 6.75 2.45
-7.0 6.75 2.67
-7.0 7.0 -0.3
-7.0 7.0 0.0
-7.0 7.0 2.45
-7.0 7.0 2.67
-7.0 7.25 -0.3
-7.0 7.25 0.0
-7.0 7.25 2.45
-7.0 7.25 2.67
-7.0 7.5 -0.3
-7.0 7.5 0.0
-7.0 7.5 2.45
-7.0 7.5 2.67
-7.0 7.75 -0.3
-7.0 7.75 0.0
-7.0 7.75 2.45
-7.0 7.75 2.67
-7.0 7.85 -0.22
-7.0 7.85 0.0
-7.0 8.0 -0.3
-7.0 8.0 0.0
-7.0 8.0 2.45
-7.0 8.0 2.67
-7.0 8.0985 -0.22
-7.0 8.0985 0.0
-7.0 8.25 -0.3
-7.0 8.25 0.0
-7.0 8.25 2.45
-7.0 8.25 2.67
-7.0 8.3469 -0.22
-7.0 8.3469 0.0
-7.0 8.5 -0.3
-7.0 8.5 0.0
-7.0 8.5 2.45
-7.0 8.5 2.67
-7.0 8.5954 -0.22
-7.0 8.5954 0.0
-7.0 8.75 -0.3
-7.0 8.75 0.0
-7.0 8.75 2.45
-7.0 8.75 2.67
-7.0 8.8438 -0.22
-7.0 8.8438 0.0
-7.0 9.0 -0.3
-7.0 9.0 0.0
-7.0 9.0 2.45
-7.0 9.0 2.67
-7.0 9.0923 -0.22
-7.0 9.0923 0.0
-7.0 9.25 -0.3
-7.0 9.25 0.0
-7.0 9.25 2.45
-7.0 9.25 2.67
-7.0 9.3408 -0.22
-7.0 9.3408 0.0
-7.0 9.5 -0.3
-7.0 9.5 0.0
-7.0 9.5 2.45
-7.0 9.5 2.67
-7.0 9.5892 -0.22
-7.0 9.5892 0.0
-7.0 9.75 -0.3
-7.0 9.75 0.0
-7.0 9.75 2.45
-7.0 9.75 2.67
-7.0 9.8377 -0.22
-7.0 9.8377 0.0
-7.0 10.0 -0.3
-7.0 10.0 0.0
-7.0 10.0 2.45
-7.0 10.0 2.67
-7.0 10.0862 -0.22
-7.0 10.0862 0.0
-7.0 10.25 -0.3
-7.0 10.25 0.0
-7.0 10.25 2.45
-7.0 10.25 2.67
-7.0 10.3346 -0.22
-7.0 10.3346 0.0
-7.0 10.5 -0.3
-7.0 10.5 0.0
-7.0 10.5 2.45
-7.0 10.5 2.67
-7.0 10.5831 -0.22
-7.0 10.5831 0.0
-7.0 10.75 -0.3
-7.0 10.75 0.0
-7.0 10.75 2.45
-7.0 10.75 2.67
-7.0 10.8315 -0.22
-7.0 10.8315 0.0
-7.0 11.0 -0.3
-7.0 11.0 0.0
-7.0 11.0 2.45
-7.0 11.0 2.67
-7.0 11.08 -0.22
-7.0 11.08 0.0
-7.0 11.25 -0.3
-7.0 11.25 0.0
-7.0 11.25 2.45
-7.0 11.25 2.67
-7.0 11.3285 -0.22
-7.0 11.3285 0.0
-7.0 11.5 -0.3
-7.0 11.5 0.0
-7.0 11.5 2.45
-7.0 11.5 2.67
-7.0 11.5769 -0.22
-7.0 11.5769 0.0
-7.0 11.75 -0.3
-7.0 11.75 0.0
-7.0 11.75 2.45
-7.0 11.75 2.67
-7.0 11.8254 -0.22
-7.0 11.8254 0.0
-7.0 12.0 -0.3
-7.0 12.0 0.0
-7.0 12.0 2.45
-7.0 12.0 2.67
-7.0 12.0738 -0.22
-7.0 12.0738 0.0
-7.0 12.25 -0.3
-7.0 12.25 0.0
-7.0 12.25 2.45
-7.0 12.25 2.67
-7.0 12.3223 -0.22
-7.0 12.3223 0.0
-7.0 12.5 -0.3
-7.0 12.5 0.0
-7.0 12.5 2.45
-7.0 12.5 2.67
-7.0 12.5708 -0.22
-7.0 12.5708 0.0
-7.0 12.75 -0.3
-7.0 12.75 0.0
-7.0 12.75 2.45
-7.0 12.75 2.67
-7.0 12.8192 -0.22
-7.0 12.8192 0.0
-7.0 13.0 -0.3
-7.0 13.0 0.0
-7.0 13.0 2.45
-7.0 13.0 2.67
-7.0 13.0677 -0.22
-7.0 13.0677 0.0
-7.0 13.25 -0.3
-7.0 13.25 0.0
-7.0 13.25 2.45
-7.0 13.25 2.67
-7.0 13.3162 -0.22
-7.0 13.3162 0.0
-7.0 13.5 -0.3
-7.0 13.5 0.0
-7.0 13.5 2.45
-7.0 13.5 2.67
-7.0 13.5646 -0.22
-7.0 13.5646 0.0
-7.0 13.75 -0.3
-7.0 13.75 0.0
-7.0 13.75 2.45
-7.0 13.75 2.67
-7.0 13.8131 -0.22
-7.0 13.8131 0.0
-7.0 14.0 -0.3
-7.0 14.0 0.0
-7.0 14.0 2.45
-7.0 14.0 2.67
-7.0 14.0615 -0.22
-7.0 14.0615 0.0
-7.0 14.25 -0.3
-7.0 14.25 0.0
-7.0 14.25 2.45
-7.0 14.25 2.67
-7.0 14.31 -0.22
-7.0 14.31 0.0
-7.0 14.5 -0.3
-7.0 14.5 0.0
-7.0 14.5 2.45
-7.0 14.5 2.67
-7.0 14.5585 -0.22
-7.0 14.5585 0.0
-7.0 14.75 -0.3
-7.0 14.75 0.0
-7.0 14.75 2.45
-7.0 14.75 2.67
-7.0 14.8069 -0.22
-7.0 14.8069 0.0
-7.0 15.0 -0.3
-7.0 15.0 0.0
-7.0 15.0 2.45
-7.0 15.0 2.67
-7.0 15.0554 -0.22
-7.0 15.0554 0.0
-7.0 15.25 -0.3
-7.0 15.25 0.0
-7.0 15.25 2.45
-7.0 15.25 2.67
-7.0 15.3038 -0.22
-7.0 15.3038 0.0
-7.0 15.5 -0.3
-7.0 15.5 0.0
-7.0 15.5 2.45
-7.0 15.5 2.67
-7.0 15.5523 -0.22
-7.0 15.5523 0.0
-7.0 15.75 -0.3
-7.0 15.75 0.0
-7.0 15.75 2.45
-7.0 15.75 2.67
-7.0 15.8008 -0.22
-7.0 15.8008 0.0
-7.0 16.0 -0.3
-7.0 16.0 0.0
-7.0 16.0 2.45
-7.0 16.0 2.67
-7.0 16.0492 -0.22
-7.0 16.0492 0.0
-7.0 16.25 -0.3
-7.0 16.25 0.0
-7.0 16.25 2.45
-7.0 16.25 2.67
-7.0 16.2977 -0.22
-7.0 16.2977 0.0
-7.0 16.5 -0.3
-7.0 16.5 0.0
-7.0 16.5 2.45
-7.0 16.5 2.67
-7.0 16.5462 -0.22
-7.0 16.5462 0.0
-7.0 16.75 -0.3
-7.0 16.75 0.0
-7.0 16.75 2.45
-7.0 16.75 2.67
-7.0 16.7946 -0.22
-7.0 16.7946 0.0
-7.0 17.0 -0.3
-7.0 17.0 0.0
-7.0 17.0 2.45
-7.0 17.0 2.67
-7.0 17.0431 -0.22
-7.0 17.0431 0.0
-7.0 17.25 -0.3
-7.0 17.25 0.0
-7.0 17.25 2.45
-7.0 17.25 2.67
-7.0 17.2915 -0.22
-7.0 17.2915 0.0
-7.0 17.5 -0.3
-7.0 17.5 0.0
-7.0 17.5 2.45
-7.0 17.5 2.67
-7.0 17.54 -0.22
-7.0 17.54 0.0
-7.0 17.75 -0.3
-7.0 17.75 0.0
-7.0 17.75 2.45
-7.0 17.75 2.67
-7.0 17.7885 -0.22
-7.0 17.7885 0.0
-7.0 18.0 -0.3
-7.0 18.0 0.0
-7.0 18.0 2.45
-7.0 18.0 2.67
-7.0 18.0369 -0.22
-7.0 18.0369 0.0
-7.0 18.25 -0.3
-7.0 18.25 0.0
-7.0 18.25 2.45
-7.0 18.25 2.67
-7.0 18.2854 -0.22
-7.0 18.2854 0.0
-7.0 18.5 -0.3
-7.0 18.5 0.0
-7.0 18.5 2.45
-7.0 18.5 2.67
-7.0 18.5338 -0.22
-7.0 18.5338 0.0
-7.0 18.75 -0.3
-7.0 18.75 0.0
-7.0 18.75 2.45
-7.0 18.75 2.67
-7.0 18.7823 -0.22
-7.0 18.7823 0.0
-7.0 19.0 -0.3
-7.0 19.0 0.0
-7.0 19.0 2.45
-7.0 19.0 2.67
-7.0 19.0308 -0.22
-7.0 19.0308 0.0
-7.0 19.095 0.075
-7.0 19.095 0.325
-7.0 19.095 0.575
-7.0 19.095 0.825
-7.0 19.25 -0.3
-7.0 19.25 0.0
-7.0 19.25 2.45
-7.0 19.25 2.67
-7.0 19.2792 -0.22
-7.0 19.2792 0.0
-7.0 19.3283 0.075
-7.0 19.3283 0.325
-7.0 19.3283 0.575
-7.0 19.3283 0.825
-7.0 19.5 -0.3
-7.0 19.5 0.0
-7.0 19.5 2.45
-7.0 19.5 2.67
-7.0 19.5277 -0.22
-7.0 19.5277 0.0
-7.0 19.5617 0.075
-7.0 19.5617 0.325
-7.0 19.5617 0.575
-7.0 19.5617 0.825
-7.0 19.75 -0.3
-7.0 19.75 0.0
-7.0 19.75 2.45
-7.0 19.75 2.67
-7.0 19.7762 -0.22
-7.0 19.7762 0.0
-7.0 19.795 0.075
-7.0 19.795 0.325
-7.0 19.795 0.575
-7.0 19.795 0.825
-7.0 20.0 -0.3
-7.0 20.0 0.0
-7.0 20.0 2.45
-7.0 20.0 2.67
-7.0 20.0246 -0.22
-7.0 20.0246 0.0
-7.0 20.25 -0.3
-7.0 20.25 0.0
-7.0 20.25 2.45
-7.0 20.25 2.67
-7.0 20.2731 -0.22
-7.0 20.2731 0.0
-7.0 20.5 -0.3
-7.0 20.5 0.0
-7.0 20.5 2.45
-7.0 20.5 2.67
-7.0 20.5215 -0.22
-7.0 20.5215 0.0
-7.0 20.75 -0.3
-7.0 20.75 0.0
-7.0 20.75 2.45
-7.0 20.75 2.67
-7.0 20.77 -0.22
-7.0 20.77 0.0
-7.0 21.0 -0.3
-7.0 21.0 0.0
-7.0 21.0 2.45
-7.0 21.0 2.67
-7.0 21.0185 -0.22
-7.0 21.0185 0.0
-7.0 21.25 -0.3
-7.0 21.25 0.0
-7.0 21.25 2.45
-7.0 21.25 2.67
-7.0 21.2669 -0.22
-7.0 21.2669 0.0
-7.0 21.5 -0.3
-7.0 21.5 0.0
-7.0 21.5 2.45
-7.0 21.5 2.67
-7.0 21.5154 -0.22
-7.0 21.5154 0.0
-7.0 21.75 -0.3
-7.0 21.75 0.0
-7.0 21.75 2.45
-7.0 21.75 2.67
-7.0 21.7638 -0.22
-7.0 21.7638 0.0
-7.0 22.0 -0.3
-7.0 22.0 0.0
-7.0 22.0 2.45
-7.0 22.0 2.67
-7.0 22.0123 -0.22
-7.0 22.0123 0.0
-7.0 22.25 -0.3
-7.0 22.25 0.0
-7.0 22.25 2.45
-7.0 22.25 2.67
-7.0 22.2608 -0.22
-7.0 22.2608 0.0
-7.0 22.5 -0.3
-7.0 22.5 0.0
-7.0 22.5 2.45
-7.0 22.5 2.67
-7.0 22.5092 -0.22
-7.0 22.5092 0.0
-7.0 22.75 -0.3
-7.0 22.75 0.0
-7.0 22.75 2.45
-7.0 22.75 2.67
-7.0 22.7577 -0.22
-7.0 22.7577 0.0
-7.0 23.0 -0.3
-7.0 23.0 0.0
-7.0 23.0 2.45
-7.0 23.0 2.67
-7.0 23.0062 -0.22
-7.0 23.0062 0.0
-7.0 23.25 -0.3
-7.0 23.25 0.0
-7.0 23.25 2.45
-7.0 23.25 2.67
-7.0 23.2546 -0.22
-7.0 23.2546 0.0
-7.0 23.5 -0.3
-7.0 23.5 0.0
-7.0 23.5 2.45
-7.0 23.5 2.67
-7.0 23.5031 -0.22
-7.0 23.5031 0.0
-7.0 23.75 -0.3
-7.0 23.75 0.0
-7.0 23.75 2.45
-7.0 23.75 2.67
-7.0 23.7515 -0.22
-7.0 23.7515 0.0
-7.0 23.82 0.0
-7.0 23.82 0.245
-7.0 23.82 0.49
-7.0 23.82 0.735
-7.0 23.82 0.98
-7.0 23.82 1.225
-7.0 23.82 1.47
-7.0 23.82 1.715
-7.0 23.82 1.96
-7.0 23.82 2.205
-7.0 23.82 2.45
-7.0 24.0 -0.3
-7.0 24.0 -0.22
-7.0 24.0 0.0
-7.0 24.0 0.245
-7.0 24.0 0.49
-7.0 24.0 0.735
-7.0 24.0 0.98
-7.0 24.0 1.225
-7.0 24.0 1.47
-7.0 24.0 1.715
-7.0 24.0 1.96
-7.0 24.0 2.205
-7.0 24.0 2.45
-7.0 24.0 2.67
-7.0 24.25 -0.3
-7.0 24.25 0.0
-7.0 24.5 -0.3
-7.0 24.5 0.0
-7.0 24.75 -0.3
-7.0 24.75 0.0
-7.0 25.0 -0.3
-7.0 25.0 -0.15
-7.0 25.0 0.0
-6.8506 0.0 -0.22
-6.8506 0.0 0.0
-6.8506 0.2453 -0.22
-6.8506 0.2453 0.0
-6.8506 0.4906 -0.22
-6.8506 0.4906 0.0
-6.8506 0.7359 -0.22
-6.8506 0.7359 0.0
-6.8506 0.9813 -0.22
-6.8506 0.9813 0.0
-6.8506 1.2266 -0.22
-6.8506 1.2266 0.0
-6.8506 1.4719 -0.22
-6.8506 1.4719 0.0
-6.8506 1.7172 -0.22
-6.8506 1.7172 0.0
-6.8506 1.9625 -0.22
-6.8506 1.9625 0.0
-6.8506 2.2078 -0.22
-6.8506 2.2078 0.0
-6.8506 2.4531 -0.22
-6.8506 2.4531 0.0
-6.8506 2.6984 -0.22
-6.8506 2.6984 0.0
-6.8506 2.9437 -0.22
-6.8506 2.9437 0.0
-6.8506 3.1891 -0.22
-6.8506 3.1891 0.0
-6.8506 3.4344 -0.22
-6.8506 3.4344 0.0
-6.8506 3.6797 -0.22
-6.8506 3.6797 0.0
-6.8506 3.925 -0.22
-6.8506 3.925 0.0
-6.8506 4.1703 -0.22
-6.8506 4.1703 0.0
-6.8506 4.4156 -0.22
-6.8506 4.4156 0.0
-6.8506 4.6609 -0.22
-6.8506 4.6609 0.0
-6.8506 4.9062 -0.22
-6.8506 4.9062 0.0
-6.8506 5.1516 -0.22
-6.8506 5.1516 0.0
-6.8506 5.3969 -0.22
-6.8506 5.3969 0.0
-6.8506 5.6422 -0.22
-6.8506 5.6422 0.0
-6.8506 5.8875 -0.22
-6.8506 5.8875 0.0
-6.8506 6.1328 -0.22
-6.8506 6.1328 0.0
-6.8506 6.3781 -0.22
-6.8506 6.3781 0.0
-6.8506 6.6234 -0.22
-6.8506 6.6234 0.0
-6.8506 6.8687 -0.22
-6.8506 6.8687 0.0
-6.8506 7.1141 -0.22
-6.8506 7.1141 0.0
-6.8506 7.3594 -0.22
-6.8506 7.3594 0.0
-6.8506 7.6047 -0.22
-6.8506 7.6047 0.0
-6.8506 7.85 -0.22
-6.8506 7.85 0.0
-6.7733 7.85 0.0
-6.7733 7.85 0.245
-6.7733 7.85 0.49
-6.7733 7.85 0.735
-6.7733 7.85 0.98
-6.7733 7.85 1.225
-6.7733 7.85 1.47
-6.7733 7.85 1.715
-6.7733 7.85 1.96
-6.7733 7.85 2.205
-6.7733 7.85 2.45
-6.7733 8.03 0.0
-6.7733 8.03 0.245
-6.7733 8.03 0.49
-6.7733 8.03 0.735
-6.7733 8.03 0.98
-6.7733 8.03 1.225
-6.7733 8.03 1.47
-6.7733 8.03 1.715
-6.7733 8.03 1.96
-6.7733 8.03 2.205
-6.7733 8.03 2.45
-6.7733 23.73 0.0
-6.7733 23.73 0.245
-6.7733 23.73 0.49
-6.7733 23.73 0.735
-6.7733 23.73 0.98
-6.7733 23.73 1.225
-6.7733 23.73 1.47
-6.7733 23.73 1.715
-6.7733 23.73 1.96
-6.7733 23.73 2.205
-6.7733 23.73 2.45
-6.7733 23.91 0.0
-6.7733 23.91 0.245
-6.7733 23.91 0.49
-6.7733 23.91 0.735
-6.7733 23.91 0.98
-6.7733 23.91 1.225
-6.7733 23.91 1.47
-6.7733 23.91 1.715
-6.7733 23.91 1.96
-6.7733 23.91 2.205
-6.7733 23.91 2.45
-6.7556 0.0 0.0
-6.7556 0.0 0.245
-6.7556 0.0 0.49
-6.7556 0.0 0.735
-6.7556 0.0 0.98
-6.7556 0.0 1.225
-6.7556 0.0 1.47
-6.7556 0.0 1.715
-6.7556 0.0 1.96
-6.7556 0.0 2.205
-6.7556 0.0 2.45
-6.7556 0.18 0.0
-6.7556 0.18 0.245
-6.7556 0.18 0.49
-6.7556 0.18 0.735
-6.7556 0.18 0.98
-6.7556 0.18 1.225
-6.7556 0.18 1.47
-6.7556 0.18 1.715
-6.7556 0.18 1.96
-6.7556 0.18 2.205
-6.7556 0.18 2.45
-6.75 -1.0 -0.3
-6.75 -1.0 -0.15
-6.75 -1.0 0.0
-6.75 -0.75 -0.3
-6.75 -0.75 0.0
-6.75 -0.5 -0.3
-6.75 -0.5 0.0
-6.75 -0.25 -0.3
-6.75 -0.25 0.0
-6.75 0.0 -0.3
-6.75 0.0 0.0
-6.75 0.0 2.45
-6.75 0.0 2.67
-6.75 0.25 -0.3
-6.75 0.25 0.0
-6.75 0.25 2.45
-6.75 0.25 2.67
-6.75 0.5 -0.3
-6.75 0.5 0.0
-6.75 0.5 2.45
-6.75 0.5 2.67
-6.75 0.75 -0.3
-6.75 0.75 0.0
-6.75 0.75 2.45
-6.75 0.75 2.67
-6.75 1.0 -0.3
-6.75 1.0 0.0
-6.75 1.0 2.45
-6.75 1.0 2.67
-6.75 1.25 -0.3
-6.75 1.25 0.0
-6.75 1.25 2.45
-6.75 1.25 2.67
-6.75 1.5 -0.3
-6.75 1.5 0.0
-6.75 1.5 2.45
-6.75 1.5 2.67
-6.75 1.75 -0.3
-6.75 1.75 0.0
-6.75 1.75 2.45
-6.75 1.75 2.67
-6.75 2.0 -0.3
-6.75 2.0 0.0
-6.75 2.0 2.45
-6.75 2.0 2.67
-6.75 2.25 -0.3
-6.75 2.25 0.0
-6.75 2.25 2.45
-6.75 2.25 2.67
-6.75 2.5 -0.3
-6.75 2.5 0.0
-6.75 2.5 2.45
-6.75 2.5 2.67
-6.75 2.75 -0.3
-6.75 2.75 0.0
-6.75 2.75 2.45
-6.75 2.75 2.67
-6.75 3.0 -0.3
-6.75 3.0 0.0
-6.75 3.0 2.45
-6.75 3.0 2.67
-6.75 3.25 -0.3
-6.75 3.25 0.0
-6.75 3.25 2.45
-6.75 3.25 2.67
-6.75 3.5 -0.3
-6.75 3.5 0.0
-6.75 3.5 2.45
-6.75 3.5 2.67
-6.75 3.75 -0.3
-6.75 3.75 0.0
-6.75 3.75 2.45
-6.75 3.75 2.67
-6.75 4.0 -0.3
-6.75 4.0 0.0
-6.75 4.0 2.45
-6.75 4.0 2.67
-6.75 4.25 -0.3
-6.75 4.25 0.0
-6.75 4.25 2.45
-6.75 4.25 2.67
-6.75 4.5 -0.3
-6.75 4.5 0.0
-6.75 4.5 2.45
-6.75 4.5 2.67
-6.75 4.75 -0.3
-6.75 4.75 0.0
-6.75 4.75 2.45
-6.75 4.75 2.67
-6.75 5.0 -0.3
-6.75 5.0 0.0
-6.75 5.0 2.45
-6.75 5.0 2.67
-6.75 5.25 -0.3
-6.75 5.25 0.0
-6.75 5.25 2.45
-6.75 5.25 2.67
-6.75 5.5 -0.3
-6.75 5.5 0.0
-6.75 5.5 2.45
-6.75 5.5 2.67
-6.75 5.75 -0.3
-6.75 5.75 0.0
-6.75 5.75 2.45
-6.75 5.75 2.67
-6.75 6.0 -0.3
-6.75 6.0 0.0
-6.75 6.0 2.45
-6.75 6.0 2.67
-6.75 6.25 -0.3
-6.75 6.25 0.0
-6.75 6.25 2.45
-6.75 6.25 2.67
-6.75 6.5 -0.3
-6.75 6.5 0.0
-6.75 6.5 2.45
-6.75 6.5 2.67
-6.75 6.75 -0.3
-6.75 6.75 0.0
-6.75 6.75 2.45
-6.75 6.75 2.67
-6.75 7.0 -0.3
-6.75 7.0 0.0
-6.75 7.0 2.45
-6.75 7.0 2.67
-6.75 7.25 -0.3
-6.75 7.25 0.0
-6.75 7.25 2.45
-6.75 7.25 2.67
-6.75 7.5 -0.3
-6.75 7.5 0.0
-6.75 7.5 2.45
-6.75 7.5 2.67
-6.75 7.75 -0.3
-6.75 7.75 0.0
-6.75 7.75 2.45
-6.75 7.75 2.67
-6.75 7.85 -0.22
-6.75 7.85 0.0
-6.75 8.0 -0.3
-6.75 8.0 0.0
-6.75 8.0 2.45
-6.75 8.0 2.67
-6.75 8.0985 -0.22
-6.75 8.0985 0.0
-6.75 8.25 -0.3
-6.75 8.25 0.0
-6.75 8.25 2.45
-6.75 8.25 2.67
-6.75 8.3469 -0.22
-6.75 8.3469 0.0
-6.75 8.5 -0.3
-6.75 8.5 0.0
-6.75 8.5 2.45
-6.75 8.5 2.67
-6.75 8.5954 -0.22
-6.75 8.5954 0.0
-6.75 8.75 -0.3
-6.75 8.75 0.0
-6.75 8.75 2.45
-6.75 8.75 2.67
-6.75 8.8438 -0.22
-6.75 8.8438 0.0
-6.75 9.0 -0.3
-6.75 9.0 0.0
-6.75 9.0 2.45
-6.75 9.0 2.67
-6.75 9.0923 -0.22
-6.75 9.0923 0.0
-6.75 9.25 -0.3
-6.75 9.25 0.0
-6.75 9.25 2.45
-6.75 9.25 2.67
-6.75 9.3408 -0.22
-6.75 9.3408 0.0
-6.75 9.5 -0.3
-6.75 9.5 0.0
-6.75 9.5 2.45
-6.75 9.5 2.67
-6.75 9.5892 -0.22
-6.75 9.5892 0.0
-6.75 9.75 -0.3
-6.75 9.75 0.0
-6.75 9.75 2.45
-6.75 9.75 2.67
-6.75 9.8377 -0.22
-6.75 9.8377 0.0
-6.75 10.0 -0.3
-6.75 10.0 0.0
-6.75 10.0 2.45
-6.75 10.0 2.67
-6.75 10.0862 -0.22
-6.75 10.0862 0.0
-6.75 10.25 -0.3
-6.75 10.25 0.0
-6.75 10.25 2.45
-6.75 10.25 2.67
-6.75 10.3346 -0.22
-6.75 10.3346 0.0
-6.75 10.5 -0.3
-6.75 10.5 0.0
-6.75 10.5 2.45
-6.75 10.5 2.67
-6.75 10.5831 -0.22
-6.75 10.5831 0.0
-6.75 10.75 -0.3
-6.75 10.75 0.0
-6.75 10.75 2.45
-6.75 10.75 2.67
-6.75 10.8315 -0.22
-6.75 10.8315 0.0
-6.75 11.0 -0.3
-6.75 11.0 0.0
-6.75 11.0 2.45
-6.75 11.0 2.67
-6.75 11.08 -0.22
-6.75 11.08 0.0
-6.75 11.25 -0.3
-6.75 11.25 0.0
-6.75 11.25 2.45
-6.75 11.25 2.67
-6.75 11.3285 -0.22
-6.75 11.3285 0.0
-6.75 11.5 -0.3
-6.75 11.5 0.0
-6.75 11.5 2.45
-6.75 11.5 2.67
-6.75 11.5769 -0.22
-6.75 11.5769 0.0
-6.75 11.75 -0.3
-6.75 11.75 0.0
-6.75 11.75 2.45
-6.75 11.75 2.67
-6.75 11.8254 -0.22
-6.75 11.8254 0.0
-6.75 12.0 -0.3
-6.75 12.0 0.0
-6.75 12.0 2.45
-6.75 12.0 2.67
-6.75 12.0738 -0.22
-6.75 12.0738 0.0
-6.75 12.25 -0.3
-6.75 12.25 0.0
-6.75 12.25 2.45
-6.75 12.25 2.67
-6.75 12.3223 -0.22
-6.75 12.3223 0.0
-6.75 12.5 -0.3
-6.75 12.5 0.0
-6.75 12.5 2.45
-6.75 12.5 2.67
-6.75 12.5708 -0.22
-6.75 12.5708 0.0
-6.75 12.75 -0.3
-6.75 12.75 0.0
-6.75 12.75 2.45
-6.75 12.75 2.67
-6.75 12.8192 -0.22
-6.75 12.8192 0.0
-6.75 13.0 -0.3
-6.75 13.0 0.0
-6.75 13.0 2.45
-6.75 13.0 2.67
-6.75 13.0677 -0.22
-6.75 13.0677 0.0
-6.75 13.25 -0.3
-6.75 13.25 0.0
-6.75 13.25 2.45
-6.75 13.25 2.67
-6.75 13.3162 -0.22
-6.75 13.3162 0.0
-6.75 13.5 -0.3
-6.75 13.5 0.0
-6.75 13.5 2.45
-6.75 13.5 2.67
-6.75 13.5646 -0.22
-6.75 13.5646 0.0
-6.75 13.75 -0.3
-6.75 13.75 0.0
-6.75 13.75 2.45
-6.75 13.75 2.67
-6.75 13.8131 -0.22
-6.75 13.8131 0.0
-6.75 14.0 -0.3
-6.75 14.0 0.0
-6.75 14.0 2.45
-6.75 14.0 2.67
-6.75 14.0615 -0.22
-6.75 14.0615 0.0
-6.75 14.25 -0.3
-6.75 14.25 0.0
-6.75 14.25 2.45
-6.75 14.25 2.67
-6.75 14.31 -0.22
-6.75 14.31 0.0
-6.75 14.5 -0.3
-6.75 14.5 0.0
-6.75 14.5 2.45
-6.75 14.5 2.67
-6.75 14.5585 -0.22
-6.75 14.5585 0.0
-6.75 14.75 -0.3
-6.75 14.75 0.0
-6.75 14.75 2.45
-6.75 14.75 2.67
-6.75 14.8069 -0.22
-6.75 14.8069 0.0
-6.75 15.0 -0.3
-6.75 15.0 0.0
-6.75 15.0 2.45
-6.75 15.0 2.67
-6.75 15.0554 -0.22
-6.75 15.0554 0.0
-6.75 15.25 -0.3
-6.75 15.25 0.0
-6.75 15.25 2.45
-6.75 15.25 2.67
-6.75 15.3038 -0.22
-6.75 15.3038 0.0
-6.75 15.5 -0.3
-6.75 15.5 0.0
-6.75 15.5 2.45
-6.75 15.5 2.67
-6.75 15.5523 -0.22
-6.75 15.5523 0.0
-6.75 15.75 -0.3
-6.75 15.75 0.0
-6.75 15.75 2.45
-6.75 15.75 2.67
-6.75 15.8008 -0.22
-6.75 15.8008 0.0
-6.75 16.0 -0.3
-6.75 16.0 0.0
-6.75 16.0 2.45
-6.75 16.0 2.67
-6.75 16.0492 -0.22
-6.75 16.0492 0.0
-6.75 16.25 -0.3
-6.75 16.25 0.0
-6.75 16.25 2.45
-6.75 16.25 2.67
-6.75 16.2977 -0.22
-6.75 16.2977 0.0
-6.75 16.5 -0.3
-6.75 16.5 0.0
-6.75 16.5 2.45
-6.75 16.5 2.67
-6.75 16.5462 -0.22
-6.75 16.5462 0.0
-6.75 16.75 -0.3
-6.75 16.75 0.0
-6.75 16.75 2.45
-6.75 16.75 2.67
-6.75 16.7946 -0.22
-6.75 16.7946 0.0
-6.75 17.0 -0.3
-6.75 17.0 0.0
-6.75 17.0 2.45
-6.75 17.0 2.67
-6.75 17.0431 -0.22
-6.75 17.0431 0.0
-6.75 17.25 -0.3
-6.75 17.25 0.0
-6.75 17.25 2.45
-6.75 17.25 2.67
-6.75 17.2915 -0.22
-6.75 17.2915 0.0
-6.75 17.5 -0.3
-6.75 17.5 0.0
-6.75 17.5 2.45
-6.75 17.5 2.67
-6.75 17.54 -0.22
-6.75 17.54 0.0
-6.75 17.75 -0.3
-6.75 17.75 0.0
-6.75 17.75 2.45
-6.75 17.75 2.67
-6.75 17.7885 -0.22
-6.75 17.7885 0.0
-6.75 18.0 -0.3
-6.75 18.0 0.0
-6.75 18.0 2.45
-6.75 18.0 2.67
-6.75 18.0369 -0.22
-6.75 18.0369 0.0
-6.75 18.25 -0.3
-6.75 18.25 0.0
-6.75 18.25 2.45
-6.75 18.25 2.67
-6.75 18.2854 -0.22
-6.75 18.2854 0.0
-6.75 18.5 -0.3
-6.75 18.5 0.0
-6.75 18.5 2.45
-6.75 18.5 2.67
-6.75 18.5338 -0.22
-6.75 18.5338 0.0
-6.75 18.75 -0.3
-6.75 18.75 0.0
-6.75 18.75 2.45
-6.75 18.75 2.67
-6.75 18.7823 -0.22
-6.75 18.7823 0.0
-6.75 19.0 -0.3
-6.75 19.0 0.0
-6.75 19.0 2.45
-6.75 19.0 2.67
-6.75 19.0308 -0.22
-6.75 19.0308 0.0
-6.75 19.095 0.075
-6.75 19.095 0.325
-6.75 19.095 0.575
-6.75 19.095 0.825
-6.75 19.25 -0.3
-6.75 19.25 0.0
-6.75 19.25 2.45
-6.75 19.25 2.67
-6.75 19.2792 -0.22
-6.75 19.2792 0.0
-6.75 19.3283 0.075
-6.75 19.3283 0.825
-6.75 19.5 -0.3
-6.75 19.5 0.0
-6.75 19.5 2.45
-6.75 19.5 2.67
-6.75 19.5277 -0.22
-6.75 19.5277 0.0
-6.75 19.5617 0.075
-6.75 19.5617 0.825
-6.75 19.75 -0.3
-6.75 19.75 0.0
-6.75 19.75 2.45
-6.75 19.75 2.67
-6.75 19.7762 -0.22
-6.75 19.7762 0.0
-6.75 19.795 0.075
-6.75 19.795 0.325
-6.75 19.795 0.575
-6.75 19.795 0.825
-6.75 20.0 -0.3
-6.75 20.0 0.0
-6.75 20.0 2.45
-6.75 20.0 2.67
-6.75 20.0246 -0.22
-6.75 20.0246 0.0
-6.75 20.25 -0.3
-6.75 20.25 0.0
-6.75 20.25 2.45
-6.75 20.25 2.67
-6.75 20.2731 -0.22
-6.75 20.2731 0.0
-6.75 20.5 -0.3
-6.75 20.5 0.0
-6.75 20.5 2.45
-6.75 20.5 2.67
-6.75 20.5215 -0.22
-6.75 20.5215 0.0
-6.75 20.75 -0.3
-6.75 20.75 0.0
-6.75 20.75 2.45
-6.75 20.75 2.67
-6.75 20.77 -0.22
-6.75 20.77 0.0
-6.75 21.0 -0.3
-6.75 21.0 0.0
-6.75 21.0 2.45
-6.75 21.0 2.67
-6.75 21.0185 -0.22
-6.75 21.0185 0.0
-6.75 21.25 -0.3
-6.75 21.25 0.0
-6.75 21.25 2.45
-6.75 21.25 2.67
-6.75 21.2669 -0.22
-6.75 21.2669 0.0
-6.75 21.5 -0.3
-6.75 21.5 0.0
-6.75 21.5 2.45
-6.75 21.5 2.67
-6.75 21.5154 -0.22
-6.75 21.5154 0.0
-6.75 21.75 -0.3
-6.75 21.75 0.0
-6.75 21.75 2.45
-6.75 21.75 2.67
-6.75 21.7638 -0.22
-6.75 21.7638 0.0
-6.75 22.0 -0.3
-6.75 22.0 0.0
-6.75 22.0 2.45
-6.75 22.0 2.67
-6.75 22.0123 -0.22
-6.75 22.0123 0.0
-6.75 22.25 -0.3
-6.75 22.25 0.0
-6.75 22.25 2.45
-6.75 22.25 2.67
-6.75 22.2608 -0.22
-6.75 22.2608 0.0
-6.75 22.5 -0.3
-6.75 22.5 0.0
-6.75 22.5 2.45
-6.75 22.5 2.67
-6.75 22.5092 -0.22
-6.75 22.5092 0.0
-6.75 22.75 -0.3
-6.75 22.75 0.0
-6.75 22.75 2.45
-6.75 22.75 2.67
-6.75 22.7577 -0.22
-6.75 22.7577 0.0
-6.75 23.0 -0.3
-6.75 23.0 0.0
-6.75 23.0 2.45
-6.75 23.0 2.67
-6.75 23.0062 -0.22
-6.75 23.0062 0.0
-6.75 23.25 -0.3
-6.75 23.25 0.0
-6.75 23.25 2.45
-6.75 23.25 2.67
-6.75 23.2546 -0.22
-6.75 23.2546 0.0
-6.75 23.5 -0.3
-6.75 23.5 0.0
-6.75 23.5 2.45
-6.75 23.5 2.67
-6.75 23.5031 -0.22
-6.75 23.5031 0.0
-6.75 23.75 -0.3
-6.75 23.75 0.0
-6.75 23.75 2.45
-6.75 23.75 2.67
-6.75 23.7515 -0.22
-6.75 23.7515 0.0
-6.75 23.82 0.0
-6.75 23.82 0.245
-6.75 23.82 0.49
-6.75 23.82 0.735
-6.75 23.82 0.98
-6.75 23.82 1.225
-6.75 23.82 1.47
-6.75 23.82 1.715
-6.75 23.82 1.96
-6.75 23.82 2.205
-6.75 23.82 2.45
-6.75 24.0 -0.3
-6.75 24.0 -0.22
-6.75 24.0 0.0
-6.75 24.0 0.245
-6.75 24.0 0.49
-6.75 24.0 0.735
-6.75 24.0 0.98
-6.75 24.0 1.225
-6.75 24.0 1.47
-6.75 24.0 1.715
-6.75 24.0 1.96
-6.75 24.0 2.205
-6.75 24.0 2.45
-6.75 24.0 2.67
-6.75 24.25 -0.3
-6.75 24.25 0.0
-6.75 24.5 -0.3
-6.75 24.5 0.0
-6.75 24.75 -0.3
-6.75 24.75 0.0
-6.75 25.0 -0.3
-6.75 25.0 -0.15
-6.75 25.0 0.0
-6.6118 0.0 -0.22
-6.6118 0.0 0.0
-6.6118 0.2453 -0.22
-6.6118 0.2453 0.0
-6.6118 0.4906 -0.22
-6.6118 0.4906 0.0
-6.6118 0.7359 -0.22
-6.6118 0.7359 0.0
-6.6118 0.9813 -0.22
-6.6118 0.9813 0.0
-6.6118 1.2266 -0.22
-6.6118 1.2266 0.0
-6.6118 1.4719 -0.22
-6.6118 1.4719 0.0
-6.6118 1.7172 -0.22
-6.6118 1.7172 0.0
-6.6118 1.9625 -0.22
-6.6118 1.9625 0.0
-6.6118 2.2078 -0.22
-6.6118 2.2078 0.0
-6.6118 2.4531 -0.22
-6.6118 2.4531 0.0
-6.6118 2.6984 -0.22
-6.6118 2.6984 0.0
-6.6118 2.9437 -0.22
-6.6118 2.9437 0.0
-6.6118 3.1891 -0.22
-6.6118 3.1891 0.0
-6.6118 3.4344 -0.22
-6.6118 3.4344 0.0
-6.6118 3.6797 -0.22
-6.6118 3.6797 0.0
-6.6118 3.925 -0.22
-6.6118 3.925 0.0
-6.6118 4.1703 -0.22
-6.6118 4.1703 0.0
-6.6118 4.4156 -0.22
-6.6118 4.4156 0.0
-6.6118 4.6609 -0.22
-6.6118 4.6609 0.0
-6.6118 4.9062 -0.22
-6.6118 4.9062 0.0
-6.6118 5.1516 -0.22
-6.6118 5.1516 0.0
-6.6118 5.3969 -0.22
-6.6118 5.3969 0.0
-6.6118 5.6422 -0.22
-6.6118 5.6422 0.0
-6.6118 5.8875 -0.22
-6.6118 5.8875 0.0
-6.6118 6.1328 -0.22
-6.6118 6.1328 0.0
-6.6118 6.3781 -0.22
-6.6118 6.3781 0.0
-6.6118 6.6234 -0.22
-6.6118 6.6234 0.0
-6.6118 6.8687 -0.22
-6.6118 6.8687 0.0
-6.6118 7.1141 -0.22
-6.6118 7.1141 0.0
-6.6118 7.3594 -0.22
-6.6118 7.3594 0.0
-6.6118 7.6047 -0.22
-6.6118 7.6047 0.0
-6.6118 7.85 -0.22
-6.6118 7.85 0.0
-6.5267 7.85 0.0
-6.5267 7.85 0.245
-6.5267 7.85 0.49
-6.5267 7.85 0.735
-6.5267 7.85 0.98
-6.5267 7.85 1.225
-6.5267 7.85 1.47
-6.5267 7.85 1.715
-6.5267 7.85 1.96
-6.5267 7.85 2.205
-6.5267 7.85 2.45
-6.5267 8.03 0.0
-6.5267 8.03 0.245
-6.5267 8.03 0.49
-6.5267 8.03 0.735
-6.5267 8.03 0.98
-6.5267 8.03 1.225
-6.5267 8.03 1.47
-6.5267 8.03 1.715
-6.5267 8.03 1.96
-6.5267 8.03 2.205
-6.5267 8.03 2.45
-6.5267 23.73 0.0
-6.5267 23.73 0.245
-6.5267 23.73 0.49
-6.5267 23.73 0.735
-6.5267 23.73 0.98
-6.5267 23.73 1.225
-6.5267 23.73 1.47
-6.5267 23.73 1.715
-6.5267 23.73 1.96
-6.5267 23.73 2.205
-6.5267 23.73 2.45
-6.5267 23.91 0.0
-6.5267 23.91 0.245
-6.5267 23.91 0.49
-6.5267 23.91 0.735
-6.5267 23.91 0.98
-6.5267 23.91 1.225
-6.5267 23.91 1.47
-6.5267 23.91 1.715
-6.5267 23.91 1.96
-6.5267 23.91 2.205
-6.5267 23.91 2.45
-6.525 18.27 0.005
-6.525 18.27 0.1883
-6.525 18.27 0.3717
-6.525 18.27 0.555
-6.525 18.4533 0.005
-6.525 18.4533 0.1883
-6.525 18.4533 0.3717
-6.525 18.4533 0.555
-6.525 18.6367 0.005
-6.525 18.6367 0.1883
-6.525 18.6367 0.3717
-6.525 18.6367 0.555
-6.525 18.82 0.005
-6.525 18.82 0.1883
-6.525 18.82 0.3717
-6.525 18.82 0.555
-6.5062 0.0 0.0
-6.5062 0.0 0.245
-6.5062 0.0 0.49
-6.5062 0.0 0.735
-6.5062 0.0 0.98
-6.5062 0.0 1.225
-6.5062 0.0 1.47
-6.5062 0.0 1.715
-6.5062 0.0 1.96
-6.5062 0.0 2.205
-6.5062 0.0 2.45
-6.5062 0.18 0.0
-6.5062 0.18 0.245
-6.5062 0.18 0.49
-6.5062 0.18 0.735
-6.5062 0.18 0.98
-6.5062 0.18 1.225
-6.5062 0.18 1.47
-6.5062 0.18 1.715
-6.5062 0.18 1.96
-6.5062 0.18 2.205
-6.5062 0.18 2.45
-6.5 -1.0 -0.3
-6.5 -1.0 -0.15
-6.5 -1.0 0.0
-6.5 -0.75 -0.3
-6.5 -0.75 0.0
-6.5 -0.5 -0.3
-6.5 -0.5 0.0
-6.5 -0.25 -0.3
-6.5 -0.25 0.0
-6.5 0.0 -0.3
-6.5 0.0 0.0
-6.5 0.0 2.45
-6.5 0.0 2.67
-6.5 0.25 -0.3
-6.5 0.25 0.0
-6.5 0.25 2.45
-6.5 0.25 2.67
-6.5 0.5 -0.3
-6.5 0.5 0.0
-6.5 0.5 2.45
-6.5 0.5 2.67
-6.5 0.75 -0.3
-6.5 0.75 0.0
-6.5 0.75 2.45
-6.5 0.75 2.67
-6.5 1.0 -0.3
-6.5 1.0 0.0
-6.5 1.0 2.45
-6.5 1.0 2.67
-6.5 1.25 -0.3
-6.5 1.25 0.0
-6.5 1.25 2.45
-6.5 1.25 2.67
-6.5 1.5 -0.3
-6.5 1.5 0.0
-6.5 1.5 2.45
-6.5 1.5 2.67
-6.5 1.75 -0.3
-6.5 1.75 0.0
-6.5 1.75 2.45
-6.5 1.75 2.67
-6.5 2.0 -0.3
-6.5 2.0 0.0
-6.5 2.0 2.45
-6.5 2.0 2.67
-6.5 2.25 -0.3
-6.5 2.25 0.0
-6.5 2.25 2.45
-6.5 2.25 2.67
-6.5 2.5 -0.3
-6.5 2.5 0.0
-6.5 2.5 2.45
-6.5 2.5 2.67
-6.5 2.75 -0.3
-6.5 2.75 0.0
-6.5 2.75 2.45
-6.5 2.75 2.67
-6.5 3.0 -0.3
-6.5 3.0 0.0
-6.5 3.0 2.45
-6.5 3.0 2.67
-6.5 3.25 -0.3
-6.5 3.25 0.0
-6.5 3.25 2.45
-6.5 3.25 2.67
-6.5 3.5 -0.3
-6.5 3.5 0.0
-6.5 3.5 2.45
-6.5 3.5 2.67
-6.5 3.75 -0.3
-6.5 3.75 0.0
-6.5 3.75 2.45
-6.5 3.75 2.67
-6.5 4.0 -0.3
-6.5 4.0 0.0
-6.5 4.0 2.45
-6.5 4.0 2.67
-6.5 4.25 -0.3
-6.5 4.25 0.0
-6.5 4.25 2.45
-6.5 4.25 2.67
-6.5 4.5 -0.3
-6.5 4.5 0.0
-6.5 4.5 2.45
-6.5 4.5 2.67
-6.5 4.75 -0.3
-6.5 4.75 0.0
-6.5 4.75 2.45
-6.5 4.75 2.67
-6.5 5.0 -0.3
-6.5 5.0 0.0
-6.5 5.0 2.45
-6.5 5.0 2.67
-6.5 5.25 -0.3
-6.5 5.25 0.0
-6.5 5.25 2.45
-6.5 5.25 2.67
-6.5 5.5 -0.3
-6.5 5.5 0.0
-6.5 5.5 2.45
-6.5 5.5 2.67
-6.5 5.75 -0.3
-6.5 5.75 0.0
-6.5 5.75 2.45
-6.5 5.75 2.67
-6.5 6.0 -0.3
-6.5 6.0 0.0
-6.5 6.0 2.45
-6.5 6.0 2.67
-6.5 6.25 -0.3
-6.5 6.25 0.0
-6.5 6.25 2.45
-6.5 6.25 2.67
-6.5 6.5 -0.3
-6.5 6.5 0.0
-6.5 6.5 2.45
-6.5 6.5 2.67
-6.5 6.75 -0.3
-6.5 6.75 0.0
-6.5 6.75 2.45
-6.5 6.75 2.67
-6.5 7.0 -0.3
-6.5 7.0 0.0
-6.5 7.0 2.45
-6.5 7.0 2.67
-6.5 7.25 -0.3
-6.5 7.25 0.0
-6.5 7.25 2.45
-6.5 7.25 2.67
-6.5 7.5 -0.3
-6.5 7.5 0.0
-6.5 7.5 2.45
-6.5 7.5 2.67
-6.5 7.75 -0.3
-6.5 7.75 0.0
-6.5 7.75 2.45
-6.5 7.75 2.67
-6.5 7.85 -0.22
-6.5 7.85 0.0
-6.5 8.0 -0.3
-6.5 8.0 0.0
-6.5 8.0 2.45
-6.5 8.0 2.67
-6.5 8.0985 -0.22
-6.5 8.0985 0.0
-6.5 8.25 -0.3
-6.5 8.25 0.0
-6.5 8.25 2.45
-6.5 8.25 2.67
-6.5 8.3469 -0.22
-6.5 8.3469 0.0
-6.5 8.5 -0.3
-6.5 8.5 0.0
-6.5 8.5 2.45
-6.5 8.5 2.67
-6.5 8.5954 -0.22
-6.5 8.5954 0.0
-6.5 8.75 -0.3
-6.5 8.75 0.0
-6.5 8.75 2.45
-6.5 8.75 2.67
-6.5 8.8438 -0.22
-6.5 8.8438 0.0
-6.5 9.0 -0.3
-6.5 9.0 0.0
-6.5 9.0 2.45
-6.5 9.0 2.67
-6.5 9.0923 -0.22
-6.5 9.0923 0.0
-6.5 9.25 -0.3
-6.5 9.25 0.0
-6.5 9.25 2.45
-6.5 9.25 2.67
-6.5 9.3408 -0.22
-6.5 9.3408 0.0
-6.5 9.5 -0.3
-6.5 9.5 0.0
-6.5 9.5 2.45
-6.5 9.5 2.67
-6.5 9.5892 -0.22
-6.5 9.5892 0.0
-6.5 9.75 -0.3
-6.5 9.75 0.0
-6.5 9.75 2.45
-6.5 9.75 2.67
-6.5 9.8377 -0.22
-6.5 9.8377 0.0
-6.5 10.0 -0.3
-6.5 10.0 0.0
-6.5 10.0 2.45
-6.5 10.0 2.67
-6.5 10.0862 -0.22
-6.5 10.0862 0.0
-6.5 10.25 -0.3
-6.5 10.25 0.0
-6.5 10.25 2.45
-6.5 10.25 2.67
-6.5 10.3346 -0.22
-6.5 10.3346 0.0
-6.5 10.5 -0.3
-6.5 10.5 0.0
-6.5 10.5 2.45
-6.5 10.5 2.67
-6.5 10.5831 -0.22
-6.5 10.5831 0.0
-6.5 10.75 -0.3
-6.5 10.75 0.0
-6.5 10.75 2.45
-6.5 10.75 2.67
-6.5 10.8315 -0.22
-6.5 10.8315 0.0
-6.5 11.0 -0.3
-6.5 11.0 0.0
-6.5 11.0 2.45
-6.5 11.0 2.67
-6.5 11.08 -0.22
-6.5 11.08 0.0
-6.5 11.25 -0.3
-6.5 11.25 0.0
-6.5 11.25 2.45
-6.5 11.25 2.67
-6.5 11.3285 -0.22
-6.5 11.3285 0.0
-6.5 11.5 -0.3
-6.5 11.5 0.0
-6.5 11.5 2.45
-6.5 11.5 2.67
-6.5 11.5769 -0.22
-6.5 11.5769 0.0
-6.5 11.75 -0.3
-6.5 11.75 0.0
-6.5 11.75 2.45
-6.5 11.75 2.67
-6.5 11.8254 -0.22
-6.5 11.8254 0.0
-6.5 12.0 -0.3
-6.5 12.0 0.0
-6.5 12.0 2.45
-6.5 12.0 2.67
-6.5 12.0738 -0.22
-6.5 12.0738 0.0
-6.5 12.25 -0.3
-6.5 12.25 0.0
-6.5 12.25 2.45
-6.5 12.25 2.67
-6.5 12.3223 -0.22
-6.5 12.3223 0.0
-6.5 12.5 -0.3
-6.5 12.5 0.0
-6.5 12.5 2.45
-6.5 12.5 2.67
-6.5 12.5708 -0.22
-6.5 12.5708 0.0
-6.5 12.75 -0.3
-6.5 12.75 0.0
-6.5 12.75 2.45
-6.5 12.75 2.67
-6.5 12.8192 -0.22
-6.5 12.8192 0.0
-6.5 13.0 -0.3
-6.5 13.0 0.0
-6.5 13.0 2.45
-6.5 13.0 2.67
-6.5 13.0677 -0.22
-6.5 13.0677 0.0
-6.5 13.25 -0.3
-6.5 13.25 0.0
-6.5 13.25 2.45
-6.5 13.25 2.67
-6.5 13.3162 -0.22
-6.5 13.3162 0.0
-6.5 13.5 -0.3
-6.5 13.5 0.0
-6.5 13.5 2.45
-6.5 13.5 2.67
-6.5 13.5646 -0.22
-6.5 13.5646 0.0
-6.5 13.75 -0.3
-6.5 13.75 0.0
-6.5 13.75 2.45
-6.5 13.75 2.67
-6.5 13.8131 -0.22
-6.5 13.8131 0.0
-6.5 14.0 -0.3
-6.5 14.0 0.0
-6.5 14.0 2.45
-6.5 14.0 2.67
-6.5 14.0615 -0.22
-6.5 14.0615 0.0
-6.5 14.25 -0.3
-6.5 14.25 0.0
-6.5 14.25 2.45
-6.5 14.25 2.67
-6.5 14.31 -0.22
-6.5 14.31 0.0
-6.5 14.5 -0.3
-6.5 14.5 0.0
-6.5 14.5 2.45
-6.5 14.5 2.67
-6.5 14.5585 -0.22
-6.5 14.5585 0.0
-6.5 14.75 -0.3
-6.5 14.75 0.0
-6.5 14.75 2.45
-6.5 14.75 2.67
-6.5 14.8069 -0.22
-6.5 14.8069 0.0
-6.5 15.0 -0.3
-6.5 15.0 0.0
-6.5 15.0 2.45
-6.5 15.0 2.67
-6.5 15.0554 -0.22
-6.5 15.0554 0.0
-6.5 15.25 -0.3
-6.5 15.25 0.0
-6.5 15.25 2.45
-6.5 15.25 2.67
-6.5 15.3038 -0.22
-6.5 15.3038 0.0
-6.5 15.5 -0.3
-6.5 15.5 0.0
-6.5 15.5 2.45
-6.5 15.5 2.67
-6.5 15.5523 -0.22
-6.5 15.5523 0.0
-6.5 15.75 -0.3
-6.5 15.75 0.0
-6.5 15.75 2.45
-6.5 15.75 2.67
-6.5 15.8008 -0.22
-6.5 15.8008 0.0
-6.5 16.0 -0.3
-6.5 16.0 0.0
-6.5 16.0 2.45
-6.5 16.0 2.67
-6.5 16.0492 -0.22
-6.5 16.0492 0.0
-6.5 16.25 -0.3
-6.5 16.25 0.0
-6.5 16.25 2.45
-6.5 16.25 2.67
-6.5 16.2977 -0.22
-6.5 16.2977 0.0
-6.5 16.5 -0.3
-6.5 16.5 0.0
-6.5 16.5 2.45
-6.5 16.5 2.67
-6.5 16.5462 -0.22
-6.5 16.5462 0.0
-6.5 16.75 -0.3
-6.5 16.75 0.0
-6.5 16.75 2.45
-6.5 16.75 2.67
-6.5 16.7946 -0.22
-6.5 16.7946 0.0
-6.5 17.0 -0.3
-6.5 17.0 0.0
-6.5 17.0 2.45
-6.5 17.0 2.67
-6.5 17.0431 -0.22
-6.5 17.0431 0.0
-6.5 17.25 -0.3
-6.5 17.25 0.0
-6.5 17.25 2.45
-6.5 17.25 2.67
-6.5 17.2915 -0.22
-6.5 17.2915 0.0
-6.5 17.5 -0.3
-6.5 17.5 0.0
-6.5 17.5 2.45
-6.5 17.5 2.67
-6.5 17.54 -0.22
-6.5 17.54 0.0
-6.5 17.75 -0.3
-6.5 17.75 0.0
-6.5 17.75 2.45
-6.5 17.75 2.67
-6.5 17.7885 -0.22
-6.5 17.7885 0.0
-6.5 18.0 -0.3
-6.5 18.0 0.0
-6.5 18.0 2.45
-6.5 18.0 2.67
-6.5 18.0369 -0.22
-6.5 18.0369 0.0
-6.5 18.25 -0.3
-6.5 18.25 0.0
-6.5 18.25 2.45
-6.5 18.25 2.67
-6.5 18.2854 -0.22
-6.5 18.2854 0.0
-6.5 18.5 -0.3
-6.5 18.5 0.0
-6.5 18.5 2.45
-6.5 18.5 2.67
-6.5 18.5338 -0.22
-6.5 18.5338 0.0
-6.5 18.75 -0.3
-6.5 18.75 0.0
-6.5 18.75 2.45
-6.5 18.75 2.67
-6.5 18.7823 -0.22
-6.5 18.7823 0.0
-6.5 19.0 -0.3
-6.5 19.0 0.0
-6.5 19.0 2.45
-6.5 19.0 2.67
-6.5 19.0308 -0.22
-6.5 19.0308 0.0
-6.5 19.095 0.075
-6.5 19.095 0.325
-6.5 19.095 0.575
-6.5 19.095 0.825
-6.5 19.25 -0.3
-6.5 19.25 0.0
-6.5 19.25 2.45
-6.5 19.25 2.67
-6.5 19.2792 -0.22
-6.5 19.2792 0.0
-6.5 19.3283 0.075
-6.5 19.3283 0.825
-6.5 19.5 -0.3
-6.5 19.5 0.0
-6.5 19.5 2.45
-6.5 19.5 2.67
-6.5 19.5277 -0.22
-6.5 19.5277 0.0
-6.5 19.5617 0.075
-6.5 19.5617 0.825
-6.5 19.75 -0.3
-6.5 19.75 0.0
-6.5 19.75 2.45
-6.5 19.75 2.67
-6.5 19.7762 -0.22
-6.5 19.7762 0.0
-6.5 19.795 0.075
-6.5 19.795 0.325
-6.5 19.795 0.575
-6.5 19.795 0.825
-6.5 20.0 -0.3
-6.5 20.0 0.0
-6.5 20.0 2.45
-6.5 20.0 2.67
-6.5 20.0246 -0.22
-6.5 20.0246 0.0
-6.5 20.25 -0.3
-6.5 20.25 0.0
-6.5 20.25 2.45
-6.5 20.25 2.67
-6.5 20.2731 -0.22
-6.5 20.2731 0.0
-6.5 20.5 -0.3
-6.5 20.5 0.0
-6.5 20.5 2.45
-6.5 20.5 2.67
-6.5 20.5215 -0.22
-6.5 20.5215 0.0
-6.5 20.75 -0.3
-6.5 20.75 0.0
-6.5 20.75 2.45
-6.5 20.75 2.67
-6.5 20.77 -0.22
-6.5 20.77 0.0
-6.5 21.0 -0.3
-6.5 21.0 0.0
-6.5 21.0 2.45
-6.5 21.0 2.67
-6.5 21.0185 -0.22
-6.5 21.0185 0.0
-6.5 21.25 -0.3
-6.5 21.25 0.0
-6.5 21.25 2.45
-6.5 21.25 2.67
-6.5 21.2669 -0.22
-6.5 21.2669 0.0
-6.5 21.5 -0.3
-6.5 21.5 0.0
-6.5 21.5 2.45
-6.5 21.5 2.67
-6.5 21.5154 -0.22
-6.5 21.5154 0.0
-6.5 21.75 -0.3
-6.5 21.75 0.0
-6.5 21.75 2.45
-6.5 21.75 2.67
-6.5 21.7638 -0.22
-6.5 21.7638 0.0
-6.5 22.0 -0.3
-6.5 22.0 0.0
-6.5 22.0 2.45
-6.5 22.0 2.67
-6.5 22.0123 -0.22
-6.5 22.0123 0.0
-6.5 22.25 -0.3
-6.5 22.25 0.0
-6.5 22.25 2.45
-6.5 22.25 2.67
-6.5 22.2608 -0.22
-6.5 22.2608 0.0
-6.5 22.5 -0.3
-6.5 22.5 0.0
-6.5 22.5 2.45
-6.5 22.5 2.67
-6.5 22.5092 -0.22
-6.5 22.5092 0.0
-6.5 22.75 -0.3
-6.5 22.75 0.0
-6.5 22.75 2.45
-6.5 22.75 2.67
-6.5 22.7577 -0.22
-6.5 22.7577 0.0
-6.5 23.0 -0.3
-6.5 23.0 0.0
-6.5 23.0 2.45
-6.5 23.0 2.67
-6.5 23.0062 -0.22
-6.5 23.0062 0.0
-6.5 23.25 -0.3
-6.5 23.25 0.0
-6.5 23.25 2.45
-6.5 23.25 2.67
-6.5 23.2546 -0.22
-6.5 23.2546 0.0
-6.5 23.5 -0.3
-6.5 23.5 0.0
-6.5 23.5 2.45
-6.5 23.5 2.67
-6.5 23.5031 -0.22
-6.5 23.5031 0.0
-6.5 23.75 -0.3
-6.5 23.75 0.0
-6.5 23.75 2.45
-6.5 23.75 2.67
-6.5 23.7515 -0.22
-6.5 23.7515 0.0
-6.5 23.82 0.0
-6.5 23.82 0.245
-6.5 23.82 0.49
-6.5 23.82 0.735
-6.5 23.82 0.98
-6.5 23.82 1.225
-6.5 23.82 1.47
-6.5 23.82 1.715
-6.5 23.82 1.96
-6.5 23.82 2.205
-6.5 23.82 2.45
-6.5 24.0 -0.3
-6.5 24.0 -0.22
-6.5 24.0 0.0
-6.5 24.0 0.245
-6.5 24.0 0.49
-6.5 24.0 0.735
-6.5 24.0 0.98
-6.5 24.0 1.225
-6.5 24.0 1.47
-6.5 24.0 1.715
-6.5 24.0 1.96
-6.5 24.0 2.205
-6.5 24.0 2.45
-6.5 24.0 2.67
-6.5 24.25 -0.3
-6.5 24.25 0.0
-6.5 24.5 -0.3
-6.5 24.5 0.0
-6.5 24.75 -0.3
-6.5 24.75 0.0
-6.5 25.0 -0.3
-6.5 25.0 -0.15
-6.5 25.0 0.0
-6.3729 0.0 -0.22
-6.3729 0.0 0.0
-6.3729 0.2453 -0.22
-6.3729 0.2453 0.0
-6.3729 0.4906 -0.22
-6.3729 0.4906 0.0
-6.3729 0.7359 -0.22
-6.3729 0.7359 0.0
-6.3729 0.9813 -0.22
-6.3729 0.9813 0.0
-6.3729 1.2266 -0.22
-6.3729 1.2266 0.0
-6.3729 1.4719 -0.22
-6.3729 1.4719 0.0
-6.3729 1.7172 -0.22
-6.3729 1.7172 0.0
-6.3729 1.9625 -0.22
-6.3729 1.9625 0.0
-6.3729 2.2078 -0.22
-6.3729 2.2078 0.0
-6.3729 2.4531 -0.22
-6.3729 2.4531 0.0
-6.3729 2.6984 -0.22
-6.3729 2.6984 0.0
-6.3729 2.9437 -0.22
-6.3729 2.9437 0.0
-6.3729 3.1891 -0.22
-6.3729 3.1891 0.0
-6.3729 3.4344 -0.22
-6.3729 3.4344 0.0
-6.3729 3.6797 -0.22
-6.3729 3.6797 0.0
-6.3729 3.925 -0.22
-6.3729 3.925 0.0
-6.3729 4.1703 -0.22
-6.3729 4.1703 0.0
-6.3729 4.4156 -0.22
-6.3729 4.4156 0.0
-6.3729 4.6609 -0.22
-6.3729 4.6609 0.0
-6.3729 4.9062 -0.22
-6.3729 4.9062 0.0
-6.3729 5.1516 -0.22
-6.3729 5.1516 0.0
-6.3729 5.3969 -0.22
-6.3729 5.3969 0.0
-6.3729 5.6422 -0.22
-6.3729 5.6422 0.0
-6.3729 5.8875 -0.22
-6.3729 5.8875 0.0
-6.3729 6.1328 -0.22
-6.3729 6.1328 0.0
-6.3729 6.3781 -0.22
-6.3729 6.3781 0.0
-6.3729 6.6234 -0.22
-6.3729 6.6234 0.0
-6.3729 6.8687 -0.22
-6.3729 6.8687 0.0
-6.3729 7.1141 -0.22
-6.3729 7.1141 0.0
-6.3729 7.3594 -0.22
-6.3729 7.3594 0.0
-6.3729 7.6047 -0.22
-6.3729 7.6047 0.0
-6.3729 7.85 -0.22
-6.3729 7.85 0.0
-6.3417 18.27 0.005
-6.3417 18.27 0.1883
-6.3417 18.27 0.3717
-6.3417 18.27 0.555
-6.3417 18.4533 0.005
-6.3417 18.4533 0.555
-6.3417 18.6367 0.005
-6.3417 18.6367 0.555
-6.3417 18.82 0.005
-6.3417 18.82 0.1883
-6.3417 18.82 0.3717
-6.3417 18.82 0.555
-6.28 7.85 0.0
-6.28 7.85 0.245
-6.28 7.85 0.49
-6.28 7.85 0.735
-6.28 7.85 0.98
-6.28 7.85 1.225
-6.28 7.85 1.47
-6.28 7.85 1.715
-6.28 7.85 1.96
-6.28 7.85 2.205
-6.28 7.85 2.45
-6.28 8.03 0.0
-6.28 8.03 0.245
-6.28 8.03 0.49
-6.28 8.03 0.735
-6.28 8.03 0.98
-6.28 8.03 1.225
-6.28 8.03 1.47
-6.28 8.03 1.715
-6.28 8.03 1.96
-6.28 8.03 2.205
-6.28 8.03 2.45
-6.28 23.73 0.0
-6.28 23.73 0.245
-6.28 23.73 0.49
-6.28 23.73 0.735
-6.28 23.73 0.98
-6.28 23.73 1.225
-6.28 23.73 1.47
-6.28 23.73 1.715
-6.28 23.73 1.96
-6.28 23.73 2.205
-6.28 23.73 2.45
-6.28 23.91 0.0
-6.28 23.91 0.245
-6.28 23.91 0.49
-6.28 23.91 0.735
-6.28 23.91 0.98
-6.28 23.91 1.225
-6.28 23.91 1.47
-6.28 23.91 1.715
-6.28 23.91 1.96
-6.28 23.91 2.205
-6.28 23.91 2.45
-6.2569 0.0 0.0
-6.2569 0.0 0.245
-6.2569 0.0 0.49
-6.2569 0.0 0.735
-6.2569 0.0 0.98
-6.2569 0.0 1.225
-6.2569 0.0 1.47
-6.2569 0.0 1.715
-6.2569 0.0 1.96
-6.2569 0.0 2.205
-6.2569 0.0 2.45
-6.2569 0.18 0.0
-6.2569 0.18 0.245
-6.2569 0.18 0.49
-6.2569 0.18 0.735
-6.2569 0.18 0.98
-6.2569 0.18 1.225
-6.2569 0.18 1.47
-6.2569 0.18 1.715
-6.2569 0.18 1.96
-6.2569 0.18 2.205
-6.2569 0.18 2.45
-6.25 -1.0 -0.3
-6.25 -1.0 -0.15
-6.25 -1.0 0.0
-6.25 -0.75 -0.3
-6.25 -0.75 0.0
-6.25 -0.5 -0.3
-6.25 -0.5 0.0
-6.25 -0.25 -0.3
-6.25 -0.25 0.0
-6.25 0.0 -0.3
-6.25 0.0 0.0
-6.25 0.0 2.45
-6.25 0.0 2.67
-6.25 0.25 -0.3
-6.25 0.25 0.0
-6.25 0.25 2.45
-6.25 0.25 2.67
-6.25 0.5 -0.3
-6.25 0.5 0.0
-6.25 0.5 2.45
-6.25 0.5 2.67
-6.25 0.75 -0.3
-6.25 0.75 0.0
-6.25 0.75 2.45
-6.25 0.75 2.67
-6.25 1.0 -0.3
-6.25 1.0 0.0
-6.25 1.0 2.45
-6.25 1.0 2.67
-6.25 1.25 -0.3
-6.25 1.25 0.0
-6.25 1.25 2.45
-6.25 1.25 2.67
-6.25 1.5 -0.3
-6.25 1.5 0.0
-6.25 1.5 2.45
-6.25 1.5 2.67
-6.25 1.75 -0.3
-6.25 1.75 0.0
-6.25 1.75 2.45
-6.25 1.75 2.67
-6.25 2.0 -0.3
-6.25 2.0 0.0
-6.25 2.0 2.45
-6.25 2.0 2.67
-6.25 2.25 -0.3
-6.25 2.25 0.0
-6.25 2.25 2.45
-6.25 2.25 2.67
-6.25 2.5 -0.3
-6.25 2.5 0.0
-6.25 2.5 2.45
-6.25 2.5 2.67
-6.25 2.75 -0.3
-6.25 2.75 0.0
-6.25 2.75 2.45
-6.25 2.75 2.67
-6.25 3.0 -0.3
-6.25 3.0 0.0
-6.25 3.0 2.45
-6.25 3.0 2.67
-6.25 3.25 -0.3
-6.25 3.25 0.0
-6.25 3.25 2.45
-6.25 3.25 2.67
-6.25 3.5 -0.3
-6.25 3.5 0.0
-6.25 3.5 2.45
-6.25 3.5 2.67
-6.25 3.75 -0.3
-6.25 3.75 0.0
-6.25 3.75 2.45
-6.25 3.75 2.67
-6.25 4.0 -0.3
-6.25 4.0 0.0
-6.25 4.0 2.45
-6.25 4.0 2.67
-6.25 4.25 -0.3
-6.25 4.25 0.0
-6.25 4.25 2.45
-6.25 4.25 2.67
-6.25 4.5 -0.3
-6.25 4.5 0.0
-6.25 4.5 2.45
-6.25 4.5 2.67
-6.25 4.75 -0.3
-6.25 4.75 0.0
-6.25 4.75 2.45
-6.25 4.75 2.67
-6.25 5.0 -0.3
-6.25 5.0 0.0
-6.25 5.0 2.45
-6.25 5.0 2.67
-6.25 5.25 -0.3
-6.25 5.25 0.0
-6.25 5.25 2.45
-6.25 5.25 2.67
-6.25 5.5 -0.3
-6.25 5.5 0.0
-6.25 5.5 2.45
-6.25 5.5 2.67
-6.25 5.75 -0.3
-6.25 5.75 0.0
-6.25 5.75 2.45
-6.25 5.75 2.67
-6.25 6.0 -0.3
-6.25 6.0 0.0
-6.25 6.0 2.45
-6.25 6.0 2.67
-6.25 6.25 -0.3
-6.25 6.25 0.0
-6.25 6.25 2.45
-6.25 6.25 2.67
-6.25 6.5 -0.3
-6.25 6.5 0.0
-6.25 6.5 2.45
-6.25 6.5 2.67
-6.25 6.75 -0.3
-6.25 6.75 0.0
-6.25 6.75 2.45
-6.25 6.75 2.67
-6.25 7.0 -0.3
-6.25 7.0 0.0
-6.25 7.0 2.45
-6.25 7.0 2.67
-6.25 7.25 -0.3
-6.25 7.25 0.0
-6.25 7.25 2.45
-6.25 7.25 2.67
-6.25 7.5 -0.3
-6.25 7.5 0.0
-6.25 7.5 2.45
-6.25 7.5 2.67
-6.25 7.75 -0.3
-6.25 7.75 0.0
-6.25 7.75 2.45
-6.25 7.75 2.67
-6.25 7.85 -0.22
-6.25 7.85 0.0
-6.25 8.0 -0.3
-6.25 8.0 0.0
-6.25 8.0 2.45
-6.25 8.0 2.67
-6.25 8.0985 -0.22
-6.25 8.0985 0.0
-6.25 8.25 -0.3
-6.25 8.25 0.0
-6.25 8.25 2.45
-6.25 8.25 2.67
-6.25 8.3469 -0.22
-6.25 8.3469 0.0
-6.25 8.5 -0.3
-6.25 8.5 0.0
-6.25 8.5 2.45
-6.25 8.5 2.67
-6.25 8.5954 -0.22
-6.25 8.5954 0.0
-6.25 8.75 -0.3
-6.25 8.75 0.0
-6.25 8.75 2.45
-6.25 8.75 2.67
-6.25 8.8438 -0.22
-6.25 8.8438 0.0
-6.25 9.0 -0.3
-6.25 9.0 0.0
-6.25 9.0 2.45
-6.25 9.0 2.67
-6.25 9.0923 -0.22
-6.25 9.0923 0.0
-6.25 9.25 -0.3
-6.25 9.25 0.0
-6.25 9.25 2.45
-6.25 9.25 2.67
-6.25 9.3408 -0.22
-6.25 9.3408 0.0
-6.25 9.5 -0.3
-6.25 9.5 0.0
-6.25 9.5 2.45
-6.25 9.5 2.67
-6.25 9.5892 -0.22
-6.25 9.5892 0.0
-6.25 9.75 -0.3
-6.25 9.75 0.0
-6.25 9.75 2.45
-6.25 9.75 2.67
-6.25 9.8377 -0.22
-6.25 9.8377 0.0
-6.25 10.0 -0.3
-6.25 10.0 0.0
-6.25 10.0 2.45
-6.25 10.0 2.67
-6.25 10.0862 -0.22
-6.25 10.0862 0.0
-6.25 10.25 -0.3
-6.25 10.25 0.0
-6.25 10.25 2.45
-6.25 10.25 2.67
-6.25 10.3346 -0.22
-6.25 10.3346 0.0
-6.25 10.5 -0.3
-6.25 10.5 0.0
-6.25 10.5 2.45
-6.25 10.5 2.67
-6.25 10.5831 -0.22
-6.25 10.5831 0.0
-6.25 10.75 -0.3
-6.25 10.75 0.0
-6.25 10.75 2.45
-6.25 10.75 2.67
-6.25 10.8315 -0.22
-6.25 10.8315 0.0
-6.25 11.0 -0.3
-6.25 11.0 0.0
-6.25 11.0 2.45
-6.25 11.0 2.67
-6.25 11.08 -0.22
-6.25 11.08 0.0
-6.25 11.25 -0.3
-6.25 11.25 0.0
-6.25 11.25 2.45
-6.25 11.25 2.67
-6.25 11.3285 -0.22
-6.25 11.3285 0.0
-6.25 11.5 -0.3
-6.25 11.5 0.0
-6.25 11.5 2.45
-6.25 11.5 2.67
-6.25 11.5769 -0.22
-6.25 11.5769 0.0
-6.25 11.75 -0.3
-6.25 11.75 0.0
-6.25 11.75 2.45
-6.25 11.75 2.67
-6.25 11.8254 -0.22
-6.25 11.8254 0.0
-6.25 12.0 -0.3
-6.25 12.0 0.0
-6.25 12.0 2.45
-6.25 12.0 2.67
-6.25 12.0738 -0.22
-6.25 12.0738 0.0
-6.25 12.25 -0.3
-6.25 12.25 0.0
-6.25 12.25 2.45
-6.25 12.25 2.67
-6.25 12.3223 -0.22
-6.25 12.3223 0.0
-6.25 12.5 -0.3
-6.25 12.5 0.0
-6.25 12.5 2.45
-6.25 12.5 2.67
-6.25 12.5708 -0.22
-6.25 12.5708 0.0
-6.25 12.75 -0.3
-6.25 12.75 0.0
-6.25 12.75 2.45
-6.25 12.75 2.67
-6.25 12.8192 -0.22
-6.25 12.8192 0.0
-6.25 13.0 -0.3
-6.25 13.0 0.0
-6.25 13.0 2.45
-6.25 13.0 2.67
-6.25 13.0677 -0.22
-6.25 13.0677 0.0
-6.25 13.25 -0.3
-6.25 13.25 0.0
-6.25 13.25 2.45
-6.25 13.25 2.67
-6.25 13.3162 -0.22
-6.25 13.3162 0.0
-6.25 13.5 -0.3
-6.25 13.5 0.0
-6.25 13.5 2.45
-6.25 13.5 2.67
-6.25 13.5646 -0.22
-6.25 13.5646 0.0
-6.25 13.75 -0.3
-6.25 13.75 0.0
-6.25 13.75 2.45
-6.25 13.75 2.67
-6.25 13.8131 -0.22
-6.25 13.8131 0.0
-6.25 14.0 -0.3
-6.25 14.0 0.0
-6.25 14.0 2.45
-6.25 14.0 2.67
-6.25 14.0615 -0.22
-6.25 14.0615 0.0
-6.25 14.25 -0.3
-6.25 14.25 0.0
-6.25 14.25 2.45
-6.25 14.25 2.67
-6.25 14.31 -0.22
-6.25 14.31 0.0
-6.25 14.5 -0.3
-6.25 14.5 0.0
-6.25 14.5 2.45
-6.25 14.5 2.67
-6.25 14.5585 -0.22
-6.25 14.5585 0.0
-6.25 14.75 -0.3
-6.25 14.75 0.0
-6.25 14.75 2.45
-6.25 14.75 2.67
-6.25 14.8069 -0.22
-6.25 14.8069 0.0
-6.25 15.0 -0.3
-6.25 15.0 0.0
-6.25 15.0 2.45
-6.25 15.0 2.67
-6.25 15.0554 -0.22
-6.25 15.0554 0.0
-6.25 15.25 -0.3
-6.25 15.25 0.0
-6.25 15.25 2.45
-6.25 15.25 2.67
-6.25 15.3038 -0.22
-6.25 15.3038 0.0
-6.25 15.5 -0.3
-6.25 15.5 0.0
-6.25 15.5 2.45
-6.25 15.5 2.67
-6.25 15.5523 -0.22
-6.25 15.5523 0.0
-6.25 15.75 -0.3
-6.25 15.75 0.0
-6.25 15.75 2.45
-6.25 15.75 2.67
-6.25 15.8008 -0.22
-6.25 15.8008 0.0
-6.25 16.0 -0.3
-6.25 16.0 0.0
-6.25 16.0 2.45
-6.25 16.0 2.67
-6.25 16.0492 -0.22
-6.25 16.0492 0.0
-6.25 16.25 -0.3
-6.25 16.25 0.0
-6.25 16.25 2.45
-6.25 16.25 2.67
-6.25 16.2977 -0.22
-6.25 16.2977 0.0
-6.25 16.5 -0.3
-6.25 16.5 0.0
-6.25 16.5 2.45
-6.25 16.5 2.67
-6.25 16.5462 -0.22
-6.25 16.5462 0.0
-6.25 16.75 -0.3
-6.25 16.75 0.0
-6.25 16.75 2.45
-6.25 16.75 2.67
-6.25 16.7946 -0.22
-6.25 16.7946 0.0
-6.25 17.0 -0.3
-6.25 17.0 0.0
-6.25 17.0 2.45
-6.25 17.0 2.67
-6.25 17.0431 -0.22
-6.25 17.0431 0.0
-6.25 17.25 -0.3
-6.25 17.25 0.0
-6.25 17.25 2.45
-6.25 17.25 2.67
-6.25 17.2915 -0.22
-6.25 17.2915 0.0
-6.25 17.5 -0.3
-6.25 17.5 0.0
-6.25 17.5 2.45
-6.25 17.5 2.67
-6.25 17.54 -0.22
-6.25 17.54 0.0
-6.25 17.75 -0.3
-6.25 17.75 0.0
-6.25 17.75 2.45
-6.25 17.75 2.67
-6.25 17.7885 -0.22
-6.25 17.7885 0.0
-6.25 18.0 -0.3
-6.25 18.0 0.0
-6.25 18.0 2.45
-6.25 18.0 2.67
-6.25 18.0369 -0.22
-6.25 18.0369 0.0
-6.25 18.25 -0.3
-6.25 18.25 0.0
-6.25 18.25 2.45
-6.25 18.25 2.67
-6.25 18.2854 -0.22
-6.25 18.2854 0.0
-6.25 18.5 -0.3
-6.25 18.5 0.0
-6.25 18.5 2.45
-6.25 18.5 2.67
-6.25 18.5338 -0.22
-6.25 18.5338 0.0
-6.25 18.75 -0.3
-6.25 18.75 0.0
-6.25 18.75 2.45
-6.25 18.75 2.67
-6.25 18.7823 -0.22
-6.25 18.7823 0.0
-6.25 19.0 -0.3
-6.25 19.0 0.0
-6.25 19.0 2.45
-6.25 19.0 2.67
-6.25 19.0308 -0.22
-6.25 19.0308 0.0
-6.25 19.095 0.075
-6.25 19.095 0.325
-6.25 19.095 0.575
-6.25 19.095 0.825
-6.25 19.25 -0.3
-6.25 19.25 0.0
-6.25 19.25 2.45
-6.25 19.25 2.67
-6.25 19.2792 -0.22
-6.25 19.2792 0.0
-6.25 19.3283 0.075
-6.25 19.3283 0.825
-6.25 19.5 -0.3
-6.25 19.5 0.0
-6.25 19.5 2.45
-6.25 19.5 2.67
-6.25 19.5277 -0.22
-6.25 19.5277 0.0
-6.25 19.5617 0.075
-6.25 19.5617 0.825
-6.25 19.75 -0.3
-6.25 19.75 0.0
-6.25 19.75 2.45
-6.25 19.75 2.67
-6.25 19.7762 -0.22
-6.25 19.7762 0.0
-6.25 19.795 0.075
-6.25 19.795 0.325
-6.25 19.795 0.575
-6.25 19.795 0.825
-6.25 20.0 -0.3
-6.25 20.0 0.0
-6.25 20.0 2.45
-6.25 20.0 2.67
-6.25 20.0246 -0.22
-6.25 20.0246 0.0
-6.25 20.25 -0.3
-6.25 20.25 0.0
-6.25 20.25 2.45
-6.25 20.25 2.67
-6.25 20.2731 -0.22
-6.25 20.2731 0.0
-6.25 20.5 -0.3
-6.25 20.5 0.0
-6.25 20.5 2.45
-6.25 20.5 2.67
-6.25 20.5215 -0.22
-6.25 20.5215 0.0
-6.25 20.75 -0.3
-6.25 20.75 0.0
-6.25 20.75 2.45
-6.25 20.75 2.67
-6.25 20.77 -0.22
-6.25 20.77 0.0
-6.25 21.0 -0.3
-6.25 21.0 0.0
-6.25 21.0 2.45
-6.25 21.0 2.67
-6.25 21.0185 -0.22
-6.25 21.0185 0.0
-6.25 21.25 -0.3
-6.25 21.25 0.0
-6.25 21.25 2.45
-6.25 21.25 2.67
-6.25 21.2669 -0.22
-6.25 21.2669 0.0
-6.25 21.5 -0.3
-6.25 21.5 0.0
-6.25 21.5 2.45
-6.25 21.5 2.67
-6.25 21.5154 -0.22
-6.25 21.5154 0.0
-6.25 21.75 -0.3
-6.25 21.75 0.0
-6.25 21.75 2.45
-6.25 21.75 2.67
-6.25 21.7638 -0.22
-6.25 21.7638 0.0
-6.25 22.0 -0.3
-6.25 22.0 0.0
-6.25 22.0 2.45
-6.25 22.0 2.67
-6.25 22.0123 -0.22
-6.25 22.0123 0.0
-6.25 22.25 -0.3
-6.25 22.25 0.0
-6.25 22.25 2.45
-6.25 22.25 2.67
-6.25 22.2608 -0.22
-6.25 22.2608 0.0
-6.25 22.5 -0.3
-6.25 22.5 0.0
-6.25 22.5 2.45
-6.25 22.5 2.67
-6.25 22.5092 -0.22
-6.25 22.5092 0.0
-6.25 22.75 -0.3
-6.25 22.75 0.0
-6.25 22.75 2.45
-6.25 22.75 2.67
-6.25 22.7577 -0.22
-6.25 22.7577 0.0
-6.25 23.0 -0.3
-6.25 23.0 0.0
-6.25 23.0 2.45
-6.25 23.0 2.67
-6.25 23.0062 -0.22
-6.25 23.0062 0.0
-6.25 23.25 -0.3
-6.25 23.25 0.0
-6.25 23.25 2.45
-6.25 23.25 2.67
-6.25 23.2546 -0.22
-6.25 23.2546 0.0
-6.25 23.5 -0.3
-6.25 23.5 0.0
-6.25 23.5 2.45
-6.25 23.5 2.67
-6.25 23.5031 -0.22
-6.25 23.5031 0.0
-6.25 23.75 -0.3
-6.25 23.75 0.0
-6.25 23.75 2.45
-6.25 23.75 2.67
-6.25 23.7515 -0.22
-6.25 23.7515 0.0
-6.25 23.82 0.0
-6.25 23.82 0.245
-6.25 23.82 0.49
-6.25 23.82 0.735
-6.25 23.82 0.98
-6.25 23.82 1.225
-6.25 23.82 1.47
-6.25 23.82 1.715
-6.25 23.82 1.96
-6.25 23.82 2.205
-6.25 23.82 2.45
-6.25 24.0 -0.3
-6.25 24.0 -0.22
-6.25 24.0 0.0
-6.25 24.0 0.245
-6.25 24.0 0.49
-6.25 24.0 0.735
-6.25 24.0 0.98
-6.25 24.0 1.225
-6.25 24.0 1.47
-6.25 24.0 1.715
-6.25 24.0 1.96
-6.25 24.0 2.205
-6.25 24.0 2.45
-6.25 24.0 2.67
-6.25 24.25 -0.3
-6.25 24.25 0.0
-6.25 24.5 -0.3
-6.25 24.5 0.0
-6.25 24.75 -0.3
-6.25 24.75 0.0
-6.25 25.0 -0.3
-6.25 25.0 -0.15
-6.25 25.0 0.0
-6.1583 18.27 0.005
-6.1583 18.27 0.1883
-6.1583 18.27 0.3717
-6.1583 18.27 0.555
-6.1583 18.4533 0.005
-6.1583 18.4533 0.555
-6.1583 18.6367 0.005
-6.1583 18.6367 0.555
-6.1583 18.82 0.005
-6.1583 18.82 0.1883
-6.1583 18.82 0.3717
-6.1583 18.82 0.555
-6.1341 0.0 -0.22
-6.1341 0.0 0.0
-6.1341 0.2453 -0.22
-6.1341 0.2453 0.0
-6.1341 0.4906 -0.22
-6.1341 0.4906 0.0
-6.1341 0.7359 -0.22
-6.1341 0.7359 0.0
-6.1341 0.9813 -0.22
-6.1341 0.9813 0.0
-6.1341 1.2266 -0.22
-6.1341 1.2266 0.0
-6.1341 1.4719 -0.22
-6.1341 1.4719 0.0
-6.1341 1.7172 -0.22
-6.1341 1.7172 0.0
-6.1341 1.9625 -0.22
-6.1341 1.9625 0.0
-6.1341 2.2078 -0.22
-6.1341 2.2078 0.0
-6.1341 2.4531 -0.22
-6.1341 2.4531 0.0
-6.1341 2.6984 -0.22
-6.1341 2.6984 0.0
-6.1341 2.9437 -0.22
-6.1341 2.9437 0.0
-6.1341 3.1891 -0.22
-6.1341 3.1891 0.0
-6.1341 3.4344 -0.22
-6.1341 3.4344 0.0
-6.1341 3.6797 -0.22
-6.1341 3.6797 0.0
-6.1341 3.925 -0.22
-6.1341 3.925 0.0
-6.1341 4.1703 -0.22
-6.1341 4.1703 0.0
-6.1341 4.4156 -0.22
-6.1341 4.4156 0.0
-6.1341 4.6609 -0.22
-6.1341 4.6609 0.0
-6.1341 4.9062 -0.22
-6.1341 4.9062 0.0
-6.1341 5.1516 -0.22
-6.1341 5.1516 0.0
-6.1341 5.3969 -0.22
-6.1341 5.3969 0.0
-6.1341 5.6422 -0.22
-6.1341 5.6422 0.0
-6.1341 5.8875 -0.22
-6.1341 5.8875 0.0
-6.1341 6.1328 -0.22
-6.1341 6.1328 0.0
-6.1341 6.3781 -0.22
-6.1341 6.3781 0.0
-6.1341 6.6234 -0.22
-6.1341 6.6234 0.0
-6.1341 6.8687 -0.22
-6.1341 6.8687 0.0
-6.1341 7.1141 -0.22
-6.1341 7.1141 0.0
-6.1341 7.3594 -0.22
-6.1341 7.3594 0.0
-6.1341 7.6047 -0.22
-6.1341 7.6047 0.0
-6.1341 7.85 -0.22
-6.1341 7.85 0.0
-6.0333 7.85 0.0
-6.0333 7.85 0.245
-6.0333 7.85 0.49
-6.0333 7.85 0.735
-6.0333 7.85 0.98
-6.0333 7.85 1.225
-6.0333 7.85 1.47
-6.0333 7.85 1.715
-6.0333 7.85 1.96
-6.0333 7.85 2.205
-6.0333 7.85 2.45
-6.0333 8.03 0.0
-6.0333 8.03 0.245
-6.0333 8.03 0.49
-6.0333 8.03 0.735
-6.0333 8.03 0.98
-6.0333 8.03 1.225
-6.0333 8.03 1.47
-6.0333 8.03 1.715
-6.0333 8.03 1.96
-6.0333 8.03 2.205
-6.0333 8.03 2.45
-6.0333 23.73 0.0
-6.0333 23.73 0.245
-6.0333 23.73 0.49
-6.0333 23.73 0.735
-6.0333 23.73 0.98
-6.0333 23.73 1.225
-6.0333 23.73 1.47
-6.0333 23.73 1.715
-6.0333 23.73 1.96
-6.0333 23.73 2.205
-6.0333 23.73 2.45
-6.0333 23.91 0.0
-6.0333 23.91 0.245
-6.0333 23.91 0.49
-6.0333 23.91 0.735
-6.0333 23.91 0.98
-6.0333 23.91 1.225
-6.0333 23.91 1.47
-6.0333 23.91 1.715
-6.0333 23.91 1.96
-6.0333 23.91 2.205
-6.0333 23.91 2.45
-6.0075 0.0 0.0
-6.0075 0.0 0.245
-6.0075 0.0 0.49
-6.0075 0.0 0.735
-6.0075 0.0 0.98
-6.0075 0.0 1.225
-6.0075 0.0 1.47
-6.0075 0.0 1.715
-6.0075 0.0 1.96
-6.0075 0.0 2.205
-6.0075 0.0 2.45
-6.0075 0.18 0.0
-6.0075 0.18 0.245
-6.0075 0.18 0.49
-6.0075 0.18 0.735
-6.0075 0.18 0.98
-6.0075 0.18 1.225
-6.0075 0.18 1.47
-6.0075 0.18 1.715
-6.0075 0.18 1.96
-6.0075 0.18 2.205
-6.0075 0.18 2.45
-6.0 -1.0 -0.3
-6.0 -1.0 -0.15
-6.0 -1.0 0.0
-6.0 -0.75 -0.3
-6.0 -0.75 0.0
-6.0 -0.5 -0.3
-6.0 -0.5 0.0
-6.0 -0.25 -0.3
-6.0 -0.25 0.0
-6.0 0.0 -0.3
-6.0 0.0 0.0
-6.0 0.0 2.45
-6.0 0.0 2.67
-6.0 0.25 -0.3
-6.0 0.25 0.0
-6.0 0.25 2.45
-6.0 0.25 2.67
-6.0 0.5 -0.3
-6.0 0.5 0.0
-6.0 0.5 2.45
-6.0 0.5 2.67
-6.0 0.75 -0.3
-6.0 0.75 0.0
-6.0 0.75 2.45
-6.0 0.75 2.67
-6.0 1.0 -0.3
-6.0 1.0 0.0
-6.0 1.0 2.45
-6.0 1.0 2.67
-6.0 1.25 -0.3
-6.0 1.25 0.0
-6.0 1.25 2.45
-6.0 1.25 2.67
-6.0 1.5 -0.3
-6.0 1.5 0.0
-6.0 1.5 2.45
-6.0 1.5 2.67
-6.0 1.75 -0.3
-6.0 1.75 0.0
-6.0 1.75 2.45
-6.0 1.75 2.67
-6.0 2.0 -0.3
-6.0 2.0 0.0
-6.0 2.0 2.45
-6.0 2.0 2.67
-6.0 2.25 -0.3
-6.0 2.25 0.0
-6.0 2.25 2.45
-6.0 2.25 2.67
-6.0 2.5 -0.3
-6.0 2.5 0.0
-6.0 2.5 2.45
-6.0 2.5 2.67
-6.0 2.75 -0.3
-6.0 2.75 0.0
-6.0 2.75 2.45
-6.0 2.75 2.67
-6.0 3.0 -0.3
-6.0 3.0 0.0
-6.0 3.0 2.45
-6.0 3.0 2.67
-6.0 3.25 -0.3
-6.0 3.25 0.0
-6.0 3.25 2.45
-6.0 3.25 2.67
-6.0 3.5 -0.3
-6.0 3.5 0.0
-6.0 3.5 2.45
-6.0 3.5 2.67
-6.0 3.75 -0.3
-6.0 3.75 0.0
-6.0 3.75 2.45
-6.0 3.75 2.67
-6.0 4.0 -0.3
-6.0 4.0 0.0
-6.0 4.0 2.45
-6.0 4.0 2.67
-6.0 4.25 -0.3
-6.0 4.25 0.0
-6.0 4.25 2.45
-6.0 4.25 2.67
-6.0 4.5 -0.3
-6.0 4.5 0.0
-6.0 4.5 2.45
-6.0 4.5 2.67
-6.0 4.75 -0.3
-6.0 4.75 0.0
-6.0 4.75 2.45
-6.0 4.75 2.67
-6.0 5.0 -0.3
-6.0 5.0 0.0
-6.0 5.0 2.45
-6.0 5.0 2.67
-6.0 5.25 -0.3
-6.0 5.25 0.0
-6.0 5.25 2.45
-6.0 5.25 2.67
-6.0 5.5 -0.3
-6.0 5.5 0.0
-6.0 5.5 2.45
-6.0 5.5 2.67
-6.0 5.75 -0.3
-6.0 5.75 0.0
-6.0 5.75 2.45
-6.0 5.75 2.67
-6.0 6.0 -0.3
-6.0 6.0 0.0
-6.0 6.0 2.45
-6.0 6.0 2.67
-6.0 6.25 -0.3
-6.0 6.25 0.0
-6.0 6.25 2.45
-6.0 6.25 2.67
-6.0 6.5 -0.3
-6.0 6.5 0.0
-6.0 6.5 2.45
-6.0 6.5 2.67
-6.0 6.75 -0.3
-6.0 6.75 0.0
-6.0 6.75 2.45
-6.0 6.75 2.67
-6.0 7.0 -0.3
-6.0 7.0 0.0
-6.0 7.0 2.45
-6.0 7.0 2.67
-6.0 7.25 -0.3
-6.0 7.25 0.0
-6.0 7.25 2.45
-6.0 7.25 2.67
-6.0 7.5 -0.3
-6.0 7.5 0.0
-6.0 7.5 2.45
-6.0 7.5 2.67
-6.0 7.75 -0.3
-6.0 7.75 0.0
-6.0 7.75 2.45
-6.0 7.75 2.67
-6.0 7.85 -0.22
-6.0 7.85 0.0
-6.0 8.0 -0.3
-6.0 8.0 0.0
-6.0 8.0 2.45
-6.0 8.0 2.67
-6.0 8.0985 -0.22
-6.0 8.0985 0.0
-6.0 8.25 -0.3
-6.0 8.25 0.0
-6.0 8.25 2.45
-6.0 8.25 2.67
-6.0 8.3469 -0.22
-6.0 8.3469 0.0
-6.0 8.5 -0.3
-6.0 8.5 0.0
-6.0 8.5 2.45
-6.0 8.5 2.67
-6.0 8.5954 -0.22
-6.0 8.5954 0.0
-6.0 8.75 -0.3
-6.0 8.75 0.0
-6.0 8.75 2.45
-6.0 8.75 2.67
-6.0 8.8438 -0.22
-6.0 8.8438 0.0
-6.0 9.0 -0.3
-6.0 9.0 0.0
-6.0 9.0 2.45
-6.0 9.0 2.67
-6.0 9.0923 -0.22
-6.0 9.0923 0.0
-6.0 9.25 -0.3
-6.0 9.25 0.0
-6.0 9.25 2.45
-6.0 9.25 2.67
-6.0 9.3408 -0.22
-6.0 9.3408 0.0
-6.0 9.5 -0.3
-6.0 9.5 0.0
-6.0 9.5 2.45
-6.0 9.5 2.67
-6.0 9.5892 -0.22
-6.0 9.5892 0.0
-6.0 9.75 -0.3
-6.0 9.75 0.0
-6.0 9.75 2.45
-6.0 9.75 2.67
-6.0 9.8377 -0.22
-6.0 9.8377 0.0
-6.0 10.0 -0.3
-6.0 10.0 0.0
-6.0 10.0 2.45
-6.0 10.0 2.67
-6.0 10.0862 -0.22
-6.0 10.0862 0.0
-6.0 10.25 -0.3
-6.0 10.25 0.0
-6.0 10.25 2.45
-6.0 10.25 2.67
-6.0 10.3346 -0.22
-6.0 10.3346 0.0
-6.0 10.5 -0.3
-6.0 10.5 0.0
-6.0 10.5 2.45
-6.0 10.5 2.67
-6.0 10.5831 -0.22
-6.0 10.5831 0.0
-6.0 10.75 -0.3
-6.0 10.75 0.0
-6.0 10.75 2.45
-6.0 10.75 2.67
-6.0 10.8315 -0.22
-6.0 10.8315 0.0
-6.0 11.0 -0.3
-6.0 11.0 0.0
-6.0 11.0 2.45
-6.0 11.0 2.67
-6.0 11.08 -0.22
-6.0 11.08 0.0
-6.0 11.25 -0.3
-6.0 11.25 0.0
-6.0 11.25 2.45
-6.0 11.25 2.67
-6.0 11.3285 -0.22
-6.0 11.3285 0.0
-6.0 11.5 -0.3
-6.0 11.5 0.0
-6.0 11.5 2.45
-6.0 11.5 2.67
-6.0 11.5769 -0.22
-6.0 11.5769 0.0
-6.0 11.75 -0.3
-6.0 11.75 0.0
-6.0 11.75 2.45
-6.0 11.75 2.67
-6.0 11.8254 -0.22
-6.0 11.8254 0.0
-6.0 12.0 -0.3
-6.0 12.0 0.0
-6.0 12.0 2.45
-6.0 12.0 2.67
-6.0 12.0738 -0.22
-6.0 12.0738 0.0
-6.0 12.25 -0.3
-6.0 12.25 0.0
-6.0 12.25 2.45
-6.0 12.25 2.67
-6.0 12.3223 -0.22
-6.0 12.3223 0.0
-6.0 12.5 -0.3
-6.0 12.5 0.0
-6.0 12.5 2.45
-6.0 12.5 2.67
-6.0 12.5708 -0.22
-6.0 12.5708 0.0
-6.0 12.75 -0.3
-6.0 12.75 0.0
-6.0 12.75 2.45
-6.0 12.75 2.67
-6.0 12.8192 -0.22
-6.0 12.8192 0.0
-6.0 13.0 -0.3
-6.0 13.0 0.0
-6.0 13.0 2.45
-6.0 13.0 2.67
-6.0 13.0677 -0.22
-6.0 13.0677 0.0
-6.0 13.25 -0.3
-6.0 13.25 0.0
-6.0 13.25 2.45
-6.0 13.25 2.67
-6.0 13.3162 -0.22
-6.0 13.3162 0.0
-6.0 13.5 -0.3
-6.0 13.5 0.0
-6.0 13.5 2.45
-6.0 13.5 2.67
-6.0 13.5646 -0.22
-6.0 13.5646 0.0
-6.0 13.75 -0.3
-6.0 13.75 0.0
-6.0 13.75 2.45
-6.0 13.75 2.67
-6.0 13.8131 -0.22
-6.0 13.8131 0.0
-6.0 14.0 -0.3
-6.0 14.0 0.0
-6.0 14.0 2.45
-6.0 14.0 2.67
-6.0 14.0615 -0.22
-6.0 14.0615 0.0
-6.0 14.25 -0.3
-6.0 14.25 0.0
-6.0 14.25 2.45
-6.0 14.25 2.67
-6.0 14.31 -0.22
-6.0 14.31 0.0
-6.0 14.5 -0.3
-6.0 14.5 0.0
-6.0 14.5 2.45
-6.0 14.5 2.67
-6.0 14.5585 -0.22
-6.0 14.5585 0.0
-6.0 14.75 -0.3
-6.0 14.75 0.0
-6.0 14.75 2.45
-6.0 14.75 2.67
-6.0 14.8069 -0.22
-6.0 14.8069 0.0
-6.0 15.0 -0.3
-6.0 15.0 0.0
-6.0 15.0 2.45
-6.0 15.0 2.67
-6.0 15.0554 -0.22
-6.0 15.0554 0.0
-6.0 15.25 -0.3
-6.0 15.25 0.0
-6.0 15.25 2.45
-6.0 15.25 2.67
-6.0 15.3038 -0.22
-6.0 15.3038 0.0
-6.0 15.5 -0.3
-6.0 15.5 0.0
-6.0 15.5 2.45
-6.0 15.5 2.67
-6.0 15.5523 -0.22
-6.0 15.5523 0.0
-6.0 15.75 -0.3
-6.0 15.75 0.0
-6.0 15.75 2.45
-6.0 15.75 2.67
-6.0 15.8008 -0.22
-6.0 15.8008 0.0
-6.0 16.0 -0.3
-6.0 16.0 0.0
-6.0 16.0 2.45
-6.0 16.0 2.67
-6.0 16.0492 -0.22
-6.0 16.0492 0.0
-6.0 16.25 -0.3
-6.0 16.25 0.0
-6.0 16.25 2.45
-6.0 16.25 2.67
-6.0 16.2977 -0.22
-6.0 16.2977 0.0
-6.0 16.5 -0.3
-6.0 16.5 0.0
-6.0 16.5 2.45
-6.0 16.5 2.67
-6.0 16.5462 -0.22
-6.0 16.5462 0.0
-6.0 16.75 -0.3
-6.0 16.75 0.0
-6.0 16.75 2.45
-6.0 16.75 2.67
-6.0 16.7946 -0.22
-6.0 16.7946 0.0
-6.0 17.0 -0.3
-6.0 17.0 0.0
-6.0 17.0 2.45
-6.0 17.0 2.67
-6.0 17.0431 -0.22
-6.0 17.0431 0.0
-6.0 17.25 -0.3
-6.0 17.25 0.0
-6.0 17.25 2.45
-6.0 17.25 2.67
-6.0 17.2915 -0.22
-6.0 17.2915 0.0
-6.0 17.5 -0.3
-6.0 17.5 0.0
-6.0 17.5 2.45
-6.0 17.5 2.67
-6.0 17.54 -0.22
-6.0 17.54 0.0
-6.0 17.75 -0.3
-6.0 17.75 0.0
-6.0 17.75 2.45
-6.0 17.75 2.67
-6.0 17.7885 -0.22
-6.0 17.7885 0.0
-6.0 18.0 -0.3
-6.0 18.0 0.0
-6.0 18.0 2.45
-6.0 18.0 2.67
-6.0 18.0369 -0.22
-6.0 18.0369 0.0
-6.0 18.25 -0.3
-6.0 18.25 0.0
-6.0 18.25 2.45
-6.0 18.25 2.67
-6.0 18.2854 -0.22
-6.0 18.2854 0.0
-6.0 18.5 -0.3
-6.0 18.5 0.0
-6.0 18.5 2.45
-6.0 18.5 2.67
-6.0 18.5338 -0.22
-6.0 18.5338 0.0
-6.0 18.75 -0.3
-6.0 18.75 0.0
-6.0 18.75 2.45
-6.0 18.75 2.67
-6.0 18.7823 -0.22
-6.0 18.7823 0.0
-6.0 19.0 -0.3
-6.0 19.0 0.0
-6.0 19.0 2.45
-6.0 19.0 2.67
-6.0 19.0308 -0.22
-6.0 19.0308 0.0
-6.0 19.095 0.075
-6.0 19.095 0.325
-6.0 19.095 0.575
-6.0 19.095 0.825
-6.0 19.25 -0.3
-6.0 19.25 0.0
-6.0 19.25 2.45
-6.0 19.25 2.67
-6.0 19.2792 -0.22
-6.0 19.2792 0.0
-6.0 19.3283 0.075
-6.0 19.3283 0.825
-6.0 19.5 -0.3
-6.0 19.5 0.0
-6.0 19.5 2.45
-6.0 19.5 2.67
-6.0 19.5277 -0.22
-6.0 19.5277 0.0
-6.0 19.5617 0.075
-6.0 19.5617 0.825
-6.0 19.75 -0.3
-6.0 19.75 0.0
-6.0 19.75 2.45
-6.0 19.75 2.67
-6.0 19.7762 -0.22
-6.0 19.7762 0.0
-6.0 19.795 0.075
-6.0 19.795 0.325
-6.0 19.795 0.575
-6.0 19.795 0.825
-6.0 20.0 -0.3
-6.0 20.0 0.0
-6.0 20.0 2.45
-6.0 20.0 2.67
-6.0 20.0246 -0.22
-6.0 20.0246 0.0
-6.0 20.25 -0.3
-6.0 20.25 0.0
-6.0 20.25 2.45
-6.0 20.25 2.67
-6.0 20.2731 -0.22
-6.0 20.2731 0.0
-6.0 20.5 -0.3
-6.0 20.5 0.0
-6.0 20.5 2.45
-6.0 20.5 2.67
-6.0 20.5215 -0.22
-6.0 20.5215 0.0
-6.0 20.75 -0.3
-6.0 20.75 0.0
-6.0 20.75 2.45
-6.0 20.75 2.67
-6.0 20.77 -0.22
-6.0 20.77 0.0
-6.0 21.0 -0.3
-6.0 21.0 0.0
-6.0 21.0 2.45
-6.0 21.0 2.67
-6.0 21.0185 -0.22
-6.0 21.0185 0.0
-6.0 21.25 -0.3
-6.0 21.25 0.0
-6.0 21.25 2.45
-6.0 21.25 2.67
-6.0 21.2669 -0.22
-6.0 21.2669 0.0
-6.0 21.5 -0.3
-6.0 21.5 0.0
-6.0 21.5 2.45
-6.0 21.5 2.67
-6.0 21.5154 -0.22
-6.0 21.5154 0.0
-6.0 21.75 -0.3
-6.0 21.75 0.0
-6.0 21.75 2.45
-6.0 21.75 2.67
-6.0 21.7638 -0.22
-6.0 21.7638 0.0
-6.0 22.0 -0.3
-6.0 22.0 0.0
-6.0 22.0 2.45
-6.0 22.0 2.67
-6.0 22.0123 -0.22
-6.0 22.0123 0.0
-6.0 22.25 -0.3
-6.0 22.25 0.0
-6.0 22.25 2.45
-6.0 22.25 2.67
-6.0 22.2608 -0.22
-6.0 22.2608 0.0
-6.0 22.5 -0.3
-6.0 22.5 0.0
-6.0 22.5 2.45
-6.0 22.5 2.67
-6.0 22.5092 -0.22
-6.0 22.5092 0.0
-6.0 22.75 -0.3
-6.0 22.75 0.0
-6.0 22.75 2.45
-6.0 22.75 2.67
-6.0 22.7577 -0.22
-6.0 22.7577 0.0
-6.0 23.0 -0.3
-6.0 23.0 0.0
-6.0 23.0 2.45
-6.0 23.0 2.67
-6.0 23.0062 -0.22
-6.0 23.0062 0.0
-6.0 23.25 -0.3
-6.0 23.25 0.0
-6.0 23.25 2.45
-6.0 23.25 2.67
-6.0 23.2546 -0.22
-6.0 23.2546 0.0
-6.0 23.5 -0.3
-6.0 23.5 0.0
-6.0 23.5 2.45
-6.0 23.5 2.67
-6.0 23.5031 -0.22
-6.0 23.5031 0.0
-6.0 23.75 -0.3
-6.0 23.75 0.0
-6.0 23.75 2.45
-6.0 23.75 2.67
-6.0 23.7515 -0.22
-6.0 23.7515 0.0
-6.0 23.82 0.0
-6.0 23.82 0.245
-6.0 23.82 0.49
-6.0 23.82 0.735
-6.0 23.82 0.98
-6.0 23.82 1.225
-6.0 23.82 1.47
-6.0 23.82 1.715
-6.0 23.82 1.96
-6.0 23.82 2.205
-6.0 23.82 2.45
-6.0 24.0 -0.3
-6.0 24.0 -0.22
-6.0 24.0 0.0
-6.0 24.0 0.245
-6.0 24.0 0.49
-6.0 24.0 0.735
-6.0 24.0 0.98
-6.0 24.0 1.225
-6.0 24.0 1.47
-6.0 24.0 1.715
-6.0 24.0 1.96
-6.0 24.0 2.205
-6.0 24.0 2.45
-6.0 24.0 2.67
-6.0 24.25 -0.3
-6.0 24.25 0.0
-6.0 24.5 -0.3
-6.0 24.5 0.0
-6.0 24.75 -0.3
-6.0 24.75 0.0
-6.0 25.0 -0.3
-6.0 25.0 -0.15
-6.0 25.0 0.0
-5.975 18.27 0.005
-5.975 18.27 0.1883
-5.975 18.27 0.3717
-5.975 18.27 0.555
-5.975 18.4533 0.005
-5.975 18.4533 0.1883
-5.975 18.4533 0.3717
-5.975 18.4533 0.555
-5.975 18.6367 0.005
-5.975 18.6367 0.1883
-5.975 18.6367 0.3717
-5.975 18.6367 0.555
-5.975 18.82 0.005
-5.975 18.82 0.1883
-5.975 18.82 0.3717
-5.975 18.82 0.555
-5.8953 0.0 -0.22
-5.8953 0.0 0.0
-5.8953 0.2453 -0.22
-5.8953 0.2453 0.0
-5.8953 0.4906 -0.22
-5.8953 0.4906 0.0
-5.8953 0.7359 -0.22
-5.8953 0.7359 0.0
-5.8953 0.9813 -0.22
-5.8953 0.9813 0.0
-5.8953 1.2266 -0.22
-5.8953 1.2266 0.0
-5.8953 1.4719 -0.22
-5.8953 1.4719 0.0
-5.8953 1.7172 -0.22
-5.8953 1.7172 0.0
-5.8953 1.9625 -0.22
-5.8953 1.9625 0.0
-5.8953 2.2078 -0.22
-5.8953 2.2078 0.0
-5.8953 2.4531 -0.22
-5.8953 2.4531 0.0
-5.8953 2.6984 -0.22
-5.8953 2.6984 0.0
-5.8953 2.9437 -0.22
-5.8953 2.9437 0.0
-5.8953 3.1891 -0.22
-5.8953 3.1891 0.0
-5.8953 3.4344 -0.22
-5.8953 3.4344 0.0
-5.8953 3.6797 -0.22
-5.8953 3.6797 0.0
-5.8953 3.925 -0.22
-5.8953 3.925 0.0
-5.8953 4.1703 -0.22
-5.8953 4.1703 0.0
-5.8953 4.4156 -0.22
-5.8953 4.4156 0.0
-5.8953 4.6609 -0.22
-5.8953 4.6609 0.0
-5.8953 4.9062 -0.22
-5.8953 4.9062 0.0
-5.8953 5.1516 -0.22
-5.8953 5.1516 0.0
-5.8953 5.3969 -0.22
-5.8953 5.3969 0.0
-5.8953 5.6422 -0.22
-5.8953 5.6422 0.0
-5.8953 5.8875 -0.22
-5.8953 5.8875 0.0
-5.8953 6.1328 -0.22
-5.8953 6.1328 0.0
-5.8953 6.3781 -0.22
-5.8953 6.3781 0.0
-5.8953 6.6234 -0.22
-5.8953 6.6234 0.0
-5.8953 6.8687 -0.22
-5.8953 6.8687 0.0
-5.8953 7.1141 -0.22
-5.8953 7.1141 0.0
-5.8953 7.3594 -0.22
-5.8953 7.3594 0.0
-5.8953 7.6047 -0.22
-5.8953 7.6047 0.0
-5.8953 7.85 -0.22
-5.8953 7.85 0.0
-5.7867 7.85 0.0
-5.7867 7.85 0.245
-5.7867 7.85 0.49
-5.7867 7.85 0.735
-5.7867 7.85 0.98
-5.7867 7.85 1.225
-5.7867 7.85 1.47
-5.7867 7.85 1.715
-5.7867 7.85 1.96
-5.7867 7.85 2.205
-5.7867 7.85 2.45
-5.7867 8.03 0.0
-5.7867 8.03 0.245
-5.7867 8.03 0.49
-5.7867 8.03 0.735
-5.7867 8.03 0.98
-5.7867 8.03 1.225
-5.7867 8.03 1.47
-5.7867 8.03 1.715
-5.7867 8.03 1.96
-5.7867 8.03 2.205
-5.7867 8.03 2.45
-5.7867 23.73 0.0
-5.7867 23.73 0.245
-5.7867 23.73 0.49
-5.7867 23.73 0.735
-5.7867 23.73 0.98
-5.7867 23.73 1.225
-5.7867 23.73 1.47
-5.7867 23.73 1.715
-5.7867 23.73 1.96
-5.7867 23.73 2.205
-5.7867 23.73 2.45
-5.7867 23.91 0.0
-5.7867 23.91 0.245
-5.7867 23.91 0.49
-5.7867 23.91 0.735
-5.7867 23.91 0.98
-5.7867 23.91 1.225
-5.7867 23.91 1.47
-5.7867 23.91 1.715
-5.7867 23.91 1.96
-5.7867 23.91 2.205
-5.7867 23.91 2.45
-5.7581 0.0 0.0
-5.7581 0.0 0.245
-5.7581 0.0 0.49
-5.7581 0.0 0.735
-5.7581 0.0 0.98
-5.7581 0.0 1.225
-5.7581 0.0 1.47
-5.7581 0.0 1.715
-5.7581 0.0 1.96
-5.7581 0.0 2.205
-5.7581 0.0 2.45
-5.7581 0.18 0.0
-5.7581 0.18 0.245
-5.7581 0.18 0.49
-5.7581 0.18 0.735
-5.7581 0.18 0.98
-5.7581 0.18 1.225
-5.7581 0.18 1.47
-5.7581 0.18 1.715
-5.7581 0.18 1.96
-5.7581 0.18 2.205
-5.7581 0.18 2.45
-5.75 -1.0 -0.3
-5.75 -1.0 -0.15
-5.75 -1.0 0.0
-5.75 -0.75 -0.3
-5.75 -0.75 0.0
-5.75 -0.5 -0.3
-5.75 -0.5 0.0
-5.75 -0.25 -0.3
-5.75 -0.25 0.0
-5.75 0.0 -0.3
-5.75 0.0 0.0
-5.75 0.0 2.45
-5.75 0.0 2.67
-5.75 0.25 -0.3
-5.75 0.25 0.0
-5.75 0.25 2.45
-5.75 0.25 2.67
-5.75 0.5 -0.3
-5.75 0.5 0.0
-5.75 0.5 2.45
-5.75 0.5 2.67
-5.75 0.75 -0.3
-5.75 0.75 0.0
-5.75 0.75 2.45
-5.75 0.75 2.67
-5.75 1.0 -0.3
-5.75 1.0 0.0
-5.75 1.0 2.45
-5.75 1.0 2.67
-5.75 1.25 -0.3
-5.75 1.25 0.0
-5.75 1.25 2.45
-5.75 1.25 2.67
-5.75 1.5 -0.3
-5.75 1.5 0.0
-5.75 1.5 2.45
-5.75 1.5 2.67
-5.75 1.75 -0.3
-5.75 1.75 0.0
-5.75 1.75 2.45
-5.75 1.75 2.67
-5.75 2.0 -0.3
-5.75 2.0 0.0
-5.75 2.0 2.45
-5.75 2.0 2.67
-5.75 2.25 -0.3
-5.75 2.25 0.0
-5.75 2.25 2.45
-5.75 2.25 2.67
-5.75 2.5 -0.3
-5.75 2.5 0.0
-5.75 2.5 2.45
-5.75 2.5 2.67
-5.75 2.75 -0.3
-5.75 2.75 0.0
-5.75 2.75 2.45
-5.75 2.75 2.67
-5.75 3.0 -0.3
-5.75 3.0 0.0
-5.75 3.0 2.45
-5.75 3.0 2.67
-5.75 3.25 -0.3
-5.75 3.25 0.0
-5.75 3.25 2.45
-5.75 3.25 2.67
-5.75 3.5 -0.3
-5.75 3.5 0.0
-5.75 3.5 2.45
-5.75 3.5 2.67
-5.75 3.75 -0.3
-5.75 3.75 0.0
-5.75 3.75 2.45
-5.75 3.75 2.67
-5.75 4.0 -0.3
-5.75 4.0 0.0
-5.75 4.0 2.45
-5.75 4.0 2.67
-5.75 4.25 -0.3
-5.75 4.25 0.0
-5.75 4.25 2.45
-5.75 4.25 2.67
-5.75 4.5 -0.3
-5.75 4.5 0.0
-5.75 4.5 2.45
-5.75 4.5 2.67
-5.75 4.75 -0.3
-5.75 4.75 0.0
-5.75 4.75 2.45
-5.75 4.75 2.67
-5.75 5.0 -0.3
-5.75 5.0 0.0
-5.75 5.0 2.45
-5.75 5.0 2.67
-5.75 5.25 -0.3
-5.75 5.25 0.0
-5.75 5.25 2.45
-5.75 5.25 2.67
-5.75 5.5 -0.3
-5.75 5.5 0.0
-5.75 5.5 2.45
-5.75 5.5 2.67
-5.75 5.75 -0.3
-5.75 5.75 0.0
-5.75 5.75 2.45
-5.75 5.75 2.67
-5.75 6.0 -0.3
-5.75 6.0 0.0
-5.75 6.0 2.45
-5.75 6.0 2.67
-5.75 6.25 -0.3
-5.75 6.25 0.0
-5.75 6.25 2.45
-5.75 6.25 2.67
-5.75 6.5 -0.3
-5.75 6.5 0.0
-5.75 6.5 2.45
-5.75 6.5 2.67
-5.75 6.75 -0.3
-5.75 6.75 0.0
-5.75 6.75 2.45
-5.75 6.75 2.67
-5.75 7.0 -0.3
-5.75 7.0 0.0
-5.75 7.0 2.45
-5.75 7.0 2.67
-5.75 7.25 -0.3
-5.75 7.25 0.0
-5.75 7.25 2.45
-5.75 7.25 2.67
-5.75 7.5 -0.3
-5.75 7.5 0.0
-5.75 7.5 2.45
-5.75 7.5 2.67
-5.75 7.75 -0.3
-5.75 7.75 0.0
-5.75 7.75 2.45
-5.75 7.75 2.67
-5.75 7.85 -0.22
-5.75 7.85 0.0
-5.75 8.0 -0.3
-5.75 8.0 0.0
-5.75 8.0 2.45
-5.75 8.0 2.67
-5.75 8.0985 -0.22
-5.75 8.0985 0.0
-5.75 8.25 -0.3
-5.75 8.25 0.0
-5.75 8.25 2.45
-5.75 8.25 2.67
-5.75 8.3469 -0.22
-5.75 8.3469 0.0
-5.75 8.5 -0.3
-5.75 8.5 0.0
-5.75 8.5 2.45
-5.75 8.5 2.67
-5.75 8.5954 -0.22
-5.75 8.5954 0.0
-5.75 8.75 -0.3
-5.75 8.75 0.0
-5.75 8.75 2.45
-5.75 8.75 2.67
-5.75 8.8438 -0.22
-5.75 8.8438 0.0
-5.75 9.0 -0.3
-5.75 9.0 0.0
-5.75 9.0 2.45
-5.75 9.0 2.67
-5.75 9.0923 -0.22
-5.75 9.0923 0.0
-5.75 9.25 -0.3
-5.75 9.25 0.0
-5.75 9.25 2.45
-5.75 9.25 2.67
-5.75 9.3408 -0.22
-5.75 9.3408 0.0
-5.75 9.5 -0.3
-5.75 9.5 0.0
-5.75 9.5 2.45
-5.75 9.5 2.67
-5.75 9.5892 -0.22
-5.75 9.5892 0.0
-5.75 9.75 -0.3
-5.75 9.75 0.0
-5.75 9.75 2.45
-5.75 9.75 2.67
-5.75 9.8377 -0.22
-5.75 9.8377 0.0
-5.75 10.0 -0.3
-5.75 10.0 0.0
-5.75 10.0 2.45
-5.75 10.0 2.67
-5.75 10.0862 -0.22
-5.75 10.0862 0.0
-5.75 10.25 -0.3
-5.75 10.25 0.0
-5.75 10.25 2.45
-5.75 10.25 2.67
-5.75 10.3346 -0.22
-5.75 10.3346 0.0
-5.75 10.5 -0.3
-5.75 10.5 0.0
-5.75 10.5 2.45
-5.75 10.5 2.67
-5.75 10.5831 -0.22
-5.75 10.5831 0.0
-5.75 10.75 -0.3
-5.75 10.75 0.0
-5.75 10.75 2.45
-5.75 10.75 2.67
-5.75 10.8315 -0.22
-5.75 10.8315 0.0
-5.75 11.0 -0.3
-5.75 11.0 0.0
-5.75 11.0 2.45
-5.75 11.0 2.67
-5.75 11.08 -0.22
-5.75 11.08 0.0
-5.75 11.25 -0.3
-5.75 11.25 0.0
-5.75 11.25 2.45
-5.75 11.25 2.67
-5.75 11.3285 -0.22
-5.75 11.3285 0.0
-5.75 11.5 -0.3
-5.75 11.5 0.0
-5.75 11.5 2.45
-5.75 11.5 2.67
-5.75 11.5769 -0.22
-5.75 11.5769 0.0
-5.75 11.75 -0.3
-5.75 11.75 0.0
-5.75 11.75 2.45
-5.75 11.75 2.67
-5.75 11.8254 -0.22
-5.75 11.8254 0.0
-5.75 12.0 -0.3
-5.75 12.0 0.0
-5.75 12.0 2.45
-5.75 12.0 2.67
-5.75 12.0738 -0.22
-5.75 12.0738 0.0
-5.75 12.25 -0.3
-5.75 12.25 0.0
-5.75 12.25 2.45
-5.75 12.25 2.67
-5.75 12.3223 -0.22
-5.75 12.3223 0.0
-5.75 12.5 -0.3
-5.75 12.5 0.0
-5.75 12.5 2.45
-5.75 12.5 2.67
-5.75 12.5708 -0.22
-5.75 12.5708 0.0
-5.75 12.75 -0.3
-5.75 12.75 0.0
-5.75 12.75 2.45
-5.75 12.75 2.67
-5.75 12.8192 -0.22
-5.75 12.8192 0.0
-5.75 13.0 -0.3
-5.75 13.0 0.0
-5.75 13.0 2.45
-5.75 13.0 2.67
-5.75 13.0677 -0.22
-5.75 13.0677 0.0
-5.75 13.25 -0.3
-5.75 13.25 0.0
-5.75 13.25 2.45
-5.75 13.25 2.67
-5.75 13.3162 -0.22
-5.75 13.3162 0.0
-5.75 13.5 -0.3
-5.75 13.5 0.0
-5.75 13.5 2.45
-5.75 13.5 2.67
-5.75 13.5646 -0.22
-5.75 13.5646 0.0
-5.75 13.75 -0.3
-5.75 13.75 0.0
-5.75 13.75 2.45
-5.75 13.75 2.67
-5.75 13.8131 -0.22
-5.75 13.8131 0.0
-5.75 14.0 -0.3
-5.75 14.0 0.0
-5.75 14.0 2.45
-5.75 14.0 2.67
-5.75 14.0615 -0.22
-5.75 14.0615 0.0
-5.75 14.25 -0.3
-5.75 14.25 0.0
-5.75 14.25 2.45
-5.75 14.25 2.67
-5.75 14.31 -0.22
-5.75 14.31 0.0
-5.75 14.5 -0.3
-5.75 14.5 0.0
-5.75 14.5 2.45
-5.75 14.5 2.67
-5.75 14.5585 -0.22
-5.75 14.5585 0.0
-5.75 14.75 -0.3
-5.75 14.75 0.0
-5.75 14.75 2.45
-5.75 14.75 2.67
-5.75 14.8069 -0.22
-5.75 14.8069 0.0
-5.75 15.0 -0.3
-5.75 15.0 0.0
-5.75 15.0 2.45
-5.75 15.0 2.67
-5.75 15.0554 -0.22
-5.75 15.0554 0.0
-5.75 15.25 -0.3
-5.75 15.25 0.0
-5.75 15.25 2.45
-5.75 15.25 2.67
-5.75 15.3038 -0.22
-5.75 15.3038 0.0
-5.75 15.5 -0.3
-5.75 15.5 0.0
-5.75 15.5 2.45
-5.75 15.5 2.67
-5.75 15.5523 -0.22
-5.75 15.5523 0.0
-5.75 15.75 -0.3
-5.75 15.75 0.0
-5.75 15.75 2.45
-5.75 15.75 2.67
-5.75 15.8008 -0.22
-5.75 15.8008 0.0
-5.75 16.0 -0.3
-5.75 16.0 0.0
-5.75 16.0 2.45
-5.75 16.0 2.67
-5.75 16.0492 -0.22
-5.75 16.0492 0.0
-5.75 16.25 -0.3
-5.75 16.25 0.0
-5.75 16.25 2.45
-5.75 16.25 2.67
-5.75 16.2977 -0.22
-5.75 16.2977 0.0
-5.75 16.5 -0.3
-5.75 16.5 0.0
-5.75 16.5 2.45
-5.75 16.5 2.67
-5.75 16.5462 -0.22
-5.75 16.5462 0.0
-5.75 16.75 -0.3
-5.75 16.75 0.0
-5.75 16.75 2.45
-5.75 16.75 2.67
-5.75 16.7946 -0.22
-5.75 16.7946 0.0
-5.75 17.0 -0.3
-5.75 17.0 0.0
-5.75 17.0 2.45
-5.75 17.0 2.67
-5.75 17.0431 -0.22
-5.75 17.0431 0.0
-5.75 17.25 -0.3
-5.75 17.25 0.0
-5.75 17.25 2.45
-5.75 17.25 2.67
-5.75 17.2915 -0.22
-5.75 17.2915 0.0
-5.75 17.5 -0.3
-5.75 17.5 0.0
-5.75 17.5 2.45
-5.75 17.5 2.67
-5.75 17.54 -0.22
-5.75 17.54 0.0
-5.75 17.75 -0.3
-5.75 17.75 0.0
-5.75 17.75 2.45
-5.75 17.75 2.67
-5.75 17.7885 -0.22
-5.75 17.7885 0.0
-5.75 18.0 -0.3
-5.75 18.0 0.0
-5.75 18.0 2.45
-5.75 18.0 2.67
-5.75 18.0369 -0.22
-5.75 18.0369 0.0
-5.75 18.25 -0.3
-5.75 18.25 0.0
-5.75 18.25 2.45
-5.75 18.25 2.67
-5.75 18.2854 -0.22
-5.75 18.2854 0.0
-5.75 18.5 -0.3
-5.75 18.5 0.0
-5.75 18.5 2.45
-5.75 18.5 2.67
-5.75 18.5338 -0.22
-5.75 18.5338 0.0
-5.75 18.75 -0.3
-5.75 18.75 0.0
-5.75 18.75 2.45
-5.75 18.75 2.67
-5.75 18.7823 -0.22
-5.75 18.7823 0.0
-5.75 19.0 -0.3
-5.75 19.0 0.0
-5.75 19.0 2.45
-5.75 19.0 2.67
-5.75 19.0308 -0.22
-5.75 19.0308 0.0
-5.75 19.095 0.075
-5.75 19.095 0.325
-5.75 19.095 0.575
-5.75 19.095 0.825
-5.75 19.25 -0.3
-5.75 19.25 0.0
-5.75 19.25 2.45
-5.75 19.25 2.67
-5.75 19.2792 -0.22
-5.75 19.2792 0.0
-5.75 19.3283 0.075
-5.75 19.3283 0.825
-5.75 19.5 -0.3
-5.75 19.5 0.0
-5.75 19.5 2.45
-5.75 19.5 2.67
-5.75 19.5277 -0.22
-5.75 19.5277 0.0
-5.75 19.5617 0.075
-5.75 19.5617 0.825
-5.75 19.75 -0.3
-5.75 19.75 0.0
-5.75 19.75 2.45
-5.75 19.75 2.67
-5.75 19.7762 -0.22
-5.75 19.7762 0.0
-5.75 19.795 0.075
-5.75 19.795 0.325
-5.75 19.795 0.575
-5.75 19.795 0.825
-5.75 20.0 -0.3
-5.75 20.0 0.0
-5.75 20.0 2.45
-5.75 20.0 2.67
-5.75 20.0246 -0.22
-5.75 20.0246 0.0
-5.75 20.25 -0.3
-5.75 20.25 0.0
-5.75 20.25 2.45
-5.75 20.25 2.67
-5.75 20.2731 -0.22
-5.75 20.2731 0.0
-5.75 20.5 -0.3
-5.75 20.5 0.0
-5.75 20.5 2.45
-5.75 20.5 2.67
-5.75 20.5215 -0.22
-5.75 20.5215 0.0
-5.75 20.75 -0.3
-5.75 20.75 0.0
-5.75 20.75 2.45
-5.75 20.75 2.67
-5.75 20.77 -0.22
-5.75 20.77 0.0
-5.75 21.0 -0.3
-5.75 21.0 0.0
-5.75 21.0 2.45
-5.75 21.0 2.67
-5.75 21.0185 -0.22
-5.75 21.0185 0.0
-5.75 21.25 -0.3
-5.75 21.25 0.0
-5.75 21.25 2.45
-5.75 21.25 2.67
-5.75 21.2669 -0.22
-5.75 21.2669 0.0
-5.75 21.5 -0.3
-5.75 21.5 0.0
-5.75 21.5 2.45
-5.75 21.5 2.67
-5.75 21.5154 -0.22
-5.75 21.5154 0.0
-5.75 21.75 -0.3
-5.75 21.75 0.0
-5.75 21.75 2.45
-5.75 21.75 2.67
-5.75 21.7638 -0.22
-5.75 21.7638 0.0
-5.75 22.0 -0.3
-5.75 22.0 0.0
-5.75 22.0 2.45
-5.75 22.0 2.67
-5.75 22.0123 -0.22
-5.75 22.0123 0.0
-5.75 22.25 -0.3
-5.75 22.25 0.0
-5.75 22.25 2.45
-5.75 22.25 2.67
-5.75 22.2608 -0.22
-5.75 22.2608 0.0
-5.75 22.5 -0.3
-5.75 22.5 0.0
-5.75 22.5 2.45
-5.75 22.5 2.67
-5.75 22.5092 -0.22
-5.75 22.5092 0.0
-5.75 22.75 -0.3
-5.75 22.75 0.0
-5.75 22.75 2.45
-5.75 22.75 2.67
-5.75 22.7577 -0.22
-5.75 22.7577 0.0
-5.75 23.0 -0.3
-5.75 23.0 0.0
-5.75 23.0 2.45
-5.75 23.0 2.67
-5.75 23.0062 -0.22
-5.75 23.0062 0.0
-5.75 23.25 -0.3
-5.75 23.25 0.0
-5.75 23.25 2.45
-5.75 23.25 2.67
-5.75 23.2546 -0.22
-5.75 23.2546 0.0
-5.75 23.5 -0.3
-5.75 23.5 0.0
-5.75 23.5 2.45
-5.75 23.5 2.67
-5.75 23.5031 -0.22
-5.75 23.5031 0.0
-5.75 23.75 -0.3
-5.75 23.75 0.0
-5.75 23.75 2.45
-5.75 23.75 2.67
-5.75 23.7515 -0.22
-5.75 23.7515 0.0
-5.75 23.82 0.0
-5.75 23.82 0.245
-5.75 23.82 0.49
-5.75 23.82 0.735
-5.75 23.82 0.98
-5.75 23.82 1.225
-5.75 23.82 1.47
-5.75 23.82 1.715
-5.75 23.82 1.96
-5.75 23.82 2.205
-5.75 23.82 2.45
-5.75 24.0 -0.3
-5.75 24.0 -0.22
-5.75 24.0 0.0
-5.75 24.0 0.245
-5.75 24.0 0.49
-5.75 24.0 0.735
-5.75 24.0 0.98
-5.75 24.0 1.225
-5.75 24.0 1.47
-5.75 24.0 1.715
-5.75 24.0 1.96
-5.75 24.0 2.205
-5.75 24.0 2.45
-5.75 24.0 2.67
-5.75 24.25 -0.3
-5.75 24.25 0.0
-5.75 24.5 -0.3
-5.75 24.5 0.0
-5.75 24.75 -0.3
-5.75 24.75 0.0
-5.75 25.0 -0.3
-5.75 25.0 -0.15
-5.75 25.0 0.0
-5.6565 0.0 -0.22
-5.6565 0.0 0.0
-5.6565 0.2453 -0.22
-5.6565 0.2453 0.0
-5.6565 0.4906 -0.22
-5.6565 0.4906 0.0
-5.6565 0.7359 -0.22
-5.6565 0.7359 0.0
-5.6565 0.9813 -0.22
-5.6565 0.9813 0.0
-5.6565 1.2266 -0.22
-5.6565 1.2266 0.0
-5.6565 1.4719 -0.22
-5.6565 1.4719 0.0
-5.6565 1.7172 -0.22
-5.6565 1.7172 0.0
-5.6565 1.9625 -0.22
-5.6565 1.9625 0.0
-5.6565 2.2078 -0.22
-5.6565 2.2078 0.0
-5.6565 2.4531 -0.22
-5.6565 2.4531 0.0
-5.6565 2.6984 -0.22
-5.6565 2.6984 0.0
-5.6565 2.9437 -0.22
-5.6565 2.9437 0.0
-5.6565 3.1891 -0.22
-5.6565 3.1891 0.0
-5.6565 3.4344 -0.22
-5.6565 3.4344 0.0
-5.6565 3.6797 -0.22
-5.6565 3.6797 0.0
-5.6565 3.925 -0.22
-5.6565 3.925 0.0
-5.6565 4.1703 -0.22
-5.6565 4.1703 0.0
-5.6565 4.4156 -0.22
-5.6565 4.4156 0.0
-5.6565 4.6609 -0.22
-5.6565 4.6609 0.0
-5.6565 4.9062 -0.22
-5.6565 4.9062 0.0
-5.6565 5.1516 -0.22
-5.6565 5.1516 0.0
-5.6565 5.3969 -0.22
-5.6565 5.3969 0.0
-5.6565 5.6422 -0.22
-5.6565 5.6422 0.0
-5.6565 5.8875 -0.22
-5.6565 5.8875 0.0
-5.6565 6.1328 -0.22
-5.6565 6.1328 0.0
-5.6565 6.3781 -0.22
-5.6565 6.3781 0.0
-5.6565 6.6234 -0.22
-5.6565 6.6234 0.0
-5.6565 6.8687 -0.22
-5.6565 6.8687 0.0
-5.6565 7.1141 -0.22
-5.6565 7.1141 0.0
-5.6565 7.3594 -0.22
-5.6565 7.3594 0.0
-5.6565 7.6047 -0.22
-5.6565 7.6047 0.0
-5.6565 7.85 -0.22
-5.6565 7.85 0.0
-5.54 7.85 0.0
-5.54 7.85 0.245
-5.54 7.85 0.49
-5.54 7.85 0.735
-5.54 7.85 0.98
-5.54 7.85 1.225
-5.54 7.85 1.47
-5.54 7.85 1.715
-5.54 7.85 1.96
-5.54 7.85 2.205
-5.54 7.85 2.45
-5.54 8.03 0.0
-5.54 8.03 0.245
-5.54 8.03 0.49
-5.54 8.03 0.735
-5.54 8.03 0.98
-5.54 8.03 1.225
-5.54 8.03 1.47
-5.54 8.03 1.715
-5.54 8.03 1.96
-5.54 8.03 2.205
-5.54 8.03 2.45
-5.54 23.73 0.0
-5.54 23.73 0.245
-5.54 23.73 0.49
-5.54 23.73 0.735
-5.54 23.73 0.98
-5.54 23.73 1.225
-5.54 23.73 1.47
-5.54 23.73 1.715
-5.54 23.73 1.96
-5.54 23.73 2.205
-5.54 23.73 2.45
-5.54 23.91 0.0
-5.54 23.91 0.245
-5.54 23.91 0.49
-5.54 23.91 0.735
-5.54 23.91 0.98
-5.54 23.91 1.225
-5.54 23.91 1.47
-5.54 23.91 1.715
-5.54 23.91 1.96
-5.54 23.91 2.205
-5.54 23.91 2.45
-5.5088 0.0 0.0
-5.5088 0.0 0.245
-5.5088 0.0 0.49
-5.5088 0.0 0.735
-5.5088 0.0 0.98
-5.5088 0.0 1.225
-5.5088 0.0 1.47
-5.5088 0.0 1.715
-5.5088 0.0 1.96
-5.5088 0.0 2.205
-5.5088 0.0 2.45
-5.5088 0.18 0.0
-5.5088 0.18 0.245
-5.5088 0.18 0.49
-5.5088 0.18 0.735
-5.5088 0.18 0.98
-5.5088 0.18 1.225
-5.5088 0.18 1.47
-5.5088 0.18 1.715
-5.5088 0.18 1.96
-5.5088 0.18 2.205
-5.5088 0.18 2.45
-5.5 -1.0 -0.3
-5.5 -1.0 -0.15
-5.5 -1.0 0.0
-5.5 -0.75 -0.3
-5.5 -0.75 0.0
-5.5 -0.5 -0.3
-5.5 -0.5 0.0
-5.5 -0.25 -0.3
-5.5 -0.25 0.0
-5.5 0.0 -0.3
-5.5 0.0 0.0
-5.5 0.0 2.45
-5.5 0.0 2.67
-5.5 0.25 -0.3
-5.5 0.25 0.0
-5.5 0.25 2.45
-5.5 0.25 2.67
-5.5 0.5 -0.3
-5.5 0.5 0.0
-5.5 0.5 2.45
-5.5 0.5 2.67
-5.5 0.75 -0.3
-5.5 0.75 0.0
-5.5 0.75 2.45
-5.5 0.75 2.67
-5.5 1.0 -0.3
-5.5 1.0 0.0
-5.5 1.0 2.45
-5.5 1.0 2.67
-5.5 1.25 -0.3
-5.5 1.25 0.0
-5.5 1.25 2.45
-5.5 1.25 2.67
-5.5 1.5 -0.3
-5.5 1.5 0.0
-5.5 1.5 2.45
-5.5 1.5 2.67
-5.5 1.75 -0.3
-5.5 1.75 0.0
-5.5 1.75 2.45
-5.5 1.75 2.67
-5.5 2.0 -0.3
-5.5 2.0 0.0
-5.5 2.0 2.45
-5.5 2.0 2.67
-5.5 2.25 -0.3
-5.5 2.25 0.0
-5.5 2.25 2.45
-5.5 2.25 2.67
-5.5 2.5 -0.3
-5.5 2.5 0.0
-5.5 2.5 2.45
-5.5 2.5 2.67
-5.5 2.75 -0.3
-5.5 2.75 0.0
-5.5 2.75 2.45
-5.5 2.75 2.67
-5.5 3.0 -0.3
-5.5 3.0 0.0
-5.5 3.0 2.45
-5.5 3.0 2.67
-5.5 3.25 -0.3
-5.5 3.25 0.0
-5.5 3.25 2.45
-5.5 3.25 2.67
-5.5 3.5 -0.3
-5.5 3.5 0.0
-5.5 3.5 2.45
-5.5 3.5 2.67
-5.5 3.75 -0.3
-5.5 3.75 0.0
-5.5 3.75 2.45
-5.5 3.75 2.67
-5.5 4.0 -0.3
-5.5 4.0 0.0
-5.5 4.0 2.45
-5.5 4.0 2.67
-5.5 4.25 -0.3
-5.5 4.25 0.0
-5.5 4.25 2.45
-5.5 4.25 2.67
-5.5 4.5 -0.3
-5.5 4.5 0.0
-5.5 4.5 2.45
-5.5 4.5 2.67
-5.5 4.75 -0.3
-5.5 4.75 0.0
-5.5 4.75 2.45
-5.5 4.75 2.67
-5.5 5.0 -0.3
-5.5 5.0 0.0
-5.5 5.0 2.45
-5.5 5.0 2.67
-5.5 5.25 -0.3
-5.5 5.25 0.0
-5.5 5.25 2.45
-5.5 5.25 2.67
-5.5 5.5 -0.3
-5.5 5.5 0.0
-5.5 5.5 2.45
-5.5 5.5 2.67
-5.5 5.75 -0.3
-5.5 5.75 0.0
-5.5 5.75 2.45
-5.5 5.75 2.67
-5.5 6.0 -0.3
-5.5 6.0 0.0
-5.5 6.0 2.45
-5.5 6.0 2.67
-5.5 6.25 -0.3
-5.5 6.25 0.0
-5.5 6.25 2.45
-5.5 6.25 2.67
-5.5 6.5 -0.3
-5.5 6.5 0.0
-5.5 6.5 2.45
-5.5 6.5 2.67
-5.5 6.75 -0.3
-5.5 6.75 0.0
-5.5 6.75 2.45
-5.5 6.75 2.67
-5.5 7.0 -0.3
-5.5 7.0 0.0
-5.5 7.0 2.45
-5.5 7.0 2.67
-5.5 7.25 -0.3
-5.5 7.25 0.0
-5.5 7.25 2.45
-5.5 7.25 2.67
-5.5 7.5 -0.3
-5.5 7.5 0.0
-5.5 7.5 2.45
-5.5 7.5 2.67
-5.5 7.75 -0.3
-5.5 7.75 0.0
-5.5 7.75 2.45
-5.5 7.75 2.67
-5.5 7.85 -0.22
-5.5 7.85 0.0
-5.5 8.0 -0.3
-5.5 8.0 0.0
-5.5 8.0 2.45
-5.5 8.0 2.67
-5.5 8.0985 -0.22
-5.5 8.0985 0.0
-5.5 8.25 -0.3
-5.5 8.25 0.0
-5.5 8.25 2.45
-5.5 8.25 2.67
-5.5 8.3469 -0.22
-5.5 8.3469 0.0
-5.5 8.5 -0.3
-5.5 8.5 0.0
-5.5 8.5 2.45
-5.5 8.5 2.67
-5.5 8.5954 -0.22
-5.5 8.5954 0.0
-5.5 8.75 -0.3
-5.5 8.75 0.0
-5.5 8.75 2.45
-5.5 8.75 2.67
-5.5 8.8438 -0.22
-5.5 8.8438 0.0
-5.5 9.0 -0.3
-5.5 9.0 0.0
-5.5 9.0 2.45
-5.5 9.0 2.67
-5.5 9.0923 -0.22
-5.5 9.0923 0.0
-5.5 9.25 -0.3
-5.5 9.25 0.0
-5.5 9.25 2.45
-5.5 9.25 2.67
-5.5 9.3408 -0.22
-5.5 9.3408 0.0
-5.5 9.5 -0.3
-5.5 9.5 0.0
-5.5 9.5 2.45
-5.5 9.5 2.67
-5.5 9.5892 -0.22
-5.5 9.5892 0.0
-5.5 9.75 -0.3
-5.5 9.75 0.0
-5.5 9.75 2.45
-5.5 9.75 2.67
-5.5 9.8377 -0.22
-5.5 9.8377 0.0
-5.5 10.0 -0.3
-5.5 10.0 0.0
-5.5 10.0 2.45
-5.5 10.0 2.67
-5.5 10.0862 -0.22
-5.5 10.0862 0.0
-5.5 10.25 -0.3
-5.5 10.25 0.0
-5.5 10.25 2.45
-5.5 10.25 2.67
-5.5 10.3346 -0.22
-5.5 10.3346 0.0
-5.5 10.5 -0.3
-5.5 10.5 0.0
-5.5 10.5 2.45
-5.5 10.5 2.67
-5.5 10.5831 -0.22
-5.5 10.5831 0.0
-5.5 10.75 -0.3
-5.5 10.75 0.0
-5.5 10.75 2.45
-5.5 10.75 2.67
-5.5 10.8315 -0.22
-5.5 10.8315 0.0
-5.5 11.0 -0.3
-5.5 11.0 0.0
-5.5 11.0 2.45
-5.5 11.0 2.67
-5.5 11.08 -0.22
-5.5 11.08 0.0
-5.5 11.25 -0.3
-5.5 11.25 0.0
-5.5 11.25 2.45
-5.5 11.25 2.67
-5.5 11.3285 -0.22
-5.5 11.3285 0.0
-5.5 11.5 -0.3
-5.5 11.5 0.0
-5.5 11.5 2.45
-5.5 11.5 2.67
-5.5 11.5769 -0.22
-5.5 11.5769 0.0
-5.5 11.75 -0.3
-5.5 11.75 0.0
-5.5 11.75 2.45
-5.5 11.75 2.67
-5.5 11.8254 -0.22
-5.5 11.8254 0.0
-5.5 12.0 -0.3
-5.5 12.0 0.0
-5.5 12.0 2.45
-5.5 12.0 2.67
-5.5 12.0738 -0.22
-5.5 12.0738 0.0
-5.5 12.25 -0.3
-5.5 12.25 0.0
-5.5 12.25 2.45
-5.5 12.25 2.67
-5.5 12.3223 -0.22
-5.5 12.3223 0.0
-5.5 12.5 -0.3
-5.5 12.5 0.0
-5.5 12.5 2.45
-5.5 12.5 2.67
-5.5 12.5708 -0.22
-5.5 12.5708 0.0
-5.5 12.75 -0.3
-5.5 12.75 0.0
-5.5 12.75 2.45
-5.5 12.75 2.67
-5.5 12.8192 -0.22
-5.5 12.8192 0.0
-5.5 13.0 -0.3
-5.5 13.0 0.0
-5.5 13.0 2.45
-5.5 13.0 2.67
-5.5 13.0677 -0.22
-5.5 13.0677 0.0
-5.5 13.25 -0.3
-5.5 13.25 0.0
-5.5 13.25 2.45
-5.5 13.25 2.67
-5.5 13.3162 -0.22
-5.5 13.3162 0.0
-5.5 13.5 -0.3
-5.5 13.5 0.0
-5.5 13.5 2.45
-5.5 13.5 2.67
-5.5 13.5646 -0.22
-5.5 13.5646 0.0
-5.5 13.75 -0.3
-5.5 13.75 0.0
-5.5 13.75 2.45
-5.5 13.75 2.67
-5.5 13.8131 -0.22
-5.5 13.8131 0.0
-5.5 14.0 -0.3
-5.5 14.0 0.0
-5.5 14.0 2.45
-5.5 14.0 2.67
-5.5 14.0615 -0.22
-5.5 14.0615 0.0
-5.5 14.25 -0.3
-5.5 14.25 0.0
-5.5 14.25 2.45
-5.5 14.25 2.67
-5.5 14.31 -0.22
-5.5 14.31 0.0
-5.5 14.5 -0.3
-5.5 14.5 0.0
-5.5 14.5 2.45
-5.5 14.5 2.67
-5.5 14.5585 -0.22
-5.5 14.5585 0.0
-5.5 14.75 -0.3
-5.5 14.75 0.0
-5.5 14.75 2.45
-5.5 14.75 2.67
-5.5 14.8069 -0.22
-5.5 14.8069 0.0
-5.5 15.0 -0.3
-5.5 15.0 0.0
-5.5 15.0 2.45
-5.5 15.0 2.67
-5.5 15.0554 -0.22
-5.5 15.0554 0.0
-5.5 15.25 -0.3
-5.5 15.25 0.0
-5.5 15.25 2.45
-5.5 15.25 2.67
-5.5 15.3038 -0.22
-5.5 15.3038 0.0
-5.5 15.5 -0.3
-5.5 15.5 0.0
-5.5 15.5 2.45
-5.5 15.5 2.67
-5.5 15.5523 -0.22
-5.5 15.5523 0.0
-5.5 15.75 -0.3
-5.5 15.75 0.0
-5.5 15.75 2.45
-5.5 15.75 2.67
-5.5 15.8008 -0.22
-5.5 15.8008 0.0
-5.5 16.0 -0.3
-5.5 16.0 0.0
-5.5 16.0 2.45
-5.5 16.0 2.67
-5.5 16.0492 -0.22
-5.5 16.0492 0.0
-5.5 16.25 -0.3
-5.5 16.25 0.0
-5.5 16.25 2.45
-5.5 16.25 2.67
-5.5 16.2977 -0.22
-5.5 16.2977 0.0
-5.5 16.5 -0.3
-5.5 16.5 0.0
-5.5 16.5 2.45
-5.5 16.5 2.67
-5.5 16.5462 -0.22
-5.5 16.5462 0.0
-5.5 16.75 -0.3
-5.5 16.75 0.0
-5.5 16.75 2.45
-5.5 16.75 2.67
-5.5 16.7946 -0.22
-5.5 16.7946 0.0
-5.5 17.0 -0.3
-5.5 17.0 0.0
-5.5 17.0 2.45
-5.5 17.0 2.67
-5.5 17.0431 -0.22
-5.5 17.0431 0.0
-5.5 17.25 -0.3
-5.5 17.25 0.0
-5.5 17.25 2.45
-5.5 17.25 2.67
-5.5 17.2915 -0.22
-5.5 17.2915 0.0
-5.5 17.5 -0.3
-5.5 17.5 0.0
-5.5 17.5 2.45
-5.5 17.5 2.67
-5.5 17.54 -0.22
-5.5 17.54 0.0
-5.5 17.75 -0.3
-5.5 17.75 0.0
-5.5 17.75 2.45
-5.5 17.75 2.67
-5.5 17.7885 -0.22
-5.5 17.7885 0.0
-5.5 18.0 -0.3
-5.5 18.0 0.0
-5.5 18.0 2.45
-5.5 18.0 2.67
-5.5 18.0369 -0.22
-5.5 18.0369 0.0
-5.5 18.25 -0.3
-5.5 18.25 0.0
-5.5 18.25 2.45
-5.5 18.25 2.67
-5.5 18.2854 -0.22
-5.5 18.2854 0.0
-5.5 18.5 -0.3
-5.5 18.5 0.0
-5.5 18.5 2.45
-5.5 18.5 2.67
-5.5 18.5338 -0.22
-5.5 18.5338 0.0
-5.5 18.75 -0.3
-5.5 18.75 0.0
-5.5 18.75 2.45
-5.5 18.75 2.67
-5.5 18.7823 -0.22
-5.5 18.7823 0.0
-5.5 19.0 -0.3
-5.5 19.0 0.0
-5.5 19.0 2.45
-5.5 19.0 2.67
-5.5 19.0308 -0.22
-5.5 19.0308 0.0
-5.5 19.095 0.075
-5.5 19.095 0.325
-5.5 19.095 0.575
-5.5 19.095 0.825
-5.5 19.25 -0.3
-5.5 19.25 0.0
-5.5 19.25 2.45
-5.5 19.25 2.67
-5.5 19.2792 -0.22
-5.5 19.2792 0.0
-5.5 19.3283 0.075
-5.5 19.3283 0.325
-5.5 19.3283 0.575
-5.5 19.3283 0.825
-5.5 19.5 -0.3
-5.5 19.5 0.0
-5.5 19.5 2.45
-5.5 19.5 2.67
-5.5 19.5277 -0.22
-5.5 19.5277 0.0
-5.5 19.5617 0.075
-5.5 19.5617 0.325
-5.5 19.5617 0.575
-5.5 19.5617 0.825
-5.5 19.75 -0.3
-5.5 19.75 0.0
-5.5 19.75 2.45
-5.5 19.75 2.67
-5.5 19.7762 -0.22
-5.5 19.7762 0.0
-5.5 19.795 0.075
-5.5 19.795 0.325
-5.5 19.795 0.575
-5.5 19.795 0.825
-5.5 20.0 -0.3
-5.5 20.0 0.0
-5.5 20.0 2.45
-5.5 20.0 2.67
-5.5 20.0246 -0.22
-5.5 20.0246 0.0
-5.5 20.25 -0.3
-5.5 20.25 0.0
-5.5 20.25 2.45
-5.5 20.25 2.67
-5.5 20.2731 -0.22
-5.5 20.2731 0.0
-5.5 20.5 -0.3
-5.5 20.5 0.0
-5.5 20.5 2.45
-5.5 20.5 2.67
-5.5 20.5215 -0.22
-5.5 20.5215 0.0
-5.5 20.75 -0.3
-5.5 20.75 0.0
-5.5 20.75 2.45
-5.5 20.75 2.67
-5.5 20.77 -0.22
-5.5 20.77 0.0
-5.5 21.0 -0.3
-5.5 21.0 0.0
-5.5 21.0 2.45
-5.5 21.0 2.67
-5.5 21.0185 -0.22
-5.5 21.0185 0.0
-5.5 21.25 -0.3
-5.5 21.25 0.0
-5.5 21.25 2.45
-5.5 21.25 2.67
-5.5 21.2669 -0.22
-5.5 21.2669 0.0
-5.5 21.5 -0.3
-5.5 21.5 0.0
-5.5 21.5 2.45
-5.5 21.5 2.67
-5.5 21.5154 -0.22
-5.5 21.5154 0.0
-5.5 21.75 -0.3
-5.5 21.75 0.0
-5.5 21.75 2.45
-5.5 21.75 2.67
-5.5 21.7638 -0.22
-5.5 21.7638 0.0
-5.5 22.0 -0.3
-5.5 22.0 0.0
-5.5 22.0 2.45
-5.5 22.0 2.67
-5.5 22.0123 -0.22
-5.5 22.0123 0.0
-5.5 22.25 -0.3
-5.5 22.25 0.0
-5.5 22.25 2.45
-5.5 22.25 2.67
-5.5 22.2608 -0.22
-5.5 22.2608 0.0
-5.5 22.5 -0.3
-5.5 22.5 0.0
-5.5 22.5 2.45
-5.5 22.5 2.67
-5.5 22.5092 -0.22
-5.5 22.5092 0.0
-5.5 22.75 -0.3
-5.5 22.75 0.0
-5.5 22.75 2.45
-5.5 22.75 2.67
-5.5 22.7577 -0.22
-5.5 22.7577 0.0
-5.5 23.0 -0.3
-5.5 23.0 0.0
-5.5 23.0 2.45
-5.5 23.0 2.67
-5.5 23.0062 -0.22
-5.5 23.0062 0.0
-5.5 23.25 -0.3
-5.5 23.25 0.0
-5.5 23.25 2.45
-5.5 23.25 2.67
-5.5 23.2546 -0.22
-5.5 23.2546 0.0
-5.5 23.5 -0.3
-5.5 23.5 0.0
-5.5 23.5 2.45
-5.5 23.5 2.67
-5.5 23.5031 -0.22
-5.5 23.5031 0.0
-5.5 23.75 -0.3
-5.5 23.75 0.0
-5.5 23.75 2.45
-5.5 23.75 2.67
-5.5 23.7515 -0.22
-5.5 23.7515 0.0
-5.5 23.82 0.0
-5.5 23.82 0.245
-5.5 23.82 0.49
-5.5 23.82 0.735
-5.5 23.82 0.98
-5.5 23.82 1.225
-5.5 23.82 1.47
-5.5 23.82 1.715
-5.5 23.82 1.96
-5.5 23.82 2.205
-5.5 23.82 2.45
-5.5 24.0 -0.3
-5.5 24.0 -0.22
-5.5 24.0 0.0
-5.5 24.0 0.245
-5.5 24.0 0.49
-5.5 24.0 0.735
-5.5 24.0 0.98
-5.5 24.0 1.225
-5.5 24.0 1.47
-5.5 24.0 1.715
-5.5 24.0 1.96
-5.5 24.0 2.205
-5.5 24.0 2.45
-5.5 24.0 2.67
-5.5 24.25 -0.3
-5.5 24.25 0.0
-5.5 24.5 -0.3
-5.5 24.5 0.0
-5.5 24.75 -0.3
-5.5 24.75 0.0
-5.5 25.0 -0.3
-5.5 25.0 -0.15
-5.5 25.0 0.0
-5.4176 0.0 -0.22
-5.4176 0.0 0.0
-5.4176 0.2453 -0.22
-5.4176 0.2453 0.0
-5.4176 0.4906 -0.22
-5.4176 0.4906 0.0
-5.4176 0.7359 -0.22
-5.4176 0.7359 0.0
-5.4176 0.9813 -0.22
-5.4176 0.9813 0.0
-5.4176 1.2266 -0.22
-5.4176 1.2266 0.0
-5.4176 1.4719 -0.22
-5.4176 1.4719 0.0
-5.4176 1.7172 -0.22
-5.4176 1.7172 0.0
-5.4176 1.9625 -0.22
-5.4176 1.9625 0.0
-5.4176 2.2078 -0.22
-5.4176 2.2078 0.0
-5.4176 2.4531 -0.22
-5.4176 2.4531 0.0
-5.4176 2.6984 -0.22
-5.4176 2.6984 0.0
-5.4176 2.9437 -0.22
-5.4176 2.9437 0.0
-5.4176 3.1891 -0.22
-5.4176 3.1891 0.0
-5.4176 3.4344 -0.22
-5.4176 3.4344 0.0
-5.4176 3.6797 -0.22
-5.4176 3.6797 0.0
-5.4176 3.925 -0.22
-5.4176 3.925 0.0
-5.4176 4.1703 -0.22
-5.4176 4.1703 0.0
-5.4176 4.4156 -0.22
-5.4176 4.4156 0.0
-5.4176 4.6609 -0.22
-5.4176 4.6609 0.0
-5.4176 4.9062 -0.22
-5.4176 4.9062 0.0
-5.4176 5.1516 -0.22
-5.4176 5.1516 0.0
-5.4176 5.3969 -0.22
-5.4176 5.3969 0.0
-5.4176 5.6422 -0.22
-5.4176 5.6422 0.0
-5.4176 5.8875 -0.22
-5.4176 5.8875 0.0
-5.4176 6.1328 -0.22
-5.4176 6.1328 0.0
-5.4176 6.3781 -0.22
-5.4176 6.3781 0.0
-5.4176 6.6234 -0.22
-5.4176 6.6234 0.0
-5.4176 6.8687 -0.22
-5.4176 6.8687 0.0
-5.4176 7.1141 -0.22
-5.4176 7.1141 0.0
-5.4176 7.3594 -0.22
-5.4176 7.3594 0.0
-5.4176 7.6047 -0.22
-5.4176 7.6047 0.0
-5.4176 7.85 -0.22
-5.4176 7.85 0.0
-5.2933 7.85 0.0
-5.2933 7.85 0.245
-5.2933 7.85 0.49
-5.2933 7.85 0.735
-5.2933 7.85 0.98
-5.2933 7.85 1.225
-5.2933 7.85 1.47
-5.2933 7.85 1.715
-5.2933 7.85 1.96
-5.2933 7.85 2.205
-5.2933 7.85 2.45
-5.2933 8.03 0.0
-5.2933 8.03 0.245
-5.2933 8.03 0.49
-5.2933 8.03 0.735
-5.2933 8.03 0.98
-5.2933 8.03 1.225
-5.2933 8.03 1.47
-5.2933 8.03 1.715
-5.2933 8.03 1.96
-5.2933 8.03 2.205
-5.2933 8.03 2.45
-5.2933 23.73 0.0
-5.2933 23.73 0.245
-5.2933 23.73 0.49
-5.2933 23.73 0.735
-5.2933 23.73 0.98
-5.2933 23.73 1.225
-5.2933 23.73 1.47
-5.2933 23.73 1.715
-5.2933 23.73 1.96
-5.2933 23.73 2.205
-5.2933 23.73 2.45
-5.2933 23.91 0.0
-5.2933 23.91 0.245
-5.2933 23.91 0.49
-5.2933 23.91 0.735
-5.2933 23.91 0.98
-5.2933 23.91 1.225
-5.2933 23.91 1.47
-5.2933 23.91 1.715
-5.2933 23.91 1.96
-5.2933 23.91 2.205
-5.2933 23.91 2.45
-5.2594 0.0 0.0
-5.2594 0.0 0.245
-5.2594 0.0 0.49
-5.2594 0.0 0.735
-5.2594 0.0 0.98
-5.2594 0.0 1.225
-5.2594 0.0 1.47
-5.2594 0.0 1.715
-5.2594 0.0 1.96
-5.2594 0.0 2.205
-5.2594 0.0 2.45
-5.2594 0.18 0.0
-5.2594 0.18 0.245
-5.2594 0.18 0.49
-5.2594 0.18 0.735
-5.2594 0.18 0.98
-5.2594 0.18 1.225
-5.2594 0.18 1.47
-5.2594 0.18 1.715
-5.2594 0.18 1.96
-5.2594 0.18 2.205
-5.2594 0.18 2.45
-5.25 -1.0 -0.3
-5.25 -1.0 -0.15
-5.25 -1.0 0.0
-5.25 -0.75 -0.3
-5.25 -0.75 0.0
-5.25 -0.5 -0.3
-5.25 -0.5 0.0
-5.25 -0.25 -0.3
-5.25 -0.25 0.0
-5.25 0.0 -0.3
-5.25 0.0 0.0
-5.25 0.0 2.45
-5.25 0.0 2.67
-5.25 0.25 -0.3
-5.25 0.25 0.0
-5.25 0.25 2.45
-5.25 0.25 2.67
-5.25 0.5 -0.3
-5.25 0.5 0.0
-5.25 0.5 2.45
-5.25 0.5 2.67
-5.25 0.75 -0.3
-5.25 0.75 0.0
-5.25 0.75 2.45
-5.25 0.75 2.67
-5.25 1.0 -0.3
-5.25 1.0 0.0
-5.25 1.0 2.45
-5.25 1.0 2.67
-5.25 1.25 -0.3
-5.25 1.25 0.0
-5.25 1.25 2.45
-5.25 1.25 2.67
-5.25 1.5 -0.3
-5.25 1.5 0.0
-5.25 1.5 2.45
-5.25 1.5 2.67
-5.25 1.75 -0.3
-5.25 1.75 0.0
-5.25 1.75 2.45
-5.25 1.75 2.67
-5.25 2.0 -0.3
-5.25 2.0 0.0
-5.25 2.0 2.45
-5.25 2.0 2.67
-5.25 2.25 -0.3
-5.25 2.25 0.0
-5.25 2.25 2.45
-5.25 2.25 2.67
-5.25 2.5 -0.3
-5.25 2.5 0.0
-5.25 2.5 2.45
-5.25 2.5 2.67
-5.25 2.75 -0.3
-5.25 2.75 0.0
-5.25 2.75 2.45
-5.25 2.75 2.67
-5.25 3.0 -0.3
-5.25 3.0 0.0
-5.25 3.0 2.45
-5.25 3.0 2.67
-5.25 3.25 -0.3
-5.25 3.25 0.0
-5.25 3.25 2.45
-5.25 3.25 2.67
-5.25 3.5 -0.3
-5.25 3.5 0.0
-5.25 3.5 2.45
-5.25 3.5 2.67
-5.25 3.75 -0.3
-5.25 3.75 0.0
-5.25 3.75 2.45
-5.25 3.75 2.67
-5.25 4.0 -0.3
-5.25 4.0 0.0
-5.25 4.0 2.45
-5.25 4.0 2.67
-5.25 4.25 -0.3
-5.25 4.25 0.0
-5.25 4.25 2.45
-5.25 4.25 2.67
-5.25 4.5 -0.3
-5.25 4.5 0.0
-5.25 4.5 2.45
-5.25 4.5 2.67
-5.25 4.75 -0.3
-5.25 4.75 0.0
-5.25 4.75 2.45
-5.25 4.75 2.67
-5.25 5.0 -0.3
-5.25 5.0 0.0
-5.25 5.0 2.45
-5.25 5.0 2.67
-5.25 5.25 -0.3
-5.25 5.25 0.0
-5.25 5.25 2.45
-5.25 5.25 2.67
-5.25 5.5 -0.3
-5.25 5.5 0.0
-5.25 5.5 2.45
-5.25 5.5 2.67
-5.25 5.75 -0.3
-5.25 5.75 0.0
-5.25 5.75 2.45
-5.25 5.75 2.67
-5.25 6.0 -0.3
-5.25 6.0 0.0
-5.25 6.0 2.45
-5.25 6.0 2.67
-5.25 6.25 -0.3
-5.25 6.25 0.0
-5.25 6.25 2.45
-5.25 6.25 2.67
-5.25 6.5 -0.3
-5.25 6.5 0.0
-5.25 6.5 2.45
-5.25 6.5 2.67
-5.25 6.75 -0.3
-5.25 6.75 0.0
-5.25 6.75 2.45
-5.25 6.75 2.67
-5.25 7.0 -0.3
-5.25 7.0 0.0
-5.25 7.0 2.45
-5.25 7.0 2.67
-5.25 7.25 -0.3
-5.25 7.25 0.0
-5.25 7.25 2.45
-5.25 7.25 2.67
-5.25 7.5 -0.3
-5.25 7.5 0.0
-5.25 7.5 2.45
-5.25 7.5 2.67
-5.25 7.75 -0.3
-5.25 7.75 0.0
-5.25 7.75 2.45
-5.25 7.75 2.67
-5.25 7.85 -0.22
-5.25 7.85 0.0
-5.25 8.0 -0.3
-5.25 8.0 0.0
-5.25 8.0 2.45
-5.25 8.0 2.67
-5.25 8.0985 -0.22
-5.25 8.0985 0.0
-5.25 8.25 -0.3
-5.25 8.25 0.0
-5.25 8.25 2.45
-5.25 8.25 2.67
-5.25 8.3469 -0.22
-5.25 8.3469 0.0
-5.25 8.5 -0.3
-5.25 8.5 0.0
-5.25 8.5 2.45
-5.25 8.5 2.67
-5.25 8.5954 -0.22
-5.25 8.5954 0.0
-5.25 8.75 -0.3
-5.25 8.75 0.0
-5.25 8.75 2.45
-5.25 8.75 2.67
-5.25 8.8438 -0.22
-5.25 8.8438 0.0
-5.25 9.0 -0.3
-5.25 9.0 0.0
-5.25 9.0 2.45
-5.25 9.0 2.67
-5.25 9.0923 -0.22
-5.25 9.0923 0.0
-5.25 9.25 -0.3
-5.25 9.25 0.0
-5.25 9.25 2.45
-5.25 9.25 2.67
-5.25 9.3408 -0.22
-5.25 9.3408 0.0
-5.25 9.5 -0.3
-5.25 9.5 0.0
-5.25 9.5 2.45
-5.25 9.5 2.67
-5.25 9.5892 -0.22
-5.25 9.5892 0.0
-5.25 9.75 -0.3
-5.25 9.75 0.0
-5.25 9.75 2.45
-5.25 9.75 2.67
-5.25 9.8377 -0.22
-5.25 9.8377 0.0
-5.25 10.0 -0.3
-5.25 10.0 0.0
-5.25 10.0 2.45
-5.25 10.0 2.67
-5.25 10.0862 -0.22
-5.25 10.0862 0.0
-5.25 10.25 -0.3
-5.25 10.25 0.0
-5.25 10.25 2.45
-5.25 10.25 2.67
-5.25 10.3346 -0.22
-5.25 10.3346 0.0
-5.25 10.5 -0.3
-5.25 10.5 0.0
-5.25 10.5 2.45
-5.25 10.5 2.67
-5.25 10.5831 -0.22
-5.25 10.5831 0.0
-5.25 10.75 -0.3
-5.25 10.75 0.0
-5.25 10.75 2.45
-5.25 10.75 2.67
-5.25 10.8315 -0.22
-5.25 10.8315 0.0
-5.25 11.0 -0.3
-5.25 11.0 0.0
-5.25 11.0 2.45
-5.25 11.0 2.67
-5.25 11.08 -0.22
-5.25 11.08 0.0
-5.25 11.25 -0.3
-5.25 11.25 0.0
-5.25 11.25 2.45
-5.25 11.25 2.67
-5.25 11.3285 -0.22
-5.25 11.3285 0.0
-5.25 11.5 -0.3
-5.25 11.5 0.0
-5.25 11.5 2.45
-5.25 11.5 2.67
-5.25 11.5769 -0.22
-5.25 11.5769 0.0
-5.25 11.75 -0.3
-5.25 11.75 0.0
-5.25 11.75 2.45
-5.25 11.75 2.67
-5.25 11.8254 -0.22
-5.25 11.8254 0.0
-5.25 12.0 -0.3
-5.25 12.0 0.0
-5.25 12.0 2.45
-5.25 12.0 2.67
-5.25 12.0738 -0.22
-5.25 12.0738 0.0
-5.25 12.25 -0.3
-5.25 12.25 0.0
-5.25 12.25 2.45
-5.25 12.25 2.67
-5.25 12.3223 -0.22
-5.25 12.3223 0.0
-5.25 12.5 -0.3
-5.25 12.5 0.0
-5.25 12.5 2.45
-5.25 12.5 2.67
-5.25 12.5708 -0.22
-5.25 12.5708 0.0
-5.25 12.75 -0.3
-5.25 12.75 0.0
-5.25 12.75 2.45
-5.25 12.75 2.67
-5.25 12.8192 -0.22
-5.25 12.8192 0.0
-5.25 13.0 -0.3
-5.25 13.0 0.0
-5.25 13.0 2.45
-5.25 13.0 2.67
-5.25 13.0677 -0.22
-5.25 13.0677 0.0
-5.25 13.25 -0.3
-5.25 13.25 0.0
-5.25 13.25 2.45
-5.25 13.25 2.67
-5.25 13.3162 -0.22
-5.25 13.3162 0.0
-5.25 13.5 -0.3
-5.25 13.5 0.0
-5.25 13.5 2.45
-5.25 13.5 2.67
-5.25 13.5646 -0.22
-5.25 13.5646 0.0
-5.25 13.75 -0.3
-5.25 13.75 0.0
-5.25 13.75 2.45
-5.25 13.75 2.67
-5.25 13.8131 -0.22
-5.25 13.8131 0.0
-5.25 14.0 -0.3
-5.25 14.0 0.0
-5.25 14.0 2.45
-5.25 14.0 2.67
-5.25 14.0615 -0.22
-5.25 14.0615 0.0
-5.25 14.25 -0.3
-5.25 14.25 0.0
-5.25 14.25 2.45
-5.25 14.25 2.67
-5.25 14.31 -0.22
-5.25 14.31 0.0
-5.25 14.5 -0.3
-5.25 14.5 0.0
-5.25 14.5 2.45
-5.25 14.5 2.67
-5.25 14.5585 -0.22
-5.25 14.5585 0.0
-5.25 14.75 -0.3
-5.25 14.75 0.0
-5.25 14.75 2.45
-5.25 14.75 2.67
-5.25 14.8069 -0.22
-5.25 14.8069 0.0
-5.25 15.0 -0.3
-5.25 15.0 0.0
-5.25 15.0 2.45
-5.25 15.0 2.67
-5.25 15.0554 -0.22
-5.25 15.0554 0.0
-5.25 15.25 -0.3
-5.25 15.25 0.0
-5.25 15.25 2.45
-5.25 15.25 2.67
-5.25 15.3038 -0.22
-5.25 15.3038 0.0
-5.25 15.5 -0.3
-5.25 15.5 0.0
-5.25 15.5 2.45
-5.25 15.5 2.67
-5.25 15.5523 -0.22
-5.25 15.5523 0.0
-5.25 15.75 -0.3
-5.25 15.75 0.0
-5.25 15.75 2.45
-5.25 15.75 2.67
-5.25 15.8008 -0.22
-5.25 15.8008 0.0
-5.25 16.0 -0.3
-5.25 16.0 0.0
-5.25 16.0 2.45
-5.25 16.0 2.67
-5.25 16.0492 -0.22
-5.25 16.0492 0.0
-5.25 16.25 -0.3
-5.25 16.25 0.0
-5.25 16.25 2.45
-5.25 16.25 2.67
-5.25 16.2977 -0.22
-5.25 16.2977 0.0
-5.25 16.5 -0.3
-5.25 16.5 0.0
-5.25 16.5 2.45
-5.25 16.5 2.67
-5.25 16.5462 -0.22
-5.25 16.5462 0.0
-5.25 16.75 -0.3
-5.25 16.75 0.0
-5.25 16.75 2.45
-5.25 16.75 2.67
-5.25 16.7946 -0.22
-5.25 16.7946 0.0
-5.25 17.0 -0.3
-5.25 17.0 0.0
-5.25 17.0 2.45
-5.25 17.0 2.67
-5.25 17.0431 -0.22
-5.25 17.0431 0.0
-5.25 17.25 -0.3
-5.25 17.25 0.0
-5.25 17.25 2.45
-5.25 17.25 2.67
-5.25 17.2915 -0.22
-5.25 17.2915 0.0
-5.25 17.5 -0.3
-5.25 17.5 0.0
-5.25 17.5 2.45
-5.25 17.5 2.67
-5.25 17.54 -0.22
-5.25 17.54 0.0
-5.25 17.75 -0.3
-5.25 17.75 0.0
-5.25 17.75 2.45
-5.25 17.75 2.67
-5.25 17.7885 -0.22
-5.25 17.7885 0.0
-5.25 18.0 -0.3
-5.25 18.0 0.0
-5.25 18.0 2.45
-5.25 18.0 2.67
-5.25 18.0369 -0.22
-5.25 18.0369 0.0
-5.25 18.25 -0.3
-5.25 18.25 0.0
-5.25 18.25 2.45
-5.25 18.25 2.67
-5.25 18.2854 -0.22
-5.25 18.2854 0.0
-5.25 18.5 -0.3
-5.25 18.5 0.0
-5.25 18.5 2.45
-5.25 18.5 2.67
-5.25 18.5338 -0.22
-5.25 18.5338 0.0
-5.25 18.75 -0.3
-5.25 18.75 0.0
-5.25 18.75 2.45
-5.25 18.75 2.67
-5.25 18.7823 -0.22
-5.25 18.7823 0.0
-5.25 19.0 -0.3
-5.25 19.0 0.0
-5.25 19.0 2.45
-5.25 19.0 2.67
-5.25 19.0308 -0.22
-5.25 19.0308 0.0
-5.25 19.25 -0.3
-5.25 19.25 0.0
-5.25 19.25 2.45
-5.25 19.25 2.67
-5.25 19.2792 -0.22
-5.25 19.2792 0.0
-5.25 19.5 -0.3
-5.25 19.5 0.0
-5.25 19.5 2.45
-5.25 19.5 2.67
-5.25 19.5277 -0.22
-5.25 19.5277 0.0
-5.25 19.75 -0.3
-5.25 19.75 0.0
-5.25 19.75 2.45
-5.25 19.75 2.67
-5.25 19.7762 -0.22
-5.25 19.7762 0.0
-5.25 20.0 -0.3
-5.25 20.0 0.0
-5.25 20.0 2.45
-5.25 20.0 2.67
-5.25 20.0246 -0.22
-5.25 20.0246 0.0
-5.25 20.25 -0.3
-5.25 20.25 0.0
-5.25 20.25 2.45
-5.25 20.25 2.67
-5.25 20.2731 -0.22
-5.25 20.2731 0.0
-5.25 20.5 -0.3
-5.25 20.5 0.0
-5.25 20.5 2.45
-5.25 20.5 2.67
-5.25 20.5215 -0.22
-5.25 20.5215 0.0
-5.25 20.75 -0.3
-5.25 20.75 0.0
-5.25 20.75 2.45
-5.25 20.75 2.67
-5.25 20.77 -0.22
-5.25 20.77 0.0
-5.25 21.0 -0.3
-5.25 21.0 0.0
-5.25 21.0 2.45
-5.25 21.0 2.67
-5.25 21.0185 -0.22
-5.25 21.0185 0.0
-5.25 21.25 -0.3
-5.25 21.25 0.0
-5.25 21.25 2.45
-5.25 21.25 2.67
-5.25 21.2669 -0.22
-5.25 21.2669 0.0
-5.25 21.5 -0.3
-5.25 21.5 0.0
-5.25 21.5 2.45
-5.25 21.5 2.67
-5.25 21.5154 -0.22
-5.25 21.5154 0.0
-5.25 21.75 -0.3
-5.25 21.75 0.0
-5.25 21.75 2.45
-5.25 21.75 2.67
-5.25 21.7638 -0.22
-5.25 21.7638 0.0
-5.25 22.0 -0.3
-5.25 22.0 0.0
-5.25 22.0 2.45
-5.25 22.0 2.67
-5.25 22.0123 -0.22
-5.25 22.0123 0.0
-5.25 22.25 -0.3
-5.25 22.25 0.0
-5.25 22.25 2.45
-5.25 22.25 2.67
-5.25 22.2608 -0.22
-5.25 22.2608 0.0
-5.25 22.5 -0.3
-5.25 22.5 0.0
-5.25 22.5 2.45
-5.25 22.5 2.67
-5.25 22.5092 -0.22
-5.25 22.5092 0.0
-5.25 22.75 -0.3
-5.25 22.75 0.0
-5.25 22.75 2.45
-5.25 22.75 2.67
-5.25 22.7577 -0.22
-5.25 22.7577 0.0
-5.25 23.0 -0.3
-5.25 23.0 0.0
-5.25 23.0 2.45
-5.25 23.0 2.67
-5.25 23.0062 -0.22
-5.25 23.0062 0.0
-5.25 23.25 -0.3
-5.25 23.25 0.0
-5.25 23.25 2.45
-5.25 23.25 2.67
-5.25 23.2546 -0.22
-5.25 23.2546 0.0
-5.25 23.5 -0.3
-5.25 23.5 0.0
-5.25 23.5 2.45
-5.25 23.5 2.67
-5.25 23.5031 -0.22
-5.25 23.5031 0.0
-5.25 23.75 -0.3
-5.25 23.75 0.0
-5.25 23.75 2.45
-5.25 23.75 2.67
-5.25 23.7515 -0.22
-5.25 23.7515 0.0
-5.25 23.82 0.0
-5.25 23.82 0.245
-5.25 23.82 0.49
-5.25 23.82 0.735
-5.25 23.82 0.98
-5.25 23.82 1.225
-5.25 23.82 1.47
-5.25 23.82 1.715
-5.25 23.82 1.96
-5.25 23.82 2.205
-5.25 23.82 2.45
-5.25 24.0 -0.3
-5.25 24.0 -0.22
-5.25 24.0 0.0
-5.25 24.0 0.245
-5.25 24.0 0.49
-5.25 24.0 0.735
-5.25 24.0 0.98
-5.25 24.0 1.225
-5.25 24.0 1.47
-5.25 24.0 1.715
-5.25 24.0 1.96
-5.25 24.0 2.205
-5.25 24.0 2.45
-5.25 24.0 2.67
-5.25 24.25 -0.3
-5.25 24.25 0.0
-5.25 24.5 -0.3
-5.25 24.5 0.0
-5.25 24.75 -0.3
-5.25 24.75 0.0
-5.25 25.0 -0.3
-5.25 25.0 -0.15
-5.25 25.0 0.0
-5.1788 0.0 -0.22
-5.1788 0.0 0.0
-5.1788 0.2453 -0.22
-5.1788 0.2453 0.0
-5.1788 0.4906 -0.22
-5.1788 0.4906 0.0
-5.1788 0.7359 -0.22
-5.1788 0.7359 0.0
-5.1788 0.9813 -0.22
-5.1788 0.9813 0.0
-5.1788 1.2266 -0.22
-5.1788 1.2266 0.0
-5.1788 1.4719 -0.22
-5.1788 1.4719 0.0
-5.1788 1.7172 -0.22
-5.1788 1.7172 0.0
-5.1788 1.9625 -0.22
-5.1788 1.9625 0.0
-5.1788 2.2078 -0.22
-5.1788 2.2078 0.0
-5.1788 2.4531 -0.22
-5.1788 2.4531 0.0
-5.1788 2.6984 -0.22
-5.1788 2.6984 0.0
-5.1788 2.9437 -0.22
-5.1788 2.9437 0.0
-5.1788 3.1891 -0.22
-5.1788 3.1891 0.0
-5.1788 3.4344 -0.22
-5.1788 3.4344 0.0
-5.1788 3.6797 -0.22
-5.1788 3.6797 0.0
-5.1788 3.925 -0.22
-5.1788 3.925 0.0
-5.1788 4.1703 -0.22
-5.1788 4.1703 0.0
-5.1788 4.4156 -0.22
-5.1788 4.4156 0.0
-5.1788 4.6609 -0.22
-5.1788 4.6609 0.0
-5.1788 4.9062 -0.22
-5.1788 4.9062 0.0
-5.1788 5.1516 -0.22
-5.1788 5.1516 0.0
-5.1788 5.3969 -0.22
-5.1788 5.3969 0.0
-5.1788 5.6422 -0.22
-5.1788 5.6422 0.0
-5.1788 5.8875 -0.22
-5.1788 5.8875 0.0
-5.1788 6.1328 -0.22
-5.1788 6.1328 0.0
-5.1788 6.3781 -0.22
-5.1788 6.3781 0.0
-5.1788 6.6234 -0.22
-5.1788 6.6234 0.0
-5.1788 6.8687 -0.22
-5.1788 6.8687 0.0
-5.1788 7.1141 -0.22
-5.1788 7.1141 0.0
-5.1788 7.3594 -0.22
-5.1788 7.3594 0.0
-5.1788 7.6047 -0.22
-5.1788 7.6047 0.0
-5.1788 7.85 -0.22
-5.1788 7.85 0.0
-5.0467 7.85 0.0
-5.0467 7.85 0.245
-5.0467 7.85 0.49
-5.0467 7.85 0.735
-5.0467 7.85 0.98
-5.0467 7.85 1.225
-5.0467 7.85 1.47
-5.0467 7.85 1.715
-5.0467 7.85 1.96
-5.0467 7.85 2.205
-5.0467 7.85 2.45
-5.0467 8.03 0.0
-5.0467 8.03 0.245
-5.0467 8.03 0.49
-5.0467 8.03 0.735
-5.0467 8.03 0.98
-5.0467 8.03 1.225
-5.0467 8.03 1.47
-5.0467 8.03 1.715
-5.0467 8.03 1.96
-5.0467 8.03 2.205
-5.0467 8.03 2.45
-5.0467 23.73 0.0
-5.0467 23.73 0.245
-5.0467 23.73 0.49
-5.0467 23.73 0.735
-5.0467 23.73 0.98
-5.0467 23.73 1.225
-5.0467 23.73 1.47
-5.0467 23.73 1.715
-5.0467 23.73 1.96
-5.0467 23.73 2.205
-5.0467 23.73 2.45
-5.0467 23.91 0.0
-5.0467 23.91 0.245
-5.0467 23.91 0.49
-5.0467 23.91 0.735
-5.0467 23.91 0.98
-5.0467 23.91 1.225
-5.0467 23.91 1.47
-5.0467 23.91 1.715
-5.0467 23.91 1.96
-5.0467 23.91 2.205
-5.0467 23.91 2.45
-5.025 12.09 0.0
-5.025 12.09 0.225
-5.025 12.09 0.45
-5.025 12.09 0.675
-5.025 12.09 0.9
-5.025 12.315 0.0
-5.025 12.315 0.225
-5.025 12.315 0.45
-5.025 12.315 0.675
-5.025 12.315 0.9
-5.025 12.54 0.0
-5.025 12.54 0.225
-5.025 12.54 0.45
-5.025 12.54 0.675
-5.025 12.54 0.9
-5.01 0.0 0.0
-5.01 0.0 0.245
-5.01 0.0 0.49
-5.01 0.0 0.735
-5.01 0.0 0.98
-5.01 0.0 1.225
-5.01 0.0 1.47
-5.01 0.0 1.715
-5.01 0.0 1.96
-5.01 0.0 2.205
-5.01 0.0 2.45
-5.01 0.18 0.0
-5.01 0.18 0.245
-5.01 0.18 0.49
-5.01 0.18 0.735
-5.01 0.18 0.98
-5.01 0.18 1.225
-5.01 0.18 1.47
-5.01 0.18 1.715
-5.01 0.18 1.96
-5.01 0.18 2.205
-5.01 0.18 2.45
-5.0 -1.0 -0.3
-5.0 -1.0 -0.15
-5.0 -1.0 0.0
-5.0 -0.75 -0.3
-5.0 -0.75 0.0
-5.0 -0.5 -0.3
-5.0 -0.5 0.0
-5.0 -0.25 -0.3
-5.0 -0.25 0.0
-5.0 0.0 -0.3
-5.0 0.0 0.0
-5.0 0.0 2.45
-5.0 0.0 2.67
-5.0 0.25 -0.3
-5.0 0.25 0.0
-5.0 0.25 2.45
-5.0 0.25 2.67
-5.0 0.5 -0.3
-5.0 0.5 0.0
-5.0 0.5 2.45
-5.0 0.5 2.67
-5.0 0.75 -0.3
-5.0 0.75 0.0
-5.0 0.75 2.45
-5.0 0.75 2.67
-5.0 1.0 -0.3
-5.0 1.0 0.0
-5.0 1.0 2.45
-5.0 1.0 2.67
-5.0 1.25 -0.3
-5.0 1.25 0.0
-5.0 1.25 2.45
-5.0 1.25 2.67
-5.0 1.5 -0.3
-5.0 1.5 0.0
-5.0 1.5 2.45
-5.0 1.5 2.67
-5.0 1.75 -0.3
-5.0 1.75 0.0
-5.0 1.75 2.45
-5.0 1.75 2.67
-5.0 2.0 -0.3
-5.0 2.0 0.0
-5.0 2.0 2.45
-5.0 2.0 2.67
-5.0 2.25 -0.3
-5.0 2.25 0.0
-5.0 2.25 2.45
-5.0 2.25 2.67
-5.0 2.5 -0.3
-5.0 2.5 0.0
-5.0 2.5 2.45
-5.0 2.5 2.67
-5.0 2.75 -0.3
-5.0 2.75 0.0
-5.0 2.75 2.45
-5.0 2.75 2.67
-5.0 3.0 -0.3
-5.0 3.0 0.0
-5.0 3.0 2.45
-5.0 3.0 2.67
-5.0 3.25 -0.3
-5.0 3.25 0.0
-5.0 3.25 2.45
-5.0 3.25 2.67
-5.0 3.5 -0.3
-5.0 3.5 0.0
-5.0 3.5 2.45
-5.0 3.5 2.67
-5.0 3.75 -0.3
-5.0 3.75 0.0
-5.0 3.75 2.45
-5.0 3.75 2.67
-5.0 4.0 -0.3
-5.0 4.0 0.0
-5.0 4.0 2.45
-5.0 4.0 2.67
-5.0 4.25 -0.3
-5.0 4.25 0.0
-5.0 4.25 2.45
-5.0 4.25 2.67
-5.0 4.5 -0.3
-5.0 4.5 0.0
-5.0 4.5 2.45
-5.0 4.5 2.67
-5.0 4.75 -0.3
-5.0 4.75 0.0
-5.0 4.75 2.45
-5.0 4.75 2.67
-5.0 5.0 -0.3
-5.0 5.0 0.0
-5.0 5.0 2.45
-5.0 5.0 2.67
-5.0 5.25 -0.3
-5.0 5.25 0.0
-5.0 5.25 2.45
-5.0 5.25 2.67
-5.0 5.5 -0.3
-5.0 5.5 0.0
-5.0 5.5 2.45
-5.0 5.5 2.67
-5.0 5.75 -0.3
-5.0 5.75 0.0
-5.0 5.75 2.45
-5.0 5.75 2.67
-5.0 6.0 -0.3
-5.0 6.0 0.0
-5.0 6.0 2.45
-5.0 6.0 2.67
-5.0 6.25 -0.3
-5.0 6.25 0.0
-5.0 6.25 2.45
-5.0 6.25 2.67
-5.0 6.5 -0.3
-5.0 6.5 0.0
-5.0 6.5 2.45
-5.0 6.5 2.67
-5.0 6.75 -0.3
-5.0 6.75 0.0
-5.0 6.75 2.45
-5.0 6.75 2.67
-5.0 7.0 -0.3
-5.0 7.0 0.0
-5.0 7.0 2.45
-5.0 7.0 2.67
-5.0 7.25 -0.3
-5.0 7.25 0.0
-5.0 7.25 2.45
-5.0 7.25 2.67
-5.0 7.5 -0.3
-5.0 7.5 0.0
-5.0 7.5 2.45
-5.0 7.5 2.67
-5.0 7.75 -0.3
-5.0 7.75 0.0
-5.0 7.75 2.45
-5.0 7.75 2.67
-5.0 7.85 -0.22
-5.0 7.85 0.0
-5.0 8.0 -0.3
-5.0 8.0 0.0
-5.0 8.0 2.45
-5.0 8.0 2.67
-5.0 8.0985 -0.22
-5.0 8.0985 0.0
-5.0 8.25 -0.3
-5.0 8.25 0.0
-5.0 8.25 2.45
-5.0 8.25 2.67
-5.0 8.3469 -0.22
-5.0 8.3469 0.0
-5.0 8.5 -0.3
-5.0 8.5 0.0
-5.0 8.5 2.45
-5.0 8.5 2.67
-5.0 8.5954 -0.22
-5.0 8.5954 0.0
-5.0 8.75 -0.3
-5.0 8.75 0.0
-5.0 8.75 2.45
-5.0 8.75 2.67
-5.0 8.8438 -0.22
-5.0 8.8438 0.0
-5.0 9.0 -0.3
-5.0 9.0 0.0
-5.0 9.0 2.45
-5.0 9.0 2.67
-5.0 9.0923 -0.22
-5.0 9.0923 0.0
-5.0 9.25 -0.3
-5.0 9.25 0.0
-5.0 9.25 2.45
-5.0 9.25 2.67
-5.0 9.3408 -0.22
-5.0 9.3408 0.0
-5.0 9.5 -0.3
-5.0 9.5 0.0
-5.0 9.5 2.45
-5.0 9.5 2.67
-5.0 9.5892 -0.22
-5.0 9.5892 0.0
-5.0 9.75 -0.3
-5.0 9.75 0.0
-5.0 9.75 2.45
-5.0 9.75 2.67
-5.0 9.8377 -0.22
-5.0 9.8377 0.0
-5.0 10.0 -0.3
-5.0 10.0 0.0
-5.0 10.0 2.45
-5.0 10.0 2.67
-5.0 10.0862 -0.22
-5.0 10.0862 0.0
-5.0 10.25 -0.3
-5.0 10.25 0.0
-5.0 10.25 2.45
-5.0 10.25 2.67
-5.0 10.3346 -0.22
-5.0 10.3346 0.0
-5.0 10.5 -0.3
-5.0 10.5 0.0
-5.0 10.5 2.45
-5.0 10.5 2.67
-5.0 10.5831 -0.22
-5.0 10.5831 0.0
-5.0 10.75 -0.3
-5.0 10.75 0.0
-5.0 10.75 2.45
-5.0 10.75 2.67
-5.0 10.8315 -0.22
-5.0 10.8315 0.0
-5.0 11.0 -0.3
-5.0 11.0 0.0
-5.0 11.0 2.45
-5.0 11.0 2.67
-5.0 11.08 -0.22
-5.0 11.08 0.0
-5.0 11.25 -0.3
-5.0 11.25 0.0
-5.0 11.25 2.45
-5.0 11.25 2.67
-5.0 11.3285 -0.22
-5.0 11.3285 0.0
-5.0 11.5 -0.3
-5.0 11.5 0.0
-5.0 11.5 2.45
-5.0 11.5 2.67
-5.0 11.5769 -0.22
-5.0 11.5769 0.0
-5.0 11.75 -0.3
-5.0 11.75 0.0
-5.0 11.75 2.45
-5.0 11.75 2.67
-5.0 11.8254 -0.22
-5.0 11.8254 0.0
-5.0 12.0 -0.3
-5.0 12.0 0.0
-5.0 12.0 2.45
-5.0 12.0 2.67
-5.0 12.0738 -0.22
-5.0 12.0738 0.0
-5.0 12.25 -0.3
-5.0 12.25 0.0
-5.0 12.25 2.45
-5.0 12.25 2.67
-5.0 12.3223 -0.22
-5.0 12.3223 0.0
-5.0 12.5 -0.3
-5.0 12.5 0.0
-5.0 12.5 2.45
-5.0 12.5 2.67
-5.0 12.5708 -0.22
-5.0 12.5708 0.0
-5.0 12.75 -0.3
-5.0 12.75 0.0
-5.0 12.75 2.45
-5.0 12.75 2.67
-5.0 12.8192 -0.22
-5.0 12.8192 0.0
-5.0 13.0 -0.3
-5.0 13.0 0.0
-5.0 13.0 2.45
-5.0 13.0 2.67
-5.0 13.0677 -0.22
-5.0 13.0677 0.0
-5.0 13.25 -0.3
-5.0 13.25 0.0
-5.0 13.25 2.45
-5.0 13.25 2.67
-5.0 13.3162 -0.22
-5.0 13.3162 0.0
-5.0 13.5 -0.3
-5.0 13.5 0.0
-5.0 13.5 2.45
-5.0 13.5 2.67
-5.0 13.5646 -0.22
-5.0 13.5646 0.0
-5.0 13.75 -0.3
-5.0 13.75 0.0
-5.0 13.75 2.45
-5.0 13.75 2.67
-5.0 13.8131 -0.22
-5.0 13.8131 0.0
-5.0 14.0 -0.3
-5.0 14.0 0.0
-5.0 14.0 2.45
-5.0 14.0 2.67
-5.0 14.0615 -0.22
-5.0 14.0615 0.0
-5.0 14.25 -0.3
-5.0 14.25 0.0
-5.0 14.25 2.45
-5.0 14.25 2.67
-5.0 14.31 -0.22
-5.0 14.31 0.0
-5.0 14.5 -0.3
-5.0 14.5 0.0
-5.0 14.5 2.45
-5.0 14.5 2.67
-5.0 14.5585 -0.22
-5.0 14.5585 0.0
-5.0 14.75 -0.3
-5.0 14.75 0.0
-5.0 14.75 2.45
-5.0 14.75 2.67
-5.0 14.8069 -0.22
-5.0 14.8069 0.0
-5.0 15.0 -0.3
-5.0 15.0 0.0
-5.0 15.0 2.45
-5.0 15.0 2.67
-5.0 15.0554 -0.22
-5.0 15.0554 0.0
-5.0 15.25 -0.3
-5.0 15.25 0.0
-5.0 15.25 2.45
-5.0 15.25 2.67
-5.0 15.3038 -0.22
-5.0 15.3038 0.0
-5.0 15.5 -0.3
-5.0 15.5 0.0
-5.0 15.5 2.45
-5.0 15.5 2.67
-5.0 15.5523 -0.22
-5.0 15.5523 0.0
-5.0 15.75 -0.3
-5.0 15.75 0.0
-5.0 15.75 2.45
-5.0 15.75 2.67
-5.0 15.8008 -0.22
-5.0 15.8008 0.0
-5.0 16.0 -0.3
-5.0 16.0 0.0
-5.0 16.0 2.45
-5.0 16.0 2.67
-5.0 16.0492 -0.22
-5.0 16.0492 0.0
-5.0 16.25 -0.3
-5.0 16.25 0.0
-5.0 16.25 2.45
-5.0 16.25 2.67
-5.0 16.2977 -0.22
-5.0 16.2977 0.0
-5.0 16.5 -0.3
-5.0 16.5 0.0
-5.0 16.5 2.45
-5.0 16.5 2.67
-5.0 16.5462 -0.22
-5.0 16.5462 0.0
-5.0 16.75 -0.3
-5.0 16.75 0.0
-5.0 16.75 2.45
-5.0 16.75 2.67
-5.0 16.7946 -0.22
-5.0 16.7946 0.0
-5.0 17.0 -0.3
-5.0 17.0 0.0
-5.0 17.0 2.45
-5.0 17.0 2.67
-5.0 17.0431 -0.22
-5.0 17.0431 0.0
-5.0 17.25 -0.3
-5.0 17.25 0.0
-5.0 17.25 2.45
-5.0 17.25 2.67
-5.0 17.2915 -0.22
-5.0 17.2915 0.0
-5.0 17.5 -0.3
-5.0 17.5 0.0
-5.0 17.5 2.45
-5.0 17.5 2.67
-5.0 17.54 -0.22
-5.0 17.54 0.0
-5.0 17.75 -0.3
-5.0 17.75 0.0
-5.0 17.75 2.45
-5.0 17.75 2.67
-5.0 17.7885 -0.22
-5.0 17.7885 0.0
-5.0 18.0 -0.3
-5.0 18.0 0.0
-5.0 18.0 2.45
-5.0 18.0 2.67
-5.0 18.0369 -0.22
-5.0 18.0369 0.0
-5.0 18.25 -0.3
-5.0 18.25 0.0
-5.0 18.25 2.45
-5.0 18.25 2.67
-5.0 18.2854 -0.22
-5.0 18.2854 0.0
-5.0 18.5 -0.3
-5.0 18.5 0.0
-5.0 18.5 2.45
-5.0 18.5 2.67
-5.0 18.5338 -0.22
-5.0 18.5338 0.0
-5.0 18.75 -0.3
-5.0 18.75 0.0
-5.0 18.75 2.45
-5.0 18.75 2.67
-5.0 18.7823 -0.22
-5.0 18.7823 0.0
-5.0 19.0 -0.3
-5.0 19.0 0.0
-5.0 19.0 2.45
-5.0 19.0 2.67
-5.0 19.0308 -0.22
-5.0 19.0308 0.0
-5.0 19.25 -0.3
-5.0 19.25 0.0
-5.0 19.25 2.45
-5.0 19.25 2.67
-5.0 19.2792 -0.22
-5.0 19.2792 0.0
-5.0 19.5 -0.3
-5.0 19.5 0.0
-5.0 19.5 2.45
-5.0 19.5 2.67
-5.0 19.5277 -0.22
-5.0 19.5277 0.0
-5.0 19.75 -0.3
-5.0 19.75 0.0
-5.0 19.75 2.45
-5.0 19.75 2.67
-5.0 19.7762 -0.22
-5.0 19.7762 0.0
-5.0 20.0 -0.3
-5.0 20.0 0.0
-5.0 20.0 2.45
-5.0 20.0 2.67
-5.0 20.0246 -0.22
-5.0 20.0246 0.0
-5.0 20.25 -0.3
-5.0 20.25 0.0
-5.0 20.25 2.45
-5.0 20.25 2.67
-5.0 20.2731 -0.22
-5.0 20.2731 0.0
-5.0 20.5 -0.3
-5.0 20.5 0.0
-5.0 20.5 2.45
-5.0 20.5 2.67
-5.0 20.5215 -0.22
-5.0 20.5215 0.0
-5.0 20.75 -0.3
-5.0 20.75 0.0
-5.0 20.75 2.45
-5.0 20.75 2.67
-5.0 20.77 -0.22
-5.0 20.77 0.0
-5.0 21.0 -0.3
-5.0 21.0 0.0
-5.0 21.0 2.45
-5.0 21.0 2.67
-5.0 21.0185 -0.22
-5.0 21.0185 0.0
-5.0 21.25 -0.3
-5.0 21.25 0.0
-5.0 21.25 2.45
-5.0 21.25 2.67
-5.0 21.2669 -0.22
-5.0 21.2669 0.0
-5.0 21.5 -0.3
-5.0 21.5 0.0
-5.0 21.5 2.45
-5.0 21.5 2.67
-5.0 21.5154 -0.22
-5.0 21.5154 0.0
-5.0 21.75 -0.3
-5.0 21.75 0.0
-5.0 21.75 2.45
-5.0 21.75 2.67
-5.0 21.7638 -0.22
-5.0 21.7638 0.0
-5.0 22.0 -0.3
-5.0 22.0 0.0
-5.0 22.0 2.45
-5.0 22.0 2.67
-5.0 22.0123 -0.22
-5.0 22.0123 0.0
-5.0 22.25 -0.3
-5.0 22.25 0.0
-5.0 22.25 2.45
-5.0 22.25 2.67
-5.0 22.2608 -0.22
-5.0 22.2608 0.0
-5.0 22.5 -0.3
-5.0 22.5 0.0
-5.0 22.5 2.45
-5.0 22.5 2.67
-5.0 22.5092 -0.22
-5.0 22.5092 0.0
-5.0 22.75 -0.3
-5.0 22.75 0.0
-5.0 22.75 2.45
-5.0 22.75 2.67
-5.0 22.7577 -0.22
-5.0 22.7577 0.0
-5.0 23.0 -0.3
-5.0 23.0 0.0
-5.0 23.0 2.45
-5.0 23.0 2.67
-5.0 23.0062 -0.22
-5.0 23.0062 0.0
-5.0 23.25 -0.3
-5.0 23.25 0.0
-5.0 23.25 2.45
-5.0 23.25 2.67
-5.0 23.2546 -0.22
-5.0 23.2546 0.0
-5.0 23.5 -0.3
-5.0 23.5 0.0
-5.0 23.5 2.45
-5.0 23.5 2.67
-5.0 23.5031 -0.22
-5.0 23.5031 0.0
-5.0 23.75 -0.3
-5.0 23.75 0.0
-5.0 23.75 2.45
-5.0 23.75 2.67
-5.0 23.7515 -0.22
-5.0 23.7515 0.0
-5.0 23.82 0.0
-5.0 23.82 0.245
-5.0 23.82 0.49
-5.0 23.82 0.735
-5.0 23.82 0.98
-5.0 23.82 1.225
-5.0 23.82 1.47
-5.0 23.82 1.715
-5.0 23.82 1.96
-5.0 23.82 2.205
-5.0 23.82 2.45
-5.0 24.0 -0.3
-5.0 24.0 -0.22
-5.0 24.0 0.0
-5.0 24.0 0.245
-5.0 24.0 0.49
-5.0 24.0 0.735
-5.0 24.0 0.98
-5.0 24.0 1.225
-5.0 24.0 1.47
-5.0 24.0 1.715
-5.0 24.0 1.96
-5.0 24.0 2.205
-5.0 24.0 2.45
-5.0 24.0 2.67
-5.0 24.25 -0.3
-5.0 24.25 0.0
-5.0 24.5 -0.3
-5.0 24.5 0.0
-5.0 24.75 -0.3
-5.0 24.75 0.0
-5.0 25.0 -0.3
-5.0 25.0 -0.15
-5.0 25.0 0.0
-4.94 0.0 -0.22
-4.94 0.0 0.0
-4.94 0.2453 -0.22
-4.94 0.2453 0.0
-4.94 0.4906 -0.22
-4.94 0.4906 0.0
-4.94 0.7359 -0.22
-4.94 0.7359 0.0
-4.94 0.9813 -0.22
-4.94 0.9813 0.0
-4.94 1.2266 -0.22
-4.94 1.2266 0.0
-4.94 1.4719 -0.22
-4.94 1.4719 0.0
-4.94 1.7172 -0.22
-4.94 1.7172 0.0
-4.94 1.9625 -0.22
-4.94 1.9625 0.0
-4.94 2.2078 -0.22
-4.94 2.2078 0.0
-4.94 2.4531 -0.22
-4.94 2.4531 0.0
-4.94 2.6984 -0.22
-4.94 2.6984 0.0
-4.94 2.9437 -0.22
-4.94 2.9437 0.0
-4.94 3.1891 -0.22
-4.94 3.1891 0.0
-4.94 3.4344 -0.22
-4.94 3.4344 0.0
-4.94 3.6797 -0.22
-4.94 3.6797 0.0
-4.94 3.925 -0.22
-4.94 3.925 0.0
-4.94 4.1703 -0.22
-4.94 4.1703 0.0
-4.94 4.4156 -0.22
-4.94 4.4156 0.0
-4.94 4.6609 -0.22
-4.94 4.6609 0.0
-4.94 4.9062 -0.22
-4.94 4.9062 0.0
-4.94 5.1516 -0.22
-4.94 5.1516 0.0
-4.94 5.3969 -0.22
-4.94 5.3969 0.0
-4.94 5.6422 -0.22
-4.94 5.6422 0.0
-4.94 5.8875 -0.22
-4.94 5.8875 0.0
-4.94 6.1328 -0.22
-4.94 6.1328 0.0
-4.94 6.3781 -0.22
-4.94 6.3781 0.0
-4.94 6.6234 -0.22
-4.94 6.6234 0.0
-4.94 6.8687 -0.22
-4.94 6.8687 0.0
-4.94 7.1141 -0.22
-4.94 7.1141 0.0
-4.94 7.3594 -0.22
-4.94 7.3594 0.0
-4.94 7.6047 -0.22
-4.94 7.6047 0.0
-4.94 7.85 -0.22
-4.94 7.85 0.0
-4.85 0.85 0.0
-4.85 0.85 0.245
-4.85 0.85 0.49
-4.85 0.85 0.735
-4.85 0.85 0.98
-4.85 0.85 1.225
-4.85 0.85 1.47
-4.85 0.85 1.715
-4.85 0.85 1.96
-4.85 0.85 2.205
-4.85 0.85 2.45
-4.85 1.03 0.0
-4.85 1.03 0.245
-4.85 1.03 0.49
-4.85 1.03 0.735
-4.85 1.03 0.98
-4.85 1.03 1.225
-4.85 1.03 1.47
-4.85 1.03 1.715
-4.85 1.03 1.96
-4.85 1.03 2.205
-4.85 1.03 2.45
-4.85 1.1 0.0
-4.85 1.1 0.245
-4.85 1.1 0.49
-4.85 1.1 0.735
-4.85 1.1 0.98
-4.85 1.1 1.225
-4.85 1.1 1.47
-4.85 1.1 1.715
-4.85 1.1 1.96
-4.85 1.1 2.205
-4.85 1.1 2.45
-4.85 1.35 0.0
-4.85 1.35 0.245
-4.85 1.35 0.49
-4.85 1.35 0.735
-4.85 1.35 0.98
-4.85 1.35 1.225
-4.85 1.35 1.47
-4.85 1.35 1.715
-4.85 1.35 1.96
-4.85 1.35 2.205
-4.85 1.35 2.45
-4.85 1.6 0.0
-4.85 1.6 0.245
-4.85 1.6 0.49
-4.85 1.6 0.735
-4.85 1.6 0.98
-4.85 1.6 1.225
-4.85 1.6 1.47
-4.85 1.6 1.715
-4.85 1.6 1.96
-4.85 1.6 2.205
-4.85 1.6 2.45
-4.85 1.85 0.0
-4.85 1.85 0.245
-4.85 1.85 0.49
-4.85 1.85 0.735
-4.85 1.85 0.98
-4.85 1.85 1.225
-4.85 1.85 1.47
-4.85 1.85 1.715
-4.85 1.85 1.96
-4.85 1.85 2.205
-4.85 1.85 2.45
-4.85 2.1 0.0
-4.85 2.1 0.245
-4.85 2.1 0.49
-4.85 2.1 0.735
-4.85 2.1 0.98
-4.85 2.1 1.225
-4.85 2.1 1.47
-4.85 2.1 1.715
-4.85 2.1 1.96
-4.85 2.1 2.205
-4.85 2.1 2.45
-4.85 2.35 0.0
-4.85 2.35 0.245
-4.85 2.35 0.49
-4.85 2.35 0.735
-4.85 2.35 0.98
-4.85 2.35 1.225
-4.85 2.35 1.47
-4.85 2.35 1.715
-4.85 2.35 1.96
-4.85 2.35 2.205
-4.85 2.35 2.45
-4.85 2.6 0.0
-4.85 2.6 0.245
-4.85 2.6 0.49
-4.85 2.6 0.735
-4.85 2.6 0.98
-4.85 2.6 1.225
-4.85 2.6 1.47
-4.85 2.6 1.715
-4.85 2.6 1.96
-4.85 2.6 2.205
-4.85 2.6 2.45
-4.85 2.85 0.0
-4.85 2.85 0.245
-4.85 2.85 0.49
-4.85 2.85 0.735
-4.85 2.85 0.98
-4.85 2.85 1.225
-4.85 2.85 1.47
-4.85 2.85 1.715
-4.85 2.85 1.96
-4.85 2.85 2.205
-4.85 2.85 2.45
-4.85 3.1 0.0
-4.85 3.1 0.245
-4.85 3.1 0.49
-4.85 3.1 0.735
-4.85 3.1 0.98
-4.85 3.1 1.225
-4.85 3.1 1.47
-4.85 3.1 1.715
-4.85 3.1 1.96
-4.85 3.1 2.205
-4.85 3.1 2.45
-4.85 3.35 0.0
-4.85 3.35 0.245
-4.85 3.35 0.49
-4.85 3.35 0.735
-4.85 3.35 0.98
-4.85 3.35 1.225
-4.85 3.35 1.47
-4.85 3.35 1.715
-4.85 3.35 1.96
-4.85 3.35 2.205
-4.85 3.35 2.45
-4.85 3.6 0.0
-4.85 3.6 0.245
-4.85 3.6 0.49
-4.85 3.6 0.735
-4.85 3.6 0.98
-4.85 3.6 1.225
-4.85 3.6 1.47
-4.85 3.6 1.715
-4.85 3.6 1.96
-4.85 3.6 2.205
-4.85 3.6 2.45
-4.85 3.85 0.0
-4.85 3.85 0.245
-4.85 3.85 0.49
-4.85 3.85 0.735
-4.85 3.85 0.98
-4.85 3.85 1.225
-4.85 3.85 1.47
-4.85 3.85 1.715
-4.85 3.85 1.96
-4.85 3.85 2.205
-4.85 3.85 2.45
-4.85 4.1 0.0
-4.85 4.1 0.245
-4.85 4.1 0.49
-4.85 4.1 0.735
-4.85 4.1 0.98
-4.85 4.1 1.225
-4.85 4.1 1.47
-4.85 4.1 1.715
-4.85 4.1 1.96
-4.85 4.1 2.205
-4.85 4.1 2.45
-4.85 4.35 0.0
-4.85 4.35 0.245
-4.85 4.35 0.49
-4.85 4.35 0.735
-4.85 4.35 0.98
-4.85 4.35 1.225
-4.85 4.35 1.47
-4.85 4.35 1.715
-4.85 4.35 1.96
-4.85 4.35 2.205
-4.85 4.35 2.45
-4.85 4.6 0.0
-4.85 4.6 0.245
-4.85 4.6 0.49
-4.85 4.6 0.735
-4.85 4.6 0.98
-4.85 4.6 1.225
-4.85 4.6 1.47
-4.85 4.6 1.715
-4.85 4.6 1.96
-4.85 4.6 2.205
-4.85 4.6 2.45
-4.85 4.85 0.0
-4.85 4.85 0.245
-4.85 4.85 0.49
-4.85 4.85 0.735
-4.85 4.85 0.98
-4.85 4.85 1.225
-4.85 4.85 1.47
-4.85 4.85 1.715
-4.85 4.85 1.96
-4.85 4.85 2.205
-4.85 4.85 2.45
-4.85 5.1 0.0
-4.85 5.1 0.245
-4.85 5.1 0.49
-4.85 5.1 0.735
-4.85 5.1 0.98
-4.85 5.1 1.225
-4.85 5.1 1.47
-4.85 5.1 1.715
-4.85 5.1 1.96
-4.85 5.1 2.205
-4.85 5.1 2.45
-4.85 5.35 0.0
-4.85 5.35 0.245
-4.85 5.35 0.49
-4.85 5.35 0.735
-4.85 5.35 0.98
-4.85 5.35 1.225
-4.85 5.35 1.47
-4.85 5.35 1.715
-4.85 5.35 1.96
-4.85 5.35 2.205
-4.85 5.35 2.45
-4.85 5.6 0.0
-4.85 5.6 0.245
-4.85 5.6 0.49
-4.85 5.6 0.735
-4.85 5.6 0.98
-4.85 5.6 1.225
-4.85 5.6 1.47
-4.85 5.6 1.715
-4.85 5.6 1.96
-4.85 5.6 2.205
-4.85 5.6 2.45
-4.85 5.85 0.0
-4.85 5.85 0.245
-4.85 5.85 0.49
-4.85 5.85 0.735
-4.85 5.85 0.98
-4.85 5.85 1.225
-4.85 5.85 1.47
-4.85 5.85 1.715
-4.85 5.85 1.96
-4.85 5.85 2.205
-4.85 5.85 2.45
-4.85 6.1 0.0
-4.85 6.1 0.245
-4.85 6.1 0.49
-4.85 6.1 0.735
-4.85 6.1 0.98
-4.85 6.1 1.225
-4.85 6.1 1.47
-4.85 6.1 1.715
-4.85 6.1 1.96
-4.85 6.1 2.205
-4.85 6.1 2.45
-4.85 6.35 0.0
-4.85 6.35 0.245
-4.85 6.35 0.49
-4.85 6.35 0.735
-4.85 6.35 0.98
-4.85 6.35 1.225
-4.85 6.35 1.47
-4.85 6.35 1.715
-4.85 6.35 1.96
-4.85 6.35 2.205
-4.85 6.35 2.45
-4.85 6.6 0.0
-4.85 6.6 0.245
-4.85 6.6 0.49
-4.85 6.6 0.735
-4.85 6.6 0.98
-4.85 6.6 1.225
-4.85 6.6 1.47
-4.85 6.6 1.715
-4.85 6.6 1.96
-4.85 6.6 2.205
-4.85 6.6 2.45
-4.85 6.67 0.0
-4.85 6.67 0.245
-4.85 6.67 0.49
-4.85 6.67 0.735
-4.85 6.67 0.98
-4.85 6.67 1.225
-4.85 6.67 1.47
-4.85 6.67 1.715
-4.85 6.67 1.96
-4.85 6.67 2.205
-4.85 6.67 2.45
-4.85 6.85 0.0
-4.85 6.85 0.245
-4.85 6.85 0.49
-4.85 6.85 0.735
-4.85 6.85 0.98
-4.85 6.85 1.225
-4.85 6.85 1.47
-4.85 6.85 1.715
-4.85 6.85 1.96
-4.85 6.85 2.205
-4.85 6.85 2.45
-4.8 7.85 0.0
-4.8 7.85 0.245
-4.8 7.85 0.49
-4.8 7.85 0.735
-4.8 7.85 0.98
-4.8 7.85 1.225
-4.8 7.85 1.47
-4.8 7.85 1.715
-4.8 7.85 1.96
-4.8 7.85 2.205
-4.8 7.85 2.45
-4.8 8.03 0.0
-4.8 8.03 0.245
-4.8 8.03 0.49
-4.8 8.03 0.735
-4.8 8.03 0.98
-4.8 8.03 1.225
-4.8 8.03 1.47
-4.8 8.03 1.715
-4.8 8.03 1.96
-4.8 8.03 2.205
-4.8 8.03 2.45
-4.8 12.09 0.0
-4.8 12.09 0.225
-4.8 12.09 0.45
-4.8 12.09 0.675
-4.8 12.09 0.9
-4.8 12.315 0.0
-4.8 12.315 0.9
-4.8 12.54 0.0
-4.8 12.54 0.225
-4.8 12.54 0.45
-4.8 12.54 0.675
-4.8 12.54 0.9
-4.8 23.73 0.0
-4.8 23.73 0.245
-4.8 23.73 0.49
-4.8 23.73 0.735
-4.8 23.73 0.98
-4.8 23.73 1.225
-4.8 23.73 1.47
-4.8 23.73 1.715
-4.8 23.73 1.96
-4.8 23.73 2.205
-4.8 23.73 2.45
-4.8 23.91 0.0
-4.8 23.91 0.245
-4.8 23.91 0.49
-4.8 23.91 0.735
-4.8 23.91 0.98
-4.8 23.91 1.225
-4.8 23.91 1.47
-4.8 23.91 1.715
-4.8 23.91 1.96
-4.8 23.91 2.205
-4.8 23.91 2.45
-4.7606 0.0 0.0
-4.7606 0.0 0.245
-4.7606 0.0 0.49
-4.7606 0.0 0.735
-4.7606 0.0 0.98
-4.7606 0.0 1.225
-4.7606 0.0 1.47
-4.7606 0.0 1.715
-4.7606 0.0 1.96
-4.7606 0.0 2.205
-4.7606 0.0 2.45
-4.7606 0.18 0.0
-4.7606 0.18 0.245
-4.7606 0.18 0.49
-4.7606 0.18 0.735
-4.7606 0.18 0.98
-4.7606 0.18 1.225
-4.7606 0.18 1.47
-4.7606 0.18 1.715
-4.7606 0.18 1.96
-4.7606 0.18 2.205
-4.7606 0.18 2.45
-4.76 1.05 -0.18
-4.76 1.05 0.0
-4.76 1.3 -0.18
-4.76 1.3 0.0
-4.76 1.55 -0.18
-4.76 1.55 0.0
-4.76 1.8 -0.18
-4.76 1.8 0.0
-4.76 2.05 -0.18
-4.76 2.05 0.0
-4.75 -1.0 -0.3
-4.75 -1.0 -0.15
-4.75 -1.0 0.0
-4.75 -0.75 -0.3
-4.75 -0.75 0.0
-4.75 -0.5 -0.3
-4.75 -0.5 0.0
-4.75 -0.25 -0.3
-4.75 -0.25 0.0
-4.75 0.0 -0.3
-4.75 0.0 0.0
-4.75 0.0 2.45
-4.75 0.0 2.67
-4.75 0.25 -0.3
-4.75 0.25 0.0
-4.75 0.25 2.45
-4.75 0.25 2.67
-4.75 0.5 -0.3
-4.75 0.5 0.0
-4.75 0.5 2.45
-4.75 0.5 2.67
-4.75 0.75 -0.3
-4.75 0.75 0.0
-4.75 0.75 2.45
-4.75 0.75 2.67
-4.75 1.0 -0.3
-4.75 1.0 0.0
-4.75 1.0 2.45
-4.75 1.0 2.67
-4.75 1.25 -0.3
-4.75 1.25 0.0
-4.75 1.25 2.45
-4.75 1.25 2.67
-4.75 1.5 -0.3
-4.75 1.5 0.0
-4.75 1.5 2.45
-4.75 1.5 2.67
-4.75 1.75 -0.3
-4.75 1.75 0.0
-4.75 1.75 2.45
-4.75 1.75 2.67
-4.75 2.0 -0.3
-4.75 2.0 0.0
-4.75 2.0 2.45
-4.75 2.0 2.67
-4.75 2.25 -0.3
-4.75 2.25 0.0
-4.75 2.25 2.45
-4.75 2.25 2.67
-4.75 2.5 -0.3
-4.75 2.5 0.0
-4.75 2.5 2.45
-4.75 2.5 2.67
-4.75 2.75 -0.3
-4.75 2.75 0.0
-4.75 2.75 2.45
-4.75 2.75 2.67
-4.75 3.0 -0.3
-4.75 3.0 0.0
-4.75 3.0 2.45
-4.75 3.0 2.67
-4.75 3.25 -0.3
-4.75 3.25 0.0
-4.75 3.25 2.45
-4.75 3.25 2.67
-4.75 3.5 -0.3
-4.75 3.5 0.0
-4.75 3.5 2.45
-4.75 3.5 2.67
-4.75 3.75 -0.3
-4.75 3.75 0.0
-4.75 3.75 2.45
-4.75 3.75 2.67
-4.75 4.0 -0.3
-4.75 4.0 0.0
-4.75 4.0 2.45
-4.75 4.0 2.67
-4.75 4.25 -0.3
-4.75 4.25 0.0
-4.75 4.25 2.45
-4.75 4.25 2.67
-4.75 4.5 -0.3
-4.75 4.5 0.0
-4.75 4.5 2.45
-4.75 4.5 2.67
-4.75 4.75 -0.3
-4.75 4.75 0.0
-4.75 4.75 2.45
-4.75 4.75 2.67
-4.75 5.0 -0.3
-4.75 5.0 0.0
-4.75 5.0 2.45
-4.75 5.0 2.67
-4.75 5.25 -0.3
-4.75 5.25 0.0
-4.75 5.25 2.45
-4.75 5.25 2.67
-4.75 5.5 -0.3
-4.75 5.5 0.0
-4.75 5.5 2.45
-4.75 5.5 2.67
-4.75 5.75 -0.3
-4.75 5.75 0.0
-4.75 5.75 2.45
-4.75 5.75 2.67
-4.75 6.0 -0.3
-4.75 6.0 0.0
-4.75 6.0 2.45
-4.75 6.0 2.67
-4.75 6.25 -0.3
-4.75 6.25 0.0
-4.75 6.25 2.45
-4.75 6.25 2.67
-4.75 6.5 -0.3
-4.75 6.5 0.0
-4.75 6.5 2.45
-4.75 6.5 2.67
-4.75 6.75 -0.3
-4.75 6.75 0.0
-4.75 6.75 2.45
-4.75 6.75 2.67
-4.75 7.0 -0.3
-4.75 7.0 0.0
-4.75 7.0 2.45
-4.75 7.0 2.67
-4.75 7.25 -0.3
-4.75 7.25 0.0
-4.75 7.25 2.45
-4.75 7.25 2.67
-4.75 7.5 -0.3
-4.75 7.5 0.0
-4.75 7.5 2.45
-4.75 7.5 2.67
-4.75 7.75 -0.3
-4.75 7.75 0.0
-4.75 7.75 2.45
-4.75 7.75 2.67
-4.75 7.85 -0.22
-4.75 7.85 0.0
-4.75 8.0 -0.3
-4.75 8.0 0.0
-4.75 8.0 2.45
-4.75 8.0 2.67
-4.75 8.0985 -0.22
-4.75 8.0985 0.0
-4.75 8.25 -0.3
-4.75 8.25 0.0
-4.75 8.25 2.45
-4.75 8.25 2.67
-4.75 8.3469 -0.22
-4.75 8.3469 0.0
-4.75 8.5 -0.3
-4.75 8.5 0.0
-4.75 8.5 2.45
-4.75 8.5 2.67
-4.75 8.5954 -0.22
-4.75 8.5954 0.0
-4.75 8.75 -0.3
-4.75 8.75 0.0
-4.75 8.75 2.45
-4.75 8.75 2.67
-4.75 8.8438 -0.22
-4.75 8.8438 0.0
-4.75 9.0 -0.3
-4.75 9.0 0.0
-4.75 9.0 2.45
-4.75 9.0 2.67
-4.75 9.0923 -0.22
-4.75 9.0923 0.0
-4.75 9.25 -0.3
-4.75 9.25 0.0
-4.75 9.25 2.45
-4.75 9.25 2.67
-4.75 9.3408 -0.22
-4.75 9.3408 0.0
-4.75 9.5 -0.3
-4.75 9.5 0.0
-4.75 9.5 2.45
-4.75 9.5 2.67
-4.75 9.5892 -0.22
-4.75 9.5892 0.0
-4.75 9.75 -0.3
-4.75 9.75 0.0
-4.75 9.75 2.45
-4.75 9.75 2.67
-4.75 9.8377 -0.22
-4.75 9.8377 0.0
-4.75 10.0 -0.3
-4.75 10.0 0.0
-4.75 10.0 2.45
-4.75 10.0 2.67
-4.75 10.0862 -0.22
-4.75 10.0862 0.0
-4.75 10.25 -0.3
-4.75 10.25 0.0
-4.75 10.25 2.45
-4.75 10.25 2.67
-4.75 10.3346 -0.22
-4.75 10.3346 0.0
-4.75 10.5 -0.3
-4.75 10.5 0.0
-4.75 10.5 2.45
-4.75 10.5 2.67
-4.75 10.5831 -0.22
-4.75 10.5831 0.0
-4.75 10.75 -0.3
-4.75 10.75 0.0
-4.75 10.75 2.45
-4.75 10.75 2.67
-4.75 10.8315 -0.22
-4.75 10.8315 0.0
-4.75 11.0 -0.3
-4.75 11.0 0.0
-4.75 11.0 2.45
-4.75 11.0 2.67
-4.75 11.08 -0.22
-4.75 11.08 0.0
-4.75 11.25 -0.3
-4.75 11.25 0.0
-4.75 11.25 2.45
-4.75 11.25 2.67
-4.75 11.3285 -0.22
-4.75 11.3285 0.0
-4.75 11.5 -0.3
-4.75 11.5 0.0
-4.75 11.5 2.45
-4.75 11.5 2.67
-4.75 11.5769 -0.22
-4.75 11.5769 0.0
-4.75 11.75 -0.3
-4.75 11.75 0.0
-4.75 11.75 2.45
-4.75 11.75 2.67
-4.75 11.8254 -0.22
-4.75 11.8254 0.0
-4.75 12.0 -0.3
-4.75 12.0 0.0
-4.75 12.0 2.45
-4.75 12.0 2.67
-4.75 12.0738 -0.22
-4.75 12.0738 0.0
-4.75 12.25 -0.3
-4.75 12.25 0.0
-4.75 12.25 2.45
-4.75 12.25 2.67
-4.75 12.3223 -0.22
-4.75 12.3223 0.0
-4.75 12.5 -0.3
-4.75 12.5 0.0
-4.75 12.5 2.45
-4.75 12.5 2.67
-4.75 12.5708 -0.22
-4.75 12.5708 0.0
-4.75 12.75 -0.3
-4.75 12.75 0.0
-4.75 12.75 2.45
-4.75 12.75 2.67
-4.75 12.8192 -0.22
-4.75 12.8192 0.0
-4.75 13.0 -0.3
-4.75 13.0 0.0
-4.75 13.0 2.45
-4.75 13.0 2.67
-4.75 13.0677 -0.22
-4.75 13.0677 0.0
-4.75 13.25 -0.3
-4.75 13.25 0.0
-4.75 13.25 2.45
-4.75 13.25 2.67
-4.75 13.3162 -0.22
-4.75 13.3162 0.0
-4.75 13.5 -0.3
-4.75 13.5 0.0
-4.75 13.5 2.45
-4.75 13.5 2.67
-4.75 13.5646 -0.22
-4.75 13.5646 0.0
-4.75 13.75 -0.3
-4.75 13.75 0.0
-4.75 13.75 2.45
-4.75 13.75 2.67
-4.75 13.8131 -0.22
-4.75 13.8131 0.0
-4.75 14.0 -0.3
-4.75 14.0 0.0
-4.75 14.0 2.45
-4.75 14.0 2.67
-4.75 14.0615 -0.22
-4.75 14.0615 0.0
-4.75 14.25 -0.3
-4.75 14.25 0.0
-4.75 14.25 2.45
-4.75 14.25 2.67
-4.75 14.31 -0.22
-4.75 14.31 0.0
-4.75 14.5 -0.3
-4.75 14.5 0.0
-4.75 14.5 2.45
-4.75 14.5 2.67
-4.75 14.5585 -0.22
-4.75 14.5585 0.0
-4.75 14.75 -0.3
-4.75 14.75 0.0
-4.75 14.75 2.45
-4.75 14.75 2.67
-4.75 14.8069 -0.22
-4.75 14.8069 0.0
-4.75 15.0 -0.3
-4.75 15.0 0.0
-4.75 15.0 2.45
-4.75 15.0 2.67
-4.75 15.0554 -0.22
-4.75 15.0554 0.0
-4.75 15.25 -0.3
-4.75 15.25 0.0
-4.75 15.25 2.45
-4.75 15.25 2.67
-4.75 15.3038 -0.22
-4.75 15.3038 0.0
-4.75 15.5 -0.3
-4.75 15.5 0.0
-4.75 15.5 2.45
-4.75 15.5 2.67
-4.75 15.5523 -0.22
-4.75 15.5523 0.0
-4.75 15.75 -0.3
-4.75 15.75 0.0
-4.75 15.75 2.45
-4.75 15.75 2.67
-4.75 15.8008 -0.22
-4.75 15.8008 0.0
-4.75 16.0 -0.3
-4.75 16.0 0.0
-4.75 16.0 2.45
-4.75 16.0 2.67
-4.75 16.0492 -0.22
-4.75 16.0492 0.0
-4.75 16.25 -0.3
-4.75 16.25 0.0
-4.75 16.25 2.45
-4.75 16.25 2.67
-4.75 16.2977 -0.22
-4.75 16.2977 0.0
-4.75 16.5 -0.3
-4.75 16.5 0.0
-4.75 16.5 2.45
-4.75 16.5 2.67
-4.75 16.5462 -0.22
-4.75 16.5462 0.0
-4.75 16.75 -0.3
-4.75 16.75 0.0
-4.75 16.75 2.45
-4.75 16.75 2.67
-4.75 16.7946 -0.22
-4.75 16.7946 0.0
-4.75 17.0 -0.3
-4.75 17.0 0.0
-4.75 17.0 2.45
-4.75 17.0 2.67
-4.75 17.0431 -0.22
-4.75 17.0431 0.0
-4.75 17.25 -0.3
-4.75 17.25 0.0
-4.75 17.25 2.45
-4.75 17.25 2.67
-4.75 17.2915 -0.22
-4.75 17.2915 0.0
-4.75 17.5 -0.3
-4.75 17.5 0.0
-4.75 17.5 2.45
-4.75 17.5 2.67
-4.75 17.54 -0.22
-4.75 17.54 0.0
-4.75 17.75 -0.3
-4.75 17.75 0.0
-4.75 17.75 2.45
-4.75 17.75 2.67
-4.75 17.7885 -0.22
-4.75 17.7885 0.0
-4.75 18.0 -0.3
-4.75 18.0 0.0
-4.75 18.0 2.45
-4.75 18.0 2.67
-4.75 18.0369 -0.22
-4.75 18.0369 0.0
-4.75 18.25 -0.3
-4.75 18.25 0.0
-4.75 18.25 2.45
-4.75 18.25 2.67
-4.75 18.2854 -0.22
-4.75 18.2854 0.0
-4.75 18.5 -0.3
-4.75 18.5 0.0
-4.75 18.5 2.45
-4.75 18.5 2.67
-4.75 18.5338 -0.22
-4.75 18.5338 0.0
-4.75 18.75 -0.3
-4.75 18.75 0.0
-4.75 18.75 2.45
-4.75 18.75 2.67
-4.75 18.7823 -0.22
-4.75 18.7823 0.0
-4.75 19.0 -0.3
-4.75 19.0 0.0
-4.75 19.0 2.45
-4.75 19.0 2.67
-4.75 19.0308 -0.22
-4.75 19.0308 0.0
-4.75 19.25 -0.3
-4.75 19.25 0.0
-4.75 19.25 2.45
-4.75 19.25 2.67
-4.75 19.2792 -0.22
-4.75 19.2792 0.0
-4.75 19.5 -0.3
-4.75 19.5 0.0
-4.75 19.5 2.45
-4.75 19.5 2.67
-4.75 19.5277 -0.22
-4.75 19.5277 0.0
-4.75 19.75 -0.3
-4.75 19.75 0.0
-4.75 19.75 2.45
-4.75 19.75 2.67
-4.75 19.7762 -0.22
-4.75 19.7762 0.0
-4.75 20.0 -0.3
-4.75 20.0 0.0
-4.75 20.0 2.45
-4.75 20.0 2.67
-4.75 20.0246 -0.22
-4.75 20.0246 0.0
-4.75 20.25 -0.3
-4.75 20.25 0.0
-4.75 20.25 2.45
-4.75 20.25 2.67
-4.75 20.2731 -0.22
-4.75 20.2731 0.0
-4.75 20.5 -0.3
-4.75 20.5 0.0
-4.75 20.5 2.45
-4.75 20.5 2.67
-4.75 20.5215 -0.22
-4.75 20.5215 0.0
-4.75 20.75 -0.3
-4.75 20.75 0.0
-4.75 20.75 2.45
-4.75 20.75 2.67
-4.75 20.77 -0.22
-4.75 20.77 0.0
-4.75 21.0 -0.3
-4.75 21.0 0.0
-4.75 21.0 2.45
-4.75 21.0 2.67
-4.75 21.0185 -0.22
-4.75 21.0185 0.0
-4.75 21.25 -0.3
-4.75 21.25 0.0
-4.75 21.25 2.45
-4.75 21.25 2.67
-4.75 21.2669 -0.22
-4.75 21.2669 0.0
-4.75 21.5 -0.3
-4.75 21.5 0.0
-4.75 21.5 2.45
-4.75 21.5 2.67
-4.75 21.5154 -0.22
-4.75 21.5154 0.0
-4.75 21.75 -0.3
-4.75 21.75 0.0
-4.75 21.75 2.45
-4.75 21.75 2.67
-4.75 21.7638 -0.22
-4.75 21.7638 0.0
-4.75 22.0 -0.3
-4.75 22.0 0.0
-4.75 22.0 2.45
-4.75 22.0 2.67
-4.75 22.0123 -0.22
-4.75 22.0123 0.0
-4.75 22.25 -0.3
-4.75 22.25 0.0
-4.75 22.25 2.45
-4.75 22.25 2.67
-4.75 22.2608 -0.22
-4.75 22.2608 0.0
-4.75 22.5 -0.3
-4.75 22.5 0.0
-4.75 22.5 2.45
-4.75 22.5 2.67
-4.75 22.5092 -0.22
-4.75 22.5092 0.0
-4.75 22.75 -0.3
-4.75 22.75 0.0
-4.75 22.75 2.45
-4.75 22.75 2.67
-4.75 22.7577 -0.22
-4.75 22.7577 0.0
-4.75 23.0 -0.3
-4.75 23.0 0.0
-4.75 23.0 2.45
-4.75 23.0 2.67
-4.75 23.0062 -0.22
-4.75 23.0062 0.0
-4.75 23.25 -0.3
-4.75 23.25 0.0
-4.75 23.25 2.45
-4.75 23.25 2.67
-4.75 23.2546 -0.22
-4.75 23.2546 0.0
-4.75 23.5 -0.3
-4.75 23.5 0.0
-4.75 23.5 2.45
-4.75 23.5 2.67
-4.75 23.5031 -0.22
-4.75 23.5031 0.0
-4.75 23.75 -0.3
-4.75 23.75 0.0
-4.75 23.75 2.45
-4.75 23.75 2.67
-4.75 23.7515 -0.22
-4.75 23.7515 0.0
-4.75 23.82 0.0
-4.75 23.82 0.245
-4.75 23.82 0.49
-4.75 23.82 0.735
-4.75 23.82 0.98
-4.75 23.82 1.225
-4.75 23.82 1.47
-4.75 23.82 1.715
-4.75 23.82 1.96
-4.75 23.82 2.205
-4.75 23.82 2.45
-4.75 24.0 -0.3
-4.75 24.0 -0.22
-4.75 24.0 0.0
-4.75 24.0 0.245
-4.75 24.0 0.49
-4.75 24.0 0.735
-4.75 24.0 0.98
-4.75 24.0 1.225
-4.75 24.0 1.47
-4.75 24.0 1.715
-4.75 24.0 1.96
-4.75 24.0 2.205
-4.75 24.0 2.45
-4.75 24.0 2.67
-4.75 24.25 -0.3
-4.75 24.25 0.0
-4.75 24.5 -0.3
-4.75 24.5 0.0
-4.75 24.75 -0.3
-4.75 24.75 0.0
-4.75 25.0 -0.3
-4.75 25.0 -0.15
-4.75 25.0 0.0
-4.67 0.85 0.0
-4.67 0.85 0.245
-4.67 0.85 0.49
-4.67 0.85 0.735
-4.67 0.85 0.98
-4.67 0.85 1.225
-4.67 0.85 1.47
-4.67 0.85 1.715
-4.67 0.85 1.96
-4.67 0.85 2.205
-4.67 0.85 2.45
-4.67 1.1 0.0
-4.67 1.1 0.245
-4.67 1.1 0.49
-4.67 1.1 0.735
-4.67 1.1 0.98
-4.67 1.1 1.225
-4.67 1.1 1.47
-4.67 1.1 1.715
-4.67 1.1 1.96
-4.67 1.1 2.205
-4.67 1.1 2.45
-4.67 1.35 0.0
-4.67 1.35 0.245
-4.67 1.35 0.49
-4.67 1.35 0.735
-4.67 1.35 0.98
-4.67 1.35 1.225
-4.67 1.35 1.47
-4.67 1.35 1.715
-4.67 1.35 1.96
-4.67 1.35 2.205
-4.67 1.35 2.45
-4.67 1.6 0.0
-4.67 1.6 0.245
-4.67 1.6 0.49
-4.67 1.6 0.735
-4.67 1.6 0.98
-4.67 1.6 1.225
-4.67 1.6 1.47
-4.67 1.6 1.715
-4.67 1.6 1.96
-4.67 1.6 2.205
-4.67 1.6 2.45
-4.67 1.85 0.0
-4.67 1.85 0.245
-4.67 1.85 0.49
-4.67 1.85 0.735
-4.67 1.85 0.98
-4.67 1.85 1.225
-4.67 1.85 1.47
-4.67 1.85 1.715
-4.67 1.85 1.96
-4.67 1.85 2.205
-4.67 1.85 2.45
-4.67 2.1 0.0
-4.67 2.1 0.245
-4.67 2.1 0.49
-4.67 2.1 0.735
-4.67 2.1 0.98
-4.67 2.1 1.225
-4.67 2.1 1.47
-4.67 2.1 1.715
-4.67 2.1 1.96
-4.67 2.1 2.205
-4.67 2.1 2.45
-4.67 2.35 0.0
-4.67 2.35 0.245
-4.67 2.35 0.49
-4.67 2.35 0.735
-4.67 2.35 0.98
-4.67 2.35 1.225
-4.67 2.35 1.47
-4.67 2.35 1.715
-4.67 2.35 1.96
-4.67 2.35 2.205
-4.67 2.35 2.45
-4.67 2.6 0.0
-4.67 2.6 0.245
-4.67 2.6 0.49
-4.67 2.6 0.735
-4.67 2.6 0.98
-4.67 2.6 1.225
-4.67 2.6 1.47
-4.67 2.6 1.715
-4.67 2.6 1.96
-4.67 2.6 2.205
-4.67 2.6 2.45
-4.67 2.85 0.0
-4.67 2.85 0.245
-4.67 2.85 0.49
-4.67 2.85 0.735
-4.67 2.85 0.98
-4.67 2.85 1.225
-4.67 2.85 1.47
-4.67 2.85 1.715
-4.67 2.85 1.96
-4.67 2.85 2.205
-4.67 2.85 2.45
-4.67 3.1 0.0
-4.67 3.1 0.245
-4.67 3.1 0.49
-4.67 3.1 0.735
-4.67 3.1 0.98
-4.67 3.1 1.225
-4.67 3.1 1.47
-4.67 3.1 1.715
-4.67 3.1 1.96
-4.67 3.1 2.205
-4.67 3.1 2.45
-4.67 3.35 0.0
-4.67 3.35 0.245
-4.67 3.35 0.49
-4.67 3.35 0.735
-4.67 3.35 0.98
-4.67 3.35 1.225
-4.67 3.35 1.47
-4.67 3.35 1.715
-4.67 3.35 1.96
-4.67 3.35 2.205
-4.67 3.35 2.45
-4.67 3.6 0.0
-4.67 3.6 0.245
-4.67 3.6 0.49
-4.67 3.6 0.735
-4.67 3.6 0.98
-4.67 3.6 1.225
-4.67 3.6 1.47
-4.67 3.6 1.715
-4.67 3.6 1.96
-4.67 3.6 2.205
-4.67 3.6 2.45
-4.67 3.85 0.0
-4.67 3.85 0.245
-4.67 3.85 0.49
-4.67 3.85 0.735
-4.67 3.85 0.98
-4.67 3.85 1.225
-4.67 3.85 1.47
-4.67 3.85 1.715
-4.67 3.85 1.96
-4.67 3.85 2.205
-4.67 3.85 2.45
-4.67 4.1 0.0
-4.67 4.1 0.245
-4.67 4.1 0.49
-4.67 4.1 0.735
-4.67 4.1 0.98
-4.67 4.1 1.225
-4.67 4.1 1.47
-4.67 4.1 1.715
-4.67 4.1 1.96
-4.67 4.1 2.205
-4.67 4.1 2.45
-4.67 4.35 0.0
-4.67 4.35 0.245
-4.67 4.35 0.49
-4.67 4.35 0.735
-4.67 4.35 0.98
-4.67 4.35 1.225
-4.67 4.35 1.47
-4.67 4.35 1.715
-4.67 4.35 1.96
-4.67 4.35 2.205
-4.67 4.35 2.45
-4.67 4.6 0.0
-4.67 4.6 0.245
-4.67 4.6 0.49
-4.67 4.6 0.735
-4.67 4.6 0.98
-4.67 4.6 1.225
-4.67 4.6 1.47
-4.67 4.6 1.715
-4.67 4.6 1.96
-4.67 4.6 2.205
-4.67 4.6 2.45
-4.67 4.85 0.0
-4.67 4.85 0.245
-4.67 4.85 0.49
-4.67 4.85 0.735
-4.67 4.85 0.98
-4.67 4.85 1.225
-4.67 4.85 1.47
-4.67 4.85 1.715
-4.67 4.85 1.96
-4.67 4.85 2.205
-4.67 4.85 2.45
-4.67 5.1 0.0
-4.67 5.1 0.245
-4.67 5.1 0.49
-4.67 5.1 0.735
-4.67 5.1 0.98
-4.67 5.1 1.225
-4.67 5.1 1.47
-4.67 5.1 1.715
-4.67 5.1 1.96
-4.67 5.1 2.205
-4.67 5.1 2.45
-4.67 5.35 0.0
-4.67 5.35 0.245
-4.67 5.35 0.49
-4.67 5.35 0.735
-4.67 5.35 0.98
-4.67 5.35 1.225
-4.67 5.35 1.47
-4.67 5.35 1.715
-4.67 5.35 1.96
-4.67 5.35 2.205
-4.67 5.35 2.45
-4.67 5.6 0.0
-4.67 5.6 0.245
-4.67 5.6 0.49
-4.67 5.6 0.735
-4.67 5.6 0.98
-4.67 5.6 1.225
-4.67 5.6 1.47
-4.67 5.6 1.715
-4.67 5.6 1.96
-4.67 5.6 2.205
-4.67 5.6 2.45
-4.67 5.85 0.0
-4.67 5.85 0.245
-4.67 5.85 0.49
-4.67 5.85 0.735
-4.67 5.85 0.98
-4.67 5.85 1.225
-4.67 5.85 1.47
-4.67 5.85 1.715
-4.67 5.85 1.96
-4.67 5.85 2.205
-4.67 5.85 2.45
-4.67 6.1 0.0
-4.67 6.1 0.245
-4.67 6.1 0.49
-4.67 6.1 0.735
-4.67 6.1 0.98
-4.67 6.1 1.225
-4.67 6.1 1.47
-4.67 6.1 1.715
-4.67 6.1 1.96
-4.67 6.1 2.205
-4.67 6.1 2.45
-4.67 6.35 0.0
-4.67 6.35 0.245
-4.67 6.35 0.49
-4.67 6.35 0.735
-4.67 6.35 0.98
-4.67 6.35 1.225
-4.67 6.35 1.47
-4.67 6.35 1.715
-4.67 6.35 1.96
-4.67 6.35 2.205
-4.67 6.35 2.45
-4.67 6.6 0.0
-4.67 6.6 0.245
-4.67 6.6 0.49
-4.67 6.6 0.735
-4.67 6.6 0.98
-4.67 6.6 1.225
-4.67 6.6 1.47
-4.67 6.6 1.715
-4.67 6.6 1.96
-4.67 6.6 2.205
-4.67 6.6 2.45
-4.67 6.85 0.0
-4.67 6.85 0.245
-4.67 6.85 0.49
-4.67 6.85 0.735
-4.67 6.85 0.98
-4.67 6.85 1.225
-4.67 6.85 1.47
-4.67 6.85 1.715
-4.67 6.85 1.96
-4.67 6.85 2.205
-4.67 6.85 2.45
-4.6038 0.85 0.0
-4.6038 0.85 0.245
-4.6038 0.85 0.49
-4.6038 0.85 0.735
-4.6038 0.85 0.98
-4.6038 0.85 1.225
-4.6038 0.85 1.47
-4.6038 0.85 1.715
-4.6038 0.85 1.96
-4.6038 0.85 2.205
-4.6038 0.85 2.45
-4.6038 1.03 0.0
-4.6038 1.03 0.245
-4.6038 1.03 0.49
-4.6038 1.03 0.735
-4.6038 1.03 0.98
-4.6038 1.03 1.225
-4.6038 1.03 1.47
-4.6038 1.03 1.715
-4.6038 1.03 1.96
-4.6038 1.03 2.205
-4.6038 1.03 2.45
-4.6038 6.67 0.0
-4.6038 6.67 0.245
-4.6038 6.67 0.49
-4.6038 6.67 0.735
-4.6038 6.67 0.98
-4.6038 6.67 1.225
-4.6038 6.67 1.47
-4.6038 6.67 1.715
-4.6038 6.67 1.96
-4.6038 6.67 2.205
-4.6038 6.67 2.45
-4.6038 6.85 0.0
-4.6038 6.85 0.245
-4.6038 6.85 0.49
-4.6038 6.85 0.735
-4.6038 6.85 0.98
-4.6038 6.85 1.225
-4.6038 6.85 1.47
-4.6038 6.85 1.715
-4.6038 6.85 1.96
-4.6038 6.85 2.205
-4.6038 6.85 2.45
-4.575 12.09 0.0
-4.575 12.09 0.225
-4.575 12.09 0.45
-4.575 12.09 0.675
-4.575 12.09 0.9
-4.575 12.315 0.0
-4.575 12.315 0.225
-4.575 12.315 0.45
-4.575 12.315 0.675
-4.575 12.315 0.9
-4.575 12.54 0.0
-4.575 12.54 0.225
-4.575 12.54 0.45
-4.575 12.54 0.675
-4.575 12.54 0.9
-4.5533 7.85 0.0
-4.5533 7.85 0.245
-4.5533 7.85 0.49
-4.5533 7.85 0.735
-4.5533 7.85 0.98
-4.5533 7.85 1.225
-4.5533 7.85 1.47
-4.5533 7.85 1.715
-4.5533 7.85 1.96
-4.5533 7.85 2.205
-4.5533 7.85 2.45
-4.5533 8.03 0.0
-4.5533 8.03 0.245
-4.5533 8.03 0.49
-4.5533 8.03 0.735
-4.5533 8.03 0.98
-4.5533 8.03 1.225
-4.5533 8.03 1.47
-4.5533 8.03 1.715
-4.5533 8.03 1.96
-4.5533 8.03 2.205
-4.5533 8.03 2.45
-4.5533 23.73 0.0
-4.5533 23.73 0.245
-4.5533 23.73 0.49
-4.5533 23.73 0.735
-4.5533 23.73 0.98
-4.5533 23.73 1.225
-4.5533 23.73 1.47
-4.5533 23.73 1.715
-4.5533 23.73 1.96
-4.5533 23.73 2.205
-4.5533 23.73 2.45
-4.5533 23.91 0.0
-4.5533 23.91 0.245
-4.5533 23.91 0.49
-4.5533 23.91 0.735
-4.5533 23.91 0.98
-4.5533 23.91 1.225
-4.5533 23.91 1.47
-4.5533 23.91 1.715
-4.5533 23.91 1.96
-4.5533 23.91 2.205
-4.5533 23.91 2.45
-4.5277 1.05 -0.18
-4.5277 1.05 0.0
-4.5277 1.3 -0.18
-4.5277 1.3 0.0
-4.5277 1.55 -0.18
-4.5277 1.55 0.0
-4.5277 1.8 -0.18
-4.5277 1.8 0.0
-4.5277 2.05 -0.18
-4.5277 2.05 0.0
-4.5112 0.0 0.0
-4.5112 0.0 0.245
-4.5112 0.0 0.49
-4.5112 0.0 0.735
-4.5112 0.0 0.98
-4.5112 0.0 1.225
-4.5112 0.0 1.47
-4.5112 0.0 1.715
-4.5112 0.0 1.96
-4.5112 0.0 2.205
-4.5112 0.0 2.45
-4.5112 0.18 0.0
-4.5112 0.18 0.245
-4.5112 0.18 0.49
-4.5112 0.18 0.735
-4.5112 0.18 0.98
-4.5112 0.18 1.225
-4.5112 0.18 1.47
-4.5112 0.18 1.715
-4.5112 0.18 1.96
-4.5112 0.18 2.205
-4.5112 0.18 2.45
-4.5 -1.0 -0.3
-4.5 -1.0 -0.15
-4.5 -1.0 0.0
-4.5 -0.75 -0.3
-4.5 -0.75 0.0
-4.5 -0.5 -0.3
-4.5 -0.5 0.0
-4.5 -0.25 -0.3
-4.5 -0.25 0.0
-4.5 0.0 -0.3
-4.5 0.0 0.0
-4.5 0.0 2.45
-4.5 0.0 2.67
-4.5 0.25 -0.3
-4.5 0.25 0.0
-4.5 0.25 2.45
-4.5 0.25 2.67
-4.5 0.5 -0.3
-4.5 0.5 0.0
-4.5 0.5 2.45
-4.5 0.5 2.67
-4.5 0.75 -0.3
-4.5 0.75 0.0
-4.5 0.75 2.45
-4.5 0.75 2.67
-4.5 1.0 -0.3
-4.5 1.0 0.0
-4.5 1.0 2.45
-4.5 1.0 2.67
-4.5 1.25 -0.3
-4.5 1.25 0.0
-4.5 1.25 2.45
-4.5 1.25 2.67
-4.5 1.5 -0.3
-4.5 1.5 0.0
-4.5 1.5 2.45
-4.5 1.5 2.67
-4.5 1.75 -0.3
-4.5 1.75 0.0
-4.5 1.75 2.45
-4.5 1.75 2.67
-4.5 2.0 -0.3
-4.5 2.0 0.0
-4.5 2.0 2.45
-4.5 2.0 2.67
-4.5 2.25 -0.3
-4.5 2.25 0.0
-4.5 2.25 2.45
-4.5 2.25 2.67
-4.5 2.5 -0.3
-4.5 2.5 0.0
-4.5 2.5 2.45
-4.5 2.5 2.67
-4.5 2.75 -0.3
-4.5 2.75 0.0
-4.5 2.75 2.45
-4.5 2.75 2.67
-4.5 3.0 -0.3
-4.5 3.0 0.0
-4.5 3.0 2.45
-4.5 3.0 2.67
-4.5 3.25 -0.3
-4.5 3.25 0.0
-4.5 3.25 2.45
-4.5 3.25 2.67
-4.5 3.5 -0.3
-4.5 3.5 0.0
-4.5 3.5 2.45
-4.5 3.5 2.67
-4.5 3.75 -0.3
-4.5 3.75 0.0
-4.5 3.75 2.45
-4.5 3.75 2.67
-4.5 4.0 -0.3
-4.5 4.0 0.0
-4.5 4.0 2.45
-4.5 4.0 2.67
-4.5 4.25 -0.3
-4.5 4.25 0.0
-4.5 4.25 2.45
-4.5 4.25 2.67
-4.5 4.5 -0.3
-4.5 4.5 0.0
-4.5 4.5 2.45
-4.5 4.5 2.67
-4.5 4.75 -0.3
-4.5 4.75 0.0
-4.5 4.75 2.45
-4.5 4.75 2.67
-4.5 5.0 -0.3
-4.5 5.0 0.0
-4.5 5.0 2.45
-4.5 5.0 2.67
-4.5 5.25 -0.3
-4.5 5.25 0.0
-4.5 5.25 2.45
-4.5 5.25 2.67
-4.5 5.5 -0.3
-4.5 5.5 0.0
-4.5 5.5 2.45
-4.5 5.5 2.67
-4.5 5.75 -0.3
-4.5 5.75 0.0
-4.5 5.75 2.45
-4.5 5.75 2.67
-4.5 6.0 -0.3
-4.5 6.0 0.0
-4.5 6.0 2.45
-4.5 6.0 2.67
-4.5 6.25 -0.3
-4.5 6.25 0.0
-4.5 6.25 2.45
-4.5 6.25 2.67
-4.5 6.5 -0.3
-4.5 6.5 0.0
-4.5 6.5 2.45
-4.5 6.5 2.67
-4.5 6.75 -0.3
-4.5 6.75 0.0
-4.5 6.75 2.45
-4.5 6.75 2.67
-4.5 7.0 -0.3
-4.5 7.0 0.0
-4.5 7.0 2.45
-4.5 7.0 2.67
-4.5 7.25 -0.3
-4.5 7.25 0.0
-4.5 7.25 2.45
-4.5 7.25 2.67
-4.5 7.5 -0.3
-4.5 7.5 0.0
-4.5 7.5 2.45
-4.5 7.5 2.67
-4.5 7.75 -0.3
-4.5 7.75 0.0
-4.5 7.75 2.45
-4.5 7.75 2.67
-4.5 7.85 -0.22
-4.5 7.85 0.0
-4.5 8.0 -0.3
-4.5 8.0 0.0
-4.5 8.0 2.45
-4.5 8.0 2.67
-4.5 8.0985 -0.22
-4.5 8.0985 0.0
-4.5 8.25 -0.3
-4.5 8.25 0.0
-4.5 8.25 2.45
-4.5 8.25 2.67
-4.5 8.3469 -0.22
-4.5 8.3469 0.0
-4.5 8.5 -0.3
-4.5 8.5 0.0
-4.5 8.5 2.45
-4.5 8.5 2.67
-4.5 8.5954 -0.22
-4.5 8.5954 0.0
-4.5 8.75 -0.3
-4.5 8.75 0.0
-4.5 8.75 2.45
-4.5 8.75 2.67
-4.5 8.8438 -0.22
-4.5 8.8438 0.0
-4.5 9.0 -0.3
-4.5 9.0 0.0
-4.5 9.0 2.45
-4.5 9.0 2.67
-4.5 9.0923 -0.22
-4.5 9.0923 0.0
-4.5 9.25 -0.3
-4.5 9.25 0.0
-4.5 9.25 2.45
-4.5 9.25 2.67
-4.5 9.3408 -0.22
-4.5 9.3408 0.0
-4.5 9.5 -0.3
-4.5 9.5 0.0
-4.5 9.5 2.45
-4.5 9.5 2.67
-4.5 9.5892 -0.22
-4.5 9.5892 0.0
-4.5 9.75 -0.3
-4.5 9.75 0.0
-4.5 9.75 2.45
-4.5 9.75 2.67
-4.5 9.8377 -0.22
-4.5 9.8377 0.0
-4.5 10.0 -0.3
-4.5 10.0 0.0
-4.5 10.0 2.45
-4.5 10.0 2.67
-4.5 10.0862 -0.22
-4.5 10.0862 0.0
-4.5 10.25 -0.3
-4.5 10.25 0.0
-4.5 10.25 2.45
-4.5 10.25 2.67
-4.5 10.3346 -0.22
-4.5 10.3346 0.0
-4.5 10.5 -0.3
-4.5 10.5 0.0
-4.5 10.5 2.45
-4.5 10.5 2.67
-4.5 10.5831 -0.22
-4.5 10.5831 0.0
-4.5 10.75 -0.3
-4.5 10.75 0.0
-4.5 10.75 2.45
-4.5 10.75 2.67
-4.5 10.8315 -0.22
-4.5 10.8315 0.0
-4.5 11.0 -0.3
-4.5 11.0 0.0
-4.5 11.0 2.45
-4.5 11.0 2.67
-4.5 11.08 -0.22
-4.5 11.08 0.0
-4.5 11.25 -0.3
-4.5 11.25 0.0
-4.5 11.25 2.45
-4.5 11.25 2.67
-4.5 11.3285 -0.22
-4.5 11.3285 0.0
-4.5 11.5 -0.3
-4.5 11.5 0.0
-4.5 11.5 2.45
-4.5 11.5 2.67
-4.5 11.5769 -0.22
-4.5 11.5769 0.0
-4.5 11.75 -0.3
-4.5 11.75 0.0
-4.5 11.75 2.45
-4.5 11.75 2.67
-4.5 11.8254 -0.22
-4.5 11.8254 0.0
-4.5 12.0 -0.3
-4.5 12.0 0.0
-4.5 12.0 2.45
-4.5 12.0 2.67
-4.5 12.0738 -0.22
-4.5 12.0738 0.0
-4.5 12.25 -0.3
-4.5 12.25 0.0
-4.5 12.25 2.45
-4.5 12.25 2.67
-4.5 12.3223 -0.22
-4.5 12.3223 0.0
-4.5 12.5 -0.3
-4.5 12.5 0.0
-4.5 12.5 2.45
-4.5 12.5 2.67
-4.5 12.5708 -0.22
-4.5 12.5708 0.0
-4.5 12.75 -0.3
-4.5 12.75 0.0
-4.5 12.75 2.45
-4.5 12.75 2.67
-4.5 12.8192 -0.22
-4.5 12.8192 0.0
-4.5 13.0 -0.3
-4.5 13.0 0.0
-4.5 13.0 2.45
-4.5 13.0 2.67
-4.5 13.0677 -0.22
-4.5 13.0677 0.0
-4.5 13.25 -0.3
-4.5 13.25 0.0
-4.5 13.25 2.45
-4.5 13.25 2.67
-4.5 13.3162 -0.22
-4.5 13.3162 0.0
-4.5 13.5 -0.3
-4.5 13.5 0.0
-4.5 13.5 2.45
-4.5 13.5 2.67
-4.5 13.5646 -0.22
-4.5 13.5646 0.0
-4.5 13.75 -0.3
-4.5 13.75 0.0
-4.5 13.75 2.45
-4.5 13.75 2.67
-4.5 13.8131 -0.22
-4.5 13.8131 0.0
-4.5 14.0 -0.3
-4.5 14.0 0.0
-4.5 14.0 2.45
-4.5 14.0 2.67
-4.5 14.0615 -0.22
-4.5 14.0615 0.0
-4.5 14.25 -0.3
-4.5 14.25 0.0
-4.5 14.25 2.45
-4.5 14.25 2.67
-4.5 14.31 -0.22
-4.5 14.31 0.0
-4.5 14.5 -0.3
-4.5 14.5 0.0
-4.5 14.5 2.45
-4.5 14.5 2.67
-4.5 14.5585 -0.22
-4.5 14.5585 0.0
-4.5 14.75 -0.3
-4.5 14.75 0.0
-4.5 14.75 2.45
-4.5 14.75 2.67
-4.5 14.8069 -0.22
-4.5 14.8069 0.0
-4.5 15.0 -0.3
-4.5 15.0 0.0
-4.5 15.0 2.45
-4.5 15.0 2.67
-4.5 15.0554 -0.22
-4.5 15.0554 0.0
-4.5 15.25 -0.3
-4.5 15.25 0.0
-4.5 15.25 2.45
-4.5 15.25 2.67
-4.5 15.3038 -0.22
-4.5 15.3038 0.0
-4.5 15.5 -0.3
-4.5 15.5 0.0
-4.5 15.5 2.45
-4.5 15.5 2.67
-4.5 15.5523 -0.22
-4.5 15.5523 0.0
-4.5 15.75 -0.3
-4.5 15.75 0.0
-4.5 15.75 2.45
-4.5 15.75 2.67
-4.5 15.8008 -0.22
-4.5 15.8008 0.0
-4.5 16.0 -0.3
-4.5 16.0 0.0
-4.5 16.0 2.45
-4.5 16.0 2.67
-4.5 16.0492 -0.22
-4.5 16.0492 0.0
-4.5 16.25 -0.3
-4.5 16.25 0.0
-4.5 16.25 2.45
-4.5 16.25 2.67
-4.5 16.2977 -0.22
-4.5 16.2977 0.0
-4.5 16.5 -0.3
-4.5 16.5 0.0
-4.5 16.5 2.45
-4.5 16.5 2.67
-4.5 16.5462 -0.22
-4.5 16.5462 0.0
-4.5 16.75 -0.3
-4.5 16.75 0.0
-4.5 16.75 2.45
-4.5 16.75 2.67
-4.5 16.7946 -0.22
-4.5 16.7946 0.0
-4.5 17.0 -0.3
-4.5 17.0 0.0
-4.5 17.0 2.45
-4.5 17.0 2.67
-4.5 17.0431 -0.22
-4.5 17.0431 0.0
-4.5 17.25 -0.3
-4.5 17.25 0.0
-4.5 17.25 2.45
-4.5 17.25 2.67
-4.5 17.2915 -0.22
-4.5 17.2915 0.0
-4.5 17.5 -0.3
-4.5 17.5 0.0
-4.5 17.5 2.45
-4.5 17.5 2.67
-4.5 17.54 -0.22
-4.5 17.54 0.0
-4.5 17.75 -0.3
-4.5 17.75 0.0
-4.5 17.75 2.45
-4.5 17.75 2.67
-4.5 17.7885 -0.22
-4.5 17.7885 0.0
-4.5 18.0 -0.3
-4.5 18.0 0.0
-4.5 18.0 2.45
-4.5 18.0 2.67
-4.5 18.0369 -0.22
-4.5 18.0369 0.0
-4.5 18.25 -0.3
-4.5 18.25 0.0
-4.5 18.25 2.45
-4.5 18.25 2.67
-4.5 18.2854 -0.22
-4.5 18.2854 0.0
-4.5 18.5 -0.3
-4.5 18.5 0.0
-4.5 18.5 2.45
-4.5 18.5 2.67
-4.5 18.5338 -0.22
-4.5 18.5338 0.0
-4.5 18.75 -0.3
-4.5 18.75 0.0
-4.5 18.75 2.45
-4.5 18.75 2.67
-4.5 18.7823 -0.22
-4.5 18.7823 0.0
-4.5 19.0 -0.3
-4.5 19.0 0.0
-4.5 19.0 2.45
-4.5 19.0 2.67
-4.5 19.0308 -0.22
-4.5 19.0308 0.0
-4.5 19.25 -0.3
-4.5 19.25 0.0
-4.5 19.25 2.45
-4.5 19.25 2.67
-4.5 19.2792 -0.22
-4.5 19.2792 0.0
-4.5 19.5 -0.3
-4.5 19.5 0.0
-4.5 19.5 2.45
-4.5 19.5 2.67
-4.5 19.5277 -0.22
-4.5 19.5277 0.0
-4.5 19.75 -0.3
-4.5 19.75 0.0
-4.5 19.75 2.45
-4.5 19.75 2.67
-4.5 19.7762 -0.22
-4.5 19.7762 0.0
-4.5 20.0 -0.3
-4.5 20.0 0.0
-4.5 20.0 2.45
-4.5 20.0 2.67
-4.5 20.0246 -0.22
-4.5 20.0246 0.0
-4.5 20.25 -0.3
-4.5 20.25 0.0
-4.5 20.25 2.45
-4.5 20.25 2.67
-4.5 20.2731 -0.22
-4.5 20.2731 0.0
-4.5 20.5 -0.3
-4.5 20.5 0.0
-4.5 20.5 2.45
-4.5 20.5 2.67
-4.5 20.5215 -0.22
-4.5 20.5215 0.0
-4.5 20.75 -0.3
-4.5 20.75 0.0
-4.5 20.75 2.45
-4.5 20.75 2.67
-4.5 20.77 -0.22
-4.5 20.77 0.0
-4.5 21.0 -0.3
-4.5 21.0 0.0
-4.5 21.0 2.45
-4.5 21.0 2.67
-4.5 21.0185 -0.22
-4.5 21.0185 0.0
-4.5 21.25 -0.3
-4.5 21.25 0.0
-4.5 21.25 2.45
-4.5 21.25 2.67
-4.5 21.2669 -0.22
-4.5 21.2669 0.0
-4.5 21.5 -0.3
-4.5 21.5 0.0
-4.5 21.5 2.45
-4.5 21.5 2.67
-4.5 21.5154 -0.22
-4.5 21.5154 0.0
-4.5 21.75 -0.3
-4.5 21.75 0.0
-4.5 21.75 2.45
-4.5 21.75 2.67
-4.5 21.7638 -0.22
-4.5 21.7638 0.0
-4.5 22.0 -0.3
-4.5 22.0 0.0
-4.5 22.0 2.45
-4.5 22.0 2.67
-4.5 22.0123 -0.22
-4.5 22.0123 0.0
-4.5 22.25 -0.3
-4.5 22.25 0.0
-4.5 22.25 2.45
-4.5 22.25 2.67
-4.5 22.2608 -0.22
-4.5 22.2608 0.0
-4.5 22.5 -0.3
-4.5 22.5 0.0
-4.5 22.5 2.45
-4.5 22.5 2.67
-4.5 22.5092 -0.22
-4.5 22.5092 0.0
-4.5 22.75 -0.3
-4.5 22.75 0.0
-4.5 22.75 2.45
-4.5 22.75 2.67
-4.5 22.7577 -0.22
-4.5 22.7577 0.0
-4.5 23.0 -0.3
-4.5 23.0 0.0
-4.5 23.0 2.45
-4.5 23.0 2.67
-4.5 23.0062 -0.22
-4.5 23.0062 0.0
-4.5 23.25 -0.3
-4.5 23.25 0.0
-4.5 23.25 2.45
-4.5 23.25 2.67
-4.5 23.2546 -0.22
-4.5 23.2546 0.0
-4.5 23.5 -0.3
-4.5 23.5 0.0
-4.5 23.5 2.45
-4.5 23.5 2.67
-4.5 23.5031 -0.22
-4.5 23.5031 0.0
-4.5 23.75 -0.3
-4.5 23.75 0.0
-4.5 23.75 2.45
-4.5 23.75 2.67
-4.5 23.7515 -0.22
-4.5 23.7515 0.0
-4.5 23.82 0.0
-4.5 23.82 0.245
-4.5 23.82 0.49
-4.5 23.82 0.735
-4.5 23.82 0.98
-4.5 23.82 1.225
-4.5 23.82 1.47
-4.5 23.82 1.715
-4.5 23.82 1.96
-4.5 23.82 2.205
-4.5 23.82 2.45
-4.5 24.0 -0.3
-4.5 24.0 -0.22
-4.5 24.0 0.0
-4.5 24.0 0.245
-4.5 24.0 0.49
-4.5 24.0 0.735
-4.5 24.0 0.98
-4.5 24.0 1.225
-4.5 24.0 1.47
-4.5 24.0 1.715
-4.5 24.0 1.96
-4.5 24.0 2.205
-4.5 24.0 2.45
-4.5 24.0 2.67
-4.5 24.25 -0.3
-4.5 24.25 0.0
-4.5 24.5 -0.3
-4.5 24.5 0.0
-4.5 24.75 -0.3
-4.5 24.75 0.0
-4.5 25.0 -0.3
-4.5 25.0 -0.15
-4.5 25.0 0.0
-4.3577 0.85 0.0
-4.3577 0.85 0.245
-4.3577 0.85 0.49
-4.3577 0.85 0.735
-4.3577 0.85 0.98
-4.3577 0.85 1.225
-4.3577 0.85 1.47
-4.3577 0.85 1.715
-4.3577 0.85 1.96
-4.3577 0.85 2.205
-4.3577 0.85 2.45
-4.3577 1.03 0.0
-4.3577 1.03 0.245
-4.3577 1.03 0.49
-4.3577 1.03 0.735
-4.3577 1.03 0.98
-4.3577 1.03 1.225
-4.3577 1.03 1.47
-4.3577 1.03 1.715
-4.3577 1.03 1.96
-4.3577 1.03 2.205
-4.3577 1.03 2.45
-4.3577 6.67 0.0
-4.3577 6.67 0.245
-4.3577 6.67 0.49
-4.3577 6.67 0.735
-4.3577 6.67 0.98
-4.3577 6.67 1.225
-4.3577 6.67 1.47
-4.3577 6.67 1.715
-4.3577 6.67 1.96
-4.3577 6.67 2.205
-4.3577 6.67 2.45
-4.3577 6.85 0.0
-4.3577 6.85 0.245
-4.3577 6.85 0.49
-4.3577 6.85 0.735
-4.3577 6.85 0.98
-4.3577 6.85 1.225
-4.3577 6.85 1.47
-4.3577 6.85 1.715
-4.3577 6.85 1.96
-4.3577 6.85 2.205
-4.3577 6.85 2.45
-4.3067 7.85 0.0
-4.3067 7.85 0.245
-4.3067 7.85 0.49
-4.3067 7.85 0.735
-4.3067 7.85 0.98
-4.3067 7.85 1.225
-4.3067 7.85 1.47
-4.3067 7.85 1.715
-4.3067 7.85 1.96
-4.3067 7.85 2.205
-4.3067 7.85 2.45
-4.3067 8.03 0.0
-4.3067 8.03 0.245
-4.3067 8.03 0.49
-4.3067 8.03 0.735
-4.3067 8.03 0.98
-4.3067 8.03 1.225
-4.3067 8.03 1.47
-4.3067 8.03 1.715
-4.3067 8.03 1.96
-4.3067 8.03 2.205
-4.3067 8.03 2.45
-4.3067 23.73 0.0
-4.3067 23.73 0.245
-4.3067 23.73 0.49
-4.3067 23.73 0.735
-4.3067 23.73 0.98
-4.3067 23.73 1.225
-4.3067 23.73 1.47
-4.3067 23.73 1.715
-4.3067 23.73 1.96
-4.3067 23.73 2.205
-4.3067 23.73 2.45
-4.3067 23.91 0.0
-4.3067 23.91 0.245
-4.3067 23.91 0.49
-4.3067 23.91 0.735
-4.3067 23.91 0.98
-4.3067 23.91 1.225
-4.3067 23.91 1.47
-4.3067 23.91 1.715
-4.3067 23.91 1.96
-4.3067 23.91 2.205
-4.3067 23.91 2.45
-4.2954 1.05 -0.18
-4.2954 1.05 0.0
-4.2954 1.3 -0.18
-4.2954 1.3 0.0
-4.2954 1.55 -0.18
-4.2954 1.55 0.0
-4.2954 1.8 -0.18
-4.2954 1.8 0.0
-4.2954 2.05 -0.18
-4.2954 2.05 0.0
-4.2619 0.0 0.0
-4.2619 0.0 0.245
-4.2619 0.0 0.49
-4.2619 0.0 0.735
-4.2619 0.0 0.98
-4.2619 0.0 1.225
-4.2619 0.0 1.47
-4.2619 0.0 1.715
-4.2619 0.0 1.96
-4.2619 0.0 2.205
-4.2619 0.0 2.45
-4.2619 0.18 0.0
-4.2619 0.18 0.245
-4.2619 0.18 0.49
-4.2619 0.18 0.735
-4.2619 0.18 0.98
-4.2619 0.18 1.225
-4.2619 0.18 1.47
-4.2619 0.18 1.715
-4.2619 0.18 1.96
-4.2619 0.18 2.205
-4.2619 0.18 2.45
-4.25 -1.0 -0.3
-4.25 -1.0 -0.15
-4.25 -1.0 0.0
-4.25 -0.75 -0.3
-4.25 -0.75 0.0
-4.25 -0.5 -0.3
-4.25 -0.5 0.0
-4.25 -0.25 -0.3
-4.25 -0.25 0.0
-4.25 0.0 -0.3
-4.25 0.0 0.0
-4.25 0.0 2.45
-4.25 0.0 2.67
-4.25 0.25 -0.3
-4.25 0.25 0.0
-4.25 0.25 2.45
-4.25 0.25 2.67
-4.25 0.5 -0.3
-4.25 0.5 0.0
-4.25 0.5 2.45
-4.25 0.5 2.67
-4.25 0.75 -0.3
-4.25 0.75 0.0
-4.25 0.75 2.45
-4.25 0.75 2.67
-4.25 1.0 -0.3
-4.25 1.0 0.0
-4.25 1.0 2.45
-4.25 1.0 2.67
-4.25 1.25 -0.3
-4.25 1.25 0.0
-4.25 1.25 2.45
-4.25 1.25 2.67
-4.25 1.5 -0.3
-4.25 1.5 0.0
-4.25 1.5 2.45
-4.25 1.5 2.67
-4.25 1.75 -0.3
-4.25 1.75 0.0
-4.25 1.75 2.45
-4.25 1.75 2.67
-4.25 2.0 -0.3
-4.25 2.0 0.0
-4.25 2.0 2.45
-4.25 2.0 2.67
-4.25 2.25 -0.3
-4.25 2.25 0.0
-4.25 2.25 2.45
-4.25 2.25 2.67
-4.25 2.5 -0.3
-4.25 2.5 0.0
-4.25 2.5 2.45
-4.25 2.5 2.67
-4.25 2.75 -0.3
-4.25 2.75 0.0
-4.25 2.75 2.45
-4.25 2.75 2.67
-4.25 3.0 -0.3
-4.25 3.0 0.0
-4.25 3.0 2.45
-4.25 3.0 2.67
-4.25 3.25 -0.3
-4.25 3.25 0.0
-4.25 3.25 2.45
-4.25 3.25 2.67
-4.25 3.5 -0.3
-4.25 3.5 0.0
-4.25 3.5 2.45
-4.25 3.5 2.67
-4.25 3.75 -0.3
-4.25 3.75 0.0
-4.25 3.75 2.45
-4.25 3.75 2.67
-4.25 4.0 -0.3
-4.25 4.0 0.0
-4.25 4.0 2.45
-4.25 4.0 2.67
-4.25 4.25 -0.3
-4.25 4.25 0.0
-4.25 4.25 2.45
-4.25 4.25 2.67
-4.25 4.5 -0.3
-4.25 4.5 0.0
-4.25 4.5 2.45
-4.25 4.5 2.67
-4.25 4.75 -0.3
-4.25 4.75 0.0
-4.25 4.75 2.45
-4.25 4.75 2.67
-4.25 5.0 -0.3
-4.25 5.0 0.0
-4.25 5.0 2.45
-4.25 5.0 2.67
-4.25 5.25 -0.3
-4.25 5.25 0.0
-4.25 5.25 2.45
-4.25 5.25 2.67
-4.25 5.5 -0.3
-4.25 5.5 0.0
-4.25 5.5 2.45
-4.25 5.5 2.67
-4.25 5.75 -0.3
-4.25 5.75 0.0
-4.25 5.75 2.45
-4.25 5.75 2.67
-4.25 6.0 -0.3
-4.25 6.0 0.0
-4.25 6.0 2.45
-4.25 6.0 2.67
-4.25 6.25 -0.3
-4.25 6.25 0.0
-4.25 6.25 2.45
-4.25 6.25 2.67
-4.25 6.5 -0.3
-4.25 6.5 0.0
-4.25 6.5 2.45
-4.25 6.5 2.67
-4.25 6.75 -0.3
-4.25 6.75 0.0
-4.25 6.75 2.45
-4.25 6.75 2.67
-4.25 7.0 -0.3
-4.25 7.0 0.0
-4.25 7.0 2.45
-4.25 7.0 2.67
-4.25 7.25 -0.3
-4.25 7.25 0.0
-4.25 7.25 2.45
-4.25 7.25 2.67
-4.25 7.5 -0.3
-4.25 7.5 0.0
-4.25 7.5 2.45
-4.25 7.5 2.67
-4.25 7.75 -0.3
-4.25 7.75 0.0
-4.25 7.75 2.45
-4.25 7.75 2.67
-4.25 7.85 -0.22
-4.25 7.85 0.0
-4.25 8.0 -0.3
-4.25 8.0 0.0
-4.25 8.0 2.45
-4.25 8.0 2.67
-4.25 8.0985 -0.22
-4.25 8.0985 0.0
-4.25 8.25 -0.3
-4.25 8.25 0.0
-4.25 8.25 2.45
-4.25 8.25 2.67
-4.25 8.3469 -0.22
-4.25 8.3469 0.0
-4.25 8.5 -0.3
-4.25 8.5 0.0
-4.25 8.5 2.45
-4.25 8.5 2.67
-4.25 8.5954 -0.22
-4.25 8.5954 0.0
-4.25 8.75 -0.3
-4.25 8.75 0.0
-4.25 8.75 2.45
-4.25 8.75 2.67
-4.25 8.8438 -0.22
-4.25 8.8438 0.0
-4.25 9.0 -0.3
-4.25 9.0 0.0
-4.25 9.0 2.45
-4.25 9.0 2.67
-4.25 9.0923 -0.22
-4.25 9.0923 0.0
-4.25 9.25 -0.3
-4.25 9.25 0.0
-4.25 9.25 2.45
-4.25 9.25 2.67
-4.25 9.3408 -0.22
-4.25 9.3408 0.0
-4.25 9.5 -0.3
-4.25 9.5 0.0
-4.25 9.5 2.45
-4.25 9.5 2.67
-4.25 9.5892 -0.22
-4.25 9.5892 0.0
-4.25 9.75 -0.3
-4.25 9.75 0.0
-4.25 9.75 2.45
-4.25 9.75 2.67
-4.25 9.8377 -0.22
-4.25 9.8377 0.0
-4.25 10.0 -0.3
-4.25 10.0 0.0
-4.25 10.0 2.45
-4.25 10.0 2.67
-4.25 10.0862 -0.22
-4.25 10.0862 0.0
-4.25 10.25 -0.3
-4.25 10.25 0.0
-4.25 10.25 2.45
-4.25 10.25 2.67
-4.25 10.3346 -0.22
-4.25 10.3346 0.0
-4.25 10.5 -0.3
-4.25 10.5 0.0
-4.25 10.5 2.45
-4.25 10.5 2.67
-4.25 10.5831 -0.22
-4.25 10.5831 0.0
-4.25 10.75 -0.3
-4.25 10.75 0.0
-4.25 10.75 2.45
-4.25 10.75 2.67
-4.25 10.8315 -0.22
-4.25 10.8315 0.0
-4.25 11.0 -0.3
-4.25 11.0 0.0
-4.25 11.0 2.45
-4.25 11.0 2.67
-4.25 11.08 -0.22
-4.25 11.08 0.0
-4.25 11.25 -0.3
-4.25 11.25 0.0
-4.25 11.25 2.45
-4.25 11.25 2.67
-4.25 11.3285 -0.22
-4.25 11.3285 0.0
-4.25 11.5 -0.3
-4.25 11.5 0.0
-4.25 11.5 2.45
-4.25 11.5 2.67
-4.25 11.5769 -0.22
-4.25 11.5769 0.0
-4.25 11.75 -0.3
-4.25 11.75 0.0
-4.25 11.75 2.45
-4.25 11.75 2.67
-4.25 11.8254 -0.22
-4.25 11.8254 0.0
-4.25 12.0 -0.3
-4.25 12.0 0.0
-4.25 12.0 2.45
-4.25 12.0 2.67
-4.25 12.0738 -0.22
-4.25 12.0738 0.0
-4.25 12.25 -0.3
-4.25 12.25 0.0
-4.25 12.25 2.45
-4.25 12.25 2.67
-4.25 12.3223 -0.22
-4.25 12.3223 0.0
-4.25 12.5 -0.3
-4.25 12.5 0.0
-4.25 12.5 2.45
-4.25 12.5 2.67
-4.25 12.5708 -0.22
-4.25 12.5708 0.0
-4.25 12.75 -0.3
-4.25 12.75 0.0
-4.25 12.75 2.45
-4.25 12.75 2.67
-4.25 12.8192 -0.22
-4.25 12.8192 0.0
-4.25 13.0 -0.3
-4.25 13.0 0.0
-4.25 13.0 2.45
-4.25 13.0 2.67
-4.25 13.0677 -0.22
-4.25 13.0677 0.0
-4.25 13.25 -0.3
-4.25 13.25 0.0
-4.25 13.25 2.45
-4.25 13.25 2.67
-4.25 13.3162 -0.22
-4.25 13.3162 0.0
-4.25 13.5 -0.3
-4.25 13.5 0.0
-4.25 13.5 2.45
-4.25 13.5 2.67
-4.25 13.5646 -0.22
-4.25 13.5646 0.0
-4.25 13.75 -0.3
-4.25 13.75 0.0
-4.25 13.75 2.45
-4.25 13.75 2.67
-4.25 13.8131 -0.22
-4.25 13.8131 0.0
-4.25 14.0 -0.3
-4.25 14.0 0.0
-4.25 14.0 2.45
-4.25 14.0 2.67
-4.25 14.0615 -0.22
-4.25 14.0615 0.0
-4.25 14.25 -0.3
-4.25 14.25 0.0
-4.25 14.25 2.45
-4.25 14.25 2.67
-4.25 14.31 -0.22
-4.25 14.31 0.0
-4.25 14.5 -0.3
-4.25 14.5 0.0
-4.25 14.5 2.45
-4.25 14.5 2.67
-4.25 14.5585 -0.22
-4.25 14.5585 0.0
-4.25 14.75 -0.3
-4.25 14.75 0.0
-4.25 14.75 2.45
-4.25 14.75 2.67
-4.25 14.8069 -0.22
-4.25 14.8069 0.0
-4.25 15.0 -0.3
-4.25 15.0 0.0
-4.25 15.0 2.45
-4.25 15.0 2.67
-4.25 15.0554 -0.22
-4.25 15.0554 0.0
-4.25 15.25 -0.3
-4.25 15.25 0.0
-4.25 15.25 2.45
-4.25 15.25 2.67
-4.25 15.3038 -0.22
-4.25 15.3038 0.0
-4.25 15.5 -0.3
-4.25 15.5 0.0
-4.25 15.5 2.45
-4.25 15.5 2.67
-4.25 15.5523 -0.22
-4.25 15.5523 0.0
-4.25 15.75 -0.3
-4.25 15.75 0.0
-4.25 15.75 2.45
-4.25 15.75 2.67
-4.25 15.8008 -0.22
-4.25 15.8008 0.0
-4.25 16.0 -0.3
-4.25 16.0 0.0
-4.25 16.0 2.45
-4.25 16.0 2.67
-4.25 16.0492 -0.22
-4.25 16.0492 0.0
-4.25 16.25 -0.3
-4.25 16.25 0.0
-4.25 16.25 2.45
-4.25 16.25 2.67
-4.25 16.2977 -0.22
-4.25 16.2977 0.0
-4.25 16.5 -0.3
-4.25 16.5 0.0
-4.25 16.5 2.45
-4.25 16.5 2.67
-4.25 16.5462 -0.22
-4.25 16.5462 0.0
-4.25 16.75 -0.3
-4.25 16.75 0.0
-4.25 16.75 2.45
-4.25 16.75 2.67
-4.25 16.7946 -0.22
-4.25 16.7946 0.0
-4.25 17.0 -0.3
-4.25 17.0 0.0
-4.25 17.0 2.45
-4.25 17.0 2.67
-4.25 17.0431 -0.22
-4.25 17.0431 0.0
-4.25 17.25 -0.3
-4.25 17.25 0.0
-4.25 17.25 2.45
-4.25 17.25 2.67
-4.25 17.2915 -0.22
-4.25 17.2915 0.0
-4.25 17.5 -0.3
-4.25 17.5 0.0
-4.25 17.5 2.45
-4.25 17.5 2.67
-4.25 17.54 -0.22
-4.25 17.54 0.0
-4.25 17.75 -0.3
-4.25 17.75 0.0
-4.25 17.75 2.45
-4.25 17.75 2.67
-4.25 17.7885 -0.22
-4.25 17.7885 0.0
-4.25 18.0 -0.3
-4.25 18.0 0.0
-4.25 18.0 2.45
-4.25 18.0 2.67
-4.25 18.0369 -0.22
-4.25 18.0369 0.0
-4.25 18.25 -0.3
-4.25 18.25 0.0
-4.25 18.25 2.45
-4.25 18.25 2.67
-4.25 18.2854 -0.22
-4.25 18.2854 0.0
-4.25 18.5 -0.3
-4.25 18.5 0.0
-4.25 18.5 2.45
-4.25 18.5 2.67
-4.25 18.5338 -0.22
-4.25 18.5338 0.0
-4.25 18.75 -0.3
-4.25 18.75 0.0
-4.25 18.75 2.45
-4.25 18.75 2.67
-4.25 18.7823 -0.22
-4.25 18.7823 0.0
-4.25 19.0 -0.3
-4.25 19.0 0.0
-4.25 19.0 2.45
-4.25 19.0 2.67
-4.25 19.0308 -0.22
-4.25 19.0308 0.0
-4.25 19.25 -0.3
-4.25 19.25 0.0
-4.25 19.25 2.45
-4.25 19.25 2.67
-4.25 19.2792 -0.22
-4.25 19.2792 0.0
-4.25 19.5 -0.3
-4.25 19.5 0.0
-4.25 19.5 2.45
-4.25 19.5 2.67
-4.25 19.5277 -0.22
-4.25 19.5277 0.0
-4.25 19.75 -0.3
-4.25 19.75 0.0
-4.25 19.75 2.45
-4.25 19.75 2.67
-4.25 19.7762 -0.22
-4.25 19.7762 0.0
-4.25 20.0 -0.3
-4.25 20.0 0.0
-4.25 20.0 2.45
-4.25 20.0 2.67
-4.25 20.0246 -0.22
-4.25 20.0246 0.0
-4.25 20.25 -0.3
-4.25 20.25 0.0
-4.25 20.25 2.45
-4.25 20.25 2.67
-4.25 20.2731 -0.22
-4.25 20.2731 0.0
-4.25 20.5 -0.3
-4.25 20.5 0.0
-4.25 20.5 2.45
-4.25 20.5 2.67
-4.25 20.5215 -0.22
-4.25 20.5215 0.0
-4.25 20.75 -0.3
-4.25 20.75 0.0
-4.25 20.75 2.45
-4.25 20.75 2.67
-4.25 20.77 -0.22
-4.25 20.77 0.0
-4.25 21.0 -0.3
-4.25 21.0 0.0
-4.25 21.0 2.45
-4.25 21.0 2.67
-4.25 21.0185 -0.22
-4.25 21.0185 0.0
-4.25 21.25 -0.3
-4.25 21.25 0.0
-4.25 21.25 2.45
-4.25 21.25 2.67
-4.25 21.2669 -0.22
-4.25 21.2669 0.0
-4.25 21.5 -0.3
-4.25 21.5 0.0
-4.25 21.5 2.45
-4.25 21.5 2.67
-4.25 21.5154 -0.22
-4.25 21.5154 0.0
-4.25 21.75 -0.3
-4.25 21.75 0.0
-4.25 21.75 2.45
-4.25 21.75 2.67
-4.25 21.7638 -0.22
-4.25 21.7638 0.0
-4.25 22.0 -0.3
-4.25 22.0 0.0
-4.25 22.0 2.45
-4.25 22.0 2.67
-4.25 22.0123 -0.22
-4.25 22.0123 0.0
-4.25 22.25 -0.3
-4.25 22.25 0.0
-4.25 22.25 2.45
-4.25 22.25 2.67
-4.25 22.2608 -0.22
-4.25 22.2608 0.0
-4.25 22.5 -0.3
-4.25 22.5 0.0
-4.25 22.5 2.45
-4.25 22.5 2.67
-4.25 22.5092 -0.22
-4.25 22.5092 0.0
-4.25 22.75 -0.3
-4.25 22.75 0.0
-4.25 22.75 2.45
-4.25 22.75 2.67
-4.25 22.7577 -0.22
-4.25 22.7577 0.0
-4.25 23.0 -0.3
-4.25 23.0 0.0
-4.25 23.0 2.45
-4.25 23.0 2.67
-4.25 23.0062 -0.22
-4.25 23.0062 0.0
-4.25 23.25 -0.3
-4.25 23.25 0.0
-4.25 23.25 2.45
-4.25 23.25 2.67
-4.25 23.2546 -0.22
-4.25 23.2546 0.0
-4.25 23.5 -0.3
-4.25 23.5 0.0
-4.25 23.5 2.45
-4.25 23.5 2.67
-4.25 23.5031 -0.22
-4.25 23.5031 0.0
-4.25 23.75 -0.3
-4.25 23.75 0.0
-4.25 23.75 2.45
-4.25 23.75 2.67
-4.25 23.7515 -0.22
-4.25 23.7515 0.0
-4.25 23.82 0.0
-4.25 23.82 0.245
-4.25 23.82 0.49
-4.25 23.82 0.735
-4.25 23.82 0.98
-4.25 23.82 1.225
-4.25 23.82 1.47
-4.25 23.82 1.715
-4.25 23.82 1.96
-4.25 23.82 2.205
-4.25 23.82 2.45
-4.25 24.0 -0.3
-4.25 24.0 -0.22
-4.25 24.0 0.0
-4.25 24.0 0.245
-4.25 24.0 0.49
-4.25 24.0 0.735
-4.25 24.0 0.98
-4.25 24.0 1.225
-4.25 24.0 1.47
-4.25 24.0 1.715
-4.25 24.0 1.96
-4.25 24.0 2.205
-4.25 24.0 2.45
-4.25 24.0 2.67
-4.25 24.25 -0.3
-4.25 24.25 0.0
-4.25 24.5 -0.3
-4.25 24.5 0.0
-4.25 24.75 -0.3
-4.25 24.75 0.0
-4.25 25.0 -0.3
-4.25 25.0 -0.15
-4.25 25.0 0.0
-4.1115 0.85 0.0
-4.1115 0.85 0.245
-4.1115 0.85 0.49
-4.1115 0.85 0.735
-4.1115 0.85 0.98
-4.1115 0.85 1.225
-4.1115 0.85 1.47
-4.1115 0.85 1.715
-4.1115 0.85 1.96
-4.1115 0.85 2.205
-4.1115 0.85 2.45
-4.1115 1.03 0.0
-4.1115 1.03 0.245
-4.1115 1.03 0.49
-4.1115 1.03 0.735
-4.1115 1.03 0.98
-4.1115 1.03 1.225
-4.1115 1.03 1.47
-4.1115 1.03 1.715
-4.1115 1.03 1.96
-4.1115 1.03 2.205
-4.1115 1.03 2.45
-4.1115 6.67 0.0
-4.1115 6.67 0.245
-4.1115 6.67 0.49
-4.1115 6.67 0.735
-4.1115 6.67 0.98
-4.1115 6.67 1.225
-4.1115 6.67 1.47
-4.1115 6.67 1.715
-4.1115 6.67 1.96
-4.1115 6.67 2.205
-4.1115 6.67 2.45
-4.1115 6.85 0.0
-4.1115 6.85 0.245
-4.1115 6.85 0.49
-4.1115 6.85 0.735
-4.1115 6.85 0.98
-4.1115 6.85 1.225
-4.1115 6.85 1.47
-4.1115 6.85 1.715
-4.1115 6.85 1.96
-4.1115 6.85 2.205
-4.1115 6.85 2.45
-4.0631 1.05 -0.18
-4.0631 1.05 0.0
-4.0631 1.3 -0.18
-4.0631 1.3 0.0
-4.0631 1.55 -0.18
-4.0631 1.55 0.0
-4.0631 1.8 -0.18
-4.0631 1.8 0.0
-4.0631 2.05 -0.18
-4.0631 2.05 0.0
-4.06 7.85 0.0
-4.06 7.85 0.245
-4.06 7.85 0.49
-4.06 7.85 0.735
-4.06 7.85 0.98
-4.06 7.85 1.225
-4.06 7.85 1.47
-4.06 7.85 1.715
-4.06 7.85 1.96
-4.06 7.85 2.205
-4.06 7.85 2.45
-4.06 8.03 0.0
-4.06 8.03 0.245
-4.06 8.03 0.49
-4.06 8.03 0.735
-4.06 8.03 0.98
-4.06 8.03 1.225
-4.06 8.03 1.47
-4.06 8.03 1.715
-4.06 8.03 1.96
-4.06 8.03 2.205
-4.06 8.03 2.45
-4.06 23.73 0.0
-4.06 23.73 0.245
-4.06 23.73 0.49
-4.06 23.73 0.735
-4.06 23.73 0.98
-4.06 23.73 1.225
-4.06 23.73 1.47
-4.06 23.73 1.715
-4.06 23.73 1.96
-4.06 23.73 2.205
-4.06 23.73 2.45
-4.06 23.91 0.0
-4.06 23.91 0.245
-4.06 23.91 0.49
-4.06 23.91 0.735
-4.06 23.91 0.98
-4.06 23.91 1.225
-4.06 23.91 1.47
-4.06 23.91 1.715
-4.06 23.91 1.96
-4.06 23.91 2.205
-4.06 23.91 2.45
-4.0125 0.0 0.0
-4.0125 0.0 0.245
-4.0125 0.0 0.49
-4.0125 0.0 0.735
-4.0125 0.0 0.98
-4.0125 0.0 1.225
-4.0125 0.0 1.47
-4.0125 0.0 1.715
-4.0125 0.0 1.96
-4.0125 0.0 2.205
-4.0125 0.0 2.45
-4.0125 0.18 0.0
-4.0125 0.18 0.245
-4.0125 0.18 0.49
-4.0125 0.18 0.735
-4.0125 0.18 0.98
-4.0125 0.18 1.225
-4.0125 0.18 1.47
-4.0125 0.18 1.715
-4.0125 0.18 1.96
-4.0125 0.18 2.205
-4.0125 0.18 2.45
-4.0 -1.0 -0.3
-4.0 -1.0 -0.15
-4.0 -1.0 0.0
-4.0 -0.75 -0.3
-4.0 -0.75 0.0
-4.0 -0.5 -0.3
-4.0 -0.5 0.0
-4.0 -0.25 -0.3
-4.0 -0.25 0.0
-4.0 0.0 -0.3
-4.0 0.0 0.0
-4.0 0.0 2.45
-4.0 0.0 2.67
-4.0 0.25 -0.3
-4.0 0.25 0.0
-4.0 0.25 2.45
-4.0 0.25 2.67
-4.0 0.5 -0.3
-4.0 0.5 0.0
-4.0 0.5 2.45
-4.0 0.5 2.67
-4.0 0.75 -0.3
-4.0 0.75 0.0
-4.0 0.75 2.45
-4.0 0.75 2.67
-4.0 1.0 -0.3
-4.0 1.0 0.0
-4.0 1.0 2.45
-4.0 1.0 2.67
-4.0 1.25 -0.3
-4.0 1.25 0.0
-4.0 1.25 2.45
-4.0 1.25 2.67
-4.0 1.5 -0.3
-4.0 1.5 0.0
-4.0 1.5 2.45
-4.0 1.5 2.67
-4.0 1.75 -0.3
-4.0 1.75 0.0
-4.0 1.75 2.45
-4.0 1.75 2.67
-4.0 2.0 -0.3
-4.0 2.0 0.0
-4.0 2.0 2.45
-4.0 2.0 2.67
-4.0 2.25 -0.3
-4.0 2.25 0.0
-4.0 2.25 2.45
-4.0 2.25 2.67
-4.0 2.5 -0.3
-4.0 2.5 0.0
-4.0 2.5 2.45
-4.0 2.5 2.67
-4.0 2.75 -0.3
-4.0 2.75 0.0
-4.0 2.75 2.45
-4.0 2.75 2.67
-4.0 3.0 -0.3
-4.0 3.0 0.0
-4.0 3.0 2.45
-4.0 3.0 2.67
-4.0 3.25 -0.3
-4.0 3.25 0.0
-4.0 3.25 2.45
-4.0 3.25 2.67
-4.0 3.5 -0.3
-4.0 3.5 0.0
-4.0 3.5 2.45
-4.0 3.5 2.67
-4.0 3.75 -0.3
-4.0 3.75 0.0
-4.0 3.75 2.45
-4.0 3.75 2.67
-4.0 4.0 -0.3
-4.0 4.0 0.0
-4.0 4.0 2.45
-4.0 4.0 2.67
-4.0 4.25 -0.3
-4.0 4.25 0.0
-4.0 4.25 2.45
-4.0 4.25 2.67
-4.0 4.5 -0.3
-4.0 4.5 0.0
-4.0 4.5 2.45
-4.0 4.5 2.67
-4.0 4.75 -0.3
-4.0 4.75 0.0
-4.0 4.75 2.45
-4.0 4.75 2.67
-4.0 5.0 -0.3
-4.0 5.0 0.0
-4.0 5.0 2.45
-4.0 5.0 2.67
-4.0 5.25 -0.3
-4.0 5.25 0.0
-4.0 5.25 2.45
-4.0 5.25 2.67
-4.0 5.5 -0.3
-4.0 5.5 0.0
-4.0 5.5 2.45
-4.0 5.5 2.67
-4.0 5.75 -0.3
-4.0 5.75 0.0
-4.0 5.75 2.45
-4.0 5.75 2.67
-4.0 6.0 -0.3
-4.0 6.0 0.0
-4.0 6.0 2.45
-4.0 6.0 2.67
-4.0 6.25 -0.3
-4.0 6.25 0.0
-4.0 6.25 2.45
-4.0 6.25 2.67
-4.0 6.5 -0.3
-4.0 6.5 0.0
-4.0 6.5 2.45
-4.0 6.5 2.67
-4.0 6.75 -0.3
-4.0 6.75 0.0
-4.0 6.75 2.45
-4.0 6.75 2.67
-4.0 7.0 -0.3
-4.0 7.0 0.0
-4.0 7.0 2.45
-4.0 7.0 2.67
-4.0 7.25 -0.3
-4.0 7.25 0.0
-4.0 7.25 2.45
-4.0 7.25 2.67
-4.0 7.5 -0.3
-4.0 7.5 0.0
-4.0 7.5 2.45
-4.0 7.5 2.67
-4.0 7.75 -0.3
-4.0 7.75 0.0
-4.0 7.75 2.45
-4.0 7.75 2.67
-4.0 7.85 -0.22
-4.0 7.85 0.0
-4.0 8.0 -0.3
-4.0 8.0 0.0
-4.0 8.0 2.45
-4.0 8.0 2.67
-4.0 8.0985 -0.22
-4.0 8.0985 0.0
-4.0 8.25 -0.3
-4.0 8.25 0.0
-4.0 8.25 2.45
-4.0 8.25 2.67
-4.0 8.3469 -0.22
-4.0 8.3469 0.0
-4.0 8.5 -0.3
-4.0 8.5 0.0
-4.0 8.5 2.45
-4.0 8.5 2.67
-4.0 8.5954 -0.22
-4.0 8.5954 0.0
-4.0 8.75 -0.3
-4.0 8.75 0.0
-4.0 8.75 2.45
-4.0 8.75 2.67
-4.0 8.8438 -0.22
-4.0 8.8438 0.0
-4.0 9.0 -0.3
-4.0 9.0 0.0
-4.0 9.0 2.45
-4.0 9.0 2.67
-4.0 9.0923 -0.22
-4.0 9.0923 0.0
-4.0 9.25 -0.3
-4.0 9.25 0.0
-4.0 9.25 2.45
-4.0 9.25 2.67
-4.0 9.3408 -0.22
-4.0 9.3408 0.0
-4.0 9.5 -0.3
-4.0 9.5 0.0
-4.0 9.5 2.45
-4.0 9.5 2.67
-4.0 9.5892 -0.22
-4.0 9.5892 0.0
-4.0 9.75 -0.3
-4.0 9.75 0.0
-4.0 9.75 2.45
-4.0 9.75 2.67
-4.0 9.8377 -0.22
-4.0 9.8377 0.0
-4.0 10.0 -0.3
-4.0 10.0 0.0
-4.0 10.0 2.45
-4.0 10.0 2.67
-4.0 10.0862 -0.22
-4.0 10.0862 0.0
-4.0 10.25 -0.3
-4.0 10.25 0.0
-4.0 10.25 2.45
-4.0 10.25 2.67
-4.0 10.3346 -0.22
-4.0 10.3346 0.0
-4.0 10.5 -0.3
-4.0 10.5 0.0
-4.0 10.5 2.45
-4.0 10.5 2.67
-4.0 10.5831 -0.22
-4.0 10.5831 0.0
-4.0 10.75 -0.3
-4.0 10.75 0.0
-4.0 10.75 2.45
-4.0 10.75 2.67
-4.0 10.8315 -0.22
-4.0 10.8315 0.0
-4.0 11.0 -0.3
-4.0 11.0 0.0
-4.0 11.0 2.45
-4.0 11.0 2.67
-4.0 11.08 -0.22
-4.0 11.08 0.0
-4.0 11.25 -0.3
-4.0 11.25 0.0
-4.0 11.25 2.45
-4.0 11.25 2.67
-4.0 11.3285 -0.22
-4.0 11.3285 0.0
-4.0 11.5 -0.3
-4.0 11.5 0.0
-4.0 11.5 2.45
-4.0 11.5 2.67
-4.0 11.5769 -0.22
-4.0 11.5769 0.0
-4.0 11.75 -0.3
-4.0 11.75 0.0
-4.0 11.75 2.45
-4.0 11.75 2.67
-4.0 11.8254 -0.22
-4.0 11.8254 0.0
-4.0 12.0 -0.3
-4.0 12.0 0.0
-4.0 12.0 2.45
-4.0 12.0 2.67
-4.0 12.0738 -0.22
-4.0 12.0738 0.0
-4.0 12.25 -0.3
-4.0 12.25 0.0
-4.0 12.25 2.45
-4.0 12.25 2.67
-4.0 12.3223 -0.22
-4.0 12.3223 0.0
-4.0 12.5 -0.3
-4.0 12.5 0.0
-4.0 12.5 2.45
-4.0 12.5 2.67
-4.0 12.5708 -0.22
-4.0 12.5708 0.0
-4.0 12.75 -0.3
-4.0 12.75 0.0
-4.0 12.75 2.45
-4.0 12.75 2.67
-4.0 12.8192 -0.22
-4.0 12.8192 0.0
-4.0 13.0 -0.3
-4.0 13.0 0.0
-4.0 13.0 2.45
-4.0 13.0 2.67
-4.0 13.0677 -0.22
-4.0 13.0677 0.0
-4.0 13.25 -0.3
-4.0 13.25 0.0
-4.0 13.25 2.45
-4.0 13.25 2.67
-4.0 13.3162 -0.22
-4.0 13.3162 0.0
-4.0 13.5 -0.3
-4.0 13.5 0.0
-4.0 13.5 2.45
-4.0 13.5 2.67
-4.0 13.5646 -0.22
-4.0 13.5646 0.0
-4.0 13.75 -0.3
-4.0 13.75 0.0
-4.0 13.75 2.45
-4.0 13.75 2.67
-4.0 13.8131 -0.22
-4.0 13.8131 0.0
-4.0 14.0 -0.3
-4.0 14.0 0.0
-4.0 14.0 2.45
-4.0 14.0 2.67
-4.0 14.0615 -0.22
-4.0 14.0615 0.0
-4.0 14.25 -0.3
-4.0 14.25 0.0
-4.0 14.25 2.45
-4.0 14.25 2.67
-4.0 14.31 -0.22
-4.0 14.31 0.0
-4.0 14.5 -0.3
-4.0 14.5 0.0
-4.0 14.5 2.45
-4.0 14.5 2.67
-4.0 14.5585 -0.22
-4.0 14.5585 0.0
-4.0 14.75 -0.3
-4.0 14.75 0.0
-4.0 14.75 2.45
-4.0 14.75 2.67
-4.0 14.8069 -0.22
-4.0 14.8069 0.0
-4.0 15.0 -0.3
-4.0 15.0 0.0
-4.0 15.0 2.45
-4.0 15.0 2.67
-4.0 15.0554 -0.22
-4.0 15.0554 0.0
-4.0 15.25 -0.3
-4.0 15.25 0.0
-4.0 15.25 2.45
-4.0 15.25 2.67
-4.0 15.3038 -0.22
-4.0 15.3038 0.0
-4.0 15.5 -0.3
-4.0 15.5 0.0
-4.0 15.5 2.45
-4.0 15.5 2.67
-4.0 15.5523 -0.22
-4.0 15.5523 0.0
-4.0 15.75 -0.3
-4.0 15.75 0.0
-4.0 15.75 2.45
-4.0 15.75 2.67
-4.0 15.8008 -0.22
-4.0 15.8008 0.0
-4.0 16.0 -0.3
-4.0 16.0 0.0
-4.0 16.0 2.45
-4.0 16.0 2.67
-4.0 16.0492 -0.22
-4.0 16.0492 0.0
-4.0 16.25 -0.3
-4.0 16.25 0.0
-4.0 16.25 2.45
-4.0 16.25 2.67
-4.0 16.2977 -0.22
-4.0 16.2977 0.0
-4.0 16.5 -0.3
-4.0 16.5 0.0
-4.0 16.5 2.45
-4.0 16.5 2.67
-4.0 16.5462 -0.22
-4.0 16.5462 0.0
-4.0 16.75 -0.3
-4.0 16.75 0.0
-4.0 16.75 2.45
-4.0 16.75 2.67
-4.0 16.7946 -0.22
-4.0 16.7946 0.0
-4.0 17.0 -0.3
-4.0 17.0 0.0
-4.0 17.0 2.45
-4.0 17.0 2.67
-4.0 17.0431 -0.22
-4.0 17.0431 0.0
-4.0 17.25 -0.3
-4.0 17.25 0.0
-4.0 17.25 2.45
-4.0 17.25 2.67
-4.0 17.2915 -0.22
-4.0 17.2915 0.0
-4.0 17.5 -0.3
-4.0 17.5 0.0
-4.0 17.5 2.45
-4.0 17.5 2.67
-4.0 17.54 -0.22
-4.0 17.54 0.0
-4.0 17.75 -0.3
-4.0 17.75 0.0
-4.0 17.75 2.45
-4.0 17.75 2.67
-4.0 17.7885 -0.22
-4.0 17.7885 0.0
-4.0 18.0 -0.3
-4.0 18.0 0.0
-4.0 18.0 2.45
-4.0 18.0 2.67
-4.0 18.0369 -0.22
-4.0 18.0369 0.0
-4.0 18.25 -0.3
-4.0 18.25 0.0
-4.0 18.25 2.45
-4.0 18.25 2.67
-4.0 18.2854 -0.22
-4.0 18.2854 0.0
-4.0 18.5 -0.3
-4.0 18.5 0.0
-4.0 18.5 2.45
-4.0 18.5 2.67
-4.0 18.5338 -0.22
-4.0 18.5338 0.0
-4.0 18.75 -0.3
-4.0 18.75 0.0
-4.0 18.75 2.45
-4.0 18.75 2.67
-4.0 18.7823 -0.22
-4.0 18.7823 0.0
-4.0 19.0 -0.3
-4.0 19.0 0.0
-4.0 19.0 2.45
-4.0 19.0 2.67
-4.0 19.0308 -0.22
-4.0 19.0308 0.0
-4.0 19.25 -0.3
-4.0 19.25 0.0
-4.0 19.25 2.45
-4.0 19.25 2.67
-4.0 19.2792 -0.22
-4.0 19.2792 0.0
-4.0 19.5 -0.3
-4.0 19.5 0.0
-4.0 19.5 2.45
-4.0 19.5 2.67
-4.0 19.5277 -0.22
-4.0 19.5277 0.0
-4.0 19.75 -0.3
-4.0 19.75 0.0
-4.0 19.75 2.45
-4.0 19.75 2.67
-4.0 19.7762 -0.22
-4.0 19.7762 0.0
-4.0 20.0 -0.3
-4.0 20.0 0.0
-4.0 20.0 2.45
-4.0 20.0 2.67
-4.0 20.0246 -0.22
-4.0 20.0246 0.0
-4.0 20.25 -0.3
-4.0 20.25 0.0
-4.0 20.25 2.45
-4.0 20.25 2.67
-4.0 20.2731 -0.22
-4.0 20.2731 0.0
-4.0 20.5 -0.3
-4.0 20.5 0.0
-4.0 20.5 2.45
-4.0 20.5 2.67
-4.0 20.5215 -0.22
-4.0 20.5215 0.0
-4.0 20.75 -0.3
-4.0 20.75 0.0
-4.0 20.75 2.45
-4.0 20.75 2.67
-4.0 20.77 -0.22
-4.0 20.77 0.0
-4.0 21.0 -0.3
-4.0 21.0 0.0
-4.0 21.0 2.45
-4.0 21.0 2.67
-4.0 21.0185 -0.22
-4.0 21.0185 0.0
-4.0 21.25 -0.3
-4.0 21.25 0.0
-4.0 21.25 2.45
-4.0 21.25 2.67
-4.0 21.2669 -0.22
-4.0 21.2669 0.0
-4.0 21.5 -0.3
-4.0 21.5 0.0
-4.0 21.5 2.45
-4.0 21.5 2.67
-4.0 21.5154 -0.22
-4.0 21.5154 0.0
-4.0 21.75 -0.3
-4.0 21.75 0.0
-4.0 21.75 2.45
-4.0 21.75 2.67
-4.0 21.7638 -0.22
-4.0 21.7638 0.0
-4.0 22.0 -0.3
-4.0 22.0 0.0
-4.0 22.0 2.45
-4.0 22.0 2.67
-4.0 22.0123 -0.22
-4.0 22.0123 0.0
-4.0 22.25 -0.3
-4.0 22.25 0.0
-4.0 22.25 2.45
-4.0 22.25 2.67
-4.0 22.2608 -0.22
-4.0 22.2608 0.0
-4.0 22.5 -0.3
-4.0 22.5 0.0
-4.0 22.5 2.45
-4.0 22.5 2.67
-4.0 22.5092 -0.22
-4.0 22.5092 0.0
-4.0 22.75 -0.3
-4.0 22.75 0.0
-4.0 22.75 2.45
-4.0 22.75 2.67
-4.0 22.7577 -0.22
-4.0 22.7577 0.0
-4.0 23.0 -0.3
-4.0 23.0 0.0
-4.0 23.0 2.45
-4.0 23.0 2.67
-4.0 23.0062 -0.22
-4.0 23.0062 0.0
-4.0 23.25 -0.3
-4.0 23.25 0.0
-4.0 23.25 2.45
-4.0 23.25 2.67
-4.0 23.2546 -0.22
-4.0 23.2546 0.0
-4.0 23.5 -0.3
-4.0 23.5 0.0
-4.0 23.5 2.45
-4.0 23.5 2.67
-4.0 23.5031 -0.22
-4.0 23.5031 0.0
-4.0 23.75 -0.3
-4.0 23.75 0.0
-4.0 23.75 2.45
-4.0 23.75 2.67
-4.0 23.7515 -0.22
-4.0 23.7515 0.0
-4.0 23.82 0.0
-4.0 23.82 0.245
-4.0 23.82 0.49
-4.0 23.82 0.735
-4.0 23.82 0.98
-4.0 23.82 1.225
-4.0 23.82 1.47
-4.0 23.82 1.715
-4.0 23.82 1.96
-4.0 23.82 2.205
-4.0 23.82 2.45
-4.0 24.0 -0.3
-4.0 24.0 -0.22
-4.0 24.0 0.0
-4.0 24.0 0.245
-4.0 24.0 0.49
-4.0 24.0 0.735
-4.0 24.0 0.98
-4.0 24.0 1.225
-4.0 24.0 1.47
-4.0 24.0 1.715
-4.0 24.0 1.96
-4.0 24.0 2.205
-4.0 24.0 2.45
-4.0 24.0 2.67
-4.0 24.25 -0.3
-4.0 24.25 0.0
-4.0 24.5 -0.3
-4.0 24.5 0.0
-4.0 24.75 -0.3
-4.0 24.75 0.0
-4.0 25.0 -0.3
-4.0 25.0 -0.15
-4.0 25.0 0.0
-3.8654 0.85 0.0
-3.8654 0.85 0.245
-3.8654 0.85 0.49
-3.8654 0.85 0.735
-3.8654 0.85 0.98
-3.8654 0.85 1.225
-3.8654 0.85 1.47
-3.8654 0.85 1.715
-3.8654 0.85 1.96
-3.8654 0.85 2.205
-3.8654 0.85 2.45
-3.8654 1.03 0.0
-3.8654 1.03 0.245
-3.8654 1.03 0.49
-3.8654 1.03 0.735
-3.8654 1.03 0.98
-3.8654 1.03 1.225
-3.8654 1.03 1.47
-3.8654 1.03 1.715
-3.8654 1.03 1.96
-3.8654 1.03 2.205
-3.8654 1.03 2.45
-3.8654 6.67 0.0
-3.8654 6.67 0.245
-3.8654 6.67 0.49
-3.8654 6.67 0.735
-3.8654 6.67 0.98
-3.8654 6.67 1.225
-3.8654 6.67 1.47
-3.8654 6.67 1.715
-3.8654 6.67 1.96
-3.8654 6.67 2.205
-3.8654 6.67 2.45
-3.8654 6.85 0.0
-3.8654 6.85 0.245
-3.8654 6.85 0.49
-3.8654 6.85 0.735
-3.8654 6.85 0.98
-3.8654 6.85 1.225
-3.8654 6.85 1.47
-3.8654 6.85 1.715
-3.8654 6.85 1.96
-3.8654 6.85 2.205
-3.8654 6.85 2.45
-3.8308 1.05 -0.18
-3.8308 1.05 0.0
-3.8308 1.3 -0.18
-3.8308 1.3 0.0
-3.8308 1.55 -0.18
-3.8308 1.55 0.0
-3.8308 1.8 -0.18
-3.8308 1.8 0.0
-3.8308 2.05 -0.18
-3.8308 2.05 0.0
-3.8133 7.85 0.0
-3.8133 7.85 0.245
-3.8133 7.85 0.49
-3.8133 7.85 0.735
-3.8133 7.85 0.98
-3.8133 7.85 1.225
-3.8133 7.85 1.47
-3.8133 7.85 1.715
-3.8133 7.85 1.96
-3.8133 7.85 2.205
-3.8133 7.85 2.45
-3.8133 8.03 0.0
-3.8133 8.03 0.245
-3.8133 8.03 0.49
-3.8133 8.03 0.735
-3.8133 8.03 0.98
-3.8133 8.03 1.225
-3.8133 8.03 1.47
-3.8133 8.03 1.715
-3.8133 8.03 1.96
-3.8133 8.03 2.205
-3.8133 8.03 2.45
-3.8133 23.73 0.0
-3.8133 23.73 0.245
-3.8133 23.73 0.49
-3.8133 23.73 0.735
-3.8133 23.73 0.98
-3.8133 23.73 1.225
-3.8133 23.73 1.47
-3.8133 23.73 1.715
-3.8133 23.73 1.96
-3.8133 23.73 2.205
-3.8133 23.73 2.45
-3.8133 23.91 0.0
-3.8133 23.91 0.245
-3.8133 23.91 0.49
-3.8133 23.91 0.735
-3.8133 23.91 0.98
-3.8133 23.91 1.225
-3.8133 23.91 1.47
-3.8133 23.91 1.715
-3.8133 23.91 1.96
-3.8133 23.91 2.205
-3.8133 23.91 2.45
-3.7631 0.0 0.0
-3.7631 0.0 0.245
-3.7631 0.0 0.49
-3.7631 0.0 0.735
-3.7631 0.0 0.98
-3.7631 0.0 1.225
-3.7631 0.0 1.47
-3.7631 0.0 1.715
-3.7631 0.0 1.96
-3.7631 0.0 2.205
-3.7631 0.0 2.45
-3.7631 0.18 0.0
-3.7631 0.18 0.245
-3.7631 0.18 0.49
-3.7631 0.18 0.735
-3.7631 0.18 0.98
-3.7631 0.18 1.225
-3.7631 0.18 1.47
-3.7631 0.18 1.715
-3.7631 0.18 1.96
-3.7631 0.18 2.205
-3.7631 0.18 2.45
-3.75 -1.0 -0.3
-3.75 -1.0 -0.15
-3.75 -1.0 0.0
-3.75 -0.75 -0.3
-3.75 -0.75 0.0
-3.75 -0.5 -0.3
-3.75 -0.5 0.0
-3.75 -0.25 -0.3
-3.75 -0.25 0.0
-3.75 0.0 -0.3
-3.75 0.0 0.0
-3.75 0.0 2.45
-3.75 0.0 2.67
-3.75 0.25 -0.3
-3.75 0.25 0.0
-3.75 0.25 2.45
-3.75 0.25 2.67
-3.75 0.5 -0.3
-3.75 0.5 0.0
-3.75 0.5 2.45
-3.75 0.5 2.67
-3.75 0.75 -0.3
-3.75 0.75 0.0
-3.75 0.75 2.45
-3.75 0.75 2.67
-3.75 1.0 -0.3
-3.75 1.0 0.0
-3.75 1.0 2.45
-3.75 1.0 2.67
-3.75 1.25 -0.3
-3.75 1.25 0.0
-3.75 1.25 2.45
-3.75 1.25 2.67
-3.75 1.5 -0.3
-3.75 1.5 0.0
-3.75 1.5 2.45
-3.75 1.5 2.67
-3.75 1.75 -0.3
-3.75 1.75 0.0
-3.75 1.75 2.45
-3.75 1.75 2.67
-3.75 2.0 -0.3
-3.75 2.0 0.0
-3.75 2.0 2.45
-3.75 2.0 2.67
-3.75 2.25 -0.3
-3.75 2.25 0.0
-3.75 2.25 2.45
-3.75 2.25 2.67
-3.75 2.5 -0.3
-3.75 2.5 0.0
-3.75 2.5 2.45
-3.75 2.5 2.67
-3.75 2.75 -0.3
-3.75 2.75 0.0
-3.75 2.75 2.45
-3.75 2.75 2.67
-3.75 3.0 -0.3
-3.75 3.0 0.0
-3.75 3.0 2.45
-3.75 3.0 2.67
-3.75 3.25 -0.3
-3.75 3.25 0.0
-3.75 3.25 2.45
-3.75 3.25 2.67
-3.75 3.5 -0.3
-3.75 3.5 0.0
-3.75 3.5 2.45
-3.75 3.5 2.67
-3.75 3.75 -0.3
-3.75 3.75 0.0
-3.75 3.75 2.45
-3.75 3.75 2.67
-3.75 4.0 -0.3
-3.75 4.0 0.0
-3.75 4.0 2.45
-3.75 4.0 2.67
-3.75 4.25 -0.3
-3.75 4.25 0.0
-3.75 4.25 2.45
-3.75 4.25 2.67
-3.75 4.5 -0.3
-3.75 4.5 0.0
-3.75 4.5 2.45
-3.75 4.5 2.67
-3.75 4.75 -0.3
-3.75 4.75 0.0
-3.75 4.75 2.45
-3.75 4.75 2.67
-3.75 5.0 -0.3
-3.75 5.0 0.0
-3.75 5.0 2.45
-3.75 5.0 2.67
-3.75 5.25 -0.3
-3.75 5.25 0.0
-3.75 5.25 2.45
-3.75 5.25 2.67
-3.75 5.5 -0.3
-3.75 5.5 0.0
-3.75 5.5 2.45
-3.75 5.5 2.67
-3.75 5.75 -0.3
-3.75 5.75 0.0
-3.75 5.75 2.45
-3.75 5.75 2.67
-3.75 6.0 -0.3
-3.75 6.0 0.0
-3.75 6.0 2.45
-3.75 6.0 2.67
-3.75 6.25 -0.3
-3.75 6.25 0.0
-3.75 6.25 2.45
-3.75 6.25 2.67
-3.75 6.5 -0.3
-3.75 6.5 0.0
-3.75 6.5 2.45
-3.75 6.5 2.67
-3.75 6.75 -0.3
-3.75 6.75 0.0
-3.75 6.75 2.45
-3.75 6.75 2.67
-3.75 7.0 -0.3
-3.75 7.0 0.0
-3.75 7.0 2.45
-3.75 7.0 2.67
-3.75 7.25 -0.3
-3.75 7.25 0.0
-3.75 7.25 2.45
-3.75 7.25 2.67
-3.75 7.5 -0.3
-3.75 7.5 0.0
-3.75 7.5 2.45
-3.75 7.5 2.67
-3.75 7.75 -0.3
-3.75 7.75 0.0
-3.75 7.75 2.45
-3.75 7.75 2.67
-3.75 7.85 -0.22
-3.75 7.85 0.0
-3.75 8.0 -0.3
-3.75 8.0 0.0
-3.75 8.0 2.45
-3.75 8.0 2.67
-3.75 8.0985 -0.22
-3.75 8.0985 0.0
-3.75 8.25 -0.3
-3.75 8.25 0.0
-3.75 8.25 2.45
-3.75 8.25 2.67
-3.75 8.3469 -0.22
-3.75 8.3469 0.0
-3.75 8.5 -0.3
-3.75 8.5 0.0
-3.75 8.5 2.45
-3.75 8.5 2.67
-3.75 8.5954 -0.22
-3.75 8.5954 0.0
-3.75 8.75 -0.3
-3.75 8.75 0.0
-3.75 8.75 2.45
-3.75 8.75 2.67
-3.75 8.8438 -0.22
-3.75 8.8438 0.0
-3.75 9.0 -0.3
-3.75 9.0 0.0
-3.75 9.0 2.45
-3.75 9.0 2.67
-3.75 9.0923 -0.22
-3.75 9.0923 0.0
-3.75 9.25 -0.3
-3.75 9.25 0.0
-3.75 9.25 2.45
-3.75 9.25 2.67
-3.75 9.3408 -0.22
-3.75 9.3408 0.0
-3.75 9.5 -0.3
-3.75 9.5 0.0
-3.75 9.5 2.45
-3.75 9.5 2.67
-3.75 9.5892 -0.22
-3.75 9.5892 0.0
-3.75 9.75 -0.3
-3.75 9.75 0.0
-3.75 9.75 2.45
-3.75 9.75 2.67
-3.75 9.8377 -0.22
-3.75 9.8377 0.0
-3.75 10.0 -0.3
-3.75 10.0 0.0
-3.75 10.0 2.45
-3.75 10.0 2.67
-3.75 10.0862 -0.22
-3.75 10.0862 0.0
-3.75 10.25 -0.3
-3.75 10.25 0.0
-3.75 10.25 2.45
-3.75 10.25 2.67
-3.75 10.3346 -0.22
-3.75 10.3346 0.0
-3.75 10.5 -0.3
-3.75 10.5 0.0
-3.75 10.5 2.45
-3.75 10.5 2.67
-3.75 10.5831 -0.22
-3.75 10.5831 0.0
-3.75 10.75 -0.3
-3.75 10.75 0.0
-3.75 10.75 2.45
-3.75 10.75 2.67
-3.75 10.8315 -0.22
-3.75 10.8315 0.0
-3.75 11.0 -0.3
-3.75 11.0 0.0
-3.75 11.0 2.45
-3.75 11.0 2.67
-3.75 11.08 -0.22
-3.75 11.08 0.0
-3.75 11.25 -0.3
-3.75 11.25 0.0
-3.75 11.25 2.45
-3.75 11.25 2.67
-3.75 11.3285 -0.22
-3.75 11.3285 0.0
-3.75 11.5 -0.3
-3.75 11.5 0.0
-3.75 11.5 2.45
-3.75 11.5 2.67
-3.75 11.5769 -0.22
-3.75 11.5769 0.0
-3.75 11.75 -0.3
-3.75 11.75 0.0
-3.75 11.75 2.45
-3.75 11.75 2.67
-3.75 11.8254 -0.22
-3.75 11.8254 0.0
-3.75 12.0 -0.3
-3.75 12.0 0.0
-3.75 12.0 2.45
-3.75 12.0 2.67
-3.75 12.0738 -0.22
-3.75 12.0738 0.0
-3.75 12.25 -0.3
-3.75 12.25 0.0
-3.75 12.25 2.45
-3.75 12.25 2.67
-3.75 12.3223 -0.22
-3.75 12.3223 0.0
-3.75 12.5 -0.3
-3.75 12.5 0.0
-3.75 12.5 2.45
-3.75 12.5 2.67
-3.75 12.5708 -0.22
-3.75 12.5708 0.0
-3.75 12.75 -0.3
-3.75 12.75 0.0
-3.75 12.75 2.45
-3.75 12.75 2.67
-3.75 12.8192 -0.22
-3.75 12.8192 0.0
-3.75 13.0 -0.3
-3.75 13.0 0.0
-3.75 13.0 2.45
-3.75 13.0 2.67
-3.75 13.0677 -0.22
-3.75 13.0677 0.0
-3.75 13.25 -0.3
-3.75 13.25 0.0
-3.75 13.25 2.45
-3.75 13.25 2.67
-3.75 13.3162 -0.22
-3.75 13.3162 0.0
-3.75 13.5 -0.3
-3.75 13.5 0.0
-3.75 13.5 2.45
-3.75 13.5 2.67
-3.75 13.5646 -0.22
-3.75 13.5646 0.0
-3.75 13.75 -0.3
-3.75 13.75 0.0
-3.75 13.75 2.45
-3.75 13.75 2.67
-3.75 13.8131 -0.22
-3.75 13.8131 0.0
-3.75 14.0 -0.3
-3.75 14.0 0.0
-3.75 14.0 2.45
-3.75 14.0 2.67
-3.75 14.0615 -0.22
-3.75 14.0615 0.0
-3.75 14.25 -0.3
-3.75 14.25 0.0
-3.75 14.25 2.45
-3.75 14.25 2.67
-3.75 14.31 -0.22
-3.75 14.31 0.0
-3.75 14.5 -0.3
-3.75 14.5 0.0
-3.75 14.5 2.45
-3.75 14.5 2.67
-3.75 14.5585 -0.22
-3.75 14.5585 0.0
-3.75 14.75 -0.3
-3.75 14.75 0.0
-3.75 14.75 2.45
-3.75 14.75 2.67
-3.75 14.8069 -0.22
-3.75 14.8069 0.0
-3.75 15.0 -0.3
-3.75 15.0 0.0
-3.75 15.0 2.45
-3.75 15.0 2.67
-3.75 15.0554 -0.22
-3.75 15.0554 0.0
-3.75 15.25 -0.3
-3.75 15.25 0.0
-3.75 15.25 2.45
-3.75 15.25 2.67
-3.75 15.3038 -0.22
-3.75 15.3038 0.0
-3.75 15.5 -0.3
-3.75 15.5 0.0
-3.75 15.5 2.45
-3.75 15.5 2.67
-3.75 15.5523 -0.22
-3.75 15.5523 0.0
-3.75 15.75 -0.3
-3.75 15.75 0.0
-3.75 15.75 2.45
-3.75 15.75 2.67
-3.75 15.8008 -0.22
-3.75 15.8008 0.0
-3.75 16.0 -0.3
-3.75 16.0 0.0
-3.75 16.0 2.45
-3.75 16.0 2.67
-3.75 16.0492 -0.22
-3.75 16.0492 0.0
-3.75 16.25 -0.3
-3.75 16.25 0.0
-3.75 16.25 2.45
-3.75 16.25 2.67
-3.75 16.2977 -0.22
-3.75 16.2977 0.0
-3.75 16.5 -0.3
-3.75 16.5 0.0
-3.75 16.5 2.45
-3.75 16.5 2.67
-3.75 16.5462 -0.22
-3.75 16.5462 0.0
-3.75 16.75 -0.3
-3.75 16.75 0.0
-3.75 16.75 2.45
-3.75 16.75 2.67
-3.75 16.7946 -0.22
-3.75 16.7946 0.0
-3.75 17.0 -0.3
-3.75 17.0 0.0
-3.75 17.0 2.45
-3.75 17.0 2.67
-3.75 17.0431 -0.22
-3.75 17.0431 0.0
-3.75 17.25 -0.3
-3.75 17.25 0.0
-3.75 17.25 2.45
-3.75 17.25 2.67
-3.75 17.2915 -0.22
-3.75 17.2915 0.0
-3.75 17.5 -0.3
-3.75 17.5 0.0
-3.75 17.5 2.45
-3.75 17.5 2.67
-3.75 17.54 -0.22
-3.75 17.54 0.0
-3.75 17.75 -0.3
-3.75 17.75 0.0
-3.75 17.75 2.45
-3.75 17.75 2.67
-3.75 17.7885 -0.22
-3.75 17.7885 0.0
-3.75 18.0 -0.3
-3.75 18.0 0.0
-3.75 18.0 2.45
-3.75 18.0 2.67
-3.75 18.0369 -0.22
-3.75 18.0369 0.0
-3.75 18.25 -0.3
-3.75 18.25 0.0
-3.75 18.25 2.45
-3.75 18.25 2.67
-3.75 18.2854 -0.22
-3.75 18.2854 0.0
-3.75 18.5 -0.3
-3.75 18.5 0.0
-3.75 18.5 2.45
-3.75 18.5 2.67
-3.75 18.5338 -0.22
-3.75 18.5338 0.0
-3.75 18.75 -0.3
-3.75 18.75 0.0
-3.75 18.75 2.45
-3.75 18.75 2.67
-3.75 18.7823 -0.22
-3.75 18.7823 0.0
-3.75 19.0 -0.3
-3.75 19.0 0.0
-3.75 19.0 2.45
-3.75 19.0 2.67
-3.75 19.0308 -0.22
-3.75 19.0308 0.0
-3.75 19.25 -0.3
-3.75 19.25 0.0
-3.75 19.25 2.45
-3.75 19.25 2.67
-3.75 19.2792 -0.22
-3.75 19.2792 0.0
-3.75 19.5 -0.3
-3.75 19.5 0.0
-3.75 19.5 2.45
-3.75 19.5 2.67
-3.75 19.5277 -0.22
-3.75 19.5277 0.0
-3.75 19.75 -0.3
-3.75 19.75 0.0
-3.75 19.75 2.45
-3.75 19.75 2.67
-3.75 19.7762 -0.22
-3.75 19.7762 0.0
-3.75 20.0 -0.3
-3.75 20.0 0.0
-3.75 20.0 2.45
-3.75 20.0 2.67
-3.75 20.0246 -0.22
-3.75 20.0246 0.0
-3.75 20.25 -0.3
-3.75 20.25 0.0
-3.75 20.25 2.45
-3.75 20.25 2.67
-3.75 20.2731 -0.22
-3.75 20.2731 0.0
-3.75 20.5 -0.3
-3.75 20.5 0.0
-3.75 20.5 2.45
-3.75 20.5 2.67
-3.75 20.5215 -0.22
-3.75 20.5215 0.0
-3.75 20.75 -0.3
-3.75 20.75 0.0
-3.75 20.75 2.45
-3.75 20.75 2.67
-3.75 20.77 -0.22
-3.75 20.77 0.0
-3.75 21.0 -0.3
-3.75 21.0 0.0
-3.75 21.0 2.45
-3.75 21.0 2.67
-3.75 21.0185 -0.22
-3.75 21.0185 0.0
-3.75 21.25 -0.3
-3.75 21.25 0.0
-3.75 21.25 2.45
-3.75 21.25 2.67
-3.75 21.2669 -0.22
-3.75 21.2669 0.0
-3.75 21.5 -0.3
-3.75 21.5 0.0
-3.75 21.5 2.45
-3.75 21.5 2.67
-3.75 21.5154 -0.22
-3.75 21.5154 0.0
-3.75 21.75 -0.3
-3.75 21.75 0.0
-3.75 21.75 2.45
-3.75 21.75 2.67
-3.75 21.7638 -0.22
-3.75 21.7638 0.0
-3.75 22.0 -0.3
-3.75 22.0 0.0
-3.75 22.0 2.45
-3.75 22.0 2.67
-3.75 22.0123 -0.22
-3.75 22.0123 0.0
-3.75 22.25 -0.3
-3.75 22.25 0.0
-3.75 22.25 2.45
-3.75 22.25 2.67
-3.75 22.2608 -0.22
-3.75 22.2608 0.0
-3.75 22.5 -0.3
-3.75 22.5 0.0
-3.75 22.5 2.45
-3.75 22.5 2.67
-3.75 22.5092 -0.22
-3.75 22.5092 0.0
-3.75 22.75 -0.3
-3.75 22.75 0.0
-3.75 22.75 2.45
-3.75 22.75 2.67
-3.75 22.7577 -0.22
-3.75 22.7577 0.0
-3.75 23.0 -0.3
-3.75 23.0 0.0
-3.75 23.0 2.45
-3.75 23.0 2.67
-3.75 23.0062 -0.22
-3.75 23.0062 0.0
-3.75 23.25 -0.3
-3.75 23.25 0.0
-3.75 23.25 2.45
-3.75 23.25 2.67
-3.75 23.2546 -0.22
-3.75 23.2546 0.0
-3.75 23.5 -0.3
-3.75 23.5 0.0
-3.75 23.5 2.45
-3.75 23.5 2.67
-3.75 23.5031 -0.22
-3.75 23.5031 0.0
-3.75 23.75 -0.3
-3.75 23.75 0.0
-3.75 23.75 2.45
-3.75 23.75 2.67
-3.75 23.7515 -0.22
-3.75 23.7515 0.0
-3.75 23.82 0.0
-3.75 23.82 0.245
-3.75 23.82 0.49
-3.75 23.82 0.735
-3.75 23.82 0.98
-3.75 23.82 1.225
-3.75 23.82 1.47
-3.75 23.82 1.715
-3.75 23.82 1.96
-3.75 23.82 2.205
-3.75 23.82 2.45
-3.75 24.0 -0.3
-3.75 24.0 -0.22
-3.75 24.0 0.0
-3.75 24.0 0.245
-3.75 24.0 0.49
-3.75 24.0 0.735
-3.75 24.0 0.98
-3.75 24.0 1.225
-3.75 24.0 1.47
-3.75 24.0 1.715
-3.75 24.0 1.96
-3.75 24.0 2.205
-3.75 24.0 2.45
-3.75 24.0 2.67
-3.75 24.25 -0.3
-3.75 24.25 0.0
-3.75 24.5 -0.3
-3.75 24.5 0.0
-3.75 24.75 -0.3
-3.75 24.75 0.0
-3.75 25.0 -0.3
-3.75 25.0 -0.15
-3.75 25.0 0.0
-3.7 19.095 0.095
-3.7 19.095 0.32
-3.7 19.095 0.545
-3.7 19.3283 0.095
-3.7 19.3283 0.32
-3.7 19.3283 0.545
-3.7 19.5617 0.095
-3.7 19.5617 0.32
-3.7 19.5617 0.545
-3.7 19.795 0.095
-3.7 19.795 0.32
-3.7 19.795 0.545
-3.65 11.815 0.0
-3.65 11.815 0.225
-3.65 11.815 0.45
-3.65 11.815 0.675
-3.65 11.815 0.9
-3.65 11.815 1.125
-3.65 11.815 1.35
-3.65 11.815 1.575
-3.65 11.815 1.8
-3.65 12.065 0.0
-3.65 12.065 0.225
-3.65 12.065 0.45
-3.65 12.065 0.675
-3.65 12.065 0.9
-3.65 12.065 1.125
-3.65 12.065 1.35
-3.65 12.065 1.575
-3.65 12.065 1.8
-3.65 12.315 0.0
-3.65 12.315 0.225
-3.65 12.315 0.45
-3.65 12.315 0.675
-3.65 12.315 0.9
-3.65 12.315 1.125
-3.65 12.315 1.35
-3.65 12.315 1.575
-3.65 12.315 1.8
-3.65 12.565 0.0
-3.65 12.565 0.225
-3.65 12.565 0.45
-3.65 12.565 0.675
-3.65 12.565 0.9
-3.65 12.565 1.125
-3.65 12.565 1.35
-3.65 12.565 1.575
-3.65 12.565 1.8
-3.65 12.815 0.0
-3.65 12.815 0.225
-3.65 12.815 0.45
-3.65 12.815 0.675
-3.65 12.815 0.9
-3.65 12.815 1.125
-3.65 12.815 1.35
-3.65 12.815 1.575
-3.65 12.815 1.8
-3.6192 0.85 0.0
-3.6192 0.85 0.245
-3.6192 0.85 0.49
-3.6192 0.85 0.735
-3.6192 0.85 0.98
-3.6192 0.85 1.225
-3.6192 0.85 1.47
-3.6192 0.85 1.715
-3.6192 0.85 1.96
-3.6192 0.85 2.205
-3.6192 0.85 2.45
-3.6192 1.03 0.0
-3.6192 1.03 0.245
-3.6192 1.03 0.49
-3.6192 1.03 0.735
-3.6192 1.03 0.98
-3.6192 1.03 1.225
-3.6192 1.03 1.47
-3.6192 1.03 1.715
-3.6192 1.03 1.96
-3.6192 1.03 2.205
-3.6192 1.03 2.45
-3.6192 6.67 0.0
-3.6192 6.67 0.245
-3.6192 6.67 0.49
-3.6192 6.67 0.735
-3.6192 6.67 0.98
-3.6192 6.67 1.225
-3.6192 6.67 1.47
-3.6192 6.67 1.715
-3.6192 6.67 1.96
-3.6192 6.67 2.205
-3.6192 6.67 2.45
-3.6192 6.85 0.0
-3.6192 6.85 0.245
-3.6192 6.85 0.49
-3.6192 6.85 0.735
-3.6192 6.85 0.98
-3.6192 6.85 1.225
-3.6192 6.85 1.47
-3.6192 6.85 1.715
-3.6192 6.85 1.96
-3.6192 6.85 2.205
-3.6192 6.85 2.45
-3.5985 1.05 -0.18
-3.5985 1.05 0.0
-3.5985 1.3 -0.18
-3.5985 1.3 0.0
-3.5985 1.55 -0.18
-3.5985 1.55 0.0
-3.5985 1.8 -0.18
-3.5985 1.8 0.0
-3.5985 2.05 -0.18
-3.5985 2.05 0.0
-3.5667 7.85 0.0
-3.5667 7.85 0.245
-3.5667 7.85 0.49
-3.5667 7.85 0.735
-3.5667 7.85 0.98
-3.5667 7.85 1.225
-3.5667 7.85 1.47
-3.5667 7.85 1.715
-3.5667 7.85 1.96
-3.5667 7.85 2.205
-3.5667 7.85 2.45
-3.5667 8.03 0.0
-3.5667 8.03 0.245
-3.5667 8.03 0.49
-3.5667 8.03 0.735
-3.5667 8.03 0.98
-3.5667 8.03 1.225
-3.5667 8.03 1.47
-3.5667 8.03 1.715
-3.5667 8.03 1.96
-3.5667 8.03 2.205
-3.5667 8.03 2.45
-3.5667 23.73 0.0
-3.5667 23.73 0.245
-3.5667 23.73 0.49
-3.5667 23.73 0.735
-3.5667 23.73 0.98
-3.5667 23.73 1.225
-3.5667 23.73 1.47
-3.5667 23.73 1.715
-3.5667 23.73 1.96
-3.5667 23.73 2.205
-3.5667 23.73 2.45
-3.5667 23.91 0.0
-3.5667 23.91 0.245
-3.5667 23.91 0.49
-3.5667 23.91 0.735
-3.5667 23.91 0.98
-3.5667 23.91 1.225
-3.5667 23.91 1.47
-3.5667 23.91 1.715
-3.5667 23.91 1.96
-3.5667 23.91 2.205
-3.5667 23.91 2.45
-3.5137 0.0 0.0
-3.5137 0.0 0.245
-3.5137 0.0 0.49
-3.5137 0.0 0.735
-3.5137 0.0 0.98
-3.5137 0.0 1.225
-3.5137 0.0 1.47
-3.5137 0.0 1.715
-3.5137 0.0 1.96
-3.5137 0.0 2.205
-3.5137 0.0 2.45
-3.5137 0.18 0.0
-3.5137 0.18 0.245
-3.5137 0.18 0.49
-3.5137 0.18 0.735
-3.5137 0.18 0.98
-3.5137 0.18 1.225
-3.5137 0.18 1.47
-3.5137 0.18 1.715
-3.5137 0.18 1.96
-3.5137 0.18 2.205
-3.5137 0.18 2.45
-3.5 -1.0 -0.3
-3.5 -1.0 -0.15
-3.5 -1.0 0.0
-3.5 -0.75 -0.3
-3.5 -0.75 0.0
-3.5 -0.5 -0.3
-3.5 -0.5 0.0
-3.5 -0.25 -0.3
-3.5 -0.25 0.0
-3.5 0.0 -0.3
-3.5 0.0 0.0
-3.5 0.0 2.45
-3.5 0.0 2.67
-3.5 0.25 -0.3
-3.5 0.25 0.0
-3.5 0.25 2.45
-3.5 0.25 2.67
-3.5 0.5 -0.3
-3.5 0.5 0.0
-3.5 0.5 2.45
-3.5 0.5 2.67
-3.5 0.75 -0.3
-3.5 0.75 0.0
-3.5 0.75 2.45
-3.5 0.75 2.67
-3.5 1.0 -0.3
-3.5 1.0 0.0
-3.5 1.0 2.45
-3.5 1.0 2.67
-3.5 1.25 -0.3
-3.5 1.25 0.0
-3.5 1.25 2.45
-3.5 1.25 2.67
-3.5 1.5 -0.3
-3.5 1.5 0.0
-3.5 1.5 2.45
-3.5 1.5 2.67
-3.5 1.75 -0.3
-3.5 1.75 0.0
-3.5 1.75 2.45
-3.5 1.75 2.67
-3.5 2.0 -0.3
-3.5 2.0 0.0
-3.5 2.0 2.45
-3.5 2.0 2.67
-3.5 2.25 -0.3
-3.5 2.25 0.0
-3.5 2.25 2.45
-3.5 2.25 2.67
-3.5 2.5 -0.3
-3.5 2.5 0.0
-3.5 2.5 2.45
-3.5 2.5 2.67
-3.5 2.75 -0.3
-3.5 2.75 0.0
-3.5 2.75 2.45
-3.5 2.75 2.67
-3.5 3.0 -0.3
-3.5 3.0 0.0
-3.5 3.0 2.45
-3.5 3.0 2.67
-3.5 3.25 -0.3
-3.5 3.25 0.0
-3.5 3.25 2.45
-3.5 3.25 2.67
-3.5 3.5 -0.3
-3.5 3.5 0.0
-3.5 3.5 2.45
-3.5 3.5 2.67
-3.5 3.75 -0.3
-3.5 3.75 0.0
-3.5 3.75 2.45
-3.5 3.75 2.67
-3.5 4.0 -0.3
-3.5 4.0 0.0
-3.5 4.0 2.45
-3.5 4.0 2.67
-3.5 4.25 -0.3
-3.5 4.25 0.0
-3.5 4.25 2.45
-3.5 4.25 2.67
-3.5 4.5 -0.3
-3.5 4.5 0.0
-3.5 4.5 2.45
-3.5 4.5 2.67
-3.5 4.75 -0.3
-3.5 4.75 0.0
-3.5 4.75 2.45
-3.5 4.75 2.67
-3.5 5.0 -0.3
-3.5 5.0 0.0
-3.5 5.0 2.45
-3.5 5.0 2.67
-3.5 5.25 -0.3
-3.5 5.25 0.0
-3.5 5.25 2.45
-3.5 5.25 2.67
-3.5 5.5 -0.3
-3.5 5.5 0.0
-3.5 5.5 2.45
-3.5 5.5 2.67
-3.5 5.75 -0.3
-3.5 5.75 0.0
-3.5 5.75 2.45
-3.5 5.75 2.67
-3.5 6.0 -0.3
-3.5 6.0 0.0
-3.5 6.0 2.45
-3.5 6.0 2.67
-3.5 6.25 -0.3
-3.5 6.25 0.0
-3.5 6.25 2.45
-3.5 6.25 2.67
-3.5 6.5 -0.3
-3.5 6.5 0.0
-3.5 6.5 2.45
-3.5 6.5 2.67
-3.5 6.75 -0.3
-3.5 6.75 0.0
-3.5 6.75 2.45
-3.5 6.75 2.67
-3.5 7.0 -0.3
-3.5 7.0 0.0
-3.5 7.0 2.45
-3.5 7.0 2.67
-3.5 7.25 -0.3
-3.5 7.25 0.0
-3.5 7.25 2.45
-3.5 7.25 2.67
-3.5 7.5 -0.3
-3.5 7.5 0.0
-3.5 7.5 2.45
-3.5 7.5 2.67
-3.5 7.75 -0.3
-3.5 7.75 0.0
-3.5 7.75 2.45
-3.5 7.75 2.67
-3.5 7.85 -0.22
-3.5 7.85 0.0
-3.5 8.0 -0.3
-3.5 8.0 0.0
-3.5 8.0 2.45
-3.5 8.0 2.67
-3.5 8.0985 -0.22
-3.5 8.0985 0.0
-3.5 8.25 -0.3
-3.5 8.25 0.0
-3.5 8.25 2.45
-3.5 8.25 2.67
-3.5 8.3469 -0.22
-3.5 8.3469 0.0
-3.5 8.5 -0.3
-3.5 8.5 0.0
-3.5 8.5 2.45
-3.5 8.5 2.67
-3.5 8.5954 -0.22
-3.5 8.5954 0.0
-3.5 8.75 -0.3
-3.5 8.75 0.0
-3.5 8.75 2.45
-3.5 8.75 2.67
-3.5 8.8438 -0.22
-3.5 8.8438 0.0
-3.5 9.0 -0.3
-3.5 9.0 0.0
-3.5 9.0 2.45
-3.5 9.0 2.67
-3.5 9.0923 -0.22
-3.5 9.0923 0.0
-3.5 9.25 -0.3
-3.5 9.25 0.0
-3.5 9.25 2.45
-3.5 9.25 2.67
-3.5 9.3408 -0.22
-3.5 9.3408 0.0
-3.5 9.5 -0.3
-3.5 9.5 0.0
-3.5 9.5 2.45
-3.5 9.5 2.67
-3.5 9.5892 -0.22
-3.5 9.5892 0.0
-3.5 9.75 -0.3
-3.5 9.75 0.0
-3.5 9.75 2.45
-3.5 9.75 2.67
-3.5 9.8377 -0.22
-3.5 9.8377 0.0
-3.5 10.0 -0.3
-3.5 10.0 0.0
-3.5 10.0 2.45
-3.5 10.0 2.67
-3.5 10.0862 -0.22
-3.5 10.0862 0.0
-3.5 10.25 -0.3
-3.5 10.25 0.0
-3.5 10.25 2.45
-3.5 10.25 2.67
-3.5 10.3346 -0.22
-3.5 10.3346 0.0
-3.5 10.5 -0.3
-3.5 10.5 0.0
-3.5 10.5 2.45
-3.5 10.5 2.67
-3.5 10.5831 -0.22
-3.5 10.5831 0.0
-3.5 10.75 -0.3
-3.5 10.75 0.0
-3.5 10.75 2.45
-3.5 10.75 2.67
-3.5 10.8315 -0.22
-3.5 10.8315 0.0
-3.5 11.0 -0.3
-3.5 11.0 0.0
-3.5 11.0 2.45
-3.5 11.0 2.67
-3.5 11.08 -0.22
-3.5 11.08 0.0
-3.5 11.25 -0.3
-3.5 11.25 0.0
-3.5 11.25 2.45
-3.5 11.25 2.67
-3.5 11.3285 -0.22
-3.5 11.3285 0.0
-3.5 11.5 -0.3
-3.5 11.5 0.0
-3.5 11.5 2.45
-3.5 11.5 2.67
-3.5 11.5769 -0.22
-3.5 11.5769 0.0
-3.5 11.75 -0.3
-3.5 11.75 0.0
-3.5 11.75 2.45
-3.5 11.75 2.67
-3.5 11.8254 -0.22
-3.5 11.8254 0.0
-3.5 12.0 -0.3
-3.5 12.0 0.0
-3.5 12.0 2.45
-3.5 12.0 2.67
-3.5 12.0738 -0.22
-3.5 12.0738 0.0
-3.5 12.25 -0.3
-3.5 12.25 0.0
-3.5 12.25 2.45
-3.5 12.25 2.67
-3.5 12.3223 -0.22
-3.5 12.3223 0.0
-3.5 12.5 -0.3
-3.5 12.5 0.0
-3.5 12.5 2.45
-3.5 12.5 2.67
-3.5 12.5708 -0.22
-3.5 12.5708 0.0
-3.5 12.75 -0.3
-3.5 12.75 0.0
-3.5 12.75 2.45
-3.5 12.75 2.67
-3.5 12.8192 -0.22
-3.5 12.8192 0.0
-3.5 13.0 -0.3
-3.5 13.0 0.0
-3.5 13.0 2.45
-3.5 13.0 2.67
-3.5 13.0677 -0.22
-3.5 13.0677 0.0
-3.5 13.25 -0.3
-3.5 13.25 0.0
-3.5 13.25 2.45
-3.5 13.25 2.67
-3.5 13.3162 -0.22
-3.5 13.3162 0.0
-3.5 13.5 -0.3
-3.5 13.5 0.0
-3.5 13.5 2.45
-3.5 13.5 2.67
-3.5 13.5646 -0.22
-3.5 13.5646 0.0
-3.5 13.75 -0.3
-3.5 13.75 0.0
-3.5 13.75 2.45
-3.5 13.75 2.67
-3.5 13.8131 -0.22
-3.5 13.8131 0.0
-3.5 14.0 -0.3
-3.5 14.0 0.0
-3.5 14.0 2.45
-3.5 14.0 2.67
-3.5 14.0615 -0.22
-3.5 14.0615 0.0
-3.5 14.25 -0.3
-3.5 14.25 0.0
-3.5 14.25 2.45
-3.5 14.25 2.67
-3.5 14.31 -0.22
-3.5 14.31 0.0
-3.5 14.5 -0.3
-3.5 14.5 0.0
-3.5 14.5 2.45
-3.5 14.5 2.67
-3.5 14.5585 -0.22
-3.5 14.5585 0.0
-3.5 14.75 -0.3
-3.5 14.75 0.0
-3.5 14.75 2.45
-3.5 14.75 2.67
-3.5 14.8069 -0.22
-3.5 14.8069 0.0
-3.5 15.0 -0.3
-3.5 15.0 0.0
-3.5 15.0 2.45
-3.5 15.0 2.67
-3.5 15.0554 -0.22
-3.5 15.0554 0.0
-3.5 15.25 -0.3
-3.5 15.25 0.0
-3.5 15.25 2.45
-3.5 15.25 2.67
-3.5 15.3038 -0.22
-3.5 15.3038 0.0
-3.5 15.5 -0.3
-3.5 15.5 0.0
-3.5 15.5 2.45
-3.5 15.5 2.67
-3.5 15.5523 -0.22
-3.5 15.5523 0.0
-3.5 15.75 -0.3
-3.5 15.75 0.0
-3.5 15.75 2.45
-3.5 15.75 2.67
-3.5 15.8008 -0.22
-3.5 15.8008 0.0
-3.5 16.0 -0.3
-3.5 16.0 0.0
-3.5 16.0 2.45
-3.5 16.0 2.67
-3.5 16.0492 -0.22
-3.5 16.0492 0.0
-3.5 16.25 -0.3
-3.5 16.25 0.0
-3.5 16.25 2.45
-3.5 16.25 2.67
-3.5 16.2977 -0.22
-3.5 16.2977 0.0
-3.5 16.5 -0.3
-3.5 16.5 0.0
-3.5 16.5 2.45
-3.5 16.5 2.67
-3.5 16.5462 -0.22
-3.5 16.5462 0.0
-3.5 16.75 -0.3
-3.5 16.75 0.0
-3.5 16.75 2.45
-3.5 16.75 2.67
-3.5 16.7946 -0.22
-3.5 16.7946 0.0
-3.5 17.0 -0.3
-3.5 17.0 0.0
-3.5 17.0 2.45
-3.5 17.0 2.67
-3.5 17.0431 -0.22
-3.5 17.0431 0.0
-3.5 17.25 -0.3
-3.5 17.25 0.0
-3.5 17.25 2.45
-3.5 17.25 2.67
-3.5 17.2915 -0.22
-3.5 17.2915 0.0
-3.5 17.5 -0.3
-3.5 17.5 0.0
-3.5 17.5 2.45
-3.5 17.5 2.67
-3.5 17.54 -0.22
-3.5 17.54 0.0
-3.5 17.75 -0.3
-3.5 17.75 0.0
-3.5 17.75 2.45
-3.5 17.75 2.67
-3.5 17.7885 -0.22
-3.5 17.7885 0.0
-3.5 18.0 -0.3
-3.5 18.0 0.0
-3.5 18.0 2.45
-3.5 18.0 2.67
-3.5 18.0369 -0.22
-3.5 18.0369 0.0
-3.5 18.25 -0.3
-3.5 18.25 0.0
-3.5 18.25 2.45
-3.5 18.25 2.67
-3.5 18.2854 -0.22
-3.5 18.2854 0.0
-3.5 18.5 -0.3
-3.5 18.5 0.0
-3.5 18.5 2.45
-3.5 18.5 2.67
-3.5 18.5338 -0.22
-3.5 18.5338 0.0
-3.5 18.75 -0.3
-3.5 18.75 0.0
-3.5 18.75 2.45
-3.5 18.75 2.67
-3.5 18.7823 -0.22
-3.5 18.7823 0.0
-3.5 19.0 -0.3
-3.5 19.0 0.0
-3.5 19.0 2.45
-3.5 19.0 2.67
-3.5 19.0308 -0.22
-3.5 19.0308 0.0
-3.5 19.25 -0.3
-3.5 19.25 0.0
-3.5 19.25 2.45
-3.5 19.25 2.67
-3.5 19.2792 -0.22
-3.5 19.2792 0.0
-3.5 19.5 -0.3
-3.5 19.5 0.0
-3.5 19.5 2.45
-3.5 19.5 2.67
-3.5 19.5277 -0.22
-3.5 19.5277 0.0
-3.5 19.75 -0.3
-3.5 19.75 0.0
-3.5 19.75 2.45
-3.5 19.75 2.67
-3.5 19.7762 -0.22
-3.5 19.7762 0.0
-3.5 20.0 -0.3
-3.5 20.0 0.0
-3.5 20.0 2.45
-3.5 20.0 2.67
-3.5 20.0246 -0.22
-3.5 20.0246 0.0
-3.5 20.25 -0.3
-3.5 20.25 0.0
-3.5 20.25 2.45
-3.5 20.25 2.67
-3.5 20.2731 -0.22
-3.5 20.2731 0.0
-3.5 20.5 -0.3
-3.5 20.5 0.0
-3.5 20.5 2.45
-3.5 20.5 2.67
-3.5 20.5215 -0.22
-3.5 20.5215 0.0
-3.5 20.75 -0.3
-3.5 20.75 0.0
-3.5 20.75 2.45
-3.5 20.75 2.67
-3.5 20.77 -0.22
-3.5 20.77 0.0
-3.5 21.0 -0.3
-3.5 21.0 0.0
-3.5 21.0 2.45
-3.5 21.0 2.67
-3.5 21.0185 -0.22
-3.5 21.0185 0.0
-3.5 21.25 -0.3
-3.5 21.25 0.0
-3.5 21.25 2.45
-3.5 21.25 2.67
-3.5 21.2669 -0.22
-3.5 21.2669 0.0
-3.5 21.5 -0.3
-3.5 21.5 0.0
-3.5 21.5 2.45
-3.5 21.5 2.67
-3.5 21.5154 -0.22
-3.5 21.5154 0.0
-3.5 21.75 -0.3
-3.5 21.75 0.0
-3.5 21.75 2.45
-3.5 21.75 2.67
-3.5 21.7638 -0.22
-3.5 21.7638 0.0
-3.5 22.0 -0.3
-3.5 22.0 0.0
-3.5 22.0 2.45
-3.5 22.0 2.67
-3.5 22.0123 -0.22
-3.5 22.0123 0.0
-3.5 22.25 -0.3
-3.5 22.25 0.0
-3.5 22.25 2.45
-3.5 22.25 2.67
-3.5 22.2608 -0.22
-3.5 22.2608 0.0
-3.5 22.5 -0.3
-3.5 22.5 0.0
-3.5 22.5 2.45
-3.5 22.5 2.67
-3.5 22.5092 -0.22
-3.5 22.5092 0.0
-3.5 22.75 -0.3
-3.5 22.75 0.0
-3.5 22.75 2.45
-3.5 22.75 2.67
-3.5 22.7577 -0.22
-3.5 22.7577 0.0
-3.5 23.0 -0.3
-3.5 23.0 0.0
-3.5 23.0 2.45
-3.5 23.0 2.67
-3.5 23.0062 -0.22
-3.5 23.0062 0.0
-3.5 23.25 -0.3
-3.5 23.25 0.0
-3.5 23.25 2.45
-3.5 23.25 2.67
-3.5 23.2546 -0.22
-3.5 23.2546 0.0
-3.5 23.5 -0.3
-3.5 23.5 0.0
-3.5 23.5 2.45
-3.5 23.5 2.67
-3.5 23.5031 -0.22
-3.5 23.5031 0.0
-3.5 23.75 -0.3
-3.5 23.75 0.0
-3.5 23.75 2.45
-3.5 23.75 2.67
-3.5 23.7515 -0.22
-3.5 23.7515 0.0
-3.5 23.82 0.0
-3.5 23.82 0.245
-3.5 23.82 0.49
-3.5 23.82 0.735
-3.5 23.82 0.98
-3.5 23.82 1.225
-3.5 23.82 1.47
-3.5 23.82 1.715
-3.5 23.82 1.96
-3.5 23.82 2.205
-3.5 23.82 2.45
-3.5 24.0 -0.3
-3.5 24.0 -0.22
-3.5 24.0 0.0
-3.5 24.0 0.245
-3.5 24.0 0.49
-3.5 24.0 0.735
-3.5 24.0 0.98
-3.5 24.0 1.225
-3.5 24.0 1.47
-3.5 24.0 1.715
-3.5 24.0 1.96
-3.5 24.0 2.205
-3.5 24.0 2.45
-3.5 24.0 2.67
-3.5 24.25 -0.3
-3.5 24.25 0.0
-3.5 24.5 -0.3
-3.5 24.5 0.0
-3.5 24.75 -0.3
-3.5 24.75 0.0
-3.5 25.0 -0.3
-3.5 25.0 -0.15
-3.5 25.0 0.0
-3.4667 19.095 0.095
-3.4667 19.095 0.32
-3.4667 19.095 0.545
-3.4667 19.3283 0.095
-3.4667 19.3283 0.545
-3.4667 19.5617 0.095
-3.4667 19.5617 0.545
-3.4667 19.795 0.095
-3.4667 19.795 0.32
-3.4667 19.795 0.545
-3.45 11.815 0.0
-3.45 11.815 0.225
-3.45 11.815 0.45
-3.45 11.815 0.675
-3.45 11.815 0.9
-3.45 11.815 1.125
-3.45 11.815 1.35
-3.45 11.815 1.575
-3.45 11.815 1.8
-3.45 12.065 0.0
-3.45 12.065 1.8
-3.45 12.315 0.0
-3.45 12.315 1.8
-3.45 12.565 0.0
-3.45 12.565 1.8
-3.45 12.815 0.0
-3.45 12.815 0.225
-3.45 12.815 0.45
-3.45 12.815 0.675
-3.45 12.815 0.9
-3.45 12.815 1.125
-3.45 12.815 1.35
-3.45 12.815 1.575
-3.45 12.815 1.8
-3.3731 0.85 0.0
-3.3731 0.85 0.245
-3.3731 0.85 0.49
-3.3731 0.85 0.735
-3.3731 0.85 0.98
-3.3731 0.85 1.225
-3.3731 0.85 1.47
-3.3731 0.85 1.715
-3.3731 0.85 1.96
-3.3731 0.85 2.205
-3.3731 0.85 2.45
-3.3731 1.03 0.0
-3.3731 1.03 0.245
-3.3731 1.03 0.49
-3.3731 1.03 0.735
-3.3731 1.03 0.98
-3.3731 1.03 1.225
-3.3731 1.03 1.47
-3.3731 1.03 1.715
-3.3731 1.03 1.96
-3.3731 1.03 2.205
-3.3731 1.03 2.45
-3.3731 6.67 0.0
-3.3731 6.67 0.245
-3.3731 6.67 0.49
-3.3731 6.67 0.735
-3.3731 6.67 0.98
-3.3731 6.67 1.225
-3.3731 6.67 1.47
-3.3731 6.67 1.715
-3.3731 6.67 1.96
-3.3731 6.67 2.205
-3.3731 6.67 2.45
-3.3731 6.85 0.0
-3.3731 6.85 0.245
-3.3731 6.85 0.49
-3.3731 6.85 0.735
-3.3731 6.85 0.98
-3.3731 6.85 1.225
-3.3731 6.85 1.47
-3.3731 6.85 1.715
-3.3731 6.85 1.96
-3.3731 6.85 2.205
-3.3731 6.85 2.45
-3.3662 1.05 -0.18
-3.3662 1.05 0.0
-3.3662 1.3 -0.18
-3.3662 1.3 0.0
-3.3662 1.55 -0.18
-3.3662 1.55 0.0
-3.3662 1.8 -0.18
-3.3662 1.8 0.0
-3.3662 2.05 -0.18
-3.3662 2.05 0.0
-3.32 7.85 0.0
-3.32 7.85 0.245
-3.32 7.85 0.49
-3.32 7.85 0.735
-3.32 7.85 0.98
-3.32 7.85 1.225
-3.32 7.85 1.47
-3.32 7.85 1.715
-3.32 7.85 1.96
-3.32 7.85 2.205
-3.32 7.85 2.45
-3.32 8.03 0.0
-3.32 8.03 0.245
-3.32 8.03 0.49
-3.32 8.03 0.735
-3.32 8.03 0.98
-3.32 8.03 1.225
-3.32 8.03 1.47
-3.32 8.03 1.715
-3.32 8.03 1.96
-3.32 8.03 2.205
-3.32 8.03 2.45
-3.32 23.73 0.0
-3.32 23.73 0.245
-3.32 23.73 0.49
-3.32 23.73 0.735
-3.32 23.73 0.98
-3.32 23.73 1.225
-3.32 23.73 1.47
-3.32 23.73 1.715
-3.32 23.73 1.96
-3.32 23.73 2.205
-3.32 23.73 2.45
-3.32 23.91 0.0
-3.32 23.91 0.245
-3.32 23.91 0.49
-3.32 23.91 0.735
-3.32 23.91 0.98
-3.32 23.91 1.225
-3.32 23.91 1.47
-3.32 23.91 1.715
-3.32 23.91 1.96
-3.32 23.91 2.205
-3.32 23.91 2.45
-3.2644 0.0 0.0
-3.2644 0.0 0.245
-3.2644 0.0 0.49
-3.2644 0.0 0.735
-3.2644 0.0 0.98
-3.2644 0.0 1.225
-3.2644 0.0 1.47
-3.2644 0.0 1.715
-3.2644 0.0 1.96
-3.2644 0.0 2.205
-3.2644 0.0 2.45
-3.2644 0.18 0.0
-3.2644 0.18 0.245
-3.2644 0.18 0.49
-3.2644 0.18 0.735
-3.2644 0.18 0.98
-3.2644 0.18 1.225
-3.2644 0.18 1.47
-3.2644 0.18 1.715
-3.2644 0.18 1.96
-3.2644 0.18 2.205
-3.2644 0.18 2.45
-3.25 -1.0 -0.3
-3.25 -1.0 -0.15
-3.25 -1.0 0.0
-3.25 -0.75 -0.3
-3.25 -0.75 0.0
-3.25 -0.5 -0.3
-3.25 -0.5 0.0
-3.25 -0.25 -0.3
-3.25 -0.25 0.0
-3.25 0.0 -0.3
-3.25 0.0 0.0
-3.25 0.0 2.45
-3.25 0.0 2.67
-3.25 0.25 -0.3
-3.25 0.25 0.0
-3.25 0.25 2.45
-3.25 0.25 2.67
-3.25 0.5 -0.3
-3.25 0.5 0.0
-3.25 0.5 2.45
-3.25 0.5 2.67
-3.25 0.75 -0.3
-3.25 0.75 0.0
-3.25 0.75 2.45
-3.25 0.75 2.67
-3.25 1.0 -0.3
-3.25 1.0 0.0
-3.25 1.0 2.45
-3.25 1.0 2.67
-3.25 1.25 -0.3
-3.25 1.25 0.0
-3.25 1.25 2.45
-3.25 1.25 2.67
-3.25 1.5 -0.3
-3.25 1.5 0.0
-3.25 1.5 2.45
-3.25 1.5 2.67
-3.25 1.75 -0.3
-3.25 1.75 0.0
-3.25 1.75 2.45
-3.25 1.75 2.67
-3.25 2.0 -0.3
-3.25 2.0 0.0
-3.25 2.0 2.45
-3.25 2.0 2.67
-3.25 2.25 -0.3
-3.25 2.25 0.0
-3.25 2.25 2.45
-3.25 2.25 2.67
-3.25 2.5 -0.3
-3.25 2.5 0.0
-3.25 2.5 2.45
-3.25 2.5 2.67
-3.25 2.75 -0.3
-3.25 2.75 0.0
-3.25 2.75 2.45
-3.25 2.75 2.67
-3.25 3.0 -0.3
-3.25 3.0 0.0
-3.25 3.0 2.45
-3.25 3.0 2.67
-3.25 3.25 -0.3
-3.25 3.25 0.0
-3.25 3.25 2.45
-3.25 3.25 2.67
-3.25 3.5 -0.3
-3.25 3.5 0.0
-3.25 3.5 2.45
-3.25 3.5 2.67
-3.25 3.75 -0.3
-3.25 3.75 0.0
-3.25 3.75 2.45
-3.25 3.75 2.67
-3.25 4.0 -0.3
-3.25 4.0 0.0
-3.25 4.0 2.45
-3.25 4.0 2.67
-3.25 4.25 -0.3
-3.25 4.25 0.0
-3.25 4.25 2.45
-3.25 4.25 2.67
-3.25 4.5 -0.3
-3.25 4.5 0.0
-3.25 4.5 2.45
-3.25 4.5 2.67
-3.25 4.75 -0.3
-3.25 4.75 0.0
-3.25 4.75 2.45
-3.25 4.75 2.67
-3.25 5.0 -0.3
-3.25 5.0 0.0
-3.25 5.0 2.45
-3.25 5.0 2.67
-3.25 5.25 -0.3
-3.25 5.25 0.0
-3.25 5.25 2.45
-3.25 5.25 2.67
-3.25 5.5 -0.3
-3.25 5.5 0.0
-3.25 5.5 2.45
-3.25 5.5 2.67
-3.25 5.75 -0.3
-3.25 5.75 0.0
-3.25 5.75 2.45
-3.25 5.75 2.67
-3.25 6.0 -0.3
-3.25 6.0 0.0
-3.25 6.0 2.45
-3.25 6.0 2.67
-3.25 6.25 -0.3
-3.25 6.25 0.0
-3.25 6.25 2.45
-3.25 6.25 2.67
-3.25 6.5 -0.3
-3.25 6.5 0.0
-3.25 6.5 2.45
-3.25 6.5 2.67
-3.25 6.75 -0.3
-3.25 6.75 0.0
-3.25 6.75 2.45
-3.25 6.75 2.67
-3.25 7.0 -0.3
-3.25 7.0 0.0
-3.25 7.0 2.45
-3.25 7.0 2.67
-3.25 7.25 -0.3
-3.25 7.25 0.0
-3.25 7.25 2.45
-3.25 7.25 2.67
-3.25 7.5 -0.3
-3.25 7.5 0.0
-3.25 7.5 2.45
-3.25 7.5 2.67
-3.25 7.75 -0.3
-3.25 7.75 0.0
-3.25 7.75 2.45
-3.25 7.75 2.67
-3.25 7.85 -0.22
-3.25 7.85 0.0
-3.25 8.0 -0.3
-3.25 8.0 0.0
-3.25 8.0 2.45
-3.25 8.0 2.67
-3.25 8.0985 -0.22
-3.25 8.0985 0.0
-3.25 8.25 -0.3
-3.25 8.25 0.0
-3.25 8.25 2.45
-3.25 8.25 2.67
-3.25 8.3469 -0.22
-3.25 8.3469 0.0
-3.25 8.5 -0.3
-3.25 8.5 0.0
-3.25 8.5 2.45
-3.25 8.5 2.67
-3.25 8.5954 -0.22
-3.25 8.5954 0.0
-3.25 8.75 -0.3
-3.25 8.75 0.0
-3.25 8.75 2.45
-3.25 8.75 2.67
-3.25 8.8438 -0.22
-3.25 8.8438 0.0
-3.25 9.0 -0.3
-3.25 9.0 0.0
-3.25 9.0 2.45
-3.25 9.0 2.67
-3.25 9.0923 -0.22
-3.25 9.0923 0.0
-3.25 9.25 -0.3
-3.25 9.25 0.0
-3.25 9.25 2.45
-3.25 9.25 2.67
-3.25 9.3408 -0.22
-3.25 9.3408 0.0
-3.25 9.5 -0.3
-3.25 9.5 0.0
-3.25 9.5 2.45
-3.25 9.5 2.67
-3.25 9.5892 -0.22
-3.25 9.5892 0.0
-3.25 9.75 -0.3
-3.25 9.75 0.0
-3.25 9.75 2.45
-3.25 9.75 2.67
-3.25 9.8377 -0.22
-3.25 9.8377 0.0
-3.25 10.0 -0.3
-3.25 10.0 0.0
-3.25 10.0 2.45
-3.25 10.0 2.67
-3.25 10.0862 -0.22
-3.25 10.0862 0.0
-3.25 10.25 -0.3
-3.25 10.25 0.0
-3.25 10.25 2.45
-3.25 10.25 2.67
-3.25 10.3346 -0.22
-3.25 10.3346 0.0
-3.25 10.5 -0.3
-3.25 10.5 0.0
-3.25 10.5 2.45
-3.25 10.5 2.67
-3.25 10.5831 -0.22
-3.25 10.5831 0.0
-3.25 10.75 -0.3
-3.25 10.75 0.0
-3.25 10.75 2.45
-3.25 10.75 2.67
-3.25 10.8315 -0.22
-3.25 10.8315 0.0
-3.25 11.0 -0.3
-3.25 11.0 0.0
-3.25 11.0 2.45
-3.25 11.0 2.67
-3.25 11.08 -0.22
-3.25 11.08 0.0
-3.25 11.25 -0.3
-3.25 11.25 0.0
-3.25 11.25 2.45
-3.25 11.25 2.67
-3.25 11.3285 -0.22
-3.25 11.3285 0.0
-3.25 11.5 -0.3
-3.25 11.5 0.0
-3.25 11.5 2.45
-3.25 11.5 2.67
-3.25 11.5769 -0.22
-3.25 11.5769 0.0
-3.25 11.75 -0.3
-3.25 11.75 0.0
-3.25 11.75 2.45
-3.25 11.75 2.67
-3.25 11.815 0.0
-3.25 11.815 0.225
-3.25 11.815 0.45
-3.25 11.815 0.675
-3.25 11.815 0.9
-3.25 11.815 1.125
-3.25 11.815 1.35
-3.25 11.815 1.575
-3.25 11.815 1.8
-3.25 11.8254 -0.22
-3.25 11.8254 0.0
-3.25 12.0 -0.3
-3.25 12.0 0.0
-3.25 12.0 2.45
-3.25 12.0 2.67
-3.25 12.065 0.0
-3.25 12.065 1.8
-3.25 12.0738 -0.22
-3.25 12.0738 0.0
-3.25 12.25 -0.3
-3.25 12.25 0.0
-3.25 12.25 2.45
-3.25 12.25 2.67
-3.25 12.315 0.0
-3.25 12.315 1.8
-3.25 12.3223 -0.22
-3.25 12.3223 0.0
-3.25 12.5 -0.3
-3.25 12.5 0.0
-3.25 12.5 2.45
-3.25 12.5 2.67
-3.25 12.565 0.0
-3.25 12.565 1.8
-3.25 12.5708 -0.22
-3.25 12.5708 0.0
-3.25 12.75 -0.3
-3.25 12.75 0.0
-3.25 12.75 2.45
-3.25 12.75 2.67
-3.25 12.815 0.0
-3.25 12.815 0.225
-3.25 12.815 0.45
-3.25 12.815 0.675
-3.25 12.815 0.9
-3.25 12.815 1.125
-3.25 12.815 1.35
-3.25 12.815 1.575
-3.25 12.815 1.8
-3.25 12.8192 -0.22
-3.25 12.8192 0.0
-3.25 13.0 -0.3
-3.25 13.0 0.0
-3.25 13.0 2.45
-3.25 13.0 2.67
-3.25 13.0677 -0.22
-3.25 13.0677 0.0
-3.25 13.25 -0.3
-3.25 13.25 0.0
-3.25 13.25 2.45
-3.25 13.25 2.67
-3.25 13.3162 -0.22
-3.25 13.3162 0.0
-3.25 13.5 -0.3
-3.25 13.5 0.0
-3.25 13.5 2.45
-3.25 13.5 2.67
-3.25 13.5646 -0.22
-3.25 13.5646 0.0
-3.25 13.75 -0.3
-3.25 13.75 0.0
-3.25 13.75 2.45
-3.25 13.75 2.67
-3.25 13.8131 -0.22
-3.25 13.8131 0.0
-3.25 14.0 -0.3
-3.25 14.0 0.0
-3.25 14.0 2.45
-3.25 14.0 2.67
-3.25 14.0615 -0.22
-3.25 14.0615 0.0
-3.25 14.25 -0.3
-3.25 14.25 0.0
-3.25 14.25 2.45
-3.25 14.25 2.67
-3.25 14.31 -0.22
-3.25 14.31 0.0
-3.25 14.5 -0.3
-3.25 14.5 0.0
-3.25 14.5 2.45
-3.25 14.5 2.67
-3.25 14.5585 -0.22
-3.25 14.5585 0.0
-3.25 14.75 -0.3
-3.25 14.75 0.0
-3.25 14.75 2.45
-3.25 14.75 2.67
-3.25 14.8069 -0.22
-3.25 14.8069 0.0
-3.25 15.0 -0.3
-3.25 15.0 0.0
-3.25 15.0 2.45
-3.25 15.0 2.67
-3.25 15.0554 -0.22
-3.25 15.0554 0.0
-3.25 15.25 -0.3
-3.25 15.25 0.0
-3.25 15.25 2.45
-3.25 15.25 2.67
-3.25 15.3038 -0.22
-3.25 15.3038 0.0
-3.25 15.5 -0.3
-3.25 15.5 0.0
-3.25 15.5 2.45
-3.25 15.5 2.67
-3.25 15.5523 -0.22
-3.25 15.5523 0.0
-3.25 15.75 -0.3
-3.25 15.75 0.0
-3.25 15.75 2.45
-3.25 15.75 2.67
-3.25 15.8008 -0.22
-3.25 15.8008 0.0
-3.25 16.0 -0.3
-3.25 16.0 0.0
-3.25 16.0 2.45
-3.25 16.0 2.67
-3.25 16.0492 -0.22
-3.25 16.0492 0.0
-3.25 16.25 -0.3
-3.25 16.25 0.0
-3.25 16.25 2.45
-3.25 16.25 2.67
-3.25 16.2977 -0.22
-3.25 16.2977 0.0
-3.25 16.5 -0.3
-3.25 16.5 0.0
-3.25 16.5 2.45
-3.25 16.5 2.67
-3.25 16.5462 -0.22
-3.25 16.5462 0.0
-3.25 16.75 -0.3
-3.25 16.75 0.0
-3.25 16.75 2.45
-3.25 16.75 2.67
-3.25 16.7946 -0.22
-3.25 16.7946 0.0
-3.25 17.0 -0.3
-3.25 17.0 0.0
-3.25 17.0 2.45
-3.25 17.0 2.67
-3.25 17.0431 -0.22
-3.25 17.0431 0.0
-3.25 17.25 -0.3
-3.25 17.25 0.0
-3.25 17.25 2.45
-3.25 17.25 2.67
-3.25 17.2915 -0.22
-3.25 17.2915 0.0
-3.25 17.5 -0.3
-3.25 17.5 0.0
-3.25 17.5 2.45
-3.25 17.5 2.67
-3.25 17.54 -0.22
-3.25 17.54 0.0
-3.25 17.75 -0.3
-3.25 17.75 0.0
-3.25 17.75 2.45
-3.25 17.75 2.67
-3.25 17.7885 -0.22
-3.25 17.7885 0.0
-3.25 18.0 -0.3
-3.25 18.0 0.0
-3.25 18.0 2.45
-3.25 18.0 2.67
-3.25 18.0369 -0.22
-3.25 18.0369 0.0
-3.25 18.25 -0.3
-3.25 18.25 0.0
-3.25 18.25 2.45
-3.25 18.25 2.67
-3.25 18.2854 -0.22
-3.25 18.2854 0.0
-3.25 18.5 -0.3
-3.25 18.5 0.0
-3.25 18.5 2.45
-3.25 18.5 2.67
-3.25 18.5338 -0.22
-3.25 18.5338 0.0
-3.25 18.75 -0.3
-3.25 18.75 0.0
-3.25 18.75 2.45
-3.25 18.75 2.67
-3.25 18.7823 -0.22
-3.25 18.7823 0.0
-3.25 19.0 -0.3
-3.25 19.0 0.0
-3.25 19.0 2.45
-3.25 19.0 2.67
-3.25 19.0308 -0.22
-3.25 19.0308 0.0
-3.25 19.25 -0.3
-3.25 19.25 0.0
-3.25 19.25 2.45
-3.25 19.25 2.67
-3.25 19.2792 -0.22
-3.25 19.2792 0.0
-3.25 19.5 -0.3
-3.25 19.5 0.0
-3.25 19.5 2.45
-3.25 19.5 2.67
-3.25 19.5277 -0.22
-3.25 19.5277 0.0
-3.25 19.75 -0.3
-3.25 19.75 0.0
-3.25 19.75 2.45
-3.25 19.75 2.67
-3.25 19.7762 -0.22
-3.25 19.7762 0.0
-3.25 20.0 -0.3
-3.25 20.0 0.0
-3.25 20.0 2.45
-3.25 20.0 2.67
-3.25 20.0246 -0.22
-3.25 20.0246 0.0
-3.25 20.25 -0.3
-3.25 20.25 0.0
-3.25 20.25 2.45
-3.25 20.25 2.67
-3.25 20.2731 -0.22
-3.25 20.2731 0.0
-3.25 20.5 -0.3
-3.25 20.5 0.0
-3.25 20.5 2.45
-3.25 20.5 2.67
-3.25 20.5215 -0.22
-3.25 20.5215 0.0
-3.25 20.75 -0.3
-3.25 20.75 0.0
-3.25 20.75 2.45
-3.25 20.75 2.67
-3.25 20.77 -0.22
-3.25 20.77 0.0
-3.25 21.0 -0.3
-3.25 21.0 0.0
-3.25 21.0 2.45
-3.25 21.0 2.67
-3.25 21.0185 -0.22
-3.25 21.0185 0.0
-3.25 21.25 -0.3
-3.25 21.25 0.0
-3.25 21.25 2.45
-3.25 21.25 2.67
-3.25 21.2669 -0.22
-3.25 21.2669 0.0
-3.25 21.5 -0.3
-3.25 21.5 0.0
-3.25 21.5 2.45
-3.25 21.5 2.67
-3.25 21.5154 -0.22
-3.25 21.5154 0.0
-3.25 21.75 -0.3
-3.25 21.75 0.0
-3.25 21.75 2.45
-3.25 21.75 2.67
-3.25 21.7638 -0.22
-3.25 21.7638 0.0
-3.25 22.0 -0.3
-3.25 22.0 0.0
-3.25 22.0 2.45
-3.25 22.0 2.67
-3.25 22.0123 -0.22
-3.25 22.0123 0.0
-3.25 22.25 -0.3
-3.25 22.25 0.0
-3.25 22.25 2.45
-3.25 22.25 2.67
-3.25 22.2608 -0.22
-3.25 22.2608 0.0
-3.25 22.5 -0.3
-3.25 22.5 0.0
-3.25 22.5 2.45
-3.25 22.5 2.67
-3.25 22.5092 -0.22
-3.25 22.5092 0.0
-3.25 22.75 -0.3
-3.25 22.75 0.0
-3.25 22.75 2.45
-3.25 22.75 2.67
-3.25 22.7577 -0.22
-3.25 22.7577 0.0
-3.25 23.0 -0.3
-3.25 23.0 0.0
-3.25 23.0 2.45
-3.25 23.0 2.67
-3.25 23.0062 -0.22
-3.25 23.0062 0.0
-3.25 23.25 -0.3
-3.25 23.25 0.0
-3.25 23.25 2.45
-3.25 23.25 2.67
-3.25 23.2546 -0.22
-3.25 23.2546 0.0
-3.25 23.5 -0.3
-3.25 23.5 0.0
-3.25 23.5 2.45
-3.25 23.5 2.67
-3.25 23.5031 -0.22
-3.25 23.5031 0.0
-3.25 23.75 -0.3
-3.25 23.75 0.0
-3.25 23.75 2.45
-3.25 23.75 2.67
-3.25 23.7515 -0.22
-3.25 23.7515 0.0
-3.25 23.82 0.0
-3.25 23.82 0.245
-3.25 23.82 0.49
-3.25 23.82 0.735
-3.25 23.82 0.98
-3.25 23.82 1.225
-3.25 23.82 1.47
-3.25 23.82 1.715
-3.25 23.82 1.96
-3.25 23.82 2.205
-3.25 23.82 2.45
-3.25 24.0 -0.3
-3.25 24.0 -0.22
-3.25 24.0 0.0
-3.25 24.0 0.245
-3.25 24.0 0.49
-3.25 24.0 0.735
-3.25 24.0 0.98
-3.25 24.0 1.225
-3.25 24.0 1.47
-3.25 24.0 1.715
-3.25 24.0 1.96
-3.25 24.0 2.205
-3.25 24.0 2.45
-3.25 24.0 2.67
-3.25 24.25 -0.3
-3.25 24.25 0.0
-3.25 24.5 -0.3
-3.25 24.5 0.0
-3.25 24.75 -0.3
-3.25 24.75 0.0
-3.25 25.0 -0.3
-3.25 25.0 -0.15
-3.25 25.0 0.0
-3.2333 19.095 0.095
-3.2333 19.095 0.32
-3.2333 19.095 0.545
-3.2333 19.3283 0.095
-3.2333 19.3283 0.545
-3.2333 19.5617 0.095
-3.2333 19.5617 0.545
-3.2333 19.795 0.095
-3.2333 19.795 0.32
-3.2333 19.795 0.545
-3.1338 1.05 -0.18
-3.1338 1.05 0.0
-3.1338 1.3 -0.18
-3.1338 1.3 0.0
-3.1338 1.55 -0.18
-3.1338 1.55 0.0
-3.1338 1.8 -0.18
-3.1338 1.8 0.0
-3.1338 2.05 -0.18
-3.1338 2.05 0.0
-3.1269 0.85 0.0
-3.1269 0.85 0.245
-3.1269 0.85 0.49
-3.1269 0.85 0.735
-3.1269 0.85 0.98
-3.1269 0.85 1.225
-3.1269 0.85 1.47
-3.1269 0.85 1.715
-3.1269 0.85 1.96
-3.1269 0.85 2.205
-3.1269 0.85 2.45
-3.1269 1.03 0.0
-3.1269 1.03 0.245
-3.1269 1.03 0.49
-3.1269 1.03 0.735
-3.1269 1.03 0.98
-3.1269 1.03 1.225
-3.1269 1.03 1.47
-3.1269 1.03 1.715
-3.1269 1.03 1.96
-3.1269 1.03 2.205
-3.1269 1.03 2.45
-3.1269 6.67 0.0
-3.1269 6.67 0.245
-3.1269 6.67 0.49
-3.1269 6.67 0.735
-3.1269 6.67 0.98
-3.1269 6.67 1.225
-3.1269 6.67 1.47
-3.1269 6.67 1.715
-3.1269 6.67 1.96
-3.1269 6.67 2.205
-3.1269 6.67 2.45
-3.1269 6.85 0.0
-3.1269 6.85 0.245
-3.1269 6.85 0.49
-3.1269 6.85 0.735
-3.1269 6.85 0.98
-3.1269 6.85 1.225
-3.1269 6.85 1.47
-3.1269 6.85 1.715
-3.1269 6.85 1.96
-3.1269 6.85 2.205
-3.1269 6.85 2.45
-3.0733 7.85 0.0
-3.0733 7.85 0.245
-3.0733 7.85 0.49
-3.0733 7.85 0.735
-3.0733 7.85 0.98
-3.0733 7.85 1.225
-3.0733 7.85 1.47
-3.0733 7.85 1.715
-3.0733 7.85 1.96
-3.0733 7.85 2.205
-3.0733 7.85 2.45
-3.0733 8.03 0.0
-3.0733 8.03 0.245
-3.0733 8.03 0.49
-3.0733 8.03 0.735
-3.0733 8.03 0.98
-3.0733 8.03 1.225
-3.0733 8.03 1.47
-3.0733 8.03 1.715
-3.0733 8.03 1.96
-3.0733 8.03 2.205
-3.0733 8.03 2.45
-3.0733 23.73 0.0
-3.0733 23.73 0.245
-3.0733 23.73 0.49
-3.0733 23.73 0.735
-3.0733 23.73 0.98
-3.0733 23.73 1.225
-3.0733 23.73 1.47
-3.0733 23.73 1.715
-3.0733 23.73 1.96
-3.0733 23.73 2.205
-3.0733 23.73 2.45
-3.0733 23.91 0.0
-3.0733 23.91 0.245
-3.0733 23.91 0.49
-3.0733 23.91 0.735
-3.0733 23.91 0.98
-3.0733 23.91 1.225
-3.0733 23.91 1.47
-3.0733 23.91 1.715
-3.0733 23.91 1.96
-3.0733 23.91 2.205
-3.0733 23.91 2.45
-3.05 11.815 0.0
-3.05 11.815 0.225
-3.05 11.815 0.45
-3.05 11.815 0.675
-3.05 11.815 0.9
-3.05 11.815 1.125
-3.05 11.815 1.35
-3.05 11.815 1.575
-3.05 11.815 1.8
-3.05 12.065 0.0
-3.05 12.065 0.225
-3.05 12.065 0.45
-3.05 12.065 0.675
-3.05 12.065 0.9
-3.05 12.065 1.125
-3.05 12.065 1.35
-3.05 12.065 1.575
-3.05 12.065 1.8
-3.05 12.315 0.0
-3.05 12.315 0.225
-3.05 12.315 0.45
-3.05 12.315 0.675
-3.05 12.315 0.9
-3.05 12.315 1.125
-3.05 12.315 1.35
-3.05 12.315 1.575
-3.05 12.315 1.8
-3.05 12.565 0.0
-3.05 12.565 0.225
-3.05 12.565 0.45
-3.05 12.565 0.675
-3.05 12.565 0.9
-3.05 12.565 1.125
-3.05 12.565 1.35
-3.05 12.565 1.575
-3.05 12.565 1.8
-3.05 12.815 0.0
-3.05 12.815 0.225
-3.05 12.815 0.45
-3.05 12.815 0.675
-3.05 12.815 0.9
-3.05 12.815 1.125
-3.05 12.815 1.35
-3.05 12.815 1.575
-3.05 12.815 1.8
-3.015 0.0 0.0
-3.015 0.0 0.245
-3.015 0.0 0.49
-3.015 0.0 0.735
-3.015 0.0 0.98
-3.015 0.0 1.225
-3.015 0.0 1.47
-3.015 0.0 1.715
-3.015 0.0 1.96
-3.015 0.0 2.205
-3.015 0.0 2.45
-3.015 0.18 0.0
-3.015 0.18 0.245
-3.015 0.18 0.49
-3.015 0.18 0.735
-3.015 0.18 0.98
-3.015 0.18 1.225
-3.015 0.18 1.47
-3.015 0.18 1.715
-3.015 0.18 1.96
-3.015 0.18 2.205
-3.015 0.18 2.45
-3.0 -1.0 -0.3
-3.0 -1.0 -0.15
-3.0 -1.0 0.0
-3.0 -0.75 -0.3
-3.0 -0.75 0.0
-3.0 -0.5 -0.3
-3.0 -0.5 0.0
-3.0 -0.25 -0.3
-3.0 -0.25 0.0
-3.0 0.0 -0.3
-3.0 0.0 0.0
-3.0 0.0 2.45
-3.0 0.0 2.67
-3.0 0.25 -0.3
-3.0 0.25 0.0
-3.0 0.25 2.45
-3.0 0.25 2.67
-3.0 0.5 -0.3
-3.0 0.5 0.0
-3.0 0.5 2.45
-3.0 0.5 2.67
-3.0 0.75 -0.3
-3.0 0.75 0.0
-3.0 0.75 2.45
-3.0 0.75 2.67
-3.0 1.0 -0.3
-3.0 1.0 0.0
-3.0 1.0 2.45
-3.0 1.0 2.67
-3.0 1.25 -0.3
-3.0 1.25 0.0
-3.0 1.25 2.45
-3.0 1.25 2.67
-3.0 1.5 -0.3
-3.0 1.5 0.0
-3.0 1.5 2.45
-3.0 1.5 2.67
-3.0 1.75 -0.3
-3.0 1.75 0.0
-3.0 1.75 2.45
-3.0 1.75 2.67
-3.0 2.0 -0.3
-3.0 2.0 0.0
-3.0 2.0 2.45
-3.0 2.0 2.67
-3.0 2.25 -0.3
-3.0 2.25 0.0
-3.0 2.25 2.45
-3.0 2.25 2.67
-3.0 2.5 -0.3
-3.0 2.5 0.0
-3.0 2.5 2.45
-3.0 2.5 2.67
-3.0 2.75 -0.3
-3.0 2.75 0.0
-3.0 2.75 2.45
-3.0 2.75 2.67
-3.0 3.0 -0.3
-3.0 3.0 0.0
-3.0 3.0 2.45
-3.0 3.0 2.67
-3.0 3.25 -0.3
-3.0 3.25 0.0
-3.0 3.25 2.45
-3.0 3.25 2.67
-3.0 3.5 -0.3
-3.0 3.5 0.0
-3.0 3.5 2.45
-3.0 3.5 2.67
-3.0 3.75 -0.3
-3.0 3.75 0.0
-3.0 3.75 2.45
-3.0 3.75 2.67
-3.0 4.0 -0.3
-3.0 4.0 0.0
-3.0 4.0 2.45
-3.0 4.0 2.67
-3.0 4.25 -0.3
-3.0 4.25 0.0
-3.0 4.25 2.45
-3.0 4.25 2.67
-3.0 4.5 -0.3
-3.0 4.5 0.0
-3.0 4.5 2.45
-3.0 4.5 2.67
-3.0 4.75 -0.3
-3.0 4.75 0.0
-3.0 4.75 2.45
-3.0 4.75 2.67
-3.0 5.0 -0.3
-3.0 5.0 0.0
-3.0 5.0 2.45
-3.0 5.0 2.67
-3.0 5.25 -0.3
-3.0 5.25 0.0
-3.0 5.25 2.45
-3.0 5.25 2.67
-3.0 5.5 -0.3
-3.0 5.5 0.0
-3.0 5.5 2.45
-3.0 5.5 2.67
-3.0 5.75 -0.3
-3.0 5.75 0.0
-3.0 5.75 2.45
-3.0 5.75 2.67
-3.0 6.0 -0.3
-3.0 6.0 0.0
-3.0 6.0 2.45
-3.0 6.0 2.67
-3.0 6.25 -0.3
-3.0 6.25 0.0
-3.0 6.25 2.45
-3.0 6.25 2.67
-3.0 6.5 -0.3
-3.0 6.5 0.0
-3.0 6.5 2.45
-3.0 6.5 2.67
-3.0 6.75 -0.3
-3.0 6.75 0.0
-3.0 6.75 2.45
-3.0 6.75 2.67
-3.0 7.0 -0.3
-3.0 7.0 0.0
-3.0 7.0 2.45
-3.0 7.0 2.67
-3.0 7.25 -0.3
-3.0 7.25 0.0
-3.0 7.25 2.45
-3.0 7.25 2.67
-3.0 7.5 -0.3
-3.0 7.5 0.0
-3.0 7.5 2.45
-3.0 7.5 2.67
-3.0 7.75 -0.3
-3.0 7.75 0.0
-3.0 7.75 2.45
-3.0 7.75 2.67
-3.0 7.85 -0.22
-3.0 7.85 0.0
-3.0 8.0 -0.3
-3.0 8.0 0.0
-3.0 8.0 2.45
-3.0 8.0 2.67
-3.0 8.0985 -0.22
-3.0 8.0985 0.0
-3.0 8.25 -0.3
-3.0 8.25 0.0
-3.0 8.25 2.45
-3.0 8.25 2.67
-3.0 8.3469 -0.22
-3.0 8.3469 0.0
-3.0 8.5 -0.3
-3.0 8.5 0.0
-3.0 8.5 2.45
-3.0 8.5 2.67
-3.0 8.5954 -0.22
-3.0 8.5954 0.0
-3.0 8.75 -0.3
-3.0 8.75 0.0
-3.0 8.75 2.45
-3.0 8.75 2.67
-3.0 8.8438 -0.22
-3.0 8.8438 0.0
-3.0 9.0 -0.3
-3.0 9.0 0.0
-3.0 9.0 2.45
-3.0 9.0 2.67
-3.0 9.0923 -0.22
-3.0 9.0923 0.0
-3.0 9.25 -0.3
-3.0 9.25 0.0
-3.0 9.25 2.45
-3.0 9.25 2.67
-3.0 9.3408 -0.22
-3.0 9.3408 0.0
-3.0 9.5 -0.3
-3.0 9.5 0.0
-3.0 9.5 2.45
-3.0 9.5 2.67
-3.0 9.5892 -0.22
-3.0 9.5892 0.0
-3.0 9.75 -0.3
-3.0 9.75 0.0
-3.0 9.75 2.45
-3.0 9.75 2.67
-3.0 9.8377 -0.22
-3.0 9.8377 0.0
-3.0 10.0 -0.3
-3.0 10.0 0.0
-3.0 10.0 2.45
-3.0 10.0 2.67
-3.0 10.0862 -0.22
-3.0 10.0862 0.0
-3.0 10.25 -0.3
-3.0 10.25 0.0
-3.0 10.25 2.45
-3.0 10.25 2.67
-3.0 10.3346 -0.22
-3.0 10.3346 0.0
-3.0 10.5 -0.3
-3.0 10.5 0.0
-3.0 10.5 2.45
-3.0 10.5 2.67
-3.0 10.5831 -0.22
-3.0 10.5831 0.0
-3.0 10.75 -0.3
-3.0 10.75 0.0
-3.0 10.75 2.45
-3.0 10.75 2.67
-3.0 10.8315 -0.22
-3.0 10.8315 0.0
-3.0 11.0 -0.3
-3.0 11.0 0.0
-3.0 11.0 2.45
-3.0 11.0 2.67
-3.0 11.08 -0.22
-3.0 11.08 0.0
-3.0 11.25 -0.3
-3.0 11.25 0.0
-3.0 11.25 2.45
-3.0 11.25 2.67
-3.0 11.3285 -0.22
-3.0 11.3285 0.0
-3.0 11.5 -0.3
-3.0 11.5 0.0
-3.0 11.5 2.45
-3.0 11.5 2.67
-3.0 11.5769 -0.22
-3.0 11.5769 0.0
-3.0 11.75 -0.3
-3.0 11.75 0.0
-3.0 11.75 2.45
-3.0 11.75 2.67
-3.0 11.8254 -0.22
-3.0 11.8254 0.0
-3.0 12.0 -0.3
-3.0 12.0 0.0
-3.0 12.0 2.45
-3.0 12.0 2.67
-3.0 12.0738 -0.22
-3.0 12.0738 0.0
-3.0 12.25 -0.3
-3.0 12.25 0.0
-3.0 12.25 2.45
-3.0 12.25 2.67
-3.0 12.3223 -0.22
-3.0 12.3223 0.0
-3.0 12.5 -0.3
-3.0 12.5 0.0
-3.0 12.5 2.45
-3.0 12.5 2.67
-3.0 12.5708 -0.22
-3.0 12.5708 0.0
-3.0 12.75 -0.3
-3.0 12.75 0.0
-3.0 12.75 2.45
-3.0 12.75 2.67
-3.0 12.8192 -0.22
-3.0 12.8192 0.0
-3.0 13.0 -0.3
-3.0 13.0 0.0
-3.0 13.0 2.45
-3.0 13.0 2.67
-3.0 13.0677 -0.22
-3.0 13.0677 0.0
-3.0 13.25 -0.3
-3.0 13.25 0.0
-3.0 13.25 2.45
-3.0 13.25 2.67
-3.0 13.3162 -0.22
-3.0 13.3162 0.0
-3.0 13.5 -0.3
-3.0 13.5 0.0
-3.0 13.5 2.45
-3.0 13.5 2.67
-3.0 13.5646 -0.22
-3.0 13.5646 0.0
-3.0 13.75 -0.3
-3.0 13.75 0.0
-3.0 13.75 2.45
-3.0 13.75 2.67
-3.0 13.8131 -0.22
-3.0 13.8131 0.0
-3.0 14.0 -0.3
-3.0 14.0 0.0
-3.0 14.0 2.45
-3.0 14.0 2.67
-3.0 14.0615 -0.22
-3.0 14.0615 0.0
-3.0 14.25 -0.3
-3.0 14.25 0.0
-3.0 14.25 2.45
-3.0 14.25 2.67
-3.0 14.31 -0.22
-3.0 14.31 0.0
-3.0 14.5 -0.3
-3.0 14.5 0.0
-3.0 14.5 2.45
-3.0 14.5 2.67
-3.0 14.5585 -0.22
-3.0 14.5585 0.0
-3.0 14.75 -0.3
-3.0 14.75 0.0
-3.0 14.75 2.45
-3.0 14.75 2.67
-3.0 14.8069 -0.22
-3.0 14.8069 0.0
-3.0 15.0 -0.3
-3.0 15.0 0.0
-3.0 15.0 2.45
-3.0 15.0 2.67
-3.0 15.0554 -0.22
-3.0 15.0554 0.0
-3.0 15.25 -0.3
-3.0 15.25 0.0
-3.0 15.25 2.45
-3.0 15.25 2.67
-3.0 15.3038 -0.22
-3.0 15.3038 0.0
-3.0 15.5 -0.3
-3.0 15.5 0.0
-3.0 15.5 2.45
-3.0 15.5 2.67
-3.0 15.5523 -0.22
-3.0 15.5523 0.0
-3.0 15.75 -0.3
-3.0 15.75 0.0
-3.0 15.75 2.45
-3.0 15.75 2.67
-3.0 15.8008 -0.22
-3.0 15.8008 0.0
-3.0 16.0 -0.3
-3.0 16.0 0.0
-3.0 16.0 2.45
-3.0 16.0 2.67
-3.0 16.0492 -0.22
-3.0 16.0492 0.0
-3.0 16.25 -0.3
-3.0 16.25 0.0
-3.0 16.25 2.45
-3.0 16.25 2.67
-3.0 16.2977 -0.22
-3.0 16.2977 0.0
-3.0 16.5 -0.3
-3.0 16.5 0.0
-3.0 16.5 2.45
-3.0 16.5 2.67
-3.0 16.5462 -0.22
-3.0 16.5462 0.0
-3.0 16.75 -0.3
-3.0 16.75 0.0
-3.0 16.75 2.45
-3.0 16.75 2.67
-3.0 16.7946 -0.22
-3.0 16.7946 0.0
-3.0 17.0 -0.3
-3.0 17.0 0.0
-3.0 17.0 2.45
-3.0 17.0 2.67
-3.0 17.0431 -0.22
-3.0 17.0431 0.0
-3.0 17.25 -0.3
-3.0 17.25 0.0
-3.0 17.25 2.45
-3.0 17.25 2.67
-3.0 17.2915 -0.22
-3.0 17.2915 0.0
-3.0 17.5 -0.3
-3.0 17.5 0.0
-3.0 17.5 2.45
-3.0 17.5 2.67
-3.0 17.54 -0.22
-3.0 17.54 0.0
-3.0 17.75 -0.3
-3.0 17.75 0.0
-3.0 17.75 2.45
-3.0 17.75 2.67
-3.0 17.7885 -0.22
-3.0 17.7885 0.0
-3.0 18.0 -0.3
-3.0 18.0 0.0
-3.0 18.0 2.45
-3.0 18.0 2.67
-3.0 18.0369 -0.22
-3.0 18.0369 0.0
-3.0 18.25 -0.3
-3.0 18.25 0.0
-3.0 18.25 2.45
-3.0 18.25 2.67
-3.0 18.2854 -0.22
-3.0 18.2854 0.0
-3.0 18.5 -0.3
-3.0 18.5 0.0
-3.0 18.5 2.45
-3.0 18.5 2.67
-3.0 18.5338 -0.22
-3.0 18.5338 0.0
-3.0 18.75 -0.3
-3.0 18.75 0.0
-3.0 18.75 2.45
-3.0 18.75 2.67
-3.0 18.7823 -0.22
-3.0 18.7823 0.0
-3.0 19.0 -0.3
-3.0 19.0 0.0
-3.0 19.0 2.45
-3.0 19.0 2.67
-3.0 19.0308 -0.22
-3.0 19.0308 0.0
-3.0 19.095 0.095
-3.0 19.095 0.32
-3.0 19.095 0.545
-3.0 19.25 -0.3
-3.0 19.25 0.0
-3.0 19.25 2.45
-3.0 19.25 2.67
-3.0 19.2792 -0.22
-3.0 19.2792 0.0
-3.0 19.3283 0.095
-3.0 19.3283 0.32
-3.0 19.3283 0.545
-3.0 19.5 -0.3
-3.0 19.5 0.0
-3.0 19.5 2.45
-3.0 19.5 2.67
-3.0 19.5277 -0.22
-3.0 19.5277 0.0
-3.0 19.5617 0.095
-3.0 19.5617 0.32
-3.0 19.5617 0.545
-3.0 19.75 -0.3
-3.0 19.75 0.0
-3.0 19.75 2.45
-3.0 19.75 2.67
-3.0 19.7762 -0.22
-3.0 19.7762 0.0
-3.0 19.795 0.095
-3.0 19.795 0.32
-3.0 19.795 0.545
-3.0 20.0 -0.3
-3.0 20.0 0.0
-3.0 20.0 2.45
-3.0 20.0 2.67
-3.0 20.0246 -0.22
-3.0 20.0246 0.0
-3.0 20.25 -0.3
-3.0 20.25 0.0
-3.0 20.25 2.45
-3.0 20.25 2.67
-3.0 20.2731 -0.22
-3.0 20.2731 0.0
-3.0 20.5 -0.3
-3.0 20.5 0.0
-3.0 20.5 2.45
-3.0 20.5 2.67
-3.0 20.5215 -0.22
-3.0 20.5215 0.0
-3.0 20.75 -0.3
-3.0 20.75 0.0
-3.0 20.75 2.45
-3.0 20.75 2.67
-3.0 20.77 -0.22
-3.0 20.77 0.0
-3.0 21.0 -0.3
-3.0 21.0 0.0
-3.0 21.0 2.45
-3.0 21.0 2.67
-3.0 21.0185 -0.22
-3.0 21.0185 0.0
-3.0 21.25 -0.3
-3.0 21.25 0.0
-3.0 21.25 2.45
-3.0 21.25 2.67
-3.0 21.2669 -0.22
-3.0 21.2669 0.0
-3.0 21.5 -0.3
-3.0 21.5 0.0
-3.0 21.5 2.45
-3.0 21.5 2.67
-3.0 21.5154 -0.22
-3.0 21.5154 0.0
-3.0 21.75 -0.3
-3.0 21.75 0.0
-3.0 21.75 2.45
-3.0 21.75 2.67
-3.0 21.7638 -0.22
-3.0 21.7638 0.0
-3.0 22.0 -0.3
-3.0 22.0 0.0
-3.0 22.0 2.45
-3.0 22.0 2.67
-3.0 22.0123 -0.22
-3.0 22.0123 0.0
-3.0 22.25 -0.3
-3.0 22.25 0.0
-3.0 22.25 2.45
-3.0 22.25 2.67
-3.0 22.2608 -0.22
-3.0 22.2608 0.0
-3.0 22.5 -0.3
-3.0 22.5 0.0
-3.0 22.5 2.45
-3.0 22.5 2.67
-3.0 22.5092 -0.22
-3.0 22.5092 0.0
-3.0 22.75 -0.3
-3.0 22.75 0.0
-3.0 22.75 2.45
-3.0 22.75 2.67
-3.0 22.7577 -0.22
-3.0 22.7577 0.0
-3.0 23.0 -0.3
-3.0 23.0 0.0
-3.0 23.0 2.45
-3.0 23.0 2.67
-3.0 23.0062 -0.22
-3.0 23.0062 0.0
-3.0 23.25 -0.3
-3.0 23.25 0.0
-3.0 23.25 2.45
-3.0 23.25 2.67
-3.0 23.2546 -0.22
-3.0 23.2546 0.0
-3.0 23.5 -0.3
-3.0 23.5 0.0
-3.0 23.5 2.45
-3.0 23.5 2.67
-3.0 23.5031 -0.22
-3.0 23.5031 0.0
-3.0 23.75 -0.3
-3.0 23.75 0.0
-3.0 23.75 2.45
-3.0 23.75 2.67
-3.0 23.7515 -0.22
-3.0 23.7515 0.0
-3.0 23.82 0.0
-3.0 23.82 0.245
-3.0 23.82 0.49
-3.0 23.82 0.735
-3.0 23.82 0.98
-3.0 23.82 1.225
-3.0 23.82 1.47
-3.0 23.82 1.715
-3.0 23.82 1.96
-3.0 23.82 2.205
-3.0 23.82 2.45
-3.0 24.0 -0.3
-3.0 24.0 -0.22
-3.0 24.0 0.0
-3.0 24.0 0.245
-3.0 24.0 0.49
-3.0 24.0 0.735
-3.0 24.0 0.98
-3.0 24.0 1.225
-3.0 24.0 1.47
-3.0 24.0 1.715
-3.0 24.0 1.96
-3.0 24.0 2.205
-3.0 24.0 2.45
-3.0 24.0 2.67
-3.0 24.25 -0.3
-3.0 24.25 0.0
-3.0 24.5 -0.3
-3.0 24.5 0.0
-3.0 24.75 -0.3
-3.0 24.75 0.0
-3.0 25.0 -0.3
-3.0 25.0 -0.15
-3.0 25.0 0.0
-2.9015 1.05 -0.18
-2.9015 1.05 0.0
-2.9015 1.3 -0.18
-2.9015 1.3 0.0
-2.9015 1.55 -0.18
-2.9015 1.55 0.0
-2.9015 1.8 -0.18
-2.9015 1.8 0.0
-2.9015 2.05 -0.18
-2.9015 2.05 0.0
-2.8808 0.85 0.0
-2.8808 0.85 0.245
-2.8808 0.85 0.49
-2.8808 0.85 0.735
-2.8808 0.85 0.98
-2.8808 0.85 1.225
-2.8808 0.85 1.47
-2.8808 0.85 1.715
-2.8808 0.85 1.96
-2.8808 0.85 2.205
-2.8808 0.85 2.45
-2.8808 1.03 0.0
-2.8808 1.03 0.245
-2.8808 1.03 0.49
-2.8808 1.03 0.735
-2.8808 1.03 0.98
-2.8808 1.03 1.225
-2.8808 1.03 1.47
-2.8808 1.03 1.715
-2.8808 1.03 1.96
-2.8808 1.03 2.205
-2.8808 1.03 2.45
-2.8808 6.67 0.0
-2.8808 6.67 0.245
-2.8808 6.67 0.49
-2.8808 6.67 0.735
-2.8808 6.67 0.98
-2.8808 6.67 1.225
-2.8808 6.67 1.47
-2.8808 6.67 1.715
-2.8808 6.67 1.96
-2.8808 6.67 2.205
-2.8808 6.67 2.45
-2.8808 6.85 0.0
-2.8808 6.85 0.245
-2.8808 6.85 0.49
-2.8808 6.85 0.735
-2.8808 6.85 0.98
-2.8808 6.85 1.225
-2.8808 6.85 1.47
-2.8808 6.85 1.715
-2.8808 6.85 1.96
-2.8808 6.85 2.205
-2.8808 6.85 2.45
-2.8267 7.85 0.0
-2.8267 7.85 0.245
-2.8267 7.85 0.49
-2.8267 7.85 0.735
-2.8267 7.85 0.98
-2.8267 7.85 1.225
-2.8267 7.85 1.47
-2.8267 7.85 1.715
-2.8267 7.85 1.96
-2.8267 7.85 2.205
-2.8267 7.85 2.45
-2.8267 8.03 0.0
-2.8267 8.03 0.245
-2.8267 8.03 0.49
-2.8267 8.03 0.735
-2.8267 8.03 0.98
-2.8267 8.03 1.225
-2.8267 8.03 1.47
-2.8267 8.03 1.715
-2.8267 8.03 1.96
-2.8267 8.03 2.205
-2.8267 8.03 2.45
-2.8267 23.73 0.0
-2.8267 23.73 0.245
-2.8267 23.73 0.49
-2.8267 23.73 0.735
-2.8267 23.73 0.98
-2.8267 23.73 1.225
-2.8267 23.73 1.47
-2.8267 23.73 1.715
-2.8267 23.73 1.96
-2.8267 23.73 2.205
-2.8267 23.73 2.45
-2.8267 23.91 0.0
-2.8267 23.91 0.245
-2.8267 23.91 0.49
-2.8267 23.91 0.735
-2.8267 23.91 0.98
-2.8267 23.91 1.225
-2.8267 23.91 1.47
-2.8267 23.91 1.715
-2.8267 23.91 1.96
-2.8267 23.91 2.205
-2.8267 23.91 2.45
-2.7656 0.0 0.0
-2.7656 0.0 0.245
-2.7656 0.0 0.49
-2.7656 0.0 0.735
-2.7656 0.0 0.98
-2.7656 0.0 1.225
-2.7656 0.0 1.47
-2.7656 0.0 1.715
-2.7656 0.0 1.96
-2.7656 0.0 2.205
-2.7656 0.0 2.45
-2.7656 0.18 0.0
-2.7656 0.18 0.245
-2.7656 0.18 0.49
-2.7656 0.18 0.735
-2.7656 0.18 0.98
-2.7656 0.18 1.225
-2.7656 0.18 1.47
-2.7656 0.18 1.715
-2.7656 0.18 1.96
-2.7656 0.18 2.205
-2.7656 0.18 2.45
-2.75 -1.0 -0.3
-2.75 -1.0 -0.15
-2.75 -1.0 0.0
-2.75 -0.75 -0.3
-2.75 -0.75 0.0
-2.75 -0.5 -0.3
-2.75 -0.5 0.0
-2.75 -0.25 -0.3
-2.75 -0.25 0.0
-2.75 0.0 -0.3
-2.75 0.0 0.0
-2.75 0.0 2.45
-2.75 0.0 2.67
-2.75 0.25 -0.3
-2.75 0.25 0.0
-2.75 0.25 2.45
-2.75 0.25 2.67
-2.75 0.5 -0.3
-2.75 0.5 0.0
-2.75 0.5 2.45
-2.75 0.5 2.67
-2.75 0.75 -0.3
-2.75 0.75 0.0
-2.75 0.75 2.45
-2.75 0.75 2.67
-2.75 1.0 -0.3
-2.75 1.0 0.0
-2.75 1.0 2.45
-2.75 1.0 2.67
-2.75 1.25 -0.3
-2.75 1.25 0.0
-2.75 1.25 2.45
-2.75 1.25 2.67
-2.75 1.5 -0.3
-2.75 1.5 0.0
-2.75 1.5 2.45
-2.75 1.5 2.67
-2.75 1.75 -0.3
-2.75 1.75 0.0
-2.75 1.75 2.45
-2.75 1.75 2.67
-2.75 2.0 -0.3
-2.75 2.0 0.0
-2.75 2.0 2.45
-2.75 2.0 2.67
-2.75 2.25 -0.3
-2.75 2.25 0.0
-2.75 2.25 2.45
-2.75 2.25 2.67
-2.75 2.5 -0.3
-2.75 2.5 0.0
-2.75 2.5 2.45
-2.75 2.5 2.67
-2.75 2.75 -0.3
-2.75 2.75 0.0
-2.75 2.75 2.45
-2.75 2.75 2.67
-2.75 3.0 -0.3
-2.75 3.0 0.0
-2.75 3.0 2.45
-2.75 3.0 2.67
-2.75 3.25 -0.3
-2.75 3.25 0.0
-2.75 3.25 2.45
-2.75 3.25 2.67
-2.75 3.5 -0.3
-2.75 3.5 0.0
-2.75 3.5 2.45
-2.75 3.5 2.67
-2.75 3.75 -0.3
-2.75 3.75 0.0
-2.75 3.75 2.45
-2.75 3.75 2.67
-2.75 4.0 -0.3
-2.75 4.0 0.0
-2.75 4.0 2.45
-2.75 4.0 2.67
-2.75 4.25 -0.3
-2.75 4.25 0.0
-2.75 4.25 2.45
-2.75 4.25 2.67
-2.75 4.5 -0.3
-2.75 4.5 0.0
-2.75 4.5 2.45
-2.75 4.5 2.67
-2.75 4.75 -0.3
-2.75 4.75 0.0
-2.75 4.75 2.45
-2.75 4.75 2.67
-2.75 5.0 -0.3
-2.75 5.0 0.0
-2.75 5.0 2.45
-2.75 5.0 2.67
-2.75 5.25 -0.3
-2.75 5.25 0.0
-2.75 5.25 2.45
-2.75 5.25 2.67
-2.75 5.5 -0.3
-2.75 5.5 0.0
-2.75 5.5 2.45
-2.75 5.5 2.67
-2.75 5.75 -0.3
-2.75 5.75 0.0
-2.75 5.75 2.45
-2.75 5.75 2.67
-2.75 6.0 -0.3
-2.75 6.0 0.0
-2.75 6.0 2.45
-2.75 6.0 2.67
-2.75 6.25 -0.3
-2.75 6.25 0.0
-2.75 6.25 2.45
-2.75 6.25 2.67
-2.75 6.5 -0.3
-2.75 6.5 0.0
-2.75 6.5 2.45
-2.75 6.5 2.67
-2.75 6.75 -0.3
-2.75 6.75 0.0
-2.75 6.75 2.45
-2.75 6.75 2.67
-2.75 7.0 -0.3
-2.75 7.0 0.0
-2.75 7.0 2.45
-2.75 7.0 2.67
-2.75 7.25 -0.3
-2.75 7.25 0.0
-2.75 7.25 2.45
-2.75 7.25 2.67
-2.75 7.5 -0.3
-2.75 7.5 0.0
-2.75 7.5 2.45
-2.75 7.5 2.67
-2.75 7.75 -0.3
-2.75 7.75 0.0
-2.75 7.75 2.45
-2.75 7.75 2.67
-2.75 7.85 -0.22
-2.75 7.85 0.0
-2.75 8.0 -0.3
-2.75 8.0 0.0
-2.75 8.0 2.45
-2.75 8.0 2.67
-2.75 8.0985 -0.22
-2.75 8.0985 0.0
-2.75 8.25 -0.3
-2.75 8.25 0.0
-2.75 8.25 2.45
-2.75 8.25 2.67
-2.75 8.3469 -0.22
-2.75 8.3469 0.0
-2.75 8.5 -0.3
-2.75 8.5 0.0
-2.75 8.5 2.45
-2.75 8.5 2.67
-2.75 8.5954 -0.22
-2.75 8.5954 0.0
-2.75 8.75 -0.3
-2.75 8.75 0.0
-2.75 8.75 2.45
-2.75 8.75 2.67
-2.75 8.8438 -0.22
-2.75 8.8438 0.0
-2.75 9.0 -0.3
-2.75 9.0 0.0
-2.75 9.0 2.45
-2.75 9.0 2.67
-2.75 9.0923 -0.22
-2.75 9.0923 0.0
-2.75 9.25 -0.3
-2.75 9.25 0.0
-2.75 9.25 2.45
-2.75 9.25 2.67
-2.75 9.3408 -0.22
-2.75 9.3408 0.0
-2.75 9.5 -0.3
-2.75 9.5 0.0
-2.75 9.5 2.45
-2.75 9.5 2.67
-2.75 9.5892 -0.22
-2.75 9.5892 0.0
-2.75 9.75 -0.3
-2.75 9.75 0.0
-2.75 9.75 2.45
-2.75 9.75 2.67
-2.75 9.8377 -0.22
-2.75 9.8377 0.0
-2.75 10.0 -0.3
-2.75 10.0 0.0
-2.75 10.0 2.45
-2.75 10.0 2.67
-2.75 10.0862 -0.22
-2.75 10.0862 0.0
-2.75 10.25 -0.3
-2.75 10.25 0.0
-2.75 10.25 2.45
-2.75 10.25 2.67
-2.75 10.3346 -0.22
-2.75 10.3346 0.0
-2.75 10.5 -0.3
-2.75 10.5 0.0
-2.75 10.5 2.45
-2.75 10.5 2.67
-2.75 10.5831 -0.22
-2.75 10.5831 0.0
-2.75 10.75 -0.3
-2.75 10.75 0.0
-2.75 10.75 2.45
-2.75 10.75 2.67
-2.75 10.8315 -0.22
-2.75 10.8315 0.0
-2.75 11.0 -0.3
-2.75 11.0 0.0
-2.75 11.0 2.45
-2.75 11.0 2.67
-2.75 11.08 -0.22
-2.75 11.08 0.0
-2.75 11.25 -0.3
-2.75 11.25 0.0
-2.75 11.25 2.45
-2.75 11.25 2.67
-2.75 11.3285 -0.22
-2.75 11.3285 0.0
-2.75 11.5 -0.3
-2.75 11.5 0.0
-2.75 11.5 2.45
-2.75 11.5 2.67
-2.75 11.5769 -0.22
-2.75 11.5769 0.0
-2.75 11.75 -0.3
-2.75 11.75 0.0
-2.75 11.75 2.45
-2.75 11.75 2.67
-2.75 11.8254 -0.22
-2.75 11.8254 0.0
-2.75 12.0 -0.3
-2.75 12.0 0.0
-2.75 12.0 2.45
-2.75 12.0 2.67
-2.75 12.0738 -0.22
-2.75 12.0738 0.0
-2.75 12.25 -0.3
-2.75 12.25 0.0
-2.75 12.25 2.45
-2.75 12.25 2.67
-2.75 12.3223 -0.22
-2.75 12.3223 0.0
-2.75 12.5 -0.3
-2.75 12.5 0.0
-2.75 12.5 2.45
-2.75 12.5 2.67
-2.75 12.5708 -0.22
-2.75 12.5708 0.0
-2.75 12.75 -0.3
-2.75 12.75 0.0
-2.75 12.75 2.45
-2.75 12.75 2.67
-2.75 12.8192 -0.22
-2.75 12.8192 0.0
-2.75 13.0 -0.3
-2.75 13.0 0.0
-2.75 13.0 2.45
-2.75 13.0 2.67
-2.75 13.0677 -0.22
-2.75 13.0677 0.0
-2.75 13.25 -0.3
-2.75 13.25 0.0
-2.75 13.25 2.45
-2.75 13.25 2.67
-2.75 13.3162 -0.22
-2.75 13.3162 0.0
-2.75 13.5 -0.3
-2.75 13.5 0.0
-2.75 13.5 2.45
-2.75 13.5 2.67
-2.75 13.5646 -0.22
-2.75 13.5646 0.0
-2.75 13.75 -0.3
-2.75 13.75 0.0
-2.75 13.75 2.45
-2.75 13.75 2.67
-2.75 13.8131 -0.22
-2.75 13.8131 0.0
-2.75 14.0 -0.3
-2.75 14.0 0.0
-2.75 14.0 2.45
-2.75 14.0 2.67
-2.75 14.0615 -0.22
-2.75 14.0615 0.0
-2.75 14.25 -0.3
-2.75 14.25 0.0
-2.75 14.25 2.45
-2.75 14.25 2.67
-2.75 14.31 -0.22
-2.75 14.31 0.0
-2.75 14.5 -0.3
-2.75 14.5 0.0
-2.75 14.5 2.45
-2.75 14.5 2.67
-2.75 14.5585 -0.22
-2.75 14.5585 0.0
-2.75 14.75 -0.3
-2.75 14.75 0.0
-2.75 14.75 2.45
-2.75 14.75 2.67
-2.75 14.8069 -0.22
-2.75 14.8069 0.0
-2.75 15.0 -0.3
-2.75 15.0 0.0
-2.75 15.0 2.45
-2.75 15.0 2.67
-2.75 15.0554 -0.22
-2.75 15.0554 0.0
-2.75 15.25 -0.3
-2.75 15.25 0.0
-2.75 15.25 2.45
-2.75 15.25 2.67
-2.75 15.3038 -0.22
-2.75 15.3038 0.0
-2.75 15.5 -0.3
-2.75 15.5 0.0
-2.75 15.5 2.45
-2.75 15.5 2.67
-2.75 15.5523 -0.22
-2.75 15.5523 0.0
-2.75 15.75 -0.3
-2.75 15.75 0.0
-2.75 15.75 2.45
-2.75 15.75 2.67
-2.75 15.8008 -0.22
-2.75 15.8008 0.0
-2.75 16.0 -0.3
-2.75 16.0 0.0
-2.75 16.0 2.45
-2.75 16.0 2.67
-2.75 16.0492 -0.22
-2.75 16.0492 0.0
-2.75 16.25 -0.3
-2.75 16.25 0.0
-2.75 16.25 2.45
-2.75 16.25 2.67
-2.75 16.2977 -0.22
-2.75 16.2977 0.0
-2.75 16.5 -0.3
-2.75 16.5 0.0
-2.75 16.5 2.45
-2.75 16.5 2.67
-2.75 16.5462 -0.22
-2.75 16.5462 0.0
-2.75 16.75 -0.3
-2.75 16.75 0.0
-2.75 16.75 2.45
-2.75 16.75 2.67
-2.75 16.7946 -0.22
-2.75 16.7946 0.0
-2.75 17.0 -0.3
-2.75 17.0 0.0
-2.75 17.0 2.45
-2.75 17.0 2.67
-2.75 17.0431 -0.22
-2.75 17.0431 0.0
-2.75 17.25 -0.3
-2.75 17.25 0.0
-2.75 17.25 2.45
-2.75 17.25 2.67
-2.75 17.2915 -0.22
-2.75 17.2915 0.0
-2.75 17.5 -0.3
-2.75 17.5 0.0
-2.75 17.5 2.45
-2.75 17.5 2.67
-2.75 17.54 -0.22
-2.75 17.54 0.0
-2.75 17.75 -0.3
-2.75 17.75 0.0
-2.75 17.75 2.45
-2.75 17.75 2.67
-2.75 17.7885 -0.22
-2.75 17.7885 0.0
-2.75 18.0 -0.3
-2.75 18.0 0.0
-2.75 18.0 2.45
-2.75 18.0 2.67
-2.75 18.0369 -0.22
-2.75 18.0369 0.0
-2.75 18.25 -0.3
-2.75 18.25 0.0
-2.75 18.25 2.45
-2.75 18.25 2.67
-2.75 18.2854 -0.22
-2.75 18.2854 0.0
-2.75 18.5 -0.3
-2.75 18.5 0.0
-2.75 18.5 2.45
-2.75 18.5 2.67
-2.75 18.5338 -0.22
-2.75 18.5338 0.0
-2.75 18.75 -0.3
-2.75 18.75 0.0
-2.75 18.75 2.45
-2.75 18.75 2.67
-2.75 18.7823 -0.22
-2.75 18.7823 0.0
-2.75 19.0 -0.3
-2.75 19.0 0.0
-2.75 19.0 2.45
-2.75 19.0 2.67
-2.75 19.0308 -0.22
-2.75 19.0308 0.0
-2.75 19.25 -0.3
-2.75 19.25 0.0
-2.75 19.25 2.45
-2.75 19.25 2.67
-2.75 19.2792 -0.22
-2.75 19.2792 0.0
-2.75 19.5 -0.3
-2.75 19.5 0.0
-2.75 19.5 2.45
-2.75 19.5 2.67
-2.75 19.5277 -0.22
-2.75 19.5277 0.0
-2.75 19.75 -0.3
-2.75 19.75 0.0
-2.75 19.75 2.45
-2.75 19.75 2.67
-2.75 19.7762 -0.22
-2.75 19.7762 0.0
-2.75 20.0 -0.3
-2.75 20.0 0.0
-2.75 20.0 2.45
-2.75 20.0 2.67
-2.75 20.0246 -0.22
-2.75 20.0246 0.0
-2.75 20.25 -0.3
-2.75 20.25 0.0
-2.75 20.25 2.45
-2.75 20.25 2.67
-2.75 20.2731 -0.22
-2.75 20.2731 0.0
-2.75 20.5 -0.3
-2.75 20.5 0.0
-2.75 20.5 2.45
-2.75 20.5 2.67
-2.75 20.5215 -0.22
-2.75 20.5215 0.0
-2.75 20.75 -0.3
-2.75 20.75 0.0
-2.75 20.75 2.45
-2.75 20.75 2.67
-2.75 20.77 -0.22
-2.75 20.77 0.0
-2.75 21.0 -0.3
-2.75 21.0 0.0
-2.75 21.0 2.45
-2.75 21.0 2.67
-2.75 21.0185 -0.22
-2.75 21.0185 0.0
-2.75 21.25 -0.3
-2.75 21.25 0.0
-2.75 21.25 2.45
-2.75 21.25 2.67
-2.75 21.2669 -0.22
-2.75 21.2669 0.0
-2.75 21.5 -0.3
-2.75 21.5 0.0
-2.75 21.5 2.45
-2.75 21.5 2.67
-2.75 21.5154 -0.22
-2.75 21.5154 0.0
-2.75 21.75 -0.3
-2.75 21.75 0.0
-2.75 21.75 2.45
-2.75 21.75 2.67
-2.75 21.7638 -0.22
-2.75 21.7638 0.0
-2.75 22.0 -0.3
-2.75 22.0 0.0
-2.75 22.0 2.45
-2.75 22.0 2.67
-2.75 22.0123 -0.22
-2.75 22.0123 0.0
-2.75 22.25 -0.3
-2.75 22.25 0.0
-2.75 22.25 2.45
-2.75 22.25 2.67
-2.75 22.2608 -0.22
-2.75 22.2608 0.0
-2.75 22.5 -0.3
-2.75 22.5 0.0
-2.75 22.5 2.45
-2.75 22.5 2.67
-2.75 22.5092 -0.22
-2.75 22.5092 0.0
-2.75 22.75 -0.3
-2.75 22.75 0.0
-2.75 22.75 2.45
-2.75 22.75 2.67
-2.75 22.7577 -0.22
-2.75 22.7577 0.0
-2.75 23.0 -0.3
-2.75 23.0 0.0
-2.75 23.0 2.45
-2.75 23.0 2.67
-2.75 23.0062 -0.22
-2.75 23.0062 0.0
-2.75 23.25 -0.3
-2.75 23.25 0.0
-2.75 23.25 2.45
-2.75 23.25 2.67
-2.75 23.2546 -0.22
-2.75 23.2546 0.0
-2.75 23.5 -0.3
-2.75 23.5 0.0
-2.75 23.5 2.45
-2.75 23.5 2.67
-2.75 23.5031 -0.22
-2.75 23.5031 0.0
-2.75 23.75 -0.3
-2.75 23.75 0.0
-2.75 23.75 2.45
-2.75 23.75 2.67
-2.75 23.7515 -0.22
-2.75 23.7515 0.0
-2.75 23.82 0.0
-2.75 23.82 0.245
-2.75 23.82 0.49
-2.75 23.82 0.735
-2.75 23.82 0.98
-2.75 23.82 1.225
-2.75 23.82 1.47
-2.75 23.82 1.715
-2.75 23.82 1.96
-2.75 23.82 2.205
-2.75 23.82 2.45
-2.75 24.0 -0.3
-2.75 24.0 -0.22
-2.75 24.0 0.0
-2.75 24.0 0.245
-2.75 24.0 0.49
-2.75 24.0 0.735
-2.75 24.0 0.98
-2.75 24.0 1.225
-2.75 24.0 1.47
-2.75 24.0 1.715
-2.75 24.0 1.96
-2.75 24.0 2.205
-2.75 24.0 2.45
-2.75 24.0 2.67
-2.75 24.25 -0.3
-2.75 24.25 0.0
-2.75 24.5 -0.3
-2.75 24.5 0.0
-2.75 24.75 -0.3
-2.75 24.75 0.0
-2.75 25.0 -0.3
-2.75 25.0 -0.15
-2.75 25.0 0.0
-2.6692 1.05 -0.18
-2.6692 1.05 0.0
-2.6692 1.3 -0.18
-2.6692 1.3 0.0
-2.6692 1.55 -0.18
-2.6692 1.55 0.0
-2.6692 1.8 -0.18
-2.6692 1.8 0.0
-2.6692 2.05 -0.18
-2.6692 2.05 0.0
-2.6346 0.85 0.0
-2.6346 0.85 0.245
-2.6346 0.85 0.49
-2.6346 0.85 0.735
-2.6346 0.85 0.98
-2.6346 0.85 1.225
-2.6346 0.85 1.47
-2.6346 0.85 1.715
-2.6346 0.85 1.96
-2.6346 0.85 2.205
-2.6346 0.85 2.45
-2.6346 1.03 0.0
-2.6346 1.03 0.245
-2.6346 1.03 0.49
-2.6346 1.03 0.735
-2.6346 1.03 0.98
-2.6346 1.03 1.225
-2.6346 1.03 1.47
-2.6346 1.03 1.715
-2.6346 1.03 1.96
-2.6346 1.03 2.205
-2.6346 1.03 2.45
-2.6346 6.67 0.0
-2.6346 6.67 0.245
-2.6346 6.67 0.49
-2.6346 6.67 0.735
-2.6346 6.67 0.98
-2.6346 6.67 1.225
-2.6346 6.67 1.47
-2.6346 6.67 1.715
-2.6346 6.67 1.96
-2.6346 6.67 2.205
-2.6346 6.67 2.45
-2.6346 6.85 0.0
-2.6346 6.85 0.245
-2.6346 6.85 0.49
-2.6346 6.85 0.735
-2.6346 6.85 0.98
-2.6346 6.85 1.225
-2.6346 6.85 1.47
-2.6346 6.85 1.715
-2.6346 6.85 1.96
-2.6346 6.85 2.205
-2.6346 6.85 2.45
-2.58 7.85 0.0
-2.58 7.85 0.245
-2.58 7.85 0.49
-2.58 7.85 0.735
-2.58 7.85 0.98
-2.58 7.85 1.225
-2.58 7.85 1.47
-2.58 7.85 1.715
-2.58 7.85 1.96
-2.58 7.85 2.205
-2.58 7.85 2.45
-2.58 8.03 0.0
-2.58 8.03 0.245
-2.58 8.03 0.49
-2.58 8.03 0.735
-2.58 8.03 0.98
-2.58 8.03 1.225
-2.58 8.03 1.47
-2.58 8.03 1.715
-2.58 8.03 1.96
-2.58 8.03 2.205
-2.58 8.03 2.45
-2.58 23.73 0.0
-2.58 23.73 0.245
-2.58 23.73 0.49
-2.58 23.73 0.735
-2.58 23.73 0.98
-2.58 23.73 1.225
-2.58 23.73 1.47
-2.58 23.73 1.715
-2.58 23.73 1.96
-2.58 23.73 2.205
-2.58 23.73 2.45
-2.58 23.91 0.0
-2.58 23.91 0.245
-2.58 23.91 0.49
-2.58 23.91 0.735
-2.58 23.91 0.98
-2.58 23.91 1.225
-2.58 23.91 1.47
-2.58 23.91 1.715
-2.58 23.91 1.96
-2.58 23.91 2.205
-2.58 23.91 2.45
-2.5162 0.0 0.0
-2.5162 0.0 0.245
-2.5162 0.0 0.49
-2.5162 0.0 0.735
-2.5162 0.0 0.98
-2.5162 0.0 1.225
-2.5162 0.0 1.47
-2.5162 0.0 1.715
-2.5162 0.0 1.96
-2.5162 0.0 2.205
-2.5162 0.0 2.45
-2.5162 0.18 0.0
-2.5162 0.18 0.245
-2.5162 0.18 0.49
-2.5162 0.18 0.735
-2.5162 0.18 0.98
-2.5162 0.18 1.225
-2.5162 0.18 1.47
-2.5162 0.18 1.715
-2.5162 0.18 1.96
-2.5162 0.18 2.205
-2.5162 0.18 2.45
-2.5 -1.0 -0.3
-2.5 -1.0 -0.15
-2.5 -1.0 0.0
-2.5 -0.75 -0.3
-2.5 -0.75 0.0
-2.5 -0.5 -0.3
-2.5 -0.5 0.0
-2.5 -0.25 -0.3
-2.5 -0.25 0.0
-2.5 0.0 -0.3
-2.5 0.0 0.0
-2.5 0.0 2.45
-2.5 0.0 2.67
-2.5 0.25 -0.3
-2.5 0.25 0.0
-2.5 0.25 2.45
-2.5 0.25 2.67
-2.5 0.5 -0.3
-2.5 0.5 0.0
-2.5 0.5 2.45
-2.5 0.5 2.67
-2.5 0.75 -0.3
-2.5 0.75 0.0
-2.5 0.75 2.45
-2.5 0.75 2.67
-2.5 1.0 -0.3
-2.5 1.0 0.0
-2.5 1.0 2.45
-2.5 1.0 2.67
-2.5 1.25 -0.3
-2.5 1.25 0.0
-2.5 1.25 2.45
-2.5 1.25 2.67
-2.5 1.5 -0.3
-2.5 1.5 0.0
-2.5 1.5 2.45
-2.5 1.5 2.67
-2.5 1.75 -0.3
-2.5 1.75 0.0
-2.5 1.75 2.45
-2.5 1.75 2.67
-2.5 2.0 -0.3
-2.5 2.0 0.0
-2.5 2.0 2.45
-2.5 2.0 2.67
-2.5 2.25 -0.3
-2.5 2.25 0.0
-2.5 2.25 2.45
-2.5 2.25 2.67
-2.5 2.5 -0.3
-2.5 2.5 0.0
-2.5 2.5 2.45
-2.5 2.5 2.67
-2.5 2.75 -0.3
-2.5 2.75 0.0
-2.5 2.75 2.45
-2.5 2.75 2.67
-2.5 3.0 -0.3
-2.5 3.0 0.0
-2.5 3.0 2.45
-2.5 3.0 2.67
-2.5 3.25 -0.3
-2.5 3.25 0.0
-2.5 3.25 2.45
-2.5 3.25 2.67
-2.5 3.5 -0.3
-2.5 3.5 0.0
-2.5 3.5 2.45
-2.5 3.5 2.67
-2.5 3.75 -0.3
-2.5 3.75 0.0
-2.5 3.75 2.45
-2.5 3.75 2.67
-2.5 4.0 -0.3
-2.5 4.0 0.0
-2.5 4.0 2.45
-2.5 4.0 2.67
-2.5 4.25 -0.3
-2.5 4.25 0.0
-2.5 4.25 2.45
-2.5 4.25 2.67
-2.5 4.5 -0.3
-2.5 4.5 0.0
-2.5 4.5 2.45
-2.5 4.5 2.67
-2.5 4.75 -0.3
-2.5 4.75 0.0
-2.5 4.75 2.45
-2.5 4.75 2.67
-2.5 5.0 -0.3
-2.5 5.0 0.0
-2.5 5.0 2.45
-2.5 5.0 2.67
-2.5 5.25 -0.3
-2.5 5.25 0.0
-2.5 5.25 2.45
-2.5 5.25 2.67
-2.5 5.5 -0.3
-2.5 5.5 0.0
-2.5 5.5 2.45
-2.5 5.5 2.67
-2.5 5.75 -0.3
-2.5 5.75 0.0
-2.5 5.75 2.45
-2.5 5.75 2.67
-2.5 6.0 -0.3
-2.5 6.0 0.0
-2.5 6.0 2.45
-2.5 6.0 2.67
-2.5 6.25 -0.3
-2.5 6.25 0.0
-2.5 6.25 2.45
-2.5 6.25 2.67
-2.5 6.5 -0.3
-2.5 6.5 0.0
-2.5 6.5 2.45
-2.5 6.5 2.67
-2.5 6.75 -0.3
-2.5 6.75 0.0
-2.5 6.75 2.45
-2.5 6.75 2.67
-2.5 7.0 -0.3
-2.5 7.0 0.0
-2.5 7.0 2.45
-2.5 7.0 2.67
-2.5 7.25 -0.3
-2.5 7.25 0.0
-2.5 7.25 2.45
-2.5 7.25 2.67
-2.5 7.5 -0.3
-2.5 7.5 0.0
-2.5 7.5 2.45
-2.5 7.5 2.67
-2.5 7.75 -0.3
-2.5 7.75 0.0
-2.5 7.75 2.45
-2.5 7.75 2.67
-2.5 7.85 -0.22
-2.5 7.85 0.0
-2.5 8.0 -0.3
-2.5 8.0 0.0
-2.5 8.0 2.45
-2.5 8.0 2.67
-2.5 8.0985 -0.22
-2.5 8.0985 0.0
-2.5 8.25 -0.3
-2.5 8.25 0.0
-2.5 8.25 2.45
-2.5 8.25 2.67
-2.5 8.3469 -0.22
-2.5 8.3469 0.0
-2.5 8.5 -0.3
-2.5 8.5 0.0
-2.5 8.5 2.45
-2.5 8.5 2.67
-2.5 8.5954 -0.22
-2.5 8.5954 0.0
-2.5 8.75 -0.3
-2.5 8.75 0.0
-2.5 8.75 2.45
-2.5 8.75 2.67
-2.5 8.8438 -0.22
-2.5 8.8438 0.0
-2.5 9.0 -0.3
-2.5 9.0 0.0
-2.5 9.0 2.45
-2.5 9.0 2.67
-2.5 9.0923 -0.22
-2.5 9.0923 0.0
-2.5 9.25 -0.3
-2.5 9.25 0.0
-2.5 9.25 2.45
-2.5 9.25 2.67
-2.5 9.3408 -0.22
-2.5 9.3408 0.0
-2.5 9.5 -0.3
-2.5 9.5 0.0
-2.5 9.5 2.45
-2.5 9.5 2.67
-2.5 9.5892 -0.22
-2.5 9.5892 0.0
-2.5 9.75 -0.3
-2.5 9.75 0.0
-2.5 9.75 2.45
-2.5 9.75 2.67
-2.5 9.8377 -0.22
-2.5 9.8377 0.0
-2.5 10.0 -0.3
-2.5 10.0 0.0
-2.5 10.0 2.45
-2.5 10.0 2.67
-2.5 10.0862 -0.22
-2.5 10.0862 0.0
-2.5 10.25 -0.3
-2.5 10.25 0.0
-2.5 10.25 2.45
-2.5 10.25 2.67
-2.5 10.3346 -0.22
-2.5 10.3346 0.0
-2.5 10.5 -0.3
-2.5 10.5 0.0
-2.5 10.5 2.45
-2.5 10.5 2.67
-2.5 10.5831 -0.22
-2.5 10.5831 0.0
-2.5 10.75 -0.3
-2.5 10.75 0.0
-2.5 10.75 2.45
-2.5 10.75 2.67
-2.5 10.8315 -0.22
-2.5 10.8315 0.0
-2.5 11.0 -0.3
-2.5 11.0 0.0
-2.5 11.0 2.45
-2.5 11.0 2.67
-2.5 11.08 -0.22
-2.5 11.08 0.0
-2.5 11.25 -0.3
-2.5 11.25 0.0
-2.5 11.25 2.45
-2.5 11.25 2.67
-2.5 11.3285 -0.22
-2.5 11.3285 0.0
-2.5 11.5 -0.3
-2.5 11.5 0.0
-2.5 11.5 2.45
-2.5 11.5 2.67
-2.5 11.5769 -0.22
-2.5 11.5769 0.0
-2.5 11.75 -0.3
-2.5 11.75 0.0
-2.5 11.75 2.45
-2.5 11.75 2.67
-2.5 11.8254 -0.22
-2.5 11.8254 0.0
-2.5 12.0 -0.3
-2.5 12.0 0.0
-2.5 12.0 2.45
-2.5 12.0 2.67
-2.5 12.0738 -0.22
-2.5 12.0738 0.0
-2.5 12.25 -0.3
-2.5 12.25 0.0
-2.5 12.25 2.45
-2.5 12.25 2.67
-2.5 12.3223 -0.22
-2.5 12.3223 0.0
-2.5 12.5 -0.3
-2.5 12.5 0.0
-2.5 12.5 2.45
-2.5 12.5 2.67
-2.5 12.5708 -0.22
-2.5 12.5708 0.0
-2.5 12.75 -0.3
-2.5 12.75 0.0
-2.5 12.75 2.45
-2.5 12.75 2.67
-2.5 12.8192 -0.22
-2.5 12.8192 0.0
-2.5 13.0 -0.3
-2.5 13.0 0.0
-2.5 13.0 2.45
-2.5 13.0 2.67
-2.5 13.0677 -0.22
-2.5 13.0677 0.0
-2.5 13.25 -0.3
-2.5 13.25 0.0
-2.5 13.25 2.45
-2.5 13.25 2.67
-2.5 13.3162 -0.22
-2.5 13.3162 0.0
-2.5 13.5 -0.3
-2.5 13.5 0.0
-2.5 13.5 2.45
-2.5 13.5 2.67
-2.5 13.5646 -0.22
-2.5 13.5646 0.0
-2.5 13.75 -0.3
-2.5 13.75 0.0
-2.5 13.75 2.45
-2.5 13.75 2.67
-2.5 13.8131 -0.22
-2.5 13.8131 0.0
-2.5 14.0 -0.3
-2.5 14.0 0.0
-2.5 14.0 2.45
-2.5 14.0 2.67
-2.5 14.0615 -0.22
-2.5 14.0615 0.0
-2.5 14.25 -0.3
-2.5 14.25 0.0
-2.5 14.25 2.45
-2.5 14.25 2.67
-2.5 14.31 -0.22
-2.5 14.31 0.0
-2.5 14.5 -0.3
-2.5 14.5 0.0
-2.5 14.5 2.45
-2.5 14.5 2.67
-2.5 14.5585 -0.22
-2.5 14.5585 0.0
-2.5 14.75 -0.3
-2.5 14.75 0.0
-2.5 14.75 2.45
-2.5 14.75 2.67
-2.5 14.8069 -0.22
-2.5 14.8069 0.0
-2.5 15.0 -0.3
-2.5 15.0 0.0
-2.5 15.0 2.45
-2.5 15.0 2.67
-2.5 15.0554 -0.22
-2.5 15.0554 0.0
-2.5 15.25 -0.3
-2.5 15.25 0.0
-2.5 15.25 2.45
-2.5 15.25 2.67
-2.5 15.3038 -0.22
-2.5 15.3038 0.0
-2.5 15.5 -0.3
-2.5 15.5 0.0
-2.5 15.5 2.45
-2.5 15.5 2.67
-2.5 15.5523 -0.22
-2.5 15.5523 0.0
-2.5 15.75 -0.3
-2.5 15.75 0.0
-2.5 15.75 2.45
-2.5 15.75 2.67
-2.5 15.8008 -0.22
-2.5 15.8008 0.0
-2.5 16.0 -0.3
-2.5 16.0 0.0
-2.5 16.0 2.45
-2.5 16.0 2.67
-2.5 16.0492 -0.22
-2.5 16.0492 0.0
-2.5 16.25 -0.3
-2.5 16.25 0.0
-2.5 16.25 2.45
-2.5 16.25 2.67
-2.5 16.2977 -0.22
-2.5 16.2977 0.0
-2.5 16.5 -0.3
-2.5 16.5 0.0
-2.5 16.5 2.45
-2.5 16.5 2.67
-2.5 16.5462 -0.22
-2.5 16.5462 0.0
-2.5 16.75 -0.3
-2.5 16.75 0.0
-2.5 16.75 2.45
-2.5 16.75 2.67
-2.5 16.7946 -0.22
-2.5 16.7946 0.0
-2.5 17.0 -0.3
-2.5 17.0 0.0
-2.5 17.0 2.45
-2.5 17.0 2.67
-2.5 17.0431 -0.22
-2.5 17.0431 0.0
-2.5 17.25 -0.3
-2.5 17.25 0.0
-2.5 17.25 2.45
-2.5 17.25 2.67
-2.5 17.2915 -0.22
-2.5 17.2915 0.0
-2.5 17.5 -0.3
-2.5 17.5 0.0
-2.5 17.5 2.45
-2.5 17.5 2.67
-2.5 17.54 -0.22
-2.5 17.54 0.0
-2.5 17.75 -0.3
-2.5 17.75 0.0
-2.5 17.75 2.45
-2.5 17.75 2.67
-2.5 17.7885 -0.22
-2.5 17.7885 0.0
-2.5 18.0 -0.3
-2.5 18.0 0.0
-2.5 18.0 2.45
-2.5 18.0 2.67
-2.5 18.0369 -0.22
-2.5 18.0369 0.0
-2.5 18.25 -0.3
-2.5 18.25 0.0
-2.5 18.25 2.45
-2.5 18.25 2.67
-2.5 18.2854 -0.22
-2.5 18.2854 0.0
-2.5 18.5 -0.3
-2.5 18.5 0.0
-2.5 18.5 2.45
-2.5 18.5 2.67
-2.5 18.5338 -0.22
-2.5 18.5338 0.0
-2.5 18.75 -0.3
-2.5 18.75 0.0
-2.5 18.75 2.45
-2.5 18.75 2.67
-2.5 18.7823 -0.22
-2.5 18.7823 0.0
-2.5 19.0 -0.3
-2.5 19.0 0.0
-2.5 19.0 2.45
-2.5 19.0 2.67
-2.5 19.0308 -0.22
-2.5 19.0308 0.0
-2.5 19.25 -0.3
-2.5 19.25 0.0
-2.5 19.25 2.45
-2.5 19.25 2.67
-2.5 19.2792 -0.22
-2.5 19.2792 0.0
-2.5 19.5 -0.3
-2.5 19.5 0.0
-2.5 19.5 2.45
-2.5 19.5 2.67
-2.5 19.5277 -0.22
-2.5 19.5277 0.0
-2.5 19.75 -0.3
-2.5 19.75 0.0
-2.5 19.75 2.45
-2.5 19.75 2.67
-2.5 19.7762 -0.22
-2.5 19.7762 0.0
-2.5 20.0 -0.3
-2.5 20.0 0.0
-2.5 20.0 2.45
-2.5 20.0 2.67
-2.5 20.0246 -0.22
-2.5 20.0246 0.0
-2.5 20.25 -0.3
-2.5 20.25 0.0
-2.5 20.25 2.45
-2.5 20.25 2.67
-2.5 20.2731 -0.22
-2.5 20.2731 0.0
-2.5 20.5 -0.3
-2.5 20.5 0.0
-2.5 20.5 2.45
-2.5 20.5 2.67
-2.5 20.5215 -0.22
-2.5 20.5215 0.0
-2.5 20.75 -0.3
-2.5 20.75 0.0
-2.5 20.75 2.45
-2.5 20.75 2.67
-2.5 20.77 -0.22
-2.5 20.77 0.0
-2.5 21.0 -0.3
-2.5 21.0 0.0
-2.5 21.0 2.45
-2.5 21.0 2.67
-2.5 21.0185 -0.22
-2.5 21.0185 0.0
-2.5 21.25 -0.3
-2.5 21.25 0.0
-2.5 21.25 2.45
-2.5 21.25 2.67
-2.5 21.2669 -0.22
-2.5 21.2669 0.0
-2.5 21.5 -0.3
-2.5 21.5 0.0
-2.5 21.5 2.45
-2.5 21.5 2.67
-2.5 21.5154 -0.22
-2.5 21.5154 0.0
-2.5 21.75 -0.3
-2.5 21.75 0.0
-2.5 21.75 2.45
-2.5 21.75 2.67
-2.5 21.7638 -0.22
-2.5 21.7638 0.0
-2.5 22.0 -0.3
-2.5 22.0 0.0
-2.5 22.0 2.45
-2.5 22.0 2.67
-2.5 22.0123 -0.22
-2.5 22.0123 0.0
-2.5 22.25 -0.3
-2.5 22.25 0.0
-2.5 22.25 2.45
-2.5 22.25 2.67
-2.5 22.2608 -0.22
-2.5 22.2608 0.0
-2.5 22.5 -0.3
-2.5 22.5 0.0
-2.5 22.5 2.45
-2.5 22.5 2.67
-2.5 22.5092 -0.22
-2.5 22.5092 0.0
-2.5 22.75 -0.3
-2.5 22.75 0.0
-2.5 22.75 2.45
-2.5 22.75 2.67
-2.5 22.7577 -0.22
-2.5 22.7577 0.0
-2.5 23.0 -0.3
-2.5 23.0 0.0
-2.5 23.0 2.45
-2.5 23.0 2.67
-2.5 23.0062 -0.22
-2.5 23.0062 0.0
-2.5 23.25 -0.3
-2.5 23.25 0.0
-2.5 23.25 2.45
-2.5 23.25 2.67
-2.5 23.2546 -0.22
-2.5 23.2546 0.0
-2.5 23.5 -0.3
-2.5 23.5 0.0
-2.5 23.5 2.45
-2.5 23.5 2.67
-2.5 23.5031 -0.22
-2.5 23.5031 0.0
-2.5 23.75 -0.3
-2.5 23.75 0.0
-2.5 23.75 2.45
-2.5 23.75 2.67
-2.5 23.7515 -0.22
-2.5 23.7515 0.0
-2.5 23.82 0.0
-2.5 23.82 0.245
-2.5 23.82 0.49
-2.5 23.82 0.735
-2.5 23.82 0.98
-2.5 23.82 1.225
-2.5 23.82 1.47
-2.5 23.82 1.715
-2.5 23.82 1.96
-2.5 23.82 2.205
-2.5 23.82 2.45
-2.5 24.0 -0.3
-2.5 24.0 -0.22
-2.5 24.0 0.0
-2.5 24.0 0.245
-2.5 24.0 0.49
-2.5 24.0 0.735
-2.5 24.0 0.98
-2.5 24.0 1.225
-2.5 24.0 1.47
-2.5 24.0 1.715
-2.5 24.0 1.96
-2.5 24.0 2.205
-2.5 24.0 2.45
-2.5 24.0 2.67
-2.5 24.25 -0.3
-2.5 24.25 0.0
-2.5 24.5 -0.3
-2.5 24.5 0.0
-2.5 24.75 -0.3
-2.5 24.75 0.0
-2.5 25.0 -0.3
-2.5 25.0 -0.15
-2.5 25.0 0.0
-2.4369 1.05 -0.18
-2.4369 1.05 0.0
-2.4369 1.3 -0.18
-2.4369 1.3 0.0
-2.4369 1.55 -0.18
-2.4369 1.55 0.0
-2.4369 1.8 -0.18
-2.4369 1.8 0.0
-2.4369 2.05 -0.18
-2.4369 2.05 0.0
-2.3885 0.85 0.0
-2.3885 0.85 0.245
-2.3885 0.85 0.49
-2.3885 0.85 0.735
-2.3885 0.85 0.98
-2.3885 0.85 1.225
-2.3885 0.85 1.47
-2.3885 0.85 1.715
-2.3885 0.85 1.96
-2.3885 0.85 2.205
-2.3885 0.85 2.45
-2.3885 1.03 0.0
-2.3885 1.03 0.245
-2.3885 1.03 0.49
-2.3885 1.03 0.735
-2.3885 1.03 0.98
-2.3885 1.03 1.225
-2.3885 1.03 1.47
-2.3885 1.03 1.715
-2.3885 1.03 1.96
-2.3885 1.03 2.205
-2.3885 1.03 2.45
-2.3885 6.67 0.0
-2.3885 6.67 0.245
-2.3885 6.67 0.49
-2.3885 6.67 0.735
-2.3885 6.67 0.98
-2.3885 6.67 1.225
-2.3885 6.67 1.47
-2.3885 6.67 1.715
-2.3885 6.67 1.96
-2.3885 6.67 2.205
-2.3885 6.67 2.45
-2.3885 6.85 0.0
-2.3885 6.85 0.245
-2.3885 6.85 0.49
-2.3885 6.85 0.735
-2.3885 6.85 0.98
-2.3885 6.85 1.225
-2.3885 6.85 1.47
-2.3885 6.85 1.715
-2.3885 6.85 1.96
-2.3885 6.85 2.205
-2.3885 6.85 2.45
-2.3333 7.85 0.0
-2.3333 7.85 0.245
-2.3333 7.85 0.49
-2.3333 7.85 0.735
-2.3333 7.85 0.98
-2.3333 7.85 1.225
-2.3333 7.85 1.47
-2.3333 7.85 1.715
-2.3333 7.85 1.96
-2.3333 7.85 2.205
-2.3333 7.85 2.45
-2.3333 8.03 0.0
-2.3333 8.03 0.245
-2.3333 8.03 0.49
-2.3333 8.03 0.735
-2.3333 8.03 0.98
-2.3333 8.03 1.225
-2.3333 8.03 1.47
-2.3333 8.03 1.715
-2.3333 8.03 1.96
-2.3333 8.03 2.205
-2.3333 8.03 2.45
-2.3333 23.73 0.0
-2.3333 23.73 0.245
-2.3333 23.73 0.49
-2.3333 23.73 0.735
-2.3333 23.73 0.98
-2.3333 23.73 1.225
-2.3333 23.73 1.47
-2.3333 23.73 1.715
-2.3333 23.73 1.96
-2.3333 23.73 2.205
-2.3333 23.73 2.45
-2.3333 23.91 0.0
-2.3333 23.91 0.245
-2.3333 23.91 0.49
-2.3333 23.91 0.735
-2.3333 23.91 0.98
-2.3333 23.91 1.225
-2.3333 23.91 1.47
-2.3333 23.91 1.715
-2.3333 23.91 1.96
-2.3333 23.91 2.205
-2.3333 23.91 2.45
-2.2669 0.0 0.0
-2.2669 0.0 0.245
-2.2669 0.0 0.49
-2.2669 0.0 0.735
-2.2669 0.0 0.98
-2.2669 0.0 1.225
-2.2669 0.0 1.47
-2.2669 0.0 1.715
-2.2669 0.0 1.96
-2.2669 0.0 2.205
-2.2669 0.0 2.45
-2.2669 0.18 0.0
-2.2669 0.18 0.245
-2.2669 0.18 0.49
-2.2669 0.18 0.735
-2.2669 0.18 0.98
-2.2669 0.18 1.225
-2.2669 0.18 1.47
-2.2669 0.18 1.715
-2.2669 0.18 1.96
-2.2669 0.18 2.205
-2.2669 0.18 2.45
-2.25 -2.4 0.0
-2.25 -2.4 0.08
-2.25 -2.16 0.0
-2.25 -2.16 0.08
-2.25 -1.92 0.0
-2.25 -1.92 0.08
-2.25 -1.68 0.0
-2.25 -1.68 0.08
-2.25 -1.44 0.0
-2.25 -1.44 0.08
-2.25 -1.2 0.0
-2.25 -1.2 0.08
-2.25 -1.0 -0.3
-2.25 -1.0 -0.15
-2.25 -1.0 0.0
-2.25 -0.96 0.0
-2.25 -0.96 0.08
-2.25 -0.75 -0.3
-2.25 -0.75 0.0
-2.25 -0.72 0.0
-2.25 -0.72 0.08
-2.25 -0.5 -0.3
-2.25 -0.5 0.0
-2.25 -0.48 0.0
-2.25 -0.48 0.08
-2.25 -0.25 -0.3
-2.25 -0.25 0.0
-2.25 -0.24 0.0
-2.25 -0.24 0.08
-2.25 0.0 -0.3
-2.25 0.0 0.0
-2.25 0.0 0.08
-2.25 0.0 2.45
-2.25 0.0 2.67
-2.25 0.25 -0.3
-2.25 0.25 0.0
-2.25 0.25 2.45
-2.25 0.25 2.67
-2.25 0.5 -0.3
-2.25 0.5 0.0
-2.25 0.5 2.45
-2.25 0.5 2.67
-2.25 0.75 -0.3
-2.25 0.75 0.0
-2.25 0.75 2.45
-2.25 0.75 2.67
-2.25 1.0 -0.3
-2.25 1.0 0.0
-2.25 1.0 2.45
-2.25 1.0 2.67
-2.25 1.25 -0.3
-2.25 1.25 0.0
-2.25 1.25 2.45
-2.25 1.25 2.67
-2.25 1.5 -0.3
-2.25 1.5 0.0
-2.25 1.5 2.45
-2.25 1.5 2.67
-2.25 1.75 -0.3
-2.25 1.75 0.0
-2.25 1.75 2.45
-2.25 1.75 2.67
-2.25 2.0 -0.3
-2.25 2.0 0.0
-2.25 2.0 2.45
-2.25 2.0 2.67
-2.25 2.25 -0.3
-2.25 2.25 0.0
-2.25 2.25 2.45
-2.25 2.25 2.67
-2.25 2.5 -0.3
-2.25 2.5 0.0
-2.25 2.5 2.45
-2.25 2.5 2.67
-2.25 2.75 -0.3
-2.25 2.75 0.0
-2.25 2.75 2.45
-2.25 2.75 2.67
-2.25 3.0 -0.3
-2.25 3.0 0.0
-2.25 3.0 2.45
-2.25 3.0 2.67
-2.25 3.25 -0.3
-2.25 3.25 0.0
-2.25 3.25 2.45
-2.25 3.25 2.67
-2.25 3.5 -0.3
-2.25 3.5 0.0
-2.25 3.5 2.45
-2.25 3.5 2.67
-2.25 3.75 -0.3
-2.25 3.75 0.0
-2.25 3.75 2.45
-2.25 3.75 2.67
-2.25 4.0 -0.3
-2.25 4.0 0.0
-2.25 4.0 2.45
-2.25 4.0 2.67
-2.25 4.25 -0.3
-2.25 4.25 0.0
-2.25 4.25 2.45
-2.25 4.25 2.67
-2.25 4.5 -0.3
-2.25 4.5 0.0
-2.25 4.5 2.45
-2.25 4.5 2.67
-2.25 4.75 -0.3
-2.25 4.75 0.0
-2.25 4.75 2.45
-2.25 4.75 2.67
-2.25 5.0 -0.3
-2.25 5.0 0.0
-2.25 5.0 2.45
-2.25 5.0 2.67
-2.25 5.25 -0.3
-2.25 5.25 0.0
-2.25 5.25 2.45
-2.25 5.25 2.67
-2.25 5.5 -0.3
-2.25 5.5 0.0
-2.25 5.5 2.45
-2.25 5.5 2.67
-2.25 5.75 -0.3
-2.25 5.75 0.0
-2.25 5.75 2.45
-2.25 5.75 2.67
-2.25 6.0 -0.3
-2.25 6.0 0.0
-2.25 6.0 2.45
-2.25 6.0 2.67
-2.25 6.25 -0.3
-2.25 6.25 0.0
-2.25 6.25 2.45
-2.25 6.25 2.67
-2.25 6.5 -0.3
-2.25 6.5 0.0
-2.25 6.5 2.45
-2.25 6.5 2.67
-2.25 6.75 -0.3
-2.25 6.75 0.0
-2.25 6.75 2.45
-2.25 6.75 2.67
-2.25 7.0 -0.3
-2.25 7.0 0.0
-2.25 7.0 2.45
-2.25 7.0 2.67
-2.25 7.25 -0.3
-2.25 7.25 0.0
-2.25 7.25 2.45
-2.25 7.25 2.67
-2.25 7.5 -0.3
-2.25 7.5 0.0
-2.25 7.5 2.45
-2.25 7.5 2.67
-2.25 7.75 -0.3
-2.25 7.75 0.0
-2.25 7.75 2.45
-2.25 7.75 2.67
-2.25 7.85 -0.22
-2.25 7.85 0.0
-2.25 8.0 -0.3
-2.25 8.0 0.0
-2.25 8.0 2.45
-2.25 8.0 2.67
-2.25 8.0985 -0.22
-2.25 8.0985 0.0
-2.25 8.25 -0.3
-2.25 8.25 0.0
-2.25 8.25 2.45
-2.25 8.25 2.67
-2.25 8.3469 -0.22
-2.25 8.3469 0.0
-2.25 8.5 -0.3
-2.25 8.5 0.0
-2.25 8.5 2.45
-2.25 8.5 2.67
-2.25 8.5954 -0.22
-2.25 8.5954 0.0
-2.25 8.75 -0.3
-2.25 8.75 0.0
-2.25 8.75 2.45
-2.25 8.75 2.67
-2.25 8.8438 -0.22
-2.25 8.8438 0.0
-2.25 9.0 -0.3
-2.25 9.0 0.0
-2.25 9.0 2.45
-2.25 9.0 2.67
-2.25 9.0923 -0.22
-2.25 9.0923 0.0
-2.25 9.25 -0.3
-2.25 9.25 0.0
-2.25 9.25 2.45
-2.25 9.25 2.67
-2.25 9.3408 -0.22
-2.25 9.3408 0.0
-2.25 9.5 -0.3
-2.25 9.5 0.0
-2.25 9.5 2.45
-2.25 9.5 2.67
-2.25 9.5892 -0.22
-2.25 9.5892 0.0
-2.25 9.75 -0.3
-2.25 9.75 0.0
-2.25 9.75 2.45
-2.25 9.75 2.67
-2.25 9.8377 -0.22
-2.25 9.8377 0.0
-2.25 10.0 -0.3
-2.25 10.0 0.0
-2.25 10.0 2.45
-2.25 10.0 2.67
-2.25 10.0862 -0.22
-2.25 10.0862 0.0
-2.25 10.25 -0.3
-2.25 10.25 0.0
-2.25 10.25 2.45
-2.25 10.25 2.67
-2.25 10.3346 -0.22
-2.25 10.3346 0.0
-2.25 10.5 -0.3
-2.25 10.5 0.0
-2.25 10.5 2.45
-2.25 10.5 2.67
-2.25 10.5831 -0.22
-2.25 10.5831 0.0
-2.25 10.75 -0.3
-2.25 10.75 0.0
-2.25 10.75 2.45
-2.25 10.75 2.67
-2.25 10.8315 -0.22
-2.25 10.8315 0.0
-2.25 11.0 -0.3
-2.25 11.0 0.0
-2.25 11.0 2.45
-2.25 11.0 2.67
-2.25 11.08 -0.22
-2.25 11.08 0.0
-2.25 11.25 -0.3
-2.25 11.25 0.0
-2.25 11.25 2.45
-2.25 11.25 2.67
-2.25 11.3285 -0.22
-2.25 11.3285 0.0
-2.25 11.5 -0.3
-2.25 11.5 0.0
-2.25 11.5 2.45
-2.25 11.5 2.67
-2.25 11.5769 -0.22
-2.25 11.5769 0.0
-2.25 11.75 -0.3
-2.25 11.75 0.0
-2.25 11.75 2.45
-2.25 11.75 2.67
-2.25 11.8254 -0.22
-2.25 11.8254 0.0
-2.25 12.0 -0.3
-2.25 12.0 0.0
-2.25 12.0 2.45
-2.25 12.0 2.67
-2.25 12.0738 -0.22
-2.25 12.0738 0.0
-2.25 12.25 -0.3
-2.25 12.25 0.0
-2.25 12.25 2.45
-2.25 12.25 2.67
-2.25 12.3223 -0.22
-2.25 12.3223 0.0
-2.25 12.5 -0.3
-2.25 12.5 0.0
-2.25 12.5 2.45
-2.25 12.5 2.67
-2.25 12.5708 -0.22
-2.25 12.5708 0.0
-2.25 12.75 -0.3
-2.25 12.75 0.0
-2.25 12.75 2.45
-2.25 12.75 2.67
-2.25 12.8192 -0.22
-2.25 12.8192 0.0
-2.25 13.0 -0.3
-2.25 13.0 0.0
-2.25 13.0 2.45
-2.25 13.0 2.67
-2.25 13.0677 -0.22
-2.25 13.0677 0.0
-2.25 13.25 -0.3
-2.25 13.25 0.0
-2.25 13.25 2.45
-2.25 13.25 2.67
-2.25 13.3162 -0.22
-2.25 13.3162 0.0
-2.25 13.5 -0.3
-2.25 13.5 0.0
-2.25 13.5 2.45
-2.25 13.5 2.67
-2.25 13.5646 -0.22
-2.25 13.5646 0.0
-2.25 13.75 -0.3
-2.25 13.75 0.0
-2.25 13.75 2.45
-2.25 13.75 2.67
-2.25 13.8131 -0.22
-2.25 13.8131 0.0
-2.25 14.0 -0.3
-2.25 14.0 0.0
-2.25 14.0 2.45
-2.25 14.0 2.67
-2.25 14.0615 -0.22
-2.25 14.0615 0.0
-2.25 14.25 -0.3
-2.25 14.25 0.0
-2.25 14.25 2.45
-2.25 14.25 2.67
-2.25 14.31 -0.22
-2.25 14.31 0.0
-2.25 14.5 -0.3
-2.25 14.5 0.0
-2.25 14.5 2.45
-2.25 14.5 2.67
-2.25 14.5585 -0.22
-2.25 14.5585 0.0
-2.25 14.75 -0.3
-2.25 14.75 0.0
-2.25 14.75 2.45
-2.25 14.75 2.67
-2.25 14.8069 -0.22
-2.25 14.8069 0.0
-2.25 15.0 -0.3
-2.25 15.0 0.0
-2.25 15.0 2.45
-2.25 15.0 2.67
-2.25 15.0554 -0.22
-2.25 15.0554 0.0
-2.25 15.25 -0.3
-2.25 15.25 0.0
-2.25 15.25 2.45
-2.25 15.25 2.67
-2.25 15.3038 -0.22
-2.25 15.3038 0.0
-2.25 15.5 -0.3
-2.25 15.5 0.0
-2.25 15.5 2.45
-2.25 15.5 2.67
-2.25 15.5523 -0.22
-2.25 15.5523 0.0
-2.25 15.75 -0.3
-2.25 15.75 0.0
-2.25 15.75 2.45
-2.25 15.75 2.67
-2.25 15.8008 -0.22
-2.25 15.8008 0.0
-2.25 16.0 -0.3
-2.25 16.0 0.0
-2.25 16.0 2.45
-2.25 16.0 2.67
-2.25 16.0492 -0.22
-2.25 16.0492 0.0
-2.25 16.25 -0.3
-2.25 16.25 0.0
-2.25 16.25 2.45
-2.25 16.25 2.67
-2.25 16.2977 -0.22
-2.25 16.2977 0.0
-2.25 16.5 -0.3
-2.25 16.5 0.0
-2.25 16.5 2.45
-2.25 16.5 2.67
-2.25 16.5462 -0.22
-2.25 16.5462 0.0
-2.25 16.75 -0.3
-2.25 16.75 0.0
-2.25 16.75 2.45
-2.25 16.75 2.67
-2.25 16.7946 -0.22
-2.25 16.7946 0.0
-2.25 17.0 -0.3
-2.25 17.0 0.0
-2.25 17.0 2.45
-2.25 17.0 2.67
-2.25 17.0431 -0.22
-2.25 17.0431 0.0
-2.25 17.25 -0.3
-2.25 17.25 0.0
-2.25 17.25 2.45
-2.25 17.25 2.67
-2.25 17.2915 -0.22
-2.25 17.2915 0.0
-2.25 17.5 -0.3
-2.25 17.5 0.0
-2.25 17.5 2.45
-2.25 17.5 2.67
-2.25 17.54 -0.22
-2.25 17.54 0.0
-2.25 17.75 -0.3
-2.25 17.75 0.0
-2.25 17.75 2.45
-2.25 17.75 2.67
-2.25 17.7885 -0.22
-2.25 17.7885 0.0
-2.25 18.0 -0.3
-2.25 18.0 0.0
-2.25 18.0 2.45
-2.25 18.0 2.67
-2.25 18.0369 -0.22
-2.25 18.0369 0.0
-2.25 18.25 -0.3
-2.25 18.25 0.0
-2.25 18.25 2.45
-2.25 18.25 2.67
-2.25 18.2854 -0.22
-2.25 18.2854 0.0
-2.25 18.5 -0.3
-2.25 18.5 0.0
-2.25 18.5 2.45
-2.25 18.5 2.67
-2.25 18.5338 -0.22
-2.25 18.5338 0.0
-2.25 18.75 -0.3
-2.25 18.75 0.0
-2.25 18.75 2.45
-2.25 18.75 2.67
-2.25 18.7823 -0.22
-2.25 18.7823 0.0
-2.25 19.0 -0.3
-2.25 19.0 0.0
-2.25 19.0 2.45
-2.25 19.0 2.67
-2.25 19.0308 -0.22
-2.25 19.0308 0.0
-2.25 19.25 -0.3
-2.25 19.25 0.0
-2.25 19.25 2.45
-2.25 19.25 2.67
-2.25 19.2792 -0.22
-2.25 19.2792 0.0
-2.25 19.5 -0.3
-2.25 19.5 0.0
-2.25 19.5 2.45
-2.25 19.5 2.67
-2.25 19.5277 -0.22
-2.25 19.5277 0.0
-2.25 19.75 -0.3
-2.25 19.75 0.0
-2.25 19.75 2.45
-2.25 19.75 2.67
-2.25 19.7762 -0.22
-2.25 19.7762 0.0
-2.25 20.0 -0.3
-2.25 20.0 0.0
-2.25 20.0 2.45
-2.25 20.0 2.67
-2.25 20.0246 -0.22
-2.25 20.0246 0.0
-2.25 20.25 -0.3
-2.25 20.25 0.0
-2.25 20.25 2.45
-2.25 20.25 2.67
-2.25 20.2731 -0.22
-2.25 20.2731 0.0
-2.25 20.5 -0.3
-2.25 20.5 0.0
-2.25 20.5 2.45
-2.25 20.5 2.67
-2.25 20.5215 -0.22
-2.25 20.5215 0.0
-2.25 20.75 -0.3
-2.25 20.75 0.0
-2.25 20.75 2.45
-2.25 20.75 2.67
-2.25 20.77 -0.22
-2.25 20.77 0.0
-2.25 21.0 -0.3
-2.25 21.0 0.0
-2.25 21.0 2.45
-2.25 21.0 2.67
-2.25 21.0185 -0.22
-2.25 21.0185 0.0
-2.25 21.25 -0.3
-2.25 21.25 0.0
-2.25 21.25 2.45
-2.25 21.25 2.67
-2.25 21.2669 -0.22
-2.25 21.2669 0.0
-2.25 21.5 -0.3
-2.25 21.5 0.0
-2.25 21.5 2.45
-2.25 21.5 2.67
-2.25 21.5154 -0.22
-2.25 21.5154 0.0
-2.25 21.75 -0.3
-2.25 21.75 0.0
-2.25 21.75 2.45
-2.25 21.75 2.67
-2.25 21.7638 -0.22
-2.25 21.7638 0.0
-2.25 22.0 -0.3
-2.25 22.0 0.0
-2.25 22.0 2.45
-2.25 22.0 2.67
-2.25 22.0123 -0.22
-2.25 22.0123 0.0
-2.25 22.25 -0.3
-2.25 22.25 0.0
-2.25 22.25 2.45
-2.25 22.25 2.67
-2.25 22.2608 -0.22
-2.25 22.2608 0.0
-2.25 22.5 -0.3
-2.25 22.5 0.0
-2.25 22.5 2.45
-2.25 22.5 2.67
-2.25 22.5092 -0.22
-2.25 22.5092 0.0
-2.25 22.75 -0.3
-2.25 22.75 0.0
-2.25 22.75 2.45
-2.25 22.75 2.67
-2.25 22.7577 -0.22
-2.25 22.7577 0.0
-2.25 23.0 -0.3
-2.25 23.0 0.0
-2.25 23.0 2.45
-2.25 23.0 2.67
-2.25 23.0062 -0.22
-2.25 23.0062 0.0
-2.25 23.25 -0.3
-2.25 23.25 0.0
-2.25 23.25 2.45
-2.25 23.25 2.67
-2.25 23.2546 -0.22
-2.25 23.2546 0.0
-2.25 23.5 -0.3
-2.25 23.5 0.0
-2.25 23.5 2.45
-2.25 23.5 2.67
-2.25 23.5031 -0.22
-2.25 23.5031 0.0
-2.25 23.75 -0.3
-2.25 23.75 0.0
-2.25 23.75 2.45
-2.25 23.75 2.67
-2.25 23.7515 -0.22
-2.25 23.7515 0.0
-2.25 23.82 0.0
-2.25 23.82 0.245
-2.25 23.82 0.49
-2.25 23.82 0.735
-2.25 23.82 0.98
-2.25 23.82 1.225
-2.25 23.82 1.47
-2.25 23.82 1.715
-2.25 23.82 1.96
-2.25 23.82 2.205
-2.25 23.82 2.45
-2.25 24.0 -0.3
-2.25 24.0 -0.22
-2.25 24.0 0.0
-2.25 24.0 0.245
-2.25 24.0 0.49
-2.25 24.0 0.735
-2.25 24.0 0.98
-2.25 24.0 1.225
-2.25 24.0 1.47
-2.25 24.0 1.715
-2.25 24.0 1.96
-2.25 24.0 2.205
-2.25 24.0 2.45
-2.25 24.0 2.67
-2.25 24.25 -0.3
-2.25 24.25 0.0
-2.25 24.5 -0.3
-2.25 24.5 0.0
-2.25 24.75 -0.3
-2.25 24.75 0.0
-2.25 25.0 -0.3
-2.25 25.0 -0.15
-2.25 25.0 0.0
-2.2046 1.05 -0.18
-2.2046 1.05 0.0
-2.2046 1.3 -0.18
-2.2046 1.3 0.0
-2.2046 1.55 -0.18
-2.2046 1.55 0.0
-2.2046 1.8 -0.18
-2.2046 1.8 0.0
-2.2046 2.05 -0.18
-2.2046 2.05 0.0
-2.1423 0.85 0.0
-2.1423 0.85 0.245
-2.1423 0.85 0.49
-2.1423 0.85 0.735
-2.1423 0.85 0.98
-2.1423 0.85 1.225
-2.1423 0.85 1.47
-2.1423 0.85 1.715
-2.1423 0.85 1.96
-2.1423 0.85 2.205
-2.1423 0.85 2.45
-2.1423 1.03 0.0
-2.1423 1.03 0.245
-2.1423 1.03 0.49
-2.1423 1.03 0.735
-2.1423 1.03 0.98
-2.1423 1.03 1.225
-2.1423 1.03 1.47
-2.1423 1.03 1.715
-2.1423 1.03 1.96
-2.1423 1.03 2.205
-2.1423 1.03 2.45
-2.1423 6.67 0.0
-2.1423 6.67 0.245
-2.1423 6.67 0.49
-2.1423 6.67 0.735
-2.1423 6.67 0.98
-2.1423 6.67 1.225
-2.1423 6.67 1.47
-2.1423 6.67 1.715
-2.1423 6.67 1.96
-2.1423 6.67 2.205
-2.1423 6.67 2.45
-2.1423 6.85 0.0
-2.1423 6.85 0.245
-2.1423 6.85 0.49
-2.1423 6.85 0.735
-2.1423 6.85 0.98
-2.1423 6.85 1.225
-2.1423 6.85 1.47
-2.1423 6.85 1.715
-2.1423 6.85 1.96
-2.1423 6.85 2.205
-2.1423 6.85 2.45
-2.0867 7.85 0.0
-2.0867 7.85 0.245
-2.0867 7.85 0.49
-2.0867 7.85 0.735
-2.0867 7.85 0.98
-2.0867 7.85 1.225
-2.0867 7.85 1.47
-2.0867 7.85 1.715
-2.0867 7.85 1.96
-2.0867 7.85 2.205
-2.0867 7.85 2.45
-2.0867 8.03 0.0
-2.0867 8.03 0.245
-2.0867 8.03 0.49
-2.0867 8.03 0.735
-2.0867 8.03 0.98
-2.0867 8.03 1.225
-2.0867 8.03 1.47
-2.0867 8.03 1.715
-2.0867 8.03 1.96
-2.0867 8.03 2.205
-2.0867 8.03 2.45
-2.0867 23.73 0.0
-2.0867 23.73 0.245
-2.0867 23.73 0.49
-2.0867 23.73 0.735
-2.0867 23.73 0.98
-2.0867 23.73 1.225
-2.0867 23.73 1.47
-2.0867 23.73 1.715
-2.0867 23.73 1.96
-2.0867 23.73 2.205
-2.0867 23.73 2.45
-2.0867 23.91 0.0
-2.0867 23.91 0.245
-2.0867 23.91 0.49
-2.0867 23.91 0.735
-2.0867 23.91 0.98
-2.0867 23.91 1.225
-2.0867 23.91 1.47
-2.0867 23.91 1.715
-2.0867 23.91 1.96
-2.0867 23.91 2.205
-2.0867 23.91 2.45
-2.0175 0.0 0.0
-2.0175 0.0 0.245
-2.0175 0.0 0.49
-2.0175 0.0 0.735
-2.0175 0.0 0.98
-2.0175 0.0 1.225
-2.0175 0.0 1.47
-2.0175 0.0 1.715
-2.0175 0.0 1.96
-2.0175 0.0 2.205
-2.0175 0.0 2.45
-2.0175 0.18 0.0
-2.0175 0.18 0.245
-2.0175 0.18 0.49
-2.0175 0.18 0.735
-2.0175 0.18 0.98
-2.0175 0.18 1.225
-2.0175 0.18 1.47
-2.0175 0.18 1.715
-2.0175 0.18 1.96
-2.0175 0.18 2.205
-2.0175 0.18 2.45
-2.0 -2.4 0.0
-2.0 -2.4 0.08
-2.0 -2.16 0.0
-2.0 -2.16 0.08
-2.0 -1.92 0.0
-2.0 -1.92 0.08
-2.0 -1.68 0.0
-2.0 -1.68 0.08
-2.0 -1.44 0.0
-2.0 -1.44 0.08
-2.0 -1.2 0.0
-2.0 -1.2 0.08
-2.0 -1.0 -0.3
-2.0 -1.0 -0.15
-2.0 -1.0 0.0
-2.0 -0.96 0.0
-2.0 -0.96 0.08
-2.0 -0.75 -0.3
-2.0 -0.75 0.0
-2.0 -0.72 0.0
-2.0 -0.72 0.08
-2.0 -0.5 -0.3
-2.0 -0.5 0.0
-2.0 -0.48 0.0
-2.0 -0.48 0.08
-2.0 -0.25 -0.3
-2.0 -0.25 0.0
-2.0 -0.24 0.0
-2.0 -0.24 0.08
-2.0 0.0 -0.3
-2.0 0.0 0.0
-2.0 0.0 0.08
-2.0 0.0 2.45
-2.0 0.0 2.67
-2.0 0.25 -0.3
-2.0 0.25 0.0
-2.0 0.25 2.45
-2.0 0.25 2.67
-2.0 0.5 -0.3
-2.0 0.5 0.0
-2.0 0.5 2.45
-2.0 0.5 2.67
-2.0 0.75 -0.3
-2.0 0.75 0.0
-2.0 0.75 2.45
-2.0 0.75 2.67
-2.0 1.0 -0.3
-2.0 1.0 0.0
-2.0 1.0 2.45
-2.0 1.0 2.67
-2.0 1.25 -0.3
-2.0 1.25 0.0
-2.0 1.25 2.45
-2.0 1.25 2.67
-2.0 1.5 -0.3
-2.0 1.5 0.0
-2.0 1.5 2.45
-2.0 1.5 2.67
-2.0 1.75 -0.3
-2.0 1.75 0.0
-2.0 1.75 2.45
-2.0 1.75 2.67
-2.0 2.0 -0.3
-2.0 2.0 0.0
-2.0 2.0 2.45
-2.0 2.0 2.67
-2.0 2.25 -0.3
-2.0 2.25 0.0
-2.0 2.25 2.45
-2.0 2.25 2.67
-2.0 2.5 -0.3
-2.0 2.5 0.0
-2.0 2.5 2.45
-2.0 2.5 2.67
-2.0 2.75 -0.3
-2.0 2.75 0.0
-2.0 2.75 2.45
-2.0 2.75 2.67
-2.0 3.0 -0.3
-2.0 3.0 0.0
-2.0 3.0 2.45
-2.0 3.0 2.67
-2.0 3.25 -0.3
-2.0 3.25 0.0
-2.0 3.25 2.45
-2.0 3.25 2.67
-2.0 3.5 -0.3
-2.0 3.5 0.0
-2.0 3.5 2.45
-2.0 3.5 2.67
-2.0 3.75 -0.3
-2.0 3.75 0.0
-2.0 3.75 2.45
-2.0 3.75 2.67
-2.0 4.0 -0.3
-2.0 4.0 0.0
-2.0 4.0 2.45
-2.0 4.0 2.67
-2.0 4.25 -0.3
-2.0 4.25 0.0
-2.0 4.25 2.45
-2.0 4.25 2.67
-2.0 4.5 -0.3
-2.0 4.5 0.0
-2.0 4.5 2.45
-2.0 4.5 2.67
-2.0 4.75 -0.3
-2.0 4.75 0.0
-2.0 4.75 2.45
-2.0 4.75 2.67
-2.0 5.0 -0.3
-2.0 5.0 0.0
-2.0 5.0 2.45
-2.0 5.0 2.67
-2.0 5.25 -0.3
-2.0 5.25 0.0
-2.0 5.25 2.45
-2.0 5.25 2.67
-2.0 5.5 -0.3
-2.0 5.5 0.0
-2.0 5.5 2.45
-2.0 5.5 2.67
-2.0 5.75 -0.3
-2.0 5.75 0.0
-2.0 5.75 2.45
-2.0 5.75 2.67
-2.0 6.0 -0.3
-2.0 6.0 0.0
-2.0 6.0 2.45
-2.0 6.0 2.67
-2.0 6.25 -0.3
-2.0 6.25 0.0
-2.0 6.25 2.45
-2.0 6.25 2.67
-2.0 6.5 -0.3
-2.0 6.5 0.0
-2.0 6.5 2.45
-2.0 6.5 2.67
-2.0 6.75 -0.3
-2.0 6.75 0.0
-2.0 6.75 2.45
-2.0 6.75 2.67
-2.0 7.0 -0.3
-2.0 7.0 0.0
-2.0 7.0 2.45
-2.0 7.0 2.67
-2.0 7.25 -0.3
-2.0 7.25 0.0
-2.0 7.25 2.45
-2.0 7.25 2.67
-2.0 7.5 -0.3
-2.0 7.5 0.0
-2.0 7.5 2.45
-2.0 7.5 2.67
-2.0 7.75 -0.3
-2.0 7.75 0.0
-2.0 7.75 2.45
-2.0 7.75 2.67
-2.0 7.85 -0.22
-2.0 7.85 0.0
-2.0 8.0 -0.3
-2.0 8.0 0.0
-2.0 8.0 2.45
-2.0 8.0 2.67
-2.0 8.0985 -0.22
-2.0 8.0985 0.0
-2.0 8.25 -0.3
-2.0 8.25 0.0
-2.0 8.25 2.45
-2.0 8.25 2.67
-2.0 8.3469 -0.22
-2.0 8.3469 0.0
-2.0 8.5 -0.3
-2.0 8.5 0.0
-2.0 8.5 2.45
-2.0 8.5 2.67
-2.0 8.5954 -0.22
-2.0 8.5954 0.0
-2.0 8.75 -0.3
-2.0 8.75 0.0
-2.0 8.75 2.45
-2.0 8.75 2.67
-2.0 8.8438 -0.22
-2.0 8.8438 0.0
-2.0 9.0 -0.3
-2.0 9.0 0.0
-2.0 9.0 2.45
-2.0 9.0 2.67
-2.0 9.0923 -0.22
-2.0 9.0923 0.0
-2.0 9.25 -0.3
-2.0 9.25 0.0
-2.0 9.25 2.45
-2.0 9.25 2.67
-2.0 9.3408 -0.22
-2.0 9.3408 0.0
-2.0 9.5 -0.3
-2.0 9.5 0.0
-2.0 9.5 2.45
-2.0 9.5 2.67
-2.0 9.5892 -0.22
-2.0 9.5892 0.0
-2.0 9.75 -0.3
-2.0 9.75 0.0
-2.0 9.75 2.45
-2.0 9.75 2.67
-2.0 9.8377 -0.22
-2.0 9.8377 0.0
-2.0 10.0 -0.3
-2.0 10.0 0.0
-2.0 10.0 2.45
-2.0 10.0 2.67
-2.0 10.0862 -0.22
-2.0 10.0862 0.0
-2.0 10.25 -0.3
-2.0 10.25 0.0
-2.0 10.25 2.45
-2.0 10.25 2.67
-2.0 10.3346 -0.22
-2.0 10.3346 0.0
-2.0 10.5 -0.3
-2.0 10.5 0.0
-2.0 10.5 2.45
-2.0 10.5 2.67
-2.0 10.5831 -0.22
-2.0 10.5831 0.0
-2.0 10.75 -0.3
-2.0 10.75 0.0
-2.0 10.75 2.45
-2.0 10.75 2.67
-2.0 10.8315 -0.22
-2.0 10.8315 0.0
-2.0 11.0 -0.3
-2.0 11.0 0.0
-2.0 11.0 2.45
-2.0 11.0 2.67
-2.0 11.08 -0.22
-2.0 11.08 0.0
-2.0 11.25 -0.3
-2.0 11.25 0.0
-2.0 11.25 2.45
-2.0 11.25 2.67
-2.0 11.3285 -0.22
-2.0 11.3285 0.0
-2.0 11.5 -0.3
-2.0 11.5 0.0
-2.0 11.5 2.45
-2.0 11.5 2.67
-2.0 11.5769 -0.22
-2.0 11.5769 0.0
-2.0 11.75 -0.3
-2.0 11.75 0.0
-2.0 11.75 2.45
-2.0 11.75 2.67
-2.0 11.8254 -0.22
-2.0 11.8254 0.0
-2.0 12.0 -0.3
-2.0 12.0 0.0
-2.0 12.0 2.45
-2.0 12.0 2.67
-2.0 12.0738 -0.22
-2.0 12.0738 0.0
-2.0 12.25 -0.3
-2.0 12.25 0.0
-2.0 12.25 2.45
-2.0 12.25 2.67
-2.0 12.3223 -0.22
-2.0 12.3223 0.0
-2.0 12.5 -0.3
-2.0 12.5 0.0
-2.0 12.5 2.45
-2.0 12.5 2.67
-2.0 12.5708 -0.22
-2.0 12.5708 0.0
-2.0 12.75 -0.3
-2.0 12.75 0.0
-2.0 12.75 2.45
-2.0 12.75 2.67
-2.0 12.8192 -0.22
-2.0 12.8192 0.0
-2.0 13.0 -0.3
-2.0 13.0 0.0
-2.0 13.0 2.45
-2.0 13.0 2.67
-2.0 13.0677 -0.22
-2.0 13.0677 0.0
-2.0 13.25 -0.3
-2.0 13.25 0.0
-2.0 13.25 2.45
-2.0 13.25 2.67
-2.0 13.3162 -0.22
-2.0 13.3162 0.0
-2.0 13.5 -0.3
-2.0 13.5 0.0
-2.0 13.5 2.45
-2.0 13.5 2.67
-2.0 13.5646 -0.22
-2.0 13.5646 0.0
-2.0 13.75 -0.3
-2.0 13.75 0.0
-2.0 13.75 2.45
-2.0 13.75 2.67
-2.0 13.8131 -0.22
-2.0 13.8131 0.0
-2.0 14.0 -0.3
-2.0 14.0 0.0
-2.0 14.0 2.45
-2.0 14.0 2.67
-2.0 14.0615 -0.22
-2.0 14.0615 0.0
-2.0 14.25 -0.3
-2.0 14.25 0.0
-2.0 14.25 2.45
-2.0 14.25 2.67
-2.0 14.31 -0.22
-2.0 14.31 0.0
-2.0 14.5 -0.3
-2.0 14.5 0.0
-2.0 14.5 2.45
-2.0 14.5 2.67
-2.0 14.5585 -0.22
-2.0 14.5585 0.0
-2.0 14.75 -0.3
-2.0 14.75 0.0
-2.0 14.75 2.45
-2.0 14.75 2.67
-2.0 14.8069 -0.22
-2.0 14.8069 0.0
-2.0 15.0 -0.3
-2.0 15.0 0.0
-2.0 15.0 2.45
-2.0 15.0 2.67
-2.0 15.0554 -0.22
-2.0 15.0554 0.0
-2.0 15.25 -0.3
-2.0 15.25 0.0
-2.0 15.25 2.45
-2.0 15.25 2.67
-2.0 15.3038 -0.22
-2.0 15.3038 0.0
-2.0 15.5 -0.3
-2.0 15.5 0.0
-2.0 15.5 2.45
-2.0 15.5 2.67
-2.0 15.5523 -0.22
-2.0 15.5523 0.0
-2.0 15.75 -0.3
-2.0 15.75 0.0
-2.0 15.75 2.45
-2.0 15.75 2.67
-2.0 15.8008 -0.22
-2.0 15.8008 0.0
-2.0 16.0 -0.3
-2.0 16.0 0.0
-2.0 16.0 2.45
-2.0 16.0 2.67
-2.0 16.0492 -0.22
-2.0 16.0492 0.0
-2.0 16.25 -0.3
-2.0 16.25 0.0
-2.0 16.25 2.45
-2.0 16.25 2.67
-2.0 16.2977 -0.22
-2.0 16.2977 0.0
-2.0 16.5 -0.3
-2.0 16.5 0.0
-2.0 16.5 2.45
-2.0 16.5 2.67
-2.0 16.5462 -0.22
-2.0 16.5462 0.0
-2.0 16.75 -0.3
-2.0 16.75 0.0
-2.0 16.75 2.45
-2.0 16.75 2.67
-2.0 16.7946 -0.22
-2.0 16.7946 0.0
-2.0 17.0 -0.3
-2.0 17.0 0.0
-2.0 17.0 2.45
-2.0 17.0 2.67
-2.0 17.0431 -0.22
-2.0 17.0431 0.0
-2.0 17.25 -0.3
-2.0 17.25 0.0
-2.0 17.25 2.45
-2.0 17.25 2.67
-2.0 17.2915 -0.22
-2.0 17.2915 0.0
-2.0 17.5 -0.3
-2.0 17.5 0.0
-2.0 17.5 2.45
-2.0 17.5 2.67
-2.0 17.54 -0.22
-2.0 17.54 0.0
-2.0 17.75 -0.3
-2.0 17.75 0.0
-2.0 17.75 2.45
-2.0 17.75 2.67
-2.0 17.7885 -0.22
-2.0 17.7885 0.0
-2.0 18.0 -0.3
-2.0 18.0 0.0
-2.0 18.0 2.45
-2.0 18.0 2.67
-2.0 18.0369 -0.22
-2.0 18.0369 0.0
-2.0 18.25 -0.3
-2.0 18.25 0.0
-2.0 18.25 2.45
-2.0 18.25 2.67
-2.0 18.2854 -0.22
-2.0 18.2854 0.0
-2.0 18.5 -0.3
-2.0 18.5 0.0
-2.0 18.5 2.45
-2.0 18.5 2.67
-2.0 18.5338 -0.22
-2.0 18.5338 0.0
-2.0 18.75 -0.3
-2.0 18.75 0.0
-2.0 18.75 2.45
-2.0 18.75 2.67
-2.0 18.7823 -0.22
-2.0 18.7823 0.0
-2.0 19.0 -0.3
-2.0 19.0 0.0
-2.0 19.0 2.45
-2.0 19.0 2.67
-2.0 19.0308 -0.22
-2.0 19.0308 0.0
-2.0 19.25 -0.3
-2.0 19.25 0.0
-2.0 19.25 2.45
-2.0 19.25 2.67
-2.0 19.2792 -0.22
-2.0 19.2792 0.0
-2.0 19.5 -0.3
-2.0 19.5 0.0
-2.0 19.5 2.45
-2.0 19.5 2.67
-2.0 19.5277 -0.22
-2.0 19.5277 0.0
-2.0 19.75 -0.3
-2.0 19.75 0.0
-2.0 19.75 2.45
-2.0 19.75 2.67
-2.0 19.7762 -0.22
-2.0 19.7762 0.0
-2.0 20.0 -0.3
-2.0 20.0 0.0
-2.0 20.0 2.45
-2.0 20.0 2.67
-2.0 20.0246 -0.22
-2.0 20.0246 0.0
-2.0 20.25 -0.3
-2.0 20.25 0.0
-2.0 20.25 2.45
-2.0 20.25 2.67
-2.0 20.2731 -0.22
-2.0 20.2731 0.0
-2.0 20.5 -0.3
-2.0 20.5 0.0
-2.0 20.5 2.45
-2.0 20.5 2.67
-2.0 20.5215 -0.22
-2.0 20.5215 0.0
-2.0 20.75 -0.3
-2.0 20.75 0.0
-2.0 20.75 2.45
-2.0 20.75 2.67
-2.0 20.77 -0.22
-2.0 20.77 0.0
-2.0 21.0 -0.3
-2.0 21.0 0.0
-2.0 21.0 2.45
-2.0 21.0 2.67
-2.0 21.0185 -0.22
-2.0 21.0185 0.0
-2.0 21.25 -0.3
-2.0 21.25 0.0
-2.0 21.25 2.45
-2.0 21.25 2.67
-2.0 21.2669 -0.22
-2.0 21.2669 0.0
-2.0 21.5 -0.3
-2.0 21.5 0.0
-2.0 21.5 2.45
-2.0 21.5 2.67
-2.0 21.5154 -0.22
-2.0 21.5154 0.0
-2.0 21.75 -0.3
-2.0 21.75 0.0
-2.0 21.75 2.45
-2.0 21.75 2.67
-2.0 21.7638 -0.22
-2.0 21.7638 0.0
-2.0 22.0 -0.3
-2.0 22.0 0.0
-2.0 22.0 2.45
-2.0 22.0 2.67
-2.0 22.0123 -0.22
-2.0 22.0123 0.0
-2.0 22.25 -0.3
-2.0 22.25 0.0
-2.0 22.25 2.45
-2.0 22.25 2.67
-2.0 22.2608 -0.22
-2.0 22.2608 0.0
-2.0 22.5 -0.3
-2.0 22.5 0.0
-2.0 22.5 2.45
-2.0 22.5 2.67
-2.0 22.5092 -0.22
-2.0 22.5092 0.0
-2.0 22.75 -0.3
-2.0 22.75 0.0
-2.0 22.75 2.45
-2.0 22.75 2.67
-2.0 22.7577 -0.22
-2.0 22.7577 0.0
-2.0 23.0 -0.3
-2.0 23.0 0.0
-2.0 23.0 2.45
-2.0 23.0 2.67
-2.0 23.0062 -0.22
-2.0 23.0062 0.0
-2.0 23.25 -0.3
-2.0 23.25 0.0
-2.0 23.25 2.45
-2.0 23.25 2.67
-2.0 23.2546 -0.22
-2.0 23.2546 0.0
-2.0 23.5 -0.3
-2.0 23.5 0.0
-2.0 23.5 2.45
-2.0 23.5 2.67
-2.0 23.5031 -0.22
-2.0 23.5031 0.0
-2.0 23.75 -0.3
-2.0 23.75 0.0
-2.0 23.75 2.45
-2.0 23.75 2.67
-2.0 23.7515 -0.22
-2.0 23.7515 0.0
-2.0 23.82 0.0
-2.0 23.82 0.245
-2.0 23.82 0.49
-2.0 23.82 0.735
-2.0 23.82 0.98
-2.0 23.82 1.225
-2.0 23.82 1.47
-2.0 23.82 1.715
-2.0 23.82 1.96
-2.0 23.82 2.205
-2.0 23.82 2.45
-2.0 24.0 -0.3
-2.0 24.0 -0.22
-2.0 24.0 0.0
-2.0 24.0 0.245
-2.0 24.0 0.49
-2.0 24.0 0.735
-2.0 24.0 0.98
-2.0 24.0 1.225
-2.0 24.0 1.47
-2.0 24.0 1.715
-2.0 24.0 1.96
-2.0 24.0 2.205
-2.0 24.0 2.45
-2.0 24.0 2.67
-2.0 24.25 -0.3
-2.0 24.25 0.0
-2.0 24.5 -0.3
-2.0 24.5 0.0
-2.0 24.75 -0.3
-2.0 24.75 0.0
-2.0 25.0 -0.3
-2.0 25.0 -0.15
-2.0 25.0 0.0
-1.9723 1.05 -0.18
-1.9723 1.05 0.0
-1.9723 1.3 -0.18
-1.9723 1.3 0.0
-1.9723 1.55 -0.18
-1.9723 1.55 0.0
-1.9723 1.8 -0.18
-1.9723 1.8 0.0
-1.9723 2.05 -0.18
-1.9723 2.05 0.0
-1.8962 0.85 0.0
-1.8962 0.85 0.245
-1.8962 0.85 0.49
-1.8962 0.85 0.735
-1.8962 0.85 0.98
-1.8962 0.85 1.225
-1.8962 0.85 1.47
-1.8962 0.85 1.715
-1.8962 0.85 1.96
-1.8962 0.85 2.205
-1.8962 0.85 2.45
-1.8962 1.03 0.0
-1.8962 1.03 0.245
-1.8962 1.03 0.49
-1.8962 1.03 0.735
-1.8962 1.03 0.98
-1.8962 1.03 1.225
-1.8962 1.03 1.47
-1.8962 1.03 1.715
-1.8962 1.03 1.96
-1.8962 1.03 2.205
-1.8962 1.03 2.45
-1.8962 6.67 0.0
-1.8962 6.67 0.245
-1.8962 6.67 0.49
-1.8962 6.67 0.735
-1.8962 6.67 0.98
-1.8962 6.67 1.225
-1.8962 6.67 1.47
-1.8962 6.67 1.715
-1.8962 6.67 1.96
-1.8962 6.67 2.205
-1.8962 6.67 2.45
-1.8962 6.85 0.0
-1.8962 6.85 0.245
-1.8962 6.85 0.49
-1.8962 6.85 0.735
-1.8962 6.85 0.98
-1.8962 6.85 1.225
-1.8962 6.85 1.47
-1.8962 6.85 1.715
-1.8962 6.85 1.96
-1.8962 6.85 2.205
-1.8962 6.85 2.45
-1.84 7.85 0.0
-1.84 7.85 0.245
-1.84 7.85 0.49
-1.84 7.85 0.735
-1.84 7.85 0.98
-1.84 7.85 1.225
-1.84 7.85 1.47
-1.84 7.85 1.715
-1.84 7.85 1.96
-1.84 7.85 2.205
-1.84 7.85 2.45
-1.84 8.03 0.0
-1.84 8.03 0.245
-1.84 8.03 0.49
-1.84 8.03 0.735
-1.84 8.03 0.98
-1.84 8.03 1.225
-1.84 8.03 1.47
-1.84 8.03 1.715
-1.84 8.03 1.96
-1.84 8.03 2.205
-1.84 8.03 2.45
-1.84 23.73 0.0
-1.84 23.73 0.245
-1.84 23.73 0.49
-1.84 23.73 0.735
-1.84 23.73 0.98
-1.84 23.73 1.225
-1.84 23.73 1.47
-1.84 23.73 1.715
-1.84 23.73 1.96
-1.84 23.73 2.205
-1.84 23.73 2.45
-1.84 23.91 0.0
-1.84 23.91 0.245
-1.84 23.91 0.49
-1.84 23.91 0.735
-1.84 23.91 0.98
-1.84 23.91 1.225
-1.84 23.91 1.47
-1.84 23.91 1.715
-1.84 23.91 1.96
-1.84 23.91 2.205
-1.84 23.91 2.45
-1.7681 0.0 0.0
-1.7681 0.0 0.245
-1.7681 0.0 0.49
-1.7681 0.0 0.735
-1.7681 0.0 0.98
-1.7681 0.0 1.225
-1.7681 0.0 1.47
-1.7681 0.0 1.715
-1.7681 0.0 1.96
-1.7681 0.0 2.205
-1.7681 0.0 2.45
-1.7681 0.18 0.0
-1.7681 0.18 0.245
-1.7681 0.18 0.49
-1.7681 0.18 0.735
-1.7681 0.18 0.98
-1.7681 0.18 1.225
-1.7681 0.18 1.47
-1.7681 0.18 1.715
-1.7681 0.18 1.96
-1.7681 0.18 2.205
-1.7681 0.18 2.45
-1.75 -2.4 0.0
-1.75 -2.4 0.08
-1.75 -2.16 0.0
-1.75 -2.16 0.08
-1.75 -1.92 0.0
-1.75 -1.92 0.08
-1.75 -1.68 0.0
-1.75 -1.68 0.08
-1.75 -1.44 0.0
-1.75 -1.44 0.08
-1.75 -1.2 0.0
-1.75 -1.2 0.08
-1.75 -1.0 -0.3
-1.75 -1.0 -0.15
-1.75 -1.0 0.0
-1.75 -0.96 0.0
-1.75 -0.96 0.08
-1.75 -0.75 -0.3
-1.75 -0.75 0.0
-1.75 -0.72 0.0
-1.75 -0.72 0.08
-1.75 -0.5 -0.3
-1.75 -0.5 0.0
-1.75 -0.48 0.0
-1.75 -0.48 0.08
-1.75 -0.25 -0.3
-1.75 -0.25 0.0
-1.75 -0.24 0.0
-1.75 -0.24 0.08
-1.75 0.0 -0.3
-1.75 0.0 0.0
-1.75 0.0 0.08
-1.75 0.0 2.45
-1.75 0.0 2.67
-1.75 0.25 -0.3
-1.75 0.25 0.0
-1.75 0.25 2.45
-1.75 0.25 2.67
-1.75 0.5 -0.3
-1.75 0.5 0.0
-1.75 0.5 2.45
-1.75 0.5 2.67
-1.75 0.75 -0.3
-1.75 0.75 0.0
-1.75 0.75 2.45
-1.75 0.75 2.67
-1.75 1.0 -0.3
-1.75 1.0 0.0
-1.75 1.0 2.45
-1.75 1.0 2.67
-1.75 1.25 -0.3
-1.75 1.25 0.0
-1.75 1.25 2.45
-1.75 1.25 2.67
-1.75 1.5 -0.3
-1.75 1.5 0.0
-1.75 1.5 2.45
-1.75 1.5 2.67
-1.75 1.75 -0.3
-1.75 1.75 0.0
-1.75 1.75 2.45
-1.75 1.75 2.67
-1.75 2.0 -0.3
-1.75 2.0 0.0
-1.75 2.0 2.45
-1.75 2.0 2.67
-1.75 2.25 -0.3
-1.75 2.25 0.0
-1.75 2.25 2.45
-1.75 2.25 2.67
-1.75 2.5 -0.3
-1.75 2.5 0.0
-1.75 2.5 2.45
-1.75 2.5 2.67
-1.75 2.75 -0.3
-1.75 2.75 0.0
-1.75 2.75 2.45
-1.75 2.75 2.67
-1.75 3.0 -0.3
-1.75 3.0 0.0
-1.75 3.0 2.45
-1.75 3.0 2.67
-1.75 3.25 -0.3
-1.75 3.25 0.0
-1.75 3.25 2.45
-1.75 3.25 2.67
-1.75 3.5 -0.3
-1.75 3.5 0.0
-1.75 3.5 2.45
-1.75 3.5 2.67
-1.75 3.75 -0.3
-1.75 3.75 0.0
-1.75 3.75 2.45
-1.75 3.75 2.67
-1.75 4.0 -0.3
-1.75 4.0 0.0
-1.75 4.0 2.45
-1.75 4.0 2.67
-1.75 4.25 -0.3
-1.75 4.25 0.0
-1.75 4.25 2.45
-1.75 4.25 2.67
-1.75 4.5 -0.3
-1.75 4.5 0.0
-1.75 4.5 2.45
-1.75 4.5 2.67
-1.75 4.75 -0.3
-1.75 4.75 0.0
-1.75 4.75 2.45
-1.75 4.75 2.67
-1.75 5.0 -0.3
-1.75 5.0 0.0
-1.75 5.0 2.45
-1.75 5.0 2.67
-1.75 5.25 -0.3
-1.75 5.25 0.0
-1.75 5.25 2.45
-1.75 5.25 2.67
-1.75 5.5 -0.3
-1.75 5.5 0.0
-1.75 5.5 2.45
-1.75 5.5 2.67
-1.75 5.75 -0.3
-1.75 5.75 0.0
-1.75 5.75 2.45
-1.75 5.75 2.67
-1.75 6.0 -0.3
-1.75 6.0 0.0
-1.75 6.0 2.45
-1.75 6.0 2.67
-1.75 6.25 -0.3
-1.75 6.25 0.0
-1.75 6.25 2.45
-1.75 6.25 2.67
-1.75 6.5 -0.3
-1.75 6.5 0.0
-1.75 6.5 2.45
-1.75 6.5 2.67
-1.75 6.75 -0.3
-1.75 6.75 0.0
-1.75 6.75 2.45
-1.75 6.75 2.67
-1.75 7.0 -0.3
-1.75 7.0 0.0
-1.75 7.0 2.45
-1.75 7.0 2.67
-1.75 7.25 -0.3
-1.75 7.25 0.0
-1.75 7.25 2.45
-1.75 7.25 2.67
-1.75 7.5 -0.3
-1.75 7.5 0.0
-1.75 7.5 2.45
-1.75 7.5 2.67
-1.75 7.75 -0.3
-1.75 7.75 0.0
-1.75 7.75 2.45
-1.75 7.75 2.67
-1.75 7.85 -0.22
-1.75 7.85 0.0
-1.75 8.0 -0.3
-1.75 8.0 0.0
-1.75 8.0 2.45
-1.75 8.0 2.67
-1.75 8.0985 -0.22
-1.75 8.0985 0.0
-1.75 8.25 -0.3
-1.75 8.25 0.0
-1.75 8.25 2.45
-1.75 8.25 2.67
-1.75 8.3469 -0.22
-1.75 8.3469 0.0
-1.75 8.5 -0.3
-1.75 8.5 0.0
-1.75 8.5 2.45
-1.75 8.5 2.67
-1.75 8.5954 -0.22
-1.75 8.5954 0.0
-1.75 8.75 -0.3
-1.75 8.75 0.0
-1.75 8.75 2.45
-1.75 8.75 2.67
-1.75 8.8438 -0.22
-1.75 8.8438 0.0
-1.75 9.0 -0.3
-1.75 9.0 0.0
-1.75 9.0 2.45
-1.75 9.0 2.67
-1.75 9.0923 -0.22
-1.75 9.0923 0.0
-1.75 9.25 -0.3
-1.75 9.25 0.0
-1.75 9.25 2.45
-1.75 9.25 2.67
-1.75 9.3408 -0.22
-1.75 9.3408 0.0
-1.75 9.5 -0.3
-1.75 9.5 0.0
-1.75 9.5 2.45
-1.75 9.5 2.67
-1.75 9.5892 -0.22
-1.75 9.5892 0.0
-1.75 9.75 -0.3
-1.75 9.75 0.0
-1.75 9.75 2.45
-1.75 9.75 2.67
-1.75 9.8377 -0.22
-1.75 9.8377 0.0
-1.75 10.0 -0.3
-1.75 10.0 0.0
-1.75 10.0 2.45
-1.75 10.0 2.67
-1.75 10.0862 -0.22
-1.75 10.0862 0.0
-1.75 10.25 -0.3
-1.75 10.25 0.0
-1.75 10.25 2.45
-1.75 10.25 2.67
-1.75 10.3346 -0.22
-1.75 10.3346 0.0
-1.75 10.5 -0.3
-1.75 10.5 0.0
-1.75 10.5 2.45
-1.75 10.5 2.67
-1.75 10.5831 -0.22
-1.75 10.5831 0.0
-1.75 10.75 -0.3
-1.75 10.75 0.0
-1.75 10.75 2.45
-1.75 10.75 2.67
-1.75 10.8315 -0.22
-1.75 10.8315 0.0
-1.75 11.0 -0.3
-1.75 11.0 0.0
-1.75 11.0 2.45
-1.75 11.0 2.67
-1.75 11.08 -0.22
-1.75 11.08 0.0
-1.75 11.25 -0.3
-1.75 11.25 0.0
-1.75 11.25 2.45
-1.75 11.25 2.67
-1.75 11.3285 -0.22
-1.75 11.3285 0.0
-1.75 11.5 -0.3
-1.75 11.5 0.0
-1.75 11.5 2.45
-1.75 11.5 2.67
-1.75 11.5769 -0.22
-1.75 11.5769 0.0
-1.75 11.75 -0.3
-1.75 11.75 0.0
-1.75 11.75 2.45
-1.75 11.75 2.67
-1.75 11.8254 -0.22
-1.75 11.8254 0.0
-1.75 12.0 -0.3
-1.75 12.0 0.0
-1.75 12.0 2.45
-1.75 12.0 2.67
-1.75 12.0738 -0.22
-1.75 12.0738 0.0
-1.75 12.25 -0.3
-1.75 12.25 0.0
-1.75 12.25 2.45
-1.75 12.25 2.67
-1.75 12.3223 -0.22
-1.75 12.3223 0.0
-1.75 12.5 -0.3
-1.75 12.5 0.0
-1.75 12.5 2.45
-1.75 12.5 2.67
-1.75 12.5708 -0.22
-1.75 12.5708 0.0
-1.75 12.75 -0.3
-1.75 12.75 0.0
-1.75 12.75 2.45
-1.75 12.75 2.67
-1.75 12.8192 -0.22
-1.75 12.8192 0.0
-1.75 13.0 -0.3
-1.75 13.0 0.0
-1.75 13.0 2.45
-1.75 13.0 2.67
-1.75 13.0677 -0.22
-1.75 13.0677 0.0
-1.75 13.25 -0.3
-1.75 13.25 0.0
-1.75 13.25 2.45
-1.75 13.25 2.67
-1.75 13.3162 -0.22
-1.75 13.3162 0.0
-1.75 13.5 -0.3
-1.75 13.5 0.0
-1.75 13.5 2.45
-1.75 13.5 2.67
-1.75 13.5646 -0.22
-1.75 13.5646 0.0
-1.75 13.75 -0.3
-1.75 13.75 0.0
-1.75 13.75 2.45
-1.75 13.75 2.67
-1.75 13.8131 -0.22
-1.75 13.8131 0.0
-1.75 14.0 -0.3
-1.75 14.0 0.0
-1.75 14.0 2.45
-1.75 14.0 2.67
-1.75 14.0615 -0.22
-1.75 14.0615 0.0
-1.75 14.25 -0.3
-1.75 14.25 0.0
-1.75 14.25 2.45
-1.75 14.25 2.67
-1.75 14.31 -0.22
-1.75 14.31 0.0
-1.75 14.5 -0.3
-1.75 14.5 0.0
-1.75 14.5 2.45
-1.75 14.5 2.67
-1.75 14.5585 -0.22
-1.75 14.5585 0.0
-1.75 14.75 -0.3
-1.75 14.75 0.0
-1.75 14.75 2.45
-1.75 14.75 2.67
-1.75 14.8069 -0.22
-1.75 14.8069 0.0
-1.75 15.0 -0.3
-1.75 15.0 0.0
-1.75 15.0 2.45
-1.75 15.0 2.67
-1.75 15.0554 -0.22
-1.75 15.0554 0.0
-1.75 15.25 -0.3
-1.75 15.25 0.0
-1.75 15.25 2.45
-1.75 15.25 2.67
-1.75 15.3038 -0.22
-1.75 15.3038 0.0
-1.75 15.5 -0.3
-1.75 15.5 0.0
-1.75 15.5 2.45
-1.75 15.5 2.67
-1.75 15.5523 -0.22
-1.75 15.5523 0.0
-1.75 15.75 -0.3
-1.75 15.75 0.0
-1.75 15.75 2.45
-1.75 15.75 2.67
-1.75 15.8008 -0.22
-1.75 15.8008 0.0
-1.75 16.0 -0.3
-1.75 16.0 0.0
-1.75 16.0 2.45
-1.75 16.0 2.67
-1.75 16.0492 -0.22
-1.75 16.0492 0.0
-1.75 16.25 -0.3
-1.75 16.25 0.0
-1.75 16.25 2.45
-1.75 16.25 2.67
-1.75 16.2977 -0.22
-1.75 16.2977 0.0
-1.75 16.5 -0.3
-1.75 16.5 0.0
-1.75 16.5 2.45
-1.75 16.5 2.67
-1.75 16.5462 -0.22
-1.75 16.5462 0.0
-1.75 16.75 -0.3
-1.75 16.75 0.0
-1.75 16.75 2.45
-1.75 16.75 2.67
-1.75 16.7946 -0.22
-1.75 16.7946 0.0
-1.75 17.0 -0.3
-1.75 17.0 0.0
-1.75 17.0 2.45
-1.75 17.0 2.67
-1.75 17.0431 -0.22
-1.75 17.0431 0.0
-1.75 17.25 -0.3
-1.75 17.25 0.0
-1.75 17.25 2.45
-1.75 17.25 2.67
-1.75 17.2915 -0.22
-1.75 17.2915 0.0
-1.75 17.5 -0.3
-1.75 17.5 0.0
-1.75 17.5 2.45
-1.75 17.5 2.67
-1.75 17.54 -0.22
-1.75 17.54 0.0
-1.75 17.75 -0.3
-1.75 17.75 0.0
-1.75 17.75 2.45
-1.75 17.75 2.67
-1.75 17.7885 -0.22
-1.75 17.7885 0.0
-1.75 18.0 -0.3
-1.75 18.0 0.0
-1.75 18.0 2.45
-1.75 18.0 2.67
-1.75 18.0369 -0.22
-1.75 18.0369 0.0
-1.75 18.25 -0.3
-1.75 18.25 0.0
-1.75 18.25 2.45
-1.75 18.25 2.67
-1.75 18.2854 -0.22
-1.75 18.2854 0.0
-1.75 18.5 -0.3
-1.75 18.5 0.0
-1.75 18.5 2.45
-1.75 18.5 2.67
-1.75 18.5338 -0.22
-1.75 18.5338 0.0
-1.75 18.75 -0.3
-1.75 18.75 0.0
-1.75 18.75 2.45
-1.75 18.75 2.67
-1.75 18.7823 -0.22
-1.75 18.7823 0.0
-1.75 19.0 -0.3
-1.75 19.0 0.0
-1.75 19.0 2.45
-1.75 19.0 2.67
-1.75 19.0308 -0.22
-1.75 19.0308 0.0
-1.75 19.25 -0.3
-1.75 19.25 0.0
-1.75 19.25 2.45
-1.75 19.25 2.67
-1.75 19.2792 -0.22
-1.75 19.2792 0.0
-1.75 19.5 -0.3
-1.75 19.5 0.0
-1.75 19.5 2.45
-1.75 19.5 2.67
-1.75 19.5277 -0.22
-1.75 19.5277 0.0
-1.75 19.75 -0.3
-1.75 19.75 0.0
-1.75 19.75 2.45
-1.75 19.75 2.67
-1.75 19.7762 -0.22
-1.75 19.7762 0.0
-1.75 20.0 -0.3
-1.75 20.0 0.0
-1.75 20.0 2.45
-1.75 20.0 2.67
-1.75 20.0246 -0.22
-1.75 20.0246 0.0
-1.75 20.25 -0.3
-1.75 20.25 0.0
-1.75 20.25 2.45
-1.75 20.25 2.67
-1.75 20.2731 -0.22
-1.75 20.2731 0.0
-1.75 20.5 -0.3
-1.75 20.5 0.0
-1.75 20.5 2.45
-1.75 20.5 2.67
-1.75 20.5215 -0.22
-1.75 20.5215 0.0
-1.75 20.75 -0.3
-1.75 20.75 0.0
-1.75 20.75 2.45
-1.75 20.75 2.67
-1.75 20.77 -0.22
-1.75 20.77 0.0
-1.75 21.0 -0.3
-1.75 21.0 0.0
-1.75 21.0 2.45
-1.75 21.0 2.67
-1.75 21.0185 -0.22
-1.75 21.0185 0.0
-1.75 21.25 -0.3
-1.75 21.25 0.0
-1.75 21.25 2.45
-1.75 21.25 2.67
-1.75 21.2669 -0.22
-1.75 21.2669 0.0
-1.75 21.5 -0.3
-1.75 21.5 0.0
-1.75 21.5 2.45
-1.75 21.5 2.67
-1.75 21.5154 -0.22
-1.75 21.5154 0.0
-1.75 21.75 -0.3
-1.75 21.75 0.0
-1.75 21.75 2.45
-1.75 21.75 2.67
-1.75 21.7638 -0.22
-1.75 21.7638 0.0
-1.75 22.0 -0.3
-1.75 22.0 0.0
-1.75 22.0 2.45
-1.75 22.0 2.67
-1.75 22.0123 -0.22
-1.75 22.0123 0.0
-1.75 22.25 -0.3
-1.75 22.25 0.0
-1.75 22.25 2.45
-1.75 22.25 2.67
-1.75 22.2608 -0.22
-1.75 22.2608 0.0
-1.75 22.5 -0.3
-1.75 22.5 0.0
-1.75 22.5 2.45
-1.75 22.5 2.67
-1.75 22.5092 -0.22
-1.75 22.5092 0.0
-1.75 22.75 -0.3
-1.75 22.75 0.0
-1.75 22.75 2.45
-1.75 22.75 2.67
-1.75 22.7577 -0.22
-1.75 22.7577 0.0
-1.75 23.0 -0.3
-1.75 23.0 0.0
-1.75 23.0 2.45
-1.75 23.0 2.67
-1.75 23.0062 -0.22
-1.75 23.0062 0.0
-1.75 23.25 -0.3
-1.75 23.25 0.0
-1.75 23.25 2.45
-1.75 23.25 2.67
-1.75 23.2546 -0.22
-1.75 23.2546 0.0
-1.75 23.5 -0.3
-1.75 23.5 0.0
-1.75 23.5 2.45
-1.75 23.5 2.67
-1.75 23.5031 -0.22
-1.75 23.5031 0.0
-1.75 23.75 -0.3
-1.75 23.75 0.0
-1.75 23.75 2.45
-1.75 23.75 2.67
-1.75 23.7515 -0.22
-1.75 23.7515 0.0
-1.75 23.82 0.0
-1.75 23.82 0.245
-1.75 23.82 0.49
-1.75 23.82 0.735
-1.75 23.82 0.98
-1.75 23.82 1.225
-1.75 23.82 1.47
-1.75 23.82 1.715
-1.75 23.82 1.96
-1.75 23.82 2.205
-1.75 23.82 2.45
-1.75 24.0 -0.3
-1.75 24.0 -0.22
-1.75 24.0 0.0
-1.75 24.0 0.245
-1.75 24.0 0.49
-1.75 24.0 0.735
-1.75 24.0 0.98
-1.75 24.0 1.225
-1.75 24.0 1.47
-1.75 24.0 1.715
-1.75 24.0 1.96
-1.75 24.0 2.205
-1.75 24.0 2.45
-1.75 24.0 2.67
-1.75 24.25 -0.3
-1.75 24.25 0.0
-1.75 24.5 -0.3
-1.75 24.5 0.0
-1.75 24.75 -0.3
-1.75 24.75 0.0
-1.75 25.0 -0.3
-1.75 25.0 -0.15
-1.75 25.0 0.0
-1.74 0.85 -0.22
-1.74 0.85 0.0
-1.74 1.05 -0.18
-1.74 1.05 0.0
-1.74 1.1 -0.22
-1.74 1.1 0.0
-1.74 1.3 -0.18
-1.74 1.3 0.0
-1.74 1.35 -0.22
-1.74 1.35 0.0
-1.74 1.55 -0.18
-1.74 1.55 0.0
-1.74 1.6 -0.22
-1.74 1.6 0.0
-1.74 1.8 -0.18
-1.74 1.8 0.0
-1.74 1.85 -0.22
-1.74 1.85 0.0
-1.74 2.05 -0.18
-1.74 2.05 0.0
-1.74 2.1 -0.22
-1.74 2.1 0.0
-1.74 2.35 -0.22
-1.74 2.35 0.0
-1.74 2.6 -0.22
-1.74 2.6 0.0
-1.74 2.85 -0.22
-1.74 2.85 0.0
-1.74 3.1 -0.22
-1.74 3.1 0.0
-1.74 3.35 -0.22
-1.74 3.35 0.0
-1.74 3.6 -0.22
-1.74 3.6 0.0
-1.74 3.85 -0.22
-1.74 3.85 0.0
-1.74 4.1 -0.22
-1.74 4.1 0.0
-1.74 4.35 -0.22
-1.74 4.35 0.0
-1.74 4.6 -0.22
-1.74 4.6 0.0
-1.74 4.85 -0.22
-1.74 4.85 0.0
-1.74 5.1 -0.22
-1.74 5.1 0.0
-1.74 5.35 -0.22
-1.74 5.35 0.0
-1.74 5.6 -0.22
-1.74 5.6 0.0
-1.74 5.85 -0.22
-1.74 5.85 0.0
-1.74 6.1 -0.22
-1.74 6.1 0.0
-1.74 6.35 -0.22
-1.74 6.35 0.0
-1.74 6.6 -0.22
-1.74 6.6 0.0
-1.74 6.85 -0.22
-1.74 6.85 0.0
-1.65 0.85 0.0
-1.65 0.85 0.245
-1.65 0.85 0.49
-1.65 0.85 0.735
-1.65 0.85 0.98
-1.65 0.85 1.225
-1.65 0.85 1.47
-1.65 0.85 1.715
-1.65 0.85 1.96
-1.65 0.85 2.205
-1.65 0.85 2.45
-1.65 1.03 0.0
-1.65 1.03 0.245
-1.65 1.03 0.49
-1.65 1.03 0.735
-1.65 1.03 0.98
-1.65 1.03 1.225
-1.65 1.03 1.47
-1.65 1.03 1.715
-1.65 1.03 1.96
-1.65 1.03 2.205
-1.65 1.03 2.45
-1.65 6.67 0.0
-1.65 6.67 0.245
-1.65 6.67 0.49
-1.65 6.67 0.735
-1.65 6.67 0.98
-1.65 6.67 1.225
-1.65 6.67 1.47
-1.65 6.67 1.715
-1.65 6.67 1.96
-1.65 6.67 2.205
-1.65 6.67 2.45
-1.65 6.85 0.0
-1.65 6.85 0.245
-1.65 6.85 0.49
-1.65 6.85 0.735
-1.65 6.85 0.98
-1.65 6.85 1.225
-1.65 6.85 1.47
-1.65 6.85 1.715
-1.65 6.85 1.96
-1.65 6.85 2.205
-1.65 6.85 2.45
-1.5933 7.85 0.0
-1.5933 7.85 0.245
-1.5933 7.85 0.49
-1.5933 7.85 0.735
-1.5933 7.85 0.98
-1.5933 7.85 1.225
-1.5933 7.85 1.47
-1.5933 7.85 1.715
-1.5933 7.85 1.96
-1.5933 7.85 2.205
-1.5933 7.85 2.45
-1.5933 8.03 0.0
-1.5933 8.03 0.245
-1.5933 8.03 0.49
-1.5933 8.03 0.735
-1.5933 8.03 0.98
-1.5933 8.03 1.225
-1.5933 8.03 1.47
-1.5933 8.03 1.715
-1.5933 8.03 1.96
-1.5933 8.03 2.205
-1.5933 8.03 2.45
-1.5933 23.73 0.0
-1.5933 23.73 0.245
-1.5933 23.73 0.49
-1.5933 23.73 0.735
-1.5933 23.73 0.98
-1.5933 23.73 1.225
-1.5933 23.73 1.47
-1.5933 23.73 1.715
-1.5933 23.73 1.96
-1.5933 23.73 2.205
-1.5933 23.73 2.45
-1.5933 23.91 0.0
-1.5933 23.91 0.245
-1.5933 23.91 0.49
-1.5933 23.91 0.735
-1.5933 23.91 0.98
-1.5933 23.91 1.225
-1.5933 23.91 1.47
-1.5933 23.91 1.715
-1.5933 23.91 1.96
-1.5933 23.91 2.205
-1.5933 23.91 2.45
-1.56 0.0 -0.22
-1.56 0.0 0.0
-1.56 0.2453 -0.22
-1.56 0.2453 0.0
-1.56 0.4906 -0.22
-1.56 0.4906 0.0
-1.56 0.7359 -0.22
-1.56 0.7359 0.0
-1.56 0.85 -0.22
-1.56 0.85 0.0
-1.56 0.9813 -0.22
-1.56 0.9813 0.0
-1.56 1.1 -0.22
-1.56 1.1 0.0
-1.56 1.2266 -0.22
-1.56 1.2266 0.0
-1.56 1.35 -0.22
-1.56 1.35 0.0
-1.56 1.4719 -0.22
-1.56 1.4719 0.0
-1.56 1.6 -0.22
-1.56 1.6 0.0
-1.56 1.7172 -0.22
-1.56 1.7172 0.0
-1.56 1.85 -0.22
-1.56 1.85 0.0
-1.56 1.9625 -0.22
-1.56 1.9625 0.0
-1.56 2.1 -0.22
-1.56 2.1 0.0
-1.56 2.2078 -0.22
-1.56 2.2078 0.0
-1.56 2.35 -0.22
-1.56 2.35 0.0
-1.56 2.4531 -0.22
-1.56 2.4531 0.0
-1.56 2.6 -0.22
-1.56 2.6 0.0
-1.56 2.6984 -0.22
-1.56 2.6984 0.0
-1.56 2.85 -0.22
-1.56 2.85 0.0
-1.56 2.9437 -0.22
-1.56 2.9437 0.0
-1.56 3.1 -0.22
-1.56 3.1 0.0
-1.56 3.1891 -0.22
-1.56 3.1891 0.0
-1.56 3.35 -0.22
-1.56 3.35 0.0
-1.56 3.4344 -0.22
-1.56 3.4344 0.0
-1.56 3.6 -0.22
-1.56 3.6 0.0
-1.56 3.6797 -0.22
-1.56 3.6797 0.0
-1.56 3.85 -0.22
-1.56 3.85 0.0
-1.56 3.925 -0.22
-1.56 3.925 0.0
-1.56 4.1 -0.22
-1.56 4.1 0.0
-1.56 4.1703 -0.22
-1.56 4.1703 0.0
-1.56 4.35 -0.22
-1.56 4.35 0.0
-1.56 4.4156 -0.22
-1.56 4.4156 0.0
-1.56 4.6 -0.22
-1.56 4.6 0.0
-1.56 4.6609 -0.22
-1.56 4.6609 0.0
-1.56 4.85 -0.22
-1.56 4.85 0.0
-1.56 4.9062 -0.22
-1.56 4.9062 0.0
-1.56 5.1 -0.22
-1.56 5.1 0.0
-1.56 5.1516 -0.22
-1.56 5.1516 0.0
-1.56 5.35 -0.22
-1.56 5.35 0.0
-1.56 5.3969 -0.22
-1.56 5.3969 0.0
-1.56 5.6 -0.22
-1.56 5.6 0.0
-1.56 5.6422 -0.22
-1.56 5.6422 0.0
-1.56 5.85 -0.22
-1.56 5.85 0.0
-1.56 5.8875 -0.22
-1.56 5.8875 0.0
-1.56 6.1 -0.22
-1.56 6.1 0.0
-1.56 6.1328 -0.22
-1.56 6.1328 0.0
-1.56 6.35 -0.22
-1.56 6.35 0.0
-1.56 6.3781 -0.22
-1.56 6.3781 0.0
-1.56 6.6 -0.22
-1.56 6.6 0.0
-1.56 6.6234 -0.22
-1.56 6.6234 0.0
-1.56 6.85 -0.22
-1.56 6.85 0.0
-1.56 6.8687 -0.22
-1.56 6.8687 0.0
-1.56 7.1141 -0.22
-1.56 7.1141 0.0
-1.56 7.3594 -0.22
-1.56 7.3594 0.0
-1.56 7.6047 -0.22
-1.56 7.6047 0.0
-1.56 7.85 -0.22
-1.56 7.85 0.0
-1.5187 0.0 0.0
-1.5187 0.0 0.245
-1.5187 0.0 0.49
-1.5187 0.0 0.735
-1.5187 0.0 0.98
-1.5187 0.0 1.225
-1.5187 0.0 1.47
-1.5187 0.0 1.715
-1.5187 0.0 1.96
-1.5187 0.0 2.205
-1.5187 0.0 2.45
-1.5187 0.18 0.0
-1.5187 0.18 0.245
-1.5187 0.18 0.49
-1.5187 0.18 0.735
-1.5187 0.18 0.98
-1.5187 0.18 1.225
-1.5187 0.18 1.47
-1.5187 0.18 1.715
-1.5187 0.18 1.96
-1.5187 0.18 2.205
-1.5187 0.18 2.45
-1.5 -2.4 0.0
-1.5 -2.4 0.08
-1.5 -2.16 0.0
-1.5 -2.16 0.08
-1.5 -1.92 0.0
-1.5 -1.92 0.08
-1.5 -1.68 0.0
-1.5 -1.68 0.08
-1.5 -1.44 0.0
-1.5 -1.44 0.08
-1.5 -1.2 0.0
-1.5 -1.2 0.08
-1.5 -1.0 -0.3
-1.5 -1.0 -0.15
-1.5 -1.0 0.0
-1.5 -0.96 0.0
-1.5 -0.96 0.08
-1.5 -0.75 -0.3
-1.5 -0.75 0.0
-1.5 -0.72 0.0
-1.5 -0.72 0.08
-1.5 -0.5 -0.3
-1.5 -0.5 0.0
-1.5 -0.48 0.0
-1.5 -0.48 0.08
-1.5 -0.25 -0.3
-1.5 -0.25 0.0
-1.5 -0.24 0.0
-1.5 -0.24 0.08
-1.5 0.0 -0.3
-1.5 0.0 0.0
-1.5 0.0 0.08
-1.5 0.0 2.45
-1.5 0.0 2.67
-1.5 0.25 -0.3
-1.5 0.25 0.0
-1.5 0.25 2.45
-1.5 0.25 2.67
-1.5 0.5 -0.3
-1.5 0.5 0.0
-1.5 0.5 2.45
-1.5 0.5 2.67
-1.5 0.75 -0.3
-1.5 0.75 0.0
-1.5 0.75 2.45
-1.5 0.75 2.67
-1.5 1.0 -0.3
-1.5 1.0 0.0
-1.5 1.0 2.45
-1.5 1.0 2.67
-1.5 1.25 -0.3
-1.5 1.25 0.0
-1.5 1.25 2.45
-1.5 1.25 2.67
-1.5 1.5 -0.3
-1.5 1.5 0.0
-1.5 1.5 2.45
-1.5 1.5 2.67
-1.5 1.75 -0.3
-1.5 1.75 0.0
-1.5 1.75 2.45
-1.5 1.75 2.67
-1.5 2.0 -0.3
-1.5 2.0 0.0
-1.5 2.0 2.45
-1.5 2.0 2.67
-1.5 2.25 -0.3
-1.5 2.25 0.0
-1.5 2.25 2.45
-1.5 2.25 2.67
-1.5 2.5 -0.3
-1.5 2.5 0.0
-1.5 2.5 2.45
-1.5 2.5 2.67
-1.5 2.75 -0.3
-1.5 2.75 0.0
-1.5 2.75 2.45
-1.5 2.75 2.67
-1.5 3.0 -0.3
-1.5 3.0 0.0
-1.5 3.0 2.45
-1.5 3.0 2.67
-1.5 3.25 -0.3
-1.5 3.25 0.0
-1.5 3.25 2.45
-1.5 3.25 2.67
-1.5 3.5 -0.3
-1.5 3.5 0.0
-1.5 3.5 2.45
-1.5 3.5 2.67
-1.5 3.75 -0.3
-1.5 3.75 0.0
-1.5 3.75 2.45
-1.5 3.75 2.67
-1.5 4.0 -0.3
-1.5 4.0 0.0
-1.5 4.0 2.45
-1.5 4.0 2.67
-1.5 4.25 -0.3
-1.5 4.25 0.0
-1.5 4.25 2.45
-1.5 4.25 2.67
-1.5 4.5 -0.3
-1.5 4.5 0.0
-1.5 4.5 2.45
-1.5 4.5 2.67
-1.5 4.75 -0.3
-1.5 4.75 0.0
-1.5 4.75 2.45
-1.5 4.75 2.67
-1.5 5.0 -0.3
-1.5 5.0 0.0
-1.5 5.0 2.45
-1.5 5.0 2.67
-1.5 5.25 -0.3
-1.5 5.25 0.0
-1.5 5.25 2.45
-1.5 5.25 2.67
-1.5 5.5 -0.3
-1.5 5.5 0.0
-1.5 5.5 2.45
-1.5 5.5 2.67
-1.5 5.75 -0.3
-1.5 5.75 0.0
-1.5 5.75 2.45
-1.5 5.75 2.67
-1.5 6.0 -0.3
-1.5 6.0 0.0
-1.5 6.0 2.45
-1.5 6.0 2.67
-1.5 6.25 -0.3
-1.5 6.25 0.0
-1.5 6.25 2.45
-1.5 6.25 2.67
-1.5 6.5 -0.3
-1.5 6.5 0.0
-1.5 6.5 2.45
-1.5 6.5 2.67
-1.5 6.75 -0.3
-1.5 6.75 0.0
-1.5 6.75 2.45
-1.5 6.75 2.67
-1.5 7.0 -0.3
-1.5 7.0 0.0
-1.5 7.0 2.45
-1.5 7.0 2.67
-1.5 7.25 -0.3
-1.5 7.25 0.0
-1.5 7.25 2.45
-1.5 7.25 2.67
-1.5 7.5 -0.3
-1.5 7.5 0.0
-1.5 7.5 2.45
-1.5 7.5 2.67
-1.5 7.75 -0.3
-1.5 7.75 0.0
-1.5 7.75 2.45
-1.5 7.75 2.67
-1.5 7.85 -0.22
-1.5 7.85 0.0
-1.5 8.0 -0.3
-1.5 8.0 0.0
-1.5 8.0 2.45
-1.5 8.0 2.67
-1.5 8.0985 -0.22
-1.5 8.0985 0.0
-1.5 8.25 -0.3
-1.5 8.25 0.0
-1.5 8.25 2.45
-1.5 8.25 2.67
-1.5 8.3469 -0.22
-1.5 8.3469 0.0
-1.5 8.5 -0.3
-1.5 8.5 0.0
-1.5 8.5 2.45
-1.5 8.5 2.67
-1.5 8.5954 -0.22
-1.5 8.5954 0.0
-1.5 8.75 -0.3
-1.5 8.75 0.0
-1.5 8.75 2.45
-1.5 8.75 2.67
-1.5 8.8438 -0.22
-1.5 8.8438 0.0
-1.5 9.0 -0.3
-1.5 9.0 0.0
-1.5 9.0 2.45
-1.5 9.0 2.67
-1.5 9.0923 -0.22
-1.5 9.0923 0.0
-1.5 9.25 -0.3
-1.5 9.25 0.0
-1.5 9.25 2.45
-1.5 9.25 2.67
-1.5 9.3408 -0.22
-1.5 9.3408 0.0
-1.5 9.5 -0.3
-1.5 9.5 0.0
-1.5 9.5 2.45
-1.5 9.5 2.67
-1.5 9.5892 -0.22
-1.5 9.5892 0.0
-1.5 9.75 -0.3
-1.5 9.75 0.0
-1.5 9.75 2.45
-1.5 9.75 2.67
-1.5 9.8377 -0.22
-1.5 9.8377 0.0
-1.5 10.0 -0.3
-1.5 10.0 0.0
-1.5 10.0 2.45
-1.5 10.0 2.67
-1.5 10.0862 -0.22
-1.5 10.0862 0.0
-1.5 10.25 -0.3
-1.5 10.25 0.0
-1.5 10.25 2.45
-1.5 10.25 2.67
-1.5 10.3346 -0.22
-1.5 10.3346 0.0
-1.5 10.5 -0.3
-1.5 10.5 0.0
-1.5 10.5 2.45
-1.5 10.5 2.67
-1.5 10.5831 -0.22
-1.5 10.5831 0.0
-1.5 10.75 -0.3
-1.5 10.75 0.0
-1.5 10.75 2.45
-1.5 10.75 2.67
-1.5 10.8315 -0.22
-1.5 10.8315 0.0
-1.5 11.0 -0.3
-1.5 11.0 0.0
-1.5 11.0 2.45
-1.5 11.0 2.67
-1.5 11.08 -0.22
-1.5 11.08 0.0
-1.5 11.25 -0.3
-1.5 11.25 0.0
-1.5 11.25 2.45
-1.5 11.25 2.67
-1.5 11.3285 -0.22
-1.5 11.3285 0.0
-1.5 11.5 -0.3
-1.5 11.5 0.0
-1.5 11.5 2.45
-1.5 11.5 2.67
-1.5 11.5769 -0.22
-1.5 11.5769 0.0
-1.5 11.75 -0.3
-1.5 11.75 0.0
-1.5 11.75 2.45
-1.5 11.75 2.67
-1.5 11.8254 -0.22
-1.5 11.8254 0.0
-1.5 12.0 -0.3
-1.5 12.0 0.0
-1.5 12.0 2.45
-1.5 12.0 2.67
-1.5 12.0738 -0.22
-1.5 12.0738 0.0
-1.5 12.25 -0.3
-1.5 12.25 0.0
-1.5 12.25 2.45
-1.5 12.25 2.67
-1.5 12.3223 -0.22
-1.5 12.3223 0.0
-1.5 12.5 -0.3
-1.5 12.5 0.0
-1.5 12.5 2.45
-1.5 12.5 2.67
-1.5 12.5708 -0.22
-1.5 12.5708 0.0
-1.5 12.75 -0.3
-1.5 12.75 0.0
-1.5 12.75 2.45
-1.5 12.75 2.67
-1.5 12.8192 -0.22
-1.5 12.8192 0.0
-1.5 13.0 -0.3
-1.5 13.0 0.0
-1.5 13.0 2.45
-1.5 13.0 2.67
-1.5 13.0677 -0.22
-1.5 13.0677 0.0
-1.5 13.25 -0.3
-1.5 13.25 0.0
-1.5 13.25 2.45
-1.5 13.25 2.67
-1.5 13.3162 -0.22
-1.5 13.3162 0.0
-1.5 13.5 -0.3
-1.5 13.5 0.0
-1.5 13.5 2.45
-1.5 13.5 2.67
-1.5 13.5646 -0.22
-1.5 13.5646 0.0
-1.5 13.75 -0.3
-1.5 13.75 0.0
-1.5 13.75 2.45
-1.5 13.75 2.67
-1.5 13.8131 -0.22
-1.5 13.8131 0.0
-1.5 14.0 -0.3
-1.5 14.0 0.0
-1.5 14.0 2.45
-1.5 14.0 2.67
-1.5 14.0615 -0.22
-1.5 14.0615 0.0
-1.5 14.25 -0.3
-1.5 14.25 0.0
-1.5 14.25 2.45
-1.5 14.25 2.67
-1.5 14.31 -0.22
-1.5 14.31 0.0
-1.5 14.5 -0.3
-1.5 14.5 0.0
-1.5 14.5 2.45
-1.5 14.5 2.67
-1.5 14.5585 -0.22
-1.5 14.5585 0.0
-1.5 14.75 -0.3
-1.5 14.75 0.0
-1.5 14.75 2.45
-1.5 14.75 2.67
-1.5 14.8069 -0.22
-1.5 14.8069 0.0
-1.5 15.0 -0.3
-1.5 15.0 0.0
-1.5 15.0 2.45
-1.5 15.0 2.67
-1.5 15.0554 -0.22
-1.5 15.0554 0.0
-1.5 15.25 -0.3
-1.5 15.25 0.0
-1.5 15.25 2.45
-1.5 15.25 2.67
-1.5 15.3038 -0.22
-1.5 15.3038 0.0
-1.5 15.5 -0.3
-1.5 15.5 0.0
-1.5 15.5 2.45
-1.5 15.5 2.67
-1.5 15.5523 -0.22
-1.5 15.5523 0.0
-1.5 15.75 -0.3
-1.5 15.75 0.0
-1.5 15.75 2.45
-1.5 15.75 2.67
-1.5 15.8008 -0.22
-1.5 15.8008 0.0
-1.5 16.0 -0.3
-1.5 16.0 0.0
-1.5 16.0 2.45
-1.5 16.0 2.67
-1.5 16.0492 -0.22
-1.5 16.0492 0.0
-1.5 16.25 -0.3
-1.5 16.25 0.0
-1.5 16.25 2.45
-1.5 16.25 2.67
-1.5 16.2977 -0.22
-1.5 16.2977 0.0
-1.5 16.5 -0.3
-1.5 16.5 0.0
-1.5 16.5 2.45
-1.5 16.5 2.67
-1.5 16.5462 -0.22
-1.5 16.5462 0.0
-1.5 16.75 -0.3
-1.5 16.75 0.0
-1.5 16.75 2.45
-1.5 16.75 2.67
-1.5 16.7946 -0.22
-1.5 16.7946 0.0
-1.5 17.0 -0.3
-1.5 17.0 0.0
-1.5 17.0 2.45
-1.5 17.0 2.67
-1.5 17.0431 -0.22
-1.5 17.0431 0.0
-1.5 17.25 -0.3
-1.5 17.25 0.0
-1.5 17.25 2.45
-1.5 17.25 2.67
-1.5 17.2915 -0.22
-1.5 17.2915 0.0
-1.5 17.5 -0.3
-1.5 17.5 0.0
-1.5 17.5 2.45
-1.5 17.5 2.67
-1.5 17.54 -0.22
-1.5 17.54 0.0
-1.5 17.75 -0.3
-1.5 17.75 0.0
-1.5 17.75 2.45
-1.5 17.75 2.67
-1.5 17.7885 -0.22
-1.5 17.7885 0.0
-1.5 18.0 -0.3
-1.5 18.0 0.0
-1.5 18.0 2.45
-1.5 18.0 2.67
-1.5 18.0369 -0.22
-1.5 18.0369 0.0
-1.5 18.25 -0.3
-1.5 18.25 0.0
-1.5 18.25 2.45
-1.5 18.25 2.67
-1.5 18.2854 -0.22
-1.5 18.2854 0.0
-1.5 18.5 -0.3
-1.5 18.5 0.0
-1.5 18.5 2.45
-1.5 18.5 2.67
-1.5 18.5338 -0.22
-1.5 18.5338 0.0
-1.5 18.75 -0.3
-1.5 18.75 0.0
-1.5 18.75 2.45
-1.5 18.75 2.67
-1.5 18.7823 -0.22
-1.5 18.7823 0.0
-1.5 19.0 -0.3
-1.5 19.0 0.0
-1.5 19.0 2.45
-1.5 19.0 2.67
-1.5 19.0308 -0.22
-1.5 19.0308 0.0
-1.5 19.25 -0.3
-1.5 19.25 0.0
-1.5 19.25 2.45
-1.5 19.25 2.67
-1.5 19.2792 -0.22
-1.5 19.2792 0.0
-1.5 19.5 -0.3
-1.5 19.5 0.0
-1.5 19.5 2.45
-1.5 19.5 2.67
-1.5 19.5277 -0.22
-1.5 19.5277 0.0
-1.5 19.75 -0.3
-1.5 19.75 0.0
-1.5 19.75 2.45
-1.5 19.75 2.67
-1.5 19.7762 -0.22
-1.5 19.7762 0.0
-1.5 20.0 -0.3
-1.5 20.0 0.0
-1.5 20.0 2.45
-1.5 20.0 2.67
-1.5 20.0246 -0.22
-1.5 20.0246 0.0
-1.5 20.25 -0.3
-1.5 20.25 0.0
-1.5 20.25 2.45
-1.5 20.25 2.67
-1.5 20.2731 -0.22
-1.5 20.2731 0.0
-1.5 20.5 -0.3
-1.5 20.5 0.0
-1.5 20.5 2.45
-1.5 20.5 2.67
-1.5 20.5215 -0.22
-1.5 20.5215 0.0
-1.5 20.75 -0.3
-1.5 20.75 0.0
-1.5 20.75 2.45
-1.5 20.75 2.67
-1.5 20.77 -0.22
-1.5 20.77 0.0
-1.5 21.0 -0.3
-1.5 21.0 0.0
-1.5 21.0 2.45
-1.5 21.0 2.67
-1.5 21.0185 -0.22
-1.5 21.0185 0.0
-1.5 21.25 -0.3
-1.5 21.25 0.0
-1.5 21.25 2.45
-1.5 21.25 2.67
-1.5 21.2669 -0.22
-1.5 21.2669 0.0
-1.5 21.5 -0.3
-1.5 21.5 0.0
-1.5 21.5 2.45
-1.5 21.5 2.67
-1.5 21.5154 -0.22
-1.5 21.5154 0.0
-1.5 21.75 -0.3
-1.5 21.75 0.0
-1.5 21.75 2.45
-1.5 21.75 2.67
-1.5 21.7638 -0.22
-1.5 21.7638 0.0
-1.5 22.0 -0.3
-1.5 22.0 0.0
-1.5 22.0 2.45
-1.5 22.0 2.67
-1.5 22.0123 -0.22
-1.5 22.0123 0.0
-1.5 22.25 -0.3
-1.5 22.25 0.0
-1.5 22.25 2.45
-1.5 22.25 2.67
-1.5 22.2608 -0.22
-1.5 22.2608 0.0
-1.5 22.5 -0.3
-1.5 22.5 0.0
-1.5 22.5 2.45
-1.5 22.5 2.67
-1.5 22.5092 -0.22
-1.5 22.5092 0.0
-1.5 22.75 -0.3
-1.5 22.75 0.0
-1.5 22.75 2.45
-1.5 22.75 2.67
-1.5 22.7577 -0.22
-1.5 22.7577 0.0
-1.5 23.0 -0.3
-1.5 23.0 0.0
-1.5 23.0 2.45
-1.5 23.0 2.67
-1.5 23.0062 -0.22
-1.5 23.0062 0.0
-1.5 23.25 -0.3
-1.5 23.25 0.0
-1.5 23.25 2.45
-1.5 23.25 2.67
-1.5 23.2546 -0.22
-1.5 23.2546 0.0
-1.5 23.5 -0.3
-1.5 23.5 0.0
-1.5 23.5 2.45
-1.5 23.5 2.67
-1.5 23.5031 -0.22
-1.5 23.5031 0.0
-1.5 23.75 -0.3
-1.5 23.75 0.0
-1.5 23.75 2.45
-1.5 23.75 2.67
-1.5 23.7515 -0.22
-1.5 23.7515 0.0
-1.5 23.82 0.0
-1.5 23.82 0.245
-1.5 23.82 0.49
-1.5 23.82 0.735
-1.5 23.82 0.98
-1.5 23.82 1.225
-1.5 23.82 1.47
-1.5 23.82 1.715
-1.5 23.82 1.96
-1.5 23.82 2.205
-1.5 23.82 2.45
-1.5 24.0 -0.3
-1.5 24.0 -0.22
-1.5 24.0 0.0
-1.5 24.0 0.245
-1.5 24.0 0.49
-1.5 24.0 0.735
-1.5 24.0 0.98
-1.5 24.0 1.225
-1.5 24.0 1.47
-1.5 24.0 1.715
-1.5 24.0 1.96
-1.5 24.0 2.205
-1.5 24.0 2.45
-1.5 24.0 2.67
-1.5 24.25 -0.3
-1.5 24.25 0.0
-1.5 24.5 -0.3
-1.5 24.5 0.0
-1.5 24.75 -0.3
-1.5 24.75 0.0
-1.5 25.0 -0.3
-1.5 25.0 -0.15
-1.5 25.0 0.0
-1.3467 7.85 0.0
-1.3467 7.85 0.245
-1.3467 7.85 0.49
-1.3467 7.85 0.735
-1.3467 7.85 0.98
-1.3467 7.85 1.225
-1.3467 7.85 1.47
-1.3467 7.85 1.715
-1.3467 7.85 1.96
-1.3467 7.85 2.205
-1.3467 7.85 2.45
-1.3467 8.03 0.0
-1.3467 8.03 0.245
-1.3467 8.03 0.49
-1.3467 8.03 0.735
-1.3467 8.03 0.98
-1.3467 8.03 1.225
-1.3467 8.03 1.47
-1.3467 8.03 1.715
-1.3467 8.03 1.96
-1.3467 8.03 2.205
-1.3467 8.03 2.45
-1.3467 23.73 0.0
-1.3467 23.73 0.245
-1.3467 23.73 0.49
-1.3467 23.73 0.735
-1.3467 23.73 0.98
-1.3467 23.73 1.225
-1.3467 23.73 1.47
-1.3467 23.73 1.715
-1.3467 23.73 1.96
-1.3467 23.73 2.205
-1.3467 23.73 2.45
-1.3467 23.91 0.0
-1.3467 23.91 0.245
-1.3467 23.91 0.49
-1.3467 23.91 0.735
-1.3467 23.91 0.98
-1.3467 23.91 1.225
-1.3467 23.91 1.47
-1.3467 23.91 1.715
-1.3467 23.91 1.96
-1.3467 23.91 2.205
-1.3467 23.91 2.45
-1.33 0.0 -0.22
-1.33 0.0 0.0
-1.33 0.2453 -0.22
-1.33 0.2453 0.0
-1.33 0.4906 -0.22
-1.33 0.4906 0.0
-1.33 0.7359 -0.22
-1.33 0.7359 0.0
-1.33 0.9813 -0.22
-1.33 0.9813 0.0
-1.33 1.2266 -0.22
-1.33 1.2266 0.0
-1.33 1.4719 -0.22
-1.33 1.4719 0.0
-1.33 1.7172 -0.22
-1.33 1.7172 0.0
-1.33 1.9625 -0.22
-1.33 1.9625 0.0
-1.33 2.2078 -0.22
-1.33 2.2078 0.0
-1.33 2.4531 -0.22
-1.33 2.4531 0.0
-1.33 2.6984 -0.22
-1.33 2.6984 0.0
-1.33 2.9437 -0.22
-1.33 2.9437 0.0
-1.33 3.1891 -0.22
-1.33 3.1891 0.0
-1.33 3.4344 -0.22
-1.33 3.4344 0.0
-1.33 3.6797 -0.22
-1.33 3.6797 0.0
-1.33 3.925 -0.22
-1.33 3.925 0.0
-1.33 4.1703 -0.22
-1.33 4.1703 0.0
-1.33 4.4156 -0.22
-1.33 4.4156 0.0
-1.33 4.6609 -0.22
-1.33 4.6609 0.0
-1.33 4.9062 -0.22
-1.33 4.9062 0.0
-1.33 5.1516 -0.22
-1.33 5.1516 0.0
-1.33 5.3969 -0.22
-1.33 5.3969 0.0
-1.33 5.6422 -0.22
-1.33 5.6422 0.0
-1.33 5.8875 -0.22
-1.33 5.8875 0.0
-1.33 6.1328 -0.22
-1.33 6.1328 0.0
-1.33 6.3781 -0.22
-1.33 6.3781 0.0
-1.33 6.6234 -0.22
-1.33 6.6234 0.0
-1.33 6.8687 -0.22
-1.33 6.8687 0.0
-1.33 7.1141 -0.22
-1.33 7.1141 0.0
-1.33 7.3594 -0.22
-1.33 7.3594 0.0
-1.33 7.6047 -0.22
-1.33 7.6047 0.0
-1.33 7.85 -0.22
-1.33 7.85 0.0
-1.28 7.85 0.0
-1.28 7.85 0.245
-1.28 7.85 0.49
-1.28 7.85 0.735
-1.28 7.85 0.98
-1.28 7.85 1.225
-1.28 7.85 1.47
-1.28 7.85 1.715
-1.28 7.85 1.96
-1.28 7.85 2.205
-1.28 7.85 2.45
-1.28 8.0977 0.0
-1.28 8.0977 0.245
-1.28 8.0977 0.49
-1.28 8.0977 0.735
-1.28 8.0977 0.98
-1.28 8.0977 1.225
-1.28 8.0977 1.47
-1.28 8.0977 1.715
-1.28 8.0977 1.96
-1.28 8.0977 2.205
-1.28 8.0977 2.45
-1.28 8.3453 0.0
-1.28 8.3453 0.245
-1.28 8.3453 0.49
-1.28 8.3453 0.735
-1.28 8.3453 0.98
-1.28 8.3453 1.225
-1.28 8.3453 1.47
-1.28 8.3453 1.715
-1.28 8.3453 1.96
-1.28 8.3453 2.205
-1.28 8.3453 2.45
-1.28 8.593 0.0
-1.28 8.593 0.245
-1.28 8.593 0.49
-1.28 8.593 0.735
-1.28 8.593 0.98
-1.28 8.593 1.225
-1.28 8.593 1.47
-1.28 8.593 1.715
-1.28 8.593 1.96
-1.28 8.593 2.205
-1.28 8.593 2.45
-1.28 8.8407 0.0
-1.28 8.8407 0.245
-1.28 8.8407 0.49
-1.28 8.8407 0.735
-1.28 8.8407 0.98
-1.28 8.8407 1.225
-1.28 8.8407 1.47
-1.28 8.8407 1.715
-1.28 8.8407 1.96
-1.28 8.8407 2.205
-1.28 8.8407 2.45
-1.28 9.0883 0.0
-1.28 9.0883 0.245
-1.28 9.0883 0.49
-1.28 9.0883 0.735
-1.28 9.0883 0.98
-1.28 9.0883 1.225
-1.28 9.0883 1.47
-1.28 9.0883 1.715
-1.28 9.0883 1.96
-1.28 9.0883 2.205
-1.28 9.0883 2.45
-1.28 9.336 0.0
-1.28 9.336 0.245
-1.28 9.336 0.49
-1.28 9.336 0.735
-1.28 9.336 0.98
-1.28 9.336 1.225
-1.28 9.336 1.47
-1.28 9.336 1.715
-1.28 9.336 1.96
-1.28 9.336 2.205
-1.28 9.336 2.45
-1.28 9.5837 0.0
-1.28 9.5837 0.245
-1.28 9.5837 0.49
-1.28 9.5837 0.735
-1.28 9.5837 0.98
-1.28 9.5837 1.225
-1.28 9.5837 1.47
-1.28 9.5837 1.715
-1.28 9.5837 1.96
-1.28 9.5837 2.205
-1.28 9.5837 2.45
-1.28 9.8313 0.0
-1.28 9.8313 0.245
-1.28 9.8313 0.49
-1.28 9.8313 0.735
-1.28 9.8313 0.98
-1.28 9.8313 1.225
-1.28 9.8313 1.47
-1.28 9.8313 1.715
-1.28 9.8313 1.96
-1.28 9.8313 2.205
-1.28 9.8313 2.45
-1.28 10.079 0.0
-1.28 10.079 0.245
-1.28 10.079 0.49
-1.28 10.079 0.735
-1.28 10.079 0.98
-1.28 10.079 1.225
-1.28 10.079 1.47
-1.28 10.079 1.715
-1.28 10.079 1.96
-1.28 10.079 2.205
-1.28 10.079 2.45
-1.28 10.3267 0.0
-1.28 10.3267 0.245
-1.28 10.3267 0.49
-1.28 10.3267 0.735
-1.28 10.3267 0.98
-1.28 10.3267 1.225
-1.28 10.3267 1.47
-1.28 10.3267 1.715
-1.28 10.3267 1.96
-1.28 10.3267 2.205
-1.28 10.3267 2.45
-1.28 10.5743 0.0
-1.28 10.5743 0.245
-1.28 10.5743 0.49
-1.28 10.5743 0.735
-1.28 10.5743 0.98
-1.28 10.5743 1.225
-1.28 10.5743 1.47
-1.28 10.5743 1.715
-1.28 10.5743 1.96
-1.28 10.5743 2.205
-1.28 10.5743 2.45
-1.28 10.822 0.0
-1.28 10.822 0.245
-1.28 10.822 0.49
-1.28 10.822 0.735
-1.28 10.822 0.98
-1.28 10.822 1.225
-1.28 10.822 1.47
-1.28 10.822 1.715
-1.28 10.822 1.96
-1.28 10.822 2.205
-1.28 10.822 2.45
-1.28 11.0697 0.0
-1.28 11.0697 0.245
-1.28 11.0697 0.49
-1.28 11.0697 0.735
-1.28 11.0697 0.98
-1.28 11.0697 1.225
-1.28 11.0697 1.47
-1.28 11.0697 1.715
-1.28 11.0697 1.96
-1.28 11.0697 2.205
-1.28 11.0697 2.45
-1.28 11.3173 0.0
-1.28 11.3173 0.245
-1.28 11.3173 0.49
-1.28 11.3173 0.735
-1.28 11.3173 0.98
-1.28 11.3173 1.225
-1.28 11.3173 1.47
-1.28 11.3173 1.715
-1.28 11.3173 1.96
-1.28 11.3173 2.205
-1.28 11.3173 2.45
-1.28 11.565 0.0
-1.28 11.565 0.245
-1.28 11.565 0.49
-1.28 11.565 0.735
-1.28 11.565 0.98
-1.28 11.565 1.225
-1.28 11.565 1.47
-1.28 11.565 1.715
-1.28 11.565 1.96
-1.28 11.565 2.205
-1.28 11.565 2.45
-1.28 11.8127 0.0
-1.28 11.8127 0.245
-1.28 11.8127 0.49
-1.28 11.8127 0.735
-1.28 11.8127 0.98
-1.28 11.8127 1.225
-1.28 11.8127 1.47
-1.28 11.8127 1.715
-1.28 11.8127 1.96
-1.28 11.8127 2.205
-1.28 11.8127 2.45
-1.28 12.0603 0.0
-1.28 12.0603 0.245
-1.28 12.0603 0.49
-1.28 12.0603 0.735
-1.28 12.0603 0.98
-1.28 12.0603 1.225
-1.28 12.0603 1.47
-1.28 12.0603 1.715
-1.28 12.0603 1.96
-1.28 12.0603 2.205
-1.28 12.0603 2.45
-1.28 12.308 0.0
-1.28 12.308 0.245
-1.28 12.308 0.49
-1.28 12.308 0.735
-1.28 12.308 0.98
-1.28 12.308 1.225
-1.28 12.308 1.47
-1.28 12.308 1.715
-1.28 12.308 1.96
-1.28 12.308 2.205
-1.28 12.308 2.45
-1.28 12.5557 0.0
-1.28 12.5557 0.245
-1.28 12.5557 0.49
-1.28 12.5557 0.735
-1.28 12.5557 0.98
-1.28 12.5557 1.225
-1.28 12.5557 1.47
-1.28 12.5557 1.715
-1.28 12.5557 1.96
-1.28 12.5557 2.205
-1.28 12.5557 2.45
-1.28 12.8033 0.0
-1.28 12.8033 0.245
-1.28 12.8033 0.49
-1.28 12.8033 0.735
-1.28 12.8033 0.98
-1.28 12.8033 1.225
-1.28 12.8033 1.47
-1.28 12.8033 1.715
-1.28 12.8033 1.96
-1.28 12.8033 2.205
-1.28 12.8033 2.45
-1.28 13.051 0.0
-1.28 13.051 0.245
-1.28 13.051 0.49
-1.28 13.051 0.735
-1.28 13.051 0.98
-1.28 13.051 1.225
-1.28 13.051 1.47
-1.28 13.051 1.715
-1.28 13.051 1.96
-1.28 13.051 2.205
-1.28 13.051 2.45
-1.28 13.2987 0.0
-1.28 13.2987 0.245
-1.28 13.2987 0.49
-1.28 13.2987 0.735
-1.28 13.2987 0.98
-1.28 13.2987 1.225
-1.28 13.2987 1.47
-1.28 13.2987 1.715
-1.28 13.2987 1.96
-1.28 13.2987 2.205
-1.28 13.2987 2.45
-1.28 13.5463 0.0
-1.28 13.5463 0.245
-1.28 13.5463 0.49
-1.28 13.5463 0.735
-1.28 13.5463 0.98
-1.28 13.5463 1.225
-1.28 13.5463 1.47
-1.28 13.5463 1.715
-1.28 13.5463 1.96
-1.28 13.5463 2.205
-1.28 13.5463 2.45
-1.28 13.794 0.0
-1.28 13.794 0.245
-1.28 13.794 0.49
-1.28 13.794 0.735
-1.28 13.794 0.98
-1.28 13.794 1.225
-1.28 13.794 1.47
-1.28 13.794 1.715
-1.28 13.794 1.96
-1.28 13.794 2.205
-1.28 13.794 2.45
-1.28 14.0417 0.0
-1.28 14.0417 0.245
-1.28 14.0417 0.49
-1.28 14.0417 0.735
-1.28 14.0417 0.98
-1.28 14.0417 1.225
-1.28 14.0417 1.47
-1.28 14.0417 1.715
-1.28 14.0417 1.96
-1.28 14.0417 2.205
-1.28 14.0417 2.45
-1.28 14.2893 0.0
-1.28 14.2893 0.245
-1.28 14.2893 0.49
-1.28 14.2893 0.735
-1.28 14.2893 0.98
-1.28 14.2893 1.225
-1.28 14.2893 1.47
-1.28 14.2893 1.715
-1.28 14.2893 1.96
-1.28 14.2893 2.205
-1.28 14.2893 2.45
-1.28 14.537 0.0
-1.28 14.537 0.245
-1.28 14.537 0.49
-1.28 14.537 0.735
-1.28 14.537 0.98
-1.28 14.537 1.225
-1.28 14.537 1.47
-1.28 14.537 1.715
-1.28 14.537 1.96
-1.28 14.537 2.205
-1.28 14.537 2.45
-1.28 14.7847 0.0
-1.28 14.7847 0.245
-1.28 14.7847 0.49
-1.28 14.7847 0.735
-1.28 14.7847 0.98
-1.28 14.7847 1.225
-1.28 14.7847 1.47
-1.28 14.7847 1.715
-1.28 14.7847 1.96
-1.28 14.7847 2.205
-1.28 14.7847 2.45
-1.28 15.0323 0.0
-1.28 15.0323 0.245
-1.28 15.0323 0.49
-1.28 15.0323 0.735
-1.28 15.0323 0.98
-1.28 15.0323 1.225
-1.28 15.0323 1.47
-1.28 15.0323 1.715
-1.28 15.0323 1.96
-1.28 15.0323 2.205
-1.28 15.0323 2.45
-1.28 15.28 0.0
-1.28 15.28 0.245
-1.28 15.28 0.49
-1.28 15.28 0.735
-1.28 15.28 0.98
-1.28 15.28 1.225
-1.28 15.28 1.47
-1.28 15.28 1.715
-1.28 15.28 1.96
-1.28 15.28 2.205
-1.28 15.28 2.45
-1.28 16.48 0.0
-1.28 16.48 0.245
-1.28 16.48 0.49
-1.28 16.48 0.735
-1.28 16.48 0.98
-1.28 16.48 1.225
-1.28 16.48 1.47
-1.28 16.48 1.715
-1.28 16.48 1.96
-1.28 16.48 2.205
-1.28 16.48 2.45
-1.28 16.7277 0.0
-1.28 16.7277 0.245
-1.28 16.7277 0.49
-1.28 16.7277 0.735
-1.28 16.7277 0.98
-1.28 16.7277 1.225
-1.28 16.7277 1.47
-1.28 16.7277 1.715
-1.28 16.7277 1.96
-1.28 16.7277 2.205
-1.28 16.7277 2.45
-1.28 16.9753 0.0
-1.28 16.9753 0.245
-1.28 16.9753 0.49
-1.28 16.9753 0.735
-1.28 16.9753 0.98
-1.28 16.9753 1.225
-1.28 16.9753 1.47
-1.28 16.9753 1.715
-1.28 16.9753 1.96
-1.28 16.9753 2.205
-1.28 16.9753 2.45
-1.28 17.223 0.0
-1.28 17.223 0.245
-1.28 17.223 0.49
-1.28 17.223 0.735
-1.28 17.223 0.98
-1.28 17.223 1.225
-1.28 17.223 1.47
-1.28 17.223 1.715
-1.28 17.223 1.96
-1.28 17.223 2.205
-1.28 17.223 2.45
-1.28 17.4707 0.0
-1.28 17.4707 0.245
-1.28 17.4707 0.49
-1.28 17.4707 0.735
-1.28 17.4707 0.98
-1.28 17.4707 1.225
-1.28 17.4707 1.47
-1.28 17.4707 1.715
-1.28 17.4707 1.96
-1.28 17.4707 2.205
-1.28 17.4707 2.45
-1.28 17.7183 0.0
-1.28 17.7183 0.245
-1.28 17.7183 0.49
-1.28 17.7183 0.735
-1.28 17.7183 0.98
-1.28 17.7183 1.225
-1.28 17.7183 1.47
-1.28 17.7183 1.715
-1.28 17.7183 1.96
-1.28 17.7183 2.205
-1.28 17.7183 2.45
-1.28 17.966 0.0
-1.28 17.966 0.245
-1.28 17.966 0.49
-1.28 17.966 0.735
-1.28 17.966 0.98
-1.28 17.966 1.225
-1.28 17.966 1.47
-1.28 17.966 1.715
-1.28 17.966 1.96
-1.28 17.966 2.205
-1.28 17.966 2.45
-1.28 18.2137 0.0
-1.28 18.2137 0.245
-1.28 18.2137 0.49
-1.28 18.2137 0.735
-1.28 18.2137 0.98
-1.28 18.2137 1.225
-1.28 18.2137 1.47
-1.28 18.2137 1.715
-1.28 18.2137 1.96
-1.28 18.2137 2.205
-1.28 18.2137 2.45
-1.28 18.4613 0.0
-1.28 18.4613 0.245
-1.28 18.4613 0.49
-1.28 18.4613 0.735
-1.28 18.4613 0.98
-1.28 18.4613 1.225
-1.28 18.4613 1.47
-1.28 18.4613 1.715
-1.28 18.4613 1.96
-1.28 18.4613 2.205
-1.28 18.4613 2.45
-1.28 18.709 0.0
-1.28 18.709 0.245
-1.28 18.709 0.49
-1.28 18.709 0.735
-1.28 18.709 0.98
-1.28 18.709 1.225
-1.28 18.709 1.47
-1.28 18.709 1.715
-1.28 18.709 1.96
-1.28 18.709 2.205
-1.28 18.709 2.45
-1.28 18.9567 0.0
-1.28 18.9567 0.245
-1.28 18.9567 0.49
-1.28 18.9567 0.735
-1.28 18.9567 0.98
-1.28 18.9567 1.225
-1.28 18.9567 1.47
-1.28 18.9567 1.715
-1.28 18.9567 1.96
-1.28 18.9567 2.205
-1.28 18.9567 2.45
-1.28 19.2043 0.0
-1.28 19.2043 0.245
-1.28 19.2043 0.49
-1.28 19.2043 0.735
-1.28 19.2043 0.98
-1.28 19.2043 1.225
-1.28 19.2043 1.47
-1.28 19.2043 1.715
-1.28 19.2043 1.96
-1.28 19.2043 2.205
-1.28 19.2043 2.45
-1.28 19.452 0.0
-1.28 19.452 0.245
-1.28 19.452 0.49
-1.28 19.452 0.735
-1.28 19.452 0.98
-1.28 19.452 1.225
-1.28 19.452 1.47
-1.28 19.452 1.715
-1.28 19.452 1.96
-1.28 19.452 2.205
-1.28 19.452 2.45
-1.28 19.6997 0.0
-1.28 19.6997 0.245
-1.28 19.6997 0.49
-1.28 19.6997 0.735
-1.28 19.6997 0.98
-1.28 19.6997 1.225
-1.28 19.6997 1.47
-1.28 19.6997 1.715
-1.28 19.6997 1.96
-1.28 19.6997 2.205
-1.28 19.6997 2.45
-1.28 19.9473 0.0
-1.28 19.9473 0.245
-1.28 19.9473 0.49
-1.28 19.9473 0.735
-1.28 19.9473 0.98
-1.28 19.9473 1.225
-1.28 19.9473 1.47
-1.28 19.9473 1.715
-1.28 19.9473 1.96
-1.28 19.9473 2.205
-1.28 19.9473 2.45
-1.28 20.195 0.0
-1.28 20.195 0.245
-1.28 20.195 0.49
-1.28 20.195 0.735
-1.28 20.195 0.98
-1.28 20.195 1.225
-1.28 20.195 1.47
-1.28 20.195 1.715
-1.28 20.195 1.96
-1.28 20.195 2.205
-1.28 20.195 2.45
-1.28 20.4427 0.0
-1.28 20.4427 0.245
-1.28 20.4427 0.49
-1.28 20.4427 0.735
-1.28 20.4427 0.98
-1.28 20.4427 1.225
-1.28 20.4427 1.47
-1.28 20.4427 1.715
-1.28 20.4427 1.96
-1.28 20.4427 2.205
-1.28 20.4427 2.45
-1.28 20.6903 0.0
-1.28 20.6903 0.245
-1.28 20.6903 0.49
-1.28 20.6903 0.735
-1.28 20.6903 0.98
-1.28 20.6903 1.225
-1.28 20.6903 1.47
-1.28 20.6903 1.715
-1.28 20.6903 1.96
-1.28 20.6903 2.205
-1.28 20.6903 2.45
-1.28 20.938 0.0
-1.28 20.938 0.245
-1.28 20.938 0.49
-1.28 20.938 0.735
-1.28 20.938 0.98
-1.28 20.938 1.225
-1.28 20.938 1.47
-1.28 20.938 1.715
-1.28 20.938 1.96
-1.28 20.938 2.205
-1.28 20.938 2.45
-1.28 21.1857 0.0
-1.28 21.1857 0.245
-1.28 21.1857 0.49
-1.28 21.1857 0.735
-1.28 21.1857 0.98
-1.28 21.1857 1.225
-1.28 21.1857 1.47
-1.28 21.1857 1.715
-1.28 21.1857 1.96
-1.28 21.1857 2.205
-1.28 21.1857 2.45
-1.28 21.4333 0.0
-1.28 21.4333 0.245
-1.28 21.4333 0.49
-1.28 21.4333 0.735
-1.28 21.4333 0.98
-1.28 21.4333 1.225
-1.28 21.4333 1.47
-1.28 21.4333 1.715
-1.28 21.4333 1.96
-1.28 21.4333 2.205
-1.28 21.4333 2.45
-1.28 21.681 0.0
-1.28 21.681 0.245
-1.28 21.681 0.49
-1.28 21.681 0.735
-1.28 21.681 0.98
-1.28 21.681 1.225
-1.28 21.681 1.47
-1.28 21.681 1.715
-1.28 21.681 1.96
-1.28 21.681 2.205
-1.28 21.681 2.45
-1.28 21.9287 0.0
-1.28 21.9287 0.245
-1.28 21.9287 0.49
-1.28 21.9287 0.735
-1.28 21.9287 0.98
-1.28 21.9287 1.225
-1.28 21.9287 1.47
-1.28 21.9287 1.715
-1.28 21.9287 1.96
-1.28 21.9287 2.205
-1.28 21.9287 2.45
-1.28 22.1763 0.0
-1.28 22.1763 0.245
-1.28 22.1763 0.49
-1.28 22.1763 0.735
-1.28 22.1763 0.98
-1.28 22.1763 1.225
-1.28 22.1763 1.47
-1.28 22.1763 1.715
-1.28 22.1763 1.96
-1.28 22.1763 2.205
-1.28 22.1763 2.45
-1.28 22.424 0.0
-1.28 22.424 0.245
-1.28 22.424 0.49
-1.28 22.424 0.735
-1.28 22.424 0.98
-1.28 22.424 1.225
-1.28 22.424 1.47
-1.28 22.424 1.715
-1.28 22.424 1.96
-1.28 22.424 2.205
-1.28 22.424 2.45
-1.28 22.6717 0.0
-1.28 22.6717 0.245
-1.28 22.6717 0.49
-1.28 22.6717 0.735
-1.28 22.6717 0.98
-1.28 22.6717 1.225
-1.28 22.6717 1.47
-1.28 22.6717 1.715
-1.28 22.6717 1.96
-1.28 22.6717 2.205
-1.28 22.6717 2.45
-1.28 22.9193 0.0
-1.28 22.9193 0.245
-1.28 22.9193 0.49
-1.28 22.9193 0.735
-1.28 22.9193 0.98
-1.28 22.9193 1.225
-1.28 22.9193 1.47
-1.28 22.9193 1.715
-1.28 22.9193 1.96
-1.28 22.9193 2.205
-1.28 22.9193 2.45
-1.28 23.167 0.0
-1.28 23.167 0.245
-1.28 23.167 0.49
-1.28 23.167 0.735
-1.28 23.167 0.98
-1.28 23.167 1.225
-1.28 23.167 1.47
-1.28 23.167 1.715
-1.28 23.167 1.96
-1.28 23.167 2.205
-1.28 23.167 2.45
-1.28 23.4147 0.0
-1.28 23.4147 0.245
-1.28 23.4147 0.49
-1.28 23.4147 0.735
-1.28 23.4147 0.98
-1.28 23.4147 1.225
-1.28 23.4147 1.47
-1.28 23.4147 1.715
-1.28 23.4147 1.96
-1.28 23.4147 2.205
-1.28 23.4147 2.45
-1.28 23.6623 0.0
-1.28 23.6623 0.245
-1.28 23.6623 0.49
-1.28 23.6623 0.735
-1.28 23.6623 0.98
-1.28 23.6623 1.225
-1.28 23.6623 1.47
-1.28 23.6623 1.715
-1.28 23.6623 1.96
-1.28 23.6623 2.205
-1.28 23.6623 2.45
-1.28 23.91 0.0
-1.28 23.91 0.245
-1.28 23.91 0.49
-1.28 23.91 0.735
-1.28 23.91 0.98
-1.28 23.91 1.225
-1.28 23.91 1.47
-1.28 23.91 1.715
-1.28 23.91 1.96
-1.28 23.91 2.205
-1.28 23.91 2.45
-1.2694 0.0 0.0
-1.2694 0.0 0.245
-1.2694 0.0 0.49
-1.2694 0.0 0.735
-1.2694 0.0 0.98
-1.2694 0.0 1.225
-1.2694 0.0 1.47
-1.2694 0.0 1.715
-1.2694 0.0 1.96
-1.2694 0.0 2.205
-1.2694 0.0 2.45
-1.2694 0.18 0.0
-1.2694 0.18 0.245
-1.2694 0.18 0.49
-1.2694 0.18 0.735
-1.2694 0.18 0.98
-1.2694 0.18 1.225
-1.2694 0.18 1.47
-1.2694 0.18 1.715
-1.2694 0.18 1.96
-1.2694 0.18 2.205
-1.2694 0.18 2.45
-1.25 -2.4 0.0
-1.25 -2.4 0.08
-1.25 -2.16 0.0
-1.25 -2.16 0.08
-1.25 -1.92 0.0
-1.25 -1.92 0.08
-1.25 -1.68 0.0
-1.25 -1.68 0.08
-1.25 -1.44 0.0
-1.25 -1.44 0.08
-1.25 -1.2 0.0
-1.25 -1.2 0.08
-1.25 -1.0 -0.3
-1.25 -1.0 -0.15
-1.25 -1.0 0.0
-1.25 -0.96 0.0
-1.25 -0.96 0.08
-1.25 -0.75 -0.3
-1.25 -0.75 0.0
-1.25 -0.72 0.0
-1.25 -0.72 0.08
-1.25 -0.5 -0.3
-1.25 -0.5 0.0
-1.25 -0.48 0.0
-1.25 -0.48 0.08
-1.25 -0.25 -0.3
-1.25 -0.25 0.0
-1.25 -0.24 0.0
-1.25 -0.24 0.08
-1.25 0.0 -0.3
-1.25 0.0 0.0
-1.25 0.0 0.08
-1.25 0.0 2.45
-1.25 0.0 2.67
-1.25 0.25 -0.3
-1.25 0.25 0.0
-1.25 0.25 2.45
-1.25 0.25 2.67
-1.25 0.5 -0.3
-1.25 0.5 0.0
-1.25 0.5 2.45
-1.25 0.5 2.67
-1.25 0.75 -0.3
-1.25 0.75 0.0
-1.25 0.75 2.45
-1.25 0.75 2.67
-1.25 1.0 -0.3
-1.25 1.0 0.0
-1.25 1.0 2.45
-1.25 1.0 2.67
-1.25 1.25 -0.3
-1.25 1.25 0.0
-1.25 1.25 2.45
-1.25 1.25 2.67
-1.25 1.5 -0.3
-1.25 1.5 0.0
-1.25 1.5 2.45
-1.25 1.5 2.67
-1.25 1.75 -0.3
-1.25 1.75 0.0
-1.25 1.75 2.45
-1.25 1.75 2.67
-1.25 2.0 -0.3
-1.25 2.0 0.0
-1.25 2.0 2.45
-1.25 2.0 2.67
-1.25 2.25 -0.3
-1.25 2.25 0.0
-1.25 2.25 2.45
-1.25 2.25 2.67
-1.25 2.5 -0.3
-1.25 2.5 0.0
-1.25 2.5 2.45
-1.25 2.5 2.67
-1.25 2.75 -0.3
-1.25 2.75 0.0
-1.25 2.75 2.45
-1.25 2.75 2.67
-1.25 3.0 -0.3
-1.25 3.0 0.0
-1.25 3.0 2.45
-1.25 3.0 2.67
-1.25 3.25 -0.3
-1.25 3.25 0.0
-1.25 3.25 2.45
-1.25 3.25 2.67
-1.25 3.5 -0.3
-1.25 3.5 0.0
-1.25 3.5 2.45
-1.25 3.5 2.67
-1.25 3.75 -0.3
-1.25 3.75 0.0
-1.25 3.75 2.45
-1.25 3.75 2.67
-1.25 4.0 -0.3
-1.25 4.0 0.0
-1.25 4.0 2.45
-1.25 4.0 2.67
-1.25 4.25 -0.3
-1.25 4.25 0.0
-1.25 4.25 2.45
-1.25 4.25 2.67
-1.25 4.5 -0.3
-1.25 4.5 0.0
-1.25 4.5 2.45
-1.25 4.5 2.67
-1.25 4.75 -0.3
-1.25 4.75 0.0
-1.25 4.75 2.45
-1.25 4.75 2.67
-1.25 5.0 -0.3
-1.25 5.0 0.0
-1.25 5.0 2.45
-1.25 5.0 2.67
-1.25 5.25 -0.3
-1.25 5.25 0.0
-1.25 5.25 2.45
-1.25 5.25 2.67
-1.25 5.5 -0.3
-1.25 5.5 0.0
-1.25 5.5 2.45
-1.25 5.5 2.67
-1.25 5.75 -0.3
-1.25 5.75 0.0
-1.25 5.75 2.45
-1.25 5.75 2.67
-1.25 6.0 -0.3
-1.25 6.0 0.0
-1.25 6.0 2.45
-1.25 6.0 2.67
-1.25 6.25 -0.3
-1.25 6.25 0.0
-1.25 6.25 2.45
-1.25 6.25 2.67
-1.25 6.5 -0.3
-1.25 6.5 0.0
-1.25 6.5 2.45
-1.25 6.5 2.67
-1.25 6.75 -0.3
-1.25 6.75 0.0
-1.25 6.75 2.45
-1.25 6.75 2.67
-1.25 7.0 -0.3
-1.25 7.0 0.0
-1.25 7.0 2.45
-1.25 7.0 2.67
-1.25 7.25 -0.3
-1.25 7.25 0.0
-1.25 7.25 2.45
-1.25 7.25 2.67
-1.25 7.5 -0.3
-1.25 7.5 0.0
-1.25 7.5 2.45
-1.25 7.5 2.67
-1.25 7.75 -0.3
-1.25 7.75 0.0
-1.25 7.75 2.45
-1.25 7.75 2.67
-1.25 7.85 -0.22
-1.25 7.85 0.0
-1.25 8.0 -0.3
-1.25 8.0 0.0
-1.25 8.0 2.45
-1.25 8.0 2.67
-1.25 8.0985 -0.22
-1.25 8.0985 0.0
-1.25 8.25 -0.3
-1.25 8.25 0.0
-1.25 8.25 2.45
-1.25 8.25 2.67
-1.25 8.3469 -0.22
-1.25 8.3469 0.0
-1.25 8.5 -0.3
-1.25 8.5 0.0
-1.25 8.5 2.45
-1.25 8.5 2.67
-1.25 8.5954 -0.22
-1.25 8.5954 0.0
-1.25 8.75 -0.3
-1.25 8.75 0.0
-1.25 8.75 2.45
-1.25 8.75 2.67
-1.25 8.8438 -0.22
-1.25 8.8438 0.0
-1.25 9.0 -0.3
-1.25 9.0 0.0
-1.25 9.0 2.45
-1.25 9.0 2.67
-1.25 9.0923 -0.22
-1.25 9.0923 0.0
-1.25 9.25 -0.3
-1.25 9.25 0.0
-1.25 9.25 2.45
-1.25 9.25 2.67
-1.25 9.3408 -0.22
-1.25 9.3408 0.0
-1.25 9.5 -0.3
-1.25 9.5 0.0
-1.25 9.5 2.45
-1.25 9.5 2.67
-1.25 9.5892 -0.22
-1.25 9.5892 0.0
-1.25 9.75 -0.3
-1.25 9.75 0.0
-1.25 9.75 2.45
-1.25 9.75 2.67
-1.25 9.8377 -0.22
-1.25 9.8377 0.0
-1.25 10.0 -0.3
-1.25 10.0 0.0
-1.25 10.0 2.45
-1.25 10.0 2.67
-1.25 10.0862 -0.22
-1.25 10.0862 0.0
-1.25 10.25 -0.3
-1.25 10.25 0.0
-1.25 10.25 2.45
-1.25 10.25 2.67
-1.25 10.3346 -0.22
-1.25 10.3346 0.0
-1.25 10.5 -0.3
-1.25 10.5 0.0
-1.25 10.5 2.45
-1.25 10.5 2.67
-1.25 10.5831 -0.22
-1.25 10.5831 0.0
-1.25 10.75 -0.3
-1.25 10.75 0.0
-1.25 10.75 2.45
-1.25 10.75 2.67
-1.25 10.8315 -0.22
-1.25 10.8315 0.0
-1.25 11.0 -0.3
-1.25 11.0 0.0
-1.25 11.0 2.45
-1.25 11.0 2.67
-1.25 11.08 -0.22
-1.25 11.08 0.0
-1.25 11.25 -0.3
-1.25 11.25 0.0
-1.25 11.25 2.45
-1.25 11.25 2.67
-1.25 11.3285 -0.22
-1.25 11.3285 0.0
-1.25 11.5 -0.3
-1.25 11.5 0.0
-1.25 11.5 2.45
-1.25 11.5 2.67
-1.25 11.5769 -0.22
-1.25 11.5769 0.0
-1.25 11.75 -0.3
-1.25 11.75 0.0
-1.25 11.75 2.45
-1.25 11.75 2.67
-1.25 11.8254 -0.22
-1.25 11.8254 0.0
-1.25 12.0 -0.3
-1.25 12.0 0.0
-1.25 12.0 2.45
-1.25 12.0 2.67
-1.25 12.0738 -0.22
-1.25 12.0738 0.0
-1.25 12.25 -0.3
-1.25 12.25 0.0
-1.25 12.25 2.45
-1.25 12.25 2.67
-1.25 12.3223 -0.22
-1.25 12.3223 0.0
-1.25 12.5 -0.3
-1.25 12.5 0.0
-1.25 12.5 2.45
-1.25 12.5 2.67
-1.25 12.5708 -0.22
-1.25 12.5708 0.0
-1.25 12.75 -0.3
-1.25 12.75 0.0
-1.25 12.75 2.45
-1.25 12.75 2.67
-1.25 12.8192 -0.22
-1.25 12.8192 0.0
-1.25 13.0 -0.3
-1.25 13.0 0.0
-1.25 13.0 2.45
-1.25 13.0 2.67
-1.25 13.0677 -0.22
-1.25 13.0677 0.0
-1.25 13.25 -0.3
-1.25 13.25 0.0
-1.25 13.25 2.45
-1.25 13.25 2.67
-1.25 13.3162 -0.22
-1.25 13.3162 0.0
-1.25 13.5 -0.3
-1.25 13.5 0.0
-1.25 13.5 2.45
-1.25 13.5 2.67
-1.25 13.5646 -0.22
-1.25 13.5646 0.0
-1.25 13.75 -0.3
-1.25 13.75 0.0
-1.25 13.75 2.45
-1.25 13.75 2.67
-1.25 13.8131 -0.22
-1.25 13.8131 0.0
-1.25 14.0 -0.3
-1.25 14.0 0.0
-1.25 14.0 2.45
-1.25 14.0 2.67
-1.25 14.0615 -0.22
-1.25 14.0615 0.0
-1.25 14.25 -0.3
-1.25 14.25 0.0
-1.25 14.25 2.45
-1.25 14.25 2.67
-1.25 14.31 -0.22
-1.25 14.31 0.0
-1.25 14.5 -0.3
-1.25 14.5 0.0
-1.25 14.5 2.45
-1.25 14.5 2.67
-1.25 14.5585 -0.22
-1.25 14.5585 0.0
-1.25 14.75 -0.3
-1.25 14.75 0.0
-1.25 14.75 2.45
-1.25 14.75 2.67
-1.25 14.8069 -0.22
-1.25 14.8069 0.0
-1.25 15.0 -0.3
-1.25 15.0 0.0
-1.25 15.0 2.45
-1.25 15.0 2.67
-1.25 15.0554 -0.22
-1.25 15.0554 0.0
-1.25 15.25 -0.3
-1.25 15.25 0.0
-1.25 15.25 2.45
-1.25 15.25 2.67
-1.25 15.3038 -0.22
-1.25 15.3038 0.0
-1.25 15.5 -0.3
-1.25 15.5 0.0
-1.25 15.5 2.45
-1.25 15.5 2.67
-1.25 15.5523 -0.22
-1.25 15.5523 0.0
-1.25 15.75 -0.3
-1.25 15.75 0.0
-1.25 15.75 2.45
-1.25 15.75 2.67
-1.25 15.8008 -0.22
-1.25 15.8008 0.0
-1.25 16.0 -0.3
-1.25 16.0 0.0
-1.25 16.0 2.45
-1.25 16.0 2.67
-1.25 16.0492 -0.22
-1.25 16.0492 0.0
-1.25 16.25 -0.3
-1.25 16.25 0.0
-1.25 16.25 2.45
-1.25 16.25 2.67
-1.25 16.2977 -0.22
-1.25 16.2977 0.0
-1.25 16.5 -0.3
-1.25 16.5 0.0
-1.25 16.5 2.45
-1.25 16.5 2.67
-1.25 16.5462 -0.22
-1.25 16.5462 0.0
-1.25 16.75 -0.3
-1.25 16.75 0.0
-1.25 16.75 2.45
-1.25 16.75 2.67
-1.25 16.7946 -0.22
-1.25 16.7946 0.0
-1.25 17.0 -0.3
-1.25 17.0 0.0
-1.25 17.0 2.45
-1.25 17.0 2.67
-1.25 17.0431 -0.22
-1.25 17.0431 0.0
-1.25 17.25 -0.3
-1.25 17.25 0.0
-1.25 17.25 2.45
-1.25 17.25 2.67
-1.25 17.2915 -0.22
-1.25 17.2915 0.0
-1.25 17.5 -0.3
-1.25 17.5 0.0
-1.25 17.5 2.45
-1.25 17.5 2.67
-1.25 17.54 -0.22
-1.25 17.54 0.0
-1.25 17.75 -0.3
-1.25 17.75 0.0
-1.25 17.75 2.45
-1.25 17.75 2.67
-1.25 17.7885 -0.22
-1.25 17.7885 0.0
-1.25 18.0 -0.3
-1.25 18.0 0.0
-1.25 18.0 2.45
-1.25 18.0 2.67
-1.25 18.0369 -0.22
-1.25 18.0369 0.0
-1.25 18.25 -0.3
-1.25 18.25 0.0
-1.25 18.25 2.45
-1.25 18.25 2.67
-1.25 18.2854 -0.22
-1.25 18.2854 0.0
-1.25 18.5 -0.3
-1.25 18.5 0.0
-1.25 18.5 2.45
-1.25 18.5 2.67
-1.25 18.5338 -0.22
-1.25 18.5338 0.0
-1.25 18.75 -0.3
-1.25 18.75 0.0
-1.25 18.75 2.45
-1.25 18.75 2.67
-1.25 18.7823 -0.22
-1.25 18.7823 0.0
-1.25 19.0 -0.3
-1.25 19.0 0.0
-1.25 19.0 2.45
-1.25 19.0 2.67
-1.25 19.0308 -0.22
-1.25 19.0308 0.0
-1.25 19.25 -0.3
-1.25 19.25 0.0
-1.25 19.25 2.45
-1.25 19.25 2.67
-1.25 19.2792 -0.22
-1.25 19.2792 0.0
-1.25 19.5 -0.3
-1.25 19.5 0.0
-1.25 19.5 2.45
-1.25 19.5 2.67
-1.25 19.5277 -0.22
-1.25 19.5277 0.0
-1.25 19.75 -0.3
-1.25 19.75 0.0
-1.25 19.75 2.45
-1.25 19.75 2.67
-1.25 19.7762 -0.22
-1.25 19.7762 0.0
-1.25 20.0 -0.3
-1.25 20.0 0.0
-1.25 20.0 2.45
-1.25 20.0 2.67
-1.25 20.0246 -0.22
-1.25 20.0246 0.0
-1.25 20.25 -0.3
-1.25 20.25 0.0
-1.25 20.25 2.45
-1.25 20.25 2.67
-1.25 20.2731 -0.22
-1.25 20.2731 0.0
-1.25 20.5 -0.3
-1.25 20.5 0.0
-1.25 20.5 2.45
-1.25 20.5 2.67
-1.25 20.5215 -0.22
-1.25 20.5215 0.0
-1.25 20.75 -0.3
-1.25 20.75 0.0
-1.25 20.75 2.45
-1.25 20.75 2.67
-1.25 20.77 -0.22
-1.25 20.77 0.0
-1.25 21.0 -0.3
-1.25 21.0 0.0
-1.25 21.0 2.45
-1.25 21.0 2.67
-1.25 21.0185 -0.22
-1.25 21.0185 0.0
-1.25 21.25 -0.3
-1.25 21.25 0.0
-1.25 21.25 2.45
-1.25 21.25 2.67
-1.25 21.2669 -0.22
-1.25 21.2669 0.0
-1.25 21.5 -0.3
-1.25 21.5 0.0
-1.25 21.5 2.45
-1.25 21.5 2.67
-1.25 21.5154 -0.22
-1.25 21.5154 0.0
-1.25 21.75 -0.3
-1.25 21.75 0.0
-1.25 21.75 2.45
-1.25 21.75 2.67
-1.25 21.7638 -0.22
-1.25 21.7638 0.0
-1.25 22.0 -0.3
-1.25 22.0 0.0
-1.25 22.0 2.45
-1.25 22.0 2.67
-1.25 22.0123 -0.22
-1.25 22.0123 0.0
-1.25 22.25 -0.3
-1.25 22.25 0.0
-1.25 22.25 2.45
-1.25 22.25 2.67
-1.25 22.2608 -0.22
-1.25 22.2608 0.0
-1.25 22.5 -0.3
-1.25 22.5 0.0
-1.25 22.5 2.45
-1.25 22.5 2.67
-1.25 22.5092 -0.22
-1.25 22.5092 0.0
-1.25 22.75 -0.3
-1.25 22.75 0.0
-1.25 22.75 2.45
-1.25 22.75 2.67
-1.25 22.7577 -0.22
-1.25 22.7577 0.0
-1.25 23.0 -0.3
-1.25 23.0 0.0
-1.25 23.0 2.45
-1.25 23.0 2.67
-1.25 23.0062 -0.22
-1.25 23.0062 0.0
-1.25 23.25 -0.3
-1.25 23.25 0.0
-1.25 23.25 2.45
-1.25 23.25 2.67
-1.25 23.2546 -0.22
-1.25 23.2546 0.0
-1.25 23.5 -0.3
-1.25 23.5 0.0
-1.25 23.5 2.45
-1.25 23.5 2.67
-1.25 23.5031 -0.22
-1.25 23.5031 0.0
-1.25 23.75 -0.3
-1.25 23.75 0.0
-1.25 23.75 2.45
-1.25 23.75 2.67
-1.25 23.7515 -0.22
-1.25 23.7515 0.0
-1.25 23.82 0.0
-1.25 23.82 0.245
-1.25 23.82 0.49
-1.25 23.82 0.735
-1.25 23.82 0.98
-1.25 23.82 1.225
-1.25 23.82 1.47
-1.25 23.82 1.715
-1.25 23.82 1.96
-1.25 23.82 2.205
-1.25 23.82 2.45
-1.25 24.0 -0.3
-1.25 24.0 -0.22
-1.25 24.0 0.0
-1.25 24.0 0.245
-1.25 24.0 0.49
-1.25 24.0 0.735
-1.25 24.0 0.98
-1.25 24.0 1.225
-1.25 24.0 1.47
-1.25 24.0 1.715
-1.25 24.0 1.96
-1.25 24.0 2.205
-1.25 24.0 2.45
-1.25 24.0 2.67
-1.25 24.25 -0.3
-1.25 24.25 0.0
-1.25 24.5 -0.3
-1.25 24.5 0.0
-1.25 24.75 -0.3
-1.25 24.75 0.0
-1.25 25.0 -0.3
-1.25 25.0 -0.15
-1.25 25.0 0.0
-1.1 0.0 -0.22
-1.1 0.0 0.0
-1.1 0.2453 -0.22
-1.1 0.2453 0.0
-1.1 0.4906 -0.22
-1.1 0.4906 0.0
-1.1 0.7359 -0.22
-1.1 0.7359 0.0
-1.1 0.9813 -0.22
-1.1 0.9813 0.0
-1.1 1.2266 -0.22
-1.1 1.2266 0.0
-1.1 1.4719 -0.22
-1.1 1.4719 0.0
-1.1 1.7172 -0.22
-1.1 1.7172 0.0
-1.1 1.9625 -0.22
-1.1 1.9625 0.0
-1.1 2.2078 -0.22
-1.1 2.2078 0.0
-1.1 2.4531 -0.22
-1.1 2.4531 0.0
-1.1 2.6984 -0.22
-1.1 2.6984 0.0
-1.1 2.9437 -0.22
-1.1 2.9437 0.0
-1.1 3.1891 -0.22
-1.1 3.1891 0.0
-1.1 3.4344 -0.22
-1.1 3.4344 0.0
-1.1 3.6797 -0.22
-1.1 3.6797 0.0
-1.1 3.925 -0.22
-1.1 3.925 0.0
-1.1 4.1703 -0.22
-1.1 4.1703 0.0
-1.1 4.4156 -0.22
-1.1 4.4156 0.0
-1.1 4.6609 -0.22
-1.1 4.6609 0.0
-1.1 4.9062 -0.22
-1.1 4.9062 0.0
-1.1 5.1516 -0.22
-1.1 5.1516 0.0
-1.1 5.3969 -0.22
-1.1 5.3969 0.0
-1.1 5.6422 -0.22
-1.1 5.6422 0.0
-1.1 5.8875 -0.22
-1.1 5.8875 0.0
-1.1 6.1328 -0.22
-1.1 6.1328 0.0
-1.1 6.3781 -0.22
-1.1 6.3781 0.0
-1.1 6.6234 -0.22
-1.1 6.6234 0.0
-1.1 6.8687 -0.22
-1.1 6.8687 0.0
-1.1 7.1141 -0.22
-1.1 7.1141 0.0
-1.1 7.3594 -0.22
-1.1 7.3594 0.0
-1.1 7.6047 -0.22
-1.1 7.6047 0.0
-1.1 7.85 -0.22
-1.1 7.85 0.0
-1.1 7.85 0.245
-1.1 7.85 0.49
-1.1 7.85 0.735
-1.1 7.85 0.98
-1.1 7.85 1.225
-1.1 7.85 1.47
-1.1 7.85 1.715
-1.1 7.85 1.96
-1.1 7.85 2.205
-1.1 7.85 2.45
-1.1 8.03 0.0
-1.1 8.03 0.245
-1.1 8.03 0.49
-1.1 8.03 0.735
-1.1 8.03 0.98
-1.1 8.03 1.225
-1.1 8.03 1.47
-1.1 8.03 1.715
-1.1 8.03 1.96
-1.1 8.03 2.205
-1.1 8.03 2.45
-1.1 8.0977 0.0
-1.1 8.0977 0.245
-1.1 8.0977 0.49
-1.1 8.0977 0.735
-1.1 8.0977 0.98
-1.1 8.0977 1.225
-1.1 8.0977 1.47
-1.1 8.0977 1.715
-1.1 8.0977 1.96
-1.1 8.0977 2.205
-1.1 8.0977 2.45
-1.1 8.3453 0.0
-1.1 8.3453 0.245
-1.1 8.3453 0.49
-1.1 8.3453 0.735
-1.1 8.3453 0.98
-1.1 8.3453 1.225
-1.1 8.3453 1.47
-1.1 8.3453 1.715
-1.1 8.3453 1.96
-1.1 8.3453 2.205
-1.1 8.3453 2.45
-1.1 8.593 0.0
-1.1 8.593 0.245
-1.1 8.593 0.49
-1.1 8.593 0.735
-1.1 8.593 0.98
-1.1 8.593 1.225
-1.1 8.593 1.47
-1.1 8.593 1.715
-1.1 8.593 1.96
-1.1 8.593 2.205
-1.1 8.593 2.45
-1.1 8.8407 0.0
-1.1 8.8407 0.245
-1.1 8.8407 0.49
-1.1 8.8407 0.735
-1.1 8.8407 0.98
-1.1 8.8407 1.225
-1.1 8.8407 1.47
-1.1 8.8407 1.715
-1.1 8.8407 1.96
-1.1 8.8407 2.205
-1.1 8.8407 2.45
-1.1 9.0883 0.0
-1.1 9.0883 0.245
-1.1 9.0883 0.49
-1.1 9.0883 0.735
-1.1 9.0883 0.98
-1.1 9.0883 1.225
-1.1 9.0883 1.47
-1.1 9.0883 1.715
-1.1 9.0883 1.96
-1.1 9.0883 2.205
-1.1 9.0883 2.45
-1.1 9.336 0.0
-1.1 9.336 0.245
-1.1 9.336 0.49
-1.1 9.336 0.735
-1.1 9.336 0.98
-1.1 9.336 1.225
-1.1 9.336 1.47
-1.1 9.336 1.715
-1.1 9.336 1.96
-1.1 9.336 2.205
-1.1 9.336 2.45
-1.1 9.5837 0.0
-1.1 9.5837 0.245
-1.1 9.5837 0.49
-1.1 9.5837 0.735
-1.1 9.5837 0.98
-1.1 9.5837 1.225
-1.1 9.5837 1.47
-1.1 9.5837 1.715
-1.1 9.5837 1.96
-1.1 9.5837 2.205
-1.1 9.5837 2.45
-1.1 9.8313 0.0
-1.1 9.8313 0.245
-1.1 9.8313 0.49
-1.1 9.8313 0.735
-1.1 9.8313 0.98
-1.1 9.8313 1.225
-1.1 9.8313 1.47
-1.1 9.8313 1.715
-1.1 9.8313 1.96
-1.1 9.8313 2.205
-1.1 9.8313 2.45
-1.1 10.079 0.0
-1.1 10.079 0.245
-1.1 10.079 0.49
-1.1 10.079 0.735
-1.1 10.079 0.98
-1.1 10.079 1.225
-1.1 10.079 1.47
-1.1 10.079 1.715
-1.1 10.079 1.96
-1.1 10.079 2.205
-1.1 10.079 2.45
-1.1 10.3267 0.0
-1.1 10.3267 0.245
-1.1 10.3267 0.49
-1.1 10.3267 0.735
-1.1 10.3267 0.98
-1.1 10.3267 1.225
-1.1 10.3267 1.47
-1.1 10.3267 1.715
-1.1 10.3267 1.96
-1.1 10.3267 2.205
-1.1 10.3267 2.45
-1.1 10.5743 0.0
-1.1 10.5743 0.245
-1.1 10.5743 0.49
-1.1 10.5743 0.735
-1.1 10.5743 0.98
-1.1 10.5743 1.225
-1.1 10.5743 1.47
-1.1 10.5743 1.715
-1.1 10.5743 1.96
-1.1 10.5743 2.205
-1.1 10.5743 2.45
-1.1 10.822 0.0
-1.1 10.822 0.245
-1.1 10.822 0.49
-1.1 10.822 0.735
-1.1 10.822 0.98
-1.1 10.822 1.225
-1.1 10.822 1.47
-1.1 10.822 1.715
-1.1 10.822 1.96
-1.1 10.822 2.205
-1.1 10.822 2.45
-1.1 11.0697 0.0
-1.1 11.0697 0.245
-1.1 11.0697 0.49
-1.1 11.0697 0.735
-1.1 11.0697 0.98
-1.1 11.0697 1.225
-1.1 11.0697 1.47
-1.1 11.0697 1.715
-1.1 11.0697 1.96
-1.1 11.0697 2.205
-1.1 11.0697 2.45
-1.1 11.3173 0.0
-1.1 11.3173 0.245
-1.1 11.3173 0.49
-1.1 11.3173 0.735
-1.1 11.3173 0.98
-1.1 11.3173 1.225
-1.1 11.3173 1.47
-1.1 11.3173 1.715
-1.1 11.3173 1.96
-1.1 11.3173 2.205
-1.1 11.3173 2.45
-1.1 11.565 0.0
-1.1 11.565 0.245
-1.1 11.565 0.49
-1.1 11.565 0.735
-1.1 11.565 0.98
-1.1 11.565 1.225
-1.1 11.565 1.47
-1.1 11.565 1.715
-1.1 11.565 1.96
-1.1 11.565 2.205
-1.1 11.565 2.45
-1.1 11.8127 0.0
-1.1 11.8127 0.245
-1.1 11.8127 0.49
-1.1 11.8127 0.735
-1.1 11.8127 0.98
-1.1 11.8127 1.225
-1.1 11.8127 1.47
-1.1 11.8127 1.715
-1.1 11.8127 1.96
-1.1 11.8127 2.205
-1.1 11.8127 2.45
-1.1 12.0603 0.0
-1.1 12.0603 0.245
-1.1 12.0603 0.49
-1.1 12.0603 0.735
-1.1 12.0603 0.98
-1.1 12.0603 1.225
-1.1 12.0603 1.47
-1.1 12.0603 1.715
-1.1 12.0603 1.96
-1.1 12.0603 2.205
-1.1 12.0603 2.45
-1.1 12.308 0.0
-1.1 12.308 0.245
-1.1 12.308 0.49
-1.1 12.308 0.735
-1.1 12.308 0.98
-1.1 12.308 1.225
-1.1 12.308 1.47
-1.1 12.308 1.715
-1.1 12.308 1.96
-1.1 12.308 2.205
-1.1 12.308 2.45
-1.1 12.5557 0.0
-1.1 12.5557 0.245
-1.1 12.5557 0.49
-1.1 12.5557 0.735
-1.1 12.5557 0.98
-1.1 12.5557 1.225
-1.1 12.5557 1.47
-1.1 12.5557 1.715
-1.1 12.5557 1.96
-1.1 12.5557 2.205
-1.1 12.5557 2.45
-1.1 12.8033 0.0
-1.1 12.8033 0.245
-1.1 12.8033 0.49
-1.1 12.8033 0.735
-1.1 12.8033 0.98
-1.1 12.8033 1.225
-1.1 12.8033 1.47
-1.1 12.8033 1.715
-1.1 12.8033 1.96
-1.1 12.8033 2.205
-1.1 12.8033 2.45
-1.1 13.051 0.0
-1.1 13.051 0.245
-1.1 13.051 0.49
-1.1 13.051 0.735
-1.1 13.051 0.98
-1.1 13.051 1.225
-1.1 13.051 1.47
-1.1 13.051 1.715
-1.1 13.051 1.96
-1.1 13.051 2.205
-1.1 13.051 2.45
-1.1 13.2987 0.0
-1.1 13.2987 0.245
-1.1 13.2987 0.49
-1.1 13.2987 0.735
-1.1 13.2987 0.98
-1.1 13.2987 1.225
-1.1 13.2987 1.47
-1.1 13.2987 1.715
-1.1 13.2987 1.96
-1.1 13.2987 2.205
-1.1 13.2987 2.45
-1.1 13.5463 0.0
-1.1 13.5463 0.245
-1.1 13.5463 0.49
-1.1 13.5463 0.735
-1.1 13.5463 0.98
-1.1 13.5463 1.225
-1.1 13.5463 1.47
-1.1 13.5463 1.715
-1.1 13.5463 1.96
-1.1 13.5463 2.205
-1.1 13.5463 2.45
-1.1 13.794 0.0
-1.1 13.794 0.245
-1.1 13.794 0.49
-1.1 13.794 0.735
-1.1 13.794 0.98
-1.1 13.794 1.225
-1.1 13.794 1.47
-1.1 13.794 1.715
-1.1 13.794 1.96
-1.1 13.794 2.205
-1.1 13.794 2.45
-1.1 14.0417 0.0
-1.1 14.0417 0.245
-1.1 14.0417 0.49
-1.1 14.0417 0.735
-1.1 14.0417 0.98
-1.1 14.0417 1.225
-1.1 14.0417 1.47
-1.1 14.0417 1.715
-1.1 14.0417 1.96
-1.1 14.0417 2.205
-1.1 14.0417 2.45
-1.1 14.2893 0.0
-1.1 14.2893 0.245
-1.1 14.2893 0.49
-1.1 14.2893 0.735
-1.1 14.2893 0.98
-1.1 14.2893 1.225
-1.1 14.2893 1.47
-1.1 14.2893 1.715
-1.1 14.2893 1.96
-1.1 14.2893 2.205
-1.1 14.2893 2.45
-1.1 14.537 0.0
-1.1 14.537 0.245
-1.1 14.537 0.49
-1.1 14.537 0.735
-1.1 14.537 0.98
-1.1 14.537 1.225
-1.1 14.537 1.47
-1.1 14.537 1.715
-1.1 14.537 1.96
-1.1 14.537 2.205
-1.1 14.537 2.45
-1.1 14.7847 0.0
-1.1 14.7847 0.245
-1.1 14.7847 0.49
-1.1 14.7847 0.735
-1.1 14.7847 0.98
-1.1 14.7847 1.225
-1.1 14.7847 1.47
-1.1 14.7847 1.715
-1.1 14.7847 1.96
-1.1 14.7847 2.205
-1.1 14.7847 2.45
-1.1 15.0323 0.0
-1.1 15.0323 0.245
-1.1 15.0323 0.49
-1.1 15.0323 0.735
-1.1 15.0323 0.98
-1.1 15.0323 1.225
-1.1 15.0323 1.47
-1.1 15.0323 1.715
-1.1 15.0323 1.96
-1.1 15.0323 2.205
-1.1 15.0323 2.45
-1.1 15.28 0.0
-1.1 15.28 0.245
-1.1 15.28 0.49
-1.1 15.28 0.735
-1.1 15.28 0.98
-1.1 15.28 1.225
-1.1 15.28 1.47
-1.1 15.28 1.715
-1.1 15.28 1.96
-1.1 15.28 2.205
-1.1 15.28 2.45
-1.1 16.48 0.0
-1.1 16.48 0.245
-1.1 16.48 0.49
-1.1 16.48 0.735
-1.1 16.48 0.98
-1.1 16.48 1.225
-1.1 16.48 1.47
-1.1 16.48 1.715
-1.1 16.48 1.96
-1.1 16.48 2.205
-1.1 16.48 2.45
-1.1 16.7277 0.0
-1.1 16.7277 0.245
-1.1 16.7277 0.49
-1.1 16.7277 0.735
-1.1 16.7277 0.98
-1.1 16.7277 1.225
-1.1 16.7277 1.47
-1.1 16.7277 1.715
-1.1 16.7277 1.96
-1.1 16.7277 2.205
-1.1 16.7277 2.45
-1.1 16.9753 0.0
-1.1 16.9753 0.245
-1.1 16.9753 0.49
-1.1 16.9753 0.735
-1.1 16.9753 0.98
-1.1 16.9753 1.225
-1.1 16.9753 1.47
-1.1 16.9753 1.715
-1.1 16.9753 1.96
-1.1 16.9753 2.205
-1.1 16.9753 2.45
-1.1 17.223 0.0
-1.1 17.223 0.245
-1.1 17.223 0.49
-1.1 17.223 0.735
-1.1 17.223 0.98
-1.1 17.223 1.225
-1.1 17.223 1.47
-1.1 17.223 1.715
-1.1 17.223 1.96
-1.1 17.223 2.205
-1.1 17.223 2.45
-1.1 17.4707 0.0
-1.1 17.4707 0.245
-1.1 17.4707 0.49
-1.1 17.4707 0.735
-1.1 17.4707 0.98
-1.1 17.4707 1.225
-1.1 17.4707 1.47
-1.1 17.4707 1.715
-1.1 17.4707 1.96
-1.1 17.4707 2.205
-1.1 17.4707 2.45
-1.1 17.7183 0.0
-1.1 17.7183 0.245
-1.1 17.7183 0.49
-1.1 17.7183 0.735
-1.1 17.7183 0.98
-1.1 17.7183 1.225
-1.1 17.7183 1.47
-1.1 17.7183 1.715
-1.1 17.7183 1.96
-1.1 17.7183 2.205
-1.1 17.7183 2.45
-1.1 17.966 0.0
-1.1 17.966 0.245
-1.1 17.966 0.49
-1.1 17.966 0.735
-1.1 17.966 0.98
-1.1 17.966 1.225
-1.1 17.966 1.47
-1.1 17.966 1.715
-1.1 17.966 1.96
-1.1 17.966 2.205
-1.1 17.966 2.45
-1.1 18.2137 0.0
-1.1 18.2137 0.245
-1.1 18.2137 0.49
-1.1 18.2137 0.735
-1.1 18.2137 0.98
-1.1 18.2137 1.225
-1.1 18.2137 1.47
-1.1 18.2137 1.715
-1.1 18.2137 1.96
-1.1 18.2137 2.205
-1.1 18.2137 2.45
-1.1 18.4613 0.0
-1.1 18.4613 0.245
-1.1 18.4613 0.49
-1.1 18.4613 0.735
-1.1 18.4613 0.98
-1.1 18.4613 1.225
-1.1 18.4613 1.47
-1.1 18.4613 1.715
-1.1 18.4613 1.96
-1.1 18.4613 2.205
-1.1 18.4613 2.45
-1.1 18.709 0.0
-1.1 18.709 0.245
-1.1 18.709 0.49
-1.1 18.709 0.735
-1.1 18.709 0.98
-1.1 18.709 1.225
-1.1 18.709 1.47
-1.1 18.709 1.715
-1.1 18.709 1.96
-1.1 18.709 2.205
-1.1 18.709 2.45
-1.1 18.9567 0.0
-1.1 18.9567 0.245
-1.1 18.9567 0.49
-1.1 18.9567 0.735
-1.1 18.9567 0.98
-1.1 18.9567 1.225
-1.1 18.9567 1.47
-1.1 18.9567 1.715
-1.1 18.9567 1.96
-1.1 18.9567 2.205
-1.1 18.9567 2.45
-1.1 19.2043 0.0
-1.1 19.2043 0.245
-1.1 19.2043 0.49
-1.1 19.2043 0.735
-1.1 19.2043 0.98
-1.1 19.2043 1.225
-1.1 19.2043 1.47
-1.1 19.2043 1.715
-1.1 19.2043 1.96
-1.1 19.2043 2.205
-1.1 19.2043 2.45
-1.1 19.452 0.0
-1.1 19.452 0.245
-1.1 19.452 0.49
-1.1 19.452 0.735
-1.1 19.452 0.98
-1.1 19.452 1.225
-1.1 19.452 1.47
-1.1 19.452 1.715
-1.1 19.452 1.96
-1.1 19.452 2.205
-1.1 19.452 2.45
-1.1 19.6997 0.0
-1.1 19.6997 0.245
-1.1 19.6997 0.49
-1.1 19.6997 0.735
-1.1 19.6997 0.98
-1.1 19.6997 1.225
-1.1 19.6997 1.47
-1.1 19.6997 1.715
-1.1 19.6997 1.96
-1.1 19.6997 2.205
-1.1 19.6997 2.45
-1.1 19.9473 0.0
-1.1 19.9473 0.245
-1.1 19.9473 0.49
-1.1 19.9473 0.735
-1.1 19.9473 0.98
-1.1 19.9473 1.225
-1.1 19.9473 1.47
-1.1 19.9473 1.715
-1.1 19.9473 1.96
-1.1 19.9473 2.205
-1.1 19.9473 2.45
-1.1 20.195 0.0
-1.1 20.195 0.245
-1.1 20.195 0.49
-1.1 20.195 0.735
-1.1 20.195 0.98
-1.1 20.195 1.225
-1.1 20.195 1.47
-1.1 20.195 1.715
-1.1 20.195 1.96
-1.1 20.195 2.205
-1.1 20.195 2.45
-1.1 20.4427 0.0
-1.1 20.4427 0.245
-1.1 20.4427 0.49
-1.1 20.4427 0.735
-1.1 20.4427 0.98
-1.1 20.4427 1.225
-1.1 20.4427 1.47
-1.1 20.4427 1.715
-1.1 20.4427 1.96
-1.1 20.4427 2.205
-1.1 20.4427 2.45
-1.1 20.6903 0.0
-1.1 20.6903 0.245
-1.1 20.6903 0.49
-1.1 20.6903 0.735
-1.1 20.6903 0.98
-1.1 20.6903 1.225
-1.1 20.6903 1.47
-1.1 20.6903 1.715
-1.1 20.6903 1.96
-1.1 20.6903 2.205
-1.1 20.6903 2.45
-1.1 20.938 0.0
-1.1 20.938 0.245
-1.1 20.938 0.49
-1.1 20.938 0.735
-1.1 20.938 0.98
-1.1 20.938 1.225
-1.1 20.938 1.47
-1.1 20.938 1.715
-1.1 20.938 1.96
-1.1 20.938 2.205
-1.1 20.938 2.45
-1.1 21.1857 0.0
-1.1 21.1857 0.245
-1.1 21.1857 0.49
-1.1 21.1857 0.735
-1.1 21.1857 0.98
-1.1 21.1857 1.225
-1.1 21.1857 1.47
-1.1 21.1857 1.715
-1.1 21.1857 1.96
-1.1 21.1857 2.205
-1.1 21.1857 2.45
-1.1 21.4333 0.0
-1.1 21.4333 0.245
-1.1 21.4333 0.49
-1.1 21.4333 0.735
-1.1 21.4333 0.98
-1.1 21.4333 1.225
-1.1 21.4333 1.47
-1.1 21.4333 1.715
-1.1 21.4333 1.96
-1.1 21.4333 2.205
-1.1 21.4333 2.45
-1.1 21.681 0.0
-1.1 21.681 0.245
-1.1 21.681 0.49
-1.1 21.681 0.735
-1.1 21.681 0.98
-1.1 21.681 1.225
-1.1 21.681 1.47
-1.1 21.681 1.715
-1.1 21.681 1.96
-1.1 21.681 2.205
-1.1 21.681 2.45
-1.1 21.9287 0.0
-1.1 21.9287 0.245
-1.1 21.9287 0.49
-1.1 21.9287 0.735
-1.1 21.9287 0.98
-1.1 21.9287 1.225
-1.1 21.9287 1.47
-1.1 21.9287 1.715
-1.1 21.9287 1.96
-1.1 21.9287 2.205
-1.1 21.9287 2.45
-1.1 22.1763 0.0
-1.1 22.1763 0.245
-1.1 22.1763 0.49
-1.1 22.1763 0.735
-1.1 22.1763 0.98
-1.1 22.1763 1.225
-1.1 22.1763 1.47
-1.1 22.1763 1.715
-1.1 22.1763 1.96
-1.1 22.1763 2.205
-1.1 22.1763 2.45
-1.1 22.424 0.0
-1.1 22.424 0.245
-1.1 22.424 0.49
-1.1 22.424 0.735
-1.1 22.424 0.98
-1.1 22.424 1.225
-1.1 22.424 1.47
-1.1 22.424 1.715
-1.1 22.424 1.96
-1.1 22.424 2.205
-1.1 22.424 2.45
-1.1 22.6717 0.0
-1.1 22.6717 0.245
-1.1 22.6717 0.49
-1.1 22.6717 0.735
-1.1 22.6717 0.98
-1.1 22.6717 1.225
-1.1 22.6717 1.47
-1.1 22.6717 1.715
-1.1 22.6717 1.96
-1.1 22.6717 2.205
-1.1 22.6717 2.45
-1.1 22.9193 0.0
-1.1 22.9193 0.245
-1.1 22.9193 0.49
-1.1 22.9193 0.735
-1.1 22.9193 0.98
-1.1 22.9193 1.225
-1.1 22.9193 1.47
-1.1 22.9193 1.715
-1.1 22.9193 1.96
-1.1 22.9193 2.205
-1.1 22.9193 2.45
-1.1 23.167 0.0
-1.1 23.167 0.245
-1.1 23.167 0.49
-1.1 23.167 0.735
-1.1 23.167 0.98
-1.1 23.167 1.225
-1.1 23.167 1.47
-1.1 23.167 1.715
-1.1 23.167 1.96
-1.1 23.167 2.205
-1.1 23.167 2.45
-1.1 23.4147 0.0
-1.1 23.4147 0.245
-1.1 23.4147 0.49
-1.1 23.4147 0.735
-1.1 23.4147 0.98
-1.1 23.4147 1.225
-1.1 23.4147 1.47
-1.1 23.4147 1.715
-1.1 23.4147 1.96
-1.1 23.4147 2.205
-1.1 23.4147 2.45
-1.1 23.6623 0.0
-1.1 23.6623 0.245
-1.1 23.6623 0.49
-1.1 23.6623 0.735
-1.1 23.6623 0.98
-1.1 23.6623 1.225
-1.1 23.6623 1.47
-1.1 23.6623 1.715
-1.1 23.6623 1.96
-1.1 23.6623 2.205
-1.1 23.6623 2.45
-1.1 23.73 0.0
-1.1 23.73 0.245
-1.1 23.73 0.49
-1.1 23.73 0.735
-1.1 23.73 0.98
-1.1 23.73 1.225
-1.1 23.73 1.47
-1.1 23.73 1.715
-1.1 23.73 1.96
-1.1 23.73 2.205
-1.1 23.73 2.45
-1.1 23.82 0.0
-1.1 23.82 0.245
-1.1 23.82 0.49
-1.1 23.82 0.735
-1.1 23.82 0.98
-1.1 23.82 1.225
-1.1 23.82 1.47
-1.1 23.82 1.715
-1.1 23.82 1.96
-1.1 23.82 2.205
-1.1 23.82 2.45
-1.1 23.91 0.0
-1.1 23.91 0.245
-1.1 23.91 0.49
-1.1 23.91 0.735
-1.1 23.91 0.98
-1.1 23.91 1.225
-1.1 23.91 1.47
-1.1 23.91 1.715
-1.1 23.91 1.96
-1.1 23.91 2.205
-1.1 23.91 2.45
-1.1 24.0 0.0
-1.1 24.0 0.245
-1.1 24.0 0.49
-1.1 24.0 0.735
-1.1 24.0 0.98
-1.1 24.0 1.225
-1.1 24.0 1.47
-1.1 24.0 1.715
-1.1 24.0 1.96
-1.1 24.0 2.205
-1.1 24.0 2.45
-1.02 0.0 0.0
-1.02 0.0 0.245
-1.02 0.0 0.49
-1.02 0.0 0.735
-1.02 0.0 0.98
-1.02 0.0 1.225
-1.02 0.0 1.47
-1.02 0.0 1.715
-1.02 0.0 1.96
-1.02 0.0 2.205
-1.02 0.0 2.45
-1.02 0.18 0.0
-1.02 0.18 0.245
-1.02 0.18 0.49
-1.02 0.18 0.735
-1.02 0.18 0.98
-1.02 0.18 1.225
-1.02 0.18 1.47
-1.02 0.18 1.715
-1.02 0.18 1.96
-1.02 0.18 2.205
-1.02 0.18 2.45
-1.0 -2.4 0.0
-1.0 -2.4 0.08
-1.0 -2.16 0.0
-1.0 -2.16 0.08
-1.0 -1.92 0.0
-1.0 -1.92 0.08
-1.0 -1.68 0.0
-1.0 -1.68 0.08
-1.0 -1.44 0.0
-1.0 -1.44 0.08
-1.0 -1.2 0.0
-1.0 -1.2 0.08
-1.0 -1.0 -0.3
-1.0 -1.0 -0.15
-1.0 -1.0 0.0
-1.0 -0.96 0.0
-1.0 -0.96 0.08
-1.0 -0.75 -0.3
-1.0 -0.75 0.0
-1.0 -0.72 0.0
-1.0 -0.72 0.08
-1.0 -0.5 -0.3
-1.0 -0.5 0.0
-1.0 -0.48 0.0
-1.0 -0.48 0.08
-1.0 -0.25 -0.3
-1.0 -0.25 0.0
-1.0 -0.24 0.0
-1.0 -0.24 0.08
-1.0 0.0 -0.3
-1.0 0.0 0.0
-1.0 0.0 0.08
-1.0 0.0 2.45
-1.0 0.0 2.67
-1.0 0.25 -0.3
-1.0 0.25 0.0
-1.0 0.25 2.45
-1.0 0.25 2.67
-1.0 0.5 -0.3
-1.0 0.5 0.0
-1.0 0.5 2.45
-1.0 0.5 2.67
-1.0 0.75 -0.3
-1.0 0.75 0.0
-1.0 0.75 2.45
-1.0 0.75 2.67
-1.0 1.0 -0.3
-1.0 1.0 0.0
-1.0 1.0 2.45
-1.0 1.0 2.67
-1.0 1.25 -0.3
-1.0 1.25 0.0
-1.0 1.25 2.45
-1.0 1.25 2.67
-1.0 1.5 -0.3
-1.0 1.5 0.0
-1.0 1.5 2.45
-1.0 1.5 2.67
-1.0 1.75 -0.3
-1.0 1.75 0.0
-1.0 1.75 2.45
-1.0 1.75 2.67
-1.0 2.0 -0.3
-1.0 2.0 0.0
-1.0 2.0 2.45
-1.0 2.0 2.67
-1.0 2.25 -0.3
-1.0 2.25 0.0
-1.0 2.25 2.45
-1.0 2.25 2.67
-1.0 2.5 -0.3
-1.0 2.5 0.0
-1.0 2.5 2.45
-1.0 2.5 2.67
-1.0 2.75 -0.3
-1.0 2.75 0.0
-1.0 2.75 2.45
-1.0 2.75 2.67
-1.0 3.0 -0.3
-1.0 3.0 0.0
-1.0 3.0 2.45
-1.0 3.0 2.67
-1.0 3.25 -0.3
-1.0 3.25 0.0
-1.0 3.25 2.45
-1.0 3.25 2.67
-1.0 3.5 -0.3
-1.0 3.5 0.0
-1.0 3.5 2.45
-1.0 3.5 2.67
-1.0 3.75 -0.3
-1.0 3.75 0.0
-1.0 3.75 2.45
-1.0 3.75 2.67
-1.0 4.0 -0.3
-1.0 4.0 0.0
-1.0 4.0 2.45
-1.0 4.0 2.67
-1.0 4.25 -0.3
-1.0 4.25 0.0
-1.0 4.25 2.45
-1.0 4.25 2.67
-1.0 4.5 -0.3
-1.0 4.5 0.0
-1.0 4.5 2.45
-1.0 4.5 2.67
-1.0 4.75 -0.3
-1.0 4.75 0.0
-1.0 4.75 2.45
-1.0 4.75 2.67
-1.0 5.0 -0.3
-1.0 5.0 0.0
-1.0 5.0 2.45
-1.0 5.0 2.67
-1.0 5.25 -0.3
-1.0 5.25 0.0
-1.0 5.25 2.45
-1.0 5.25 2.67
-1.0 5.5 -0.3
-1.0 5.5 0.0
-1.0 5.5 2.45
-1.0 5.5 2.67
-1.0 5.75 -0.3
-1.0 5.75 0.0
-1.0 5.75 2.45
-1.0 5.75 2.67
-1.0 6.0 -0.3
-1.0 6.0 0.0
-1.0 6.0 2.45
-1.0 6.0 2.67
-1.0 6.25 -0.3
-1.0 6.25 0.0
-1.0 6.25 2.45
-1.0 6.25 2.67
-1.0 6.5 -0.3
-1.0 6.5 0.0
-1.0 6.5 2.45
-1.0 6.5 2.67
-1.0 6.75 -0.3
-1.0 6.75 0.0
-1.0 6.75 2.45
-1.0 6.75 2.67
-1.0 7.0 -0.3
-1.0 7.0 0.0
-1.0 7.0 2.45
-1.0 7.0 2.67
-1.0 7.25 -0.3
-1.0 7.25 0.0
-1.0 7.25 2.45
-1.0 7.25 2.67
-1.0 7.5 -0.3
-1.0 7.5 0.0
-1.0 7.5 2.45
-1.0 7.5 2.67
-1.0 7.75 -0.3
-1.0 7.75 0.0
-1.0 7.75 2.45
-1.0 7.75 2.67
-1.0 7.85 -0.22
-1.0 7.85 0.0
-1.0 8.0 -0.3
-1.0 8.0 0.0
-1.0 8.0 2.45
-1.0 8.0 2.67
-1.0 8.0985 -0.22
-1.0 8.0985 0.0
-1.0 8.25 -0.3
-1.0 8.25 0.0
-1.0 8.25 2.45
-1.0 8.25 2.67
-1.0 8.3469 -0.22
-1.0 8.3469 0.0
-1.0 8.5 -0.3
-1.0 8.5 0.0
-1.0 8.5 2.45
-1.0 8.5 2.67
-1.0 8.5954 -0.22
-1.0 8.5954 0.0
-1.0 8.75 -0.3
-1.0 8.75 0.0
-1.0 8.75 2.45
-1.0 8.75 2.67
-1.0 8.8438 -0.22
-1.0 8.8438 0.0
-1.0 9.0 -0.3
-1.0 9.0 0.0
-1.0 9.0 2.45
-1.0 9.0 2.67
-1.0 9.0923 -0.22
-1.0 9.0923 0.0
-1.0 9.25 -0.3
-1.0 9.25 0.0
-1.0 9.25 2.45
-1.0 9.25 2.67
-1.0 9.3408 -0.22
-1.0 9.3408 0.0
-1.0 9.5 -0.3
-1.0 9.5 0.0
-1.0 9.5 2.45
-1.0 9.5 2.67
-1.0 9.5892 -0.22
-1.0 9.5892 0.0
-1.0 9.75 -0.3
-1.0 9.75 0.0
-1.0 9.75 2.45
-1.0 9.75 2.67
-1.0 9.8377 -0.22
-1.0 9.8377 0.0
-1.0 10.0 -0.3
-1.0 10.0 0.0
-1.0 10.0 2.45
-1.0 10.0 2.67
-1.0 10.0862 -0.22
-1.0 10.0862 0.0
-1.0 10.25 -0.3
-1.0 10.25 0.0
-1.0 10.25 2.45
-1.0 10.25 2.67
-1.0 10.3346 -0.22
-1.0 10.3346 0.0
-1.0 10.5 -0.3
-1.0 10.5 0.0
-1.0 10.5 2.45
-1.0 10.5 2.67
-1.0 10.5831 -0.22
-1.0 10.5831 0.0
-1.0 10.75 -0.3
-1.0 10.75 0.0
-1.0 10.75 2.45
-1.0 10.75 2.67
-1.0 10.8315 -0.22
-1.0 10.8315 0.0
-1.0 11.0 -0.3
-1.0 11.0 0.0
-1.0 11.0 2.45
-1.0 11.0 2.67
-1.0 11.08 -0.22
-1.0 11.08 0.0
-1.0 11.25 -0.3
-1.0 11.25 0.0
-1.0 11.25 2.45
-1.0 11.25 2.67
-1.0 11.3285 -0.22
-1.0 11.3285 0.0
-1.0 11.5 -0.3
-1.0 11.5 0.0
-1.0 11.5 2.45
-1.0 11.5 2.67
-1.0 11.5769 -0.22
-1.0 11.5769 0.0
-1.0 11.75 -0.3
-1.0 11.75 0.0
-1.0 11.75 2.45
-1.0 11.75 2.67
-1.0 11.8254 -0.22
-1.0 11.8254 0.0
-1.0 12.0 -0.3
-1.0 12.0 0.0
-1.0 12.0 2.45
-1.0 12.0 2.67
-1.0 12.0738 -0.22
-1.0 12.0738 0.0
-1.0 12.25 -0.3
-1.0 12.25 0.0
-1.0 12.25 2.45
-1.0 12.25 2.67
-1.0 12.3223 -0.22
-1.0 12.3223 0.0
-1.0 12.5 -0.3
-1.0 12.5 0.0
-1.0 12.5 2.45
-1.0 12.5 2.67
-1.0 12.5708 -0.22
-1.0 12.5708 0.0
-1.0 12.75 -0.3
-1.0 12.75 0.0
-1.0 12.75 2.45
-1.0 12.75 2.67
-1.0 12.8192 -0.22
-1.0 12.8192 0.0
-1.0 13.0 -0.3
-1.0 13.0 0.0
-1.0 13.0 2.45
-1.0 13.0 2.67
-1.0 13.0677 -0.22
-1.0 13.0677 0.0
-1.0 13.25 -0.3
-1.0 13.25 0.0
-1.0 13.25 2.45
-1.0 13.25 2.67
-1.0 13.3162 -0.22
-1.0 13.3162 0.0
-1.0 13.5 -0.3
-1.0 13.5 0.0
-1.0 13.5 2.45
-1.0 13.5 2.67
-1.0 13.5646 -0.22
-1.0 13.5646 0.0
-1.0 13.75 -0.3
-1.0 13.75 0.0
-1.0 13.75 2.45
-1.0 13.75 2.67
-1.0 13.8131 -0.22
-1.0 13.8131 0.0
-1.0 14.0 -0.3
-1.0 14.0 0.0
-1.0 14.0 2.45
-1.0 14.0 2.67
-1.0 14.0615 -0.22
-1.0 14.0615 0.0
-1.0 14.25 -0.3
-1.0 14.25 0.0
-1.0 14.25 2.45
-1.0 14.25 2.67
-1.0 14.31 -0.22
-1.0 14.31 0.0
-1.0 14.5 -0.3
-1.0 14.5 0.0
-1.0 14.5 2.45
-1.0 14.5 2.67
-1.0 14.5585 -0.22
-1.0 14.5585 0.0
-1.0 14.75 -0.3
-1.0 14.75 0.0
-1.0 14.75 2.45
-1.0 14.75 2.67
-1.0 14.8069 -0.22
-1.0 14.8069 0.0
-1.0 15.0 -0.3
-1.0 15.0 0.0
-1.0 15.0 2.45
-1.0 15.0 2.67
-1.0 15.0554 -0.22
-1.0 15.0554 0.0
-1.0 15.25 -0.3
-1.0 15.25 0.0
-1.0 15.25 2.45
-1.0 15.25 2.67
-1.0 15.3038 -0.22
-1.0 15.3038 0.0
-1.0 15.5 -0.3
-1.0 15.5 0.0
-1.0 15.5 2.45
-1.0 15.5 2.67
-1.0 15.5523 -0.22
-1.0 15.5523 0.0
-1.0 15.75 -0.3
-1.0 15.75 0.0
-1.0 15.75 2.45
-1.0 15.75 2.67
-1.0 15.8008 -0.22
-1.0 15.8008 0.0
-1.0 16.0 -0.3
-1.0 16.0 0.0
-1.0 16.0 2.45
-1.0 16.0 2.67
-1.0 16.0492 -0.22
-1.0 16.0492 0.0
-1.0 16.25 -0.3
-1.0 16.25 0.0
-1.0 16.25 2.45
-1.0 16.25 2.67
-1.0 16.2977 -0.22
-1.0 16.2977 0.0
-1.0 16.5 -0.3
-1.0 16.5 0.0
-1.0 16.5 2.45
-1.0 16.5 2.67
-1.0 16.5462 -0.22
-1.0 16.5462 0.0
-1.0 16.75 -0.3
-1.0 16.75 0.0
-1.0 16.75 2.45
-1.0 16.75 2.67
-1.0 16.7946 -0.22
-1.0 16.7946 0.0
-1.0 17.0 -0.3
-1.0 17.0 0.0
-1.0 17.0 2.45
-1.0 17.0 2.67
-1.0 17.0431 -0.22
-1.0 17.0431 0.0
-1.0 17.25 -0.3
-1.0 17.25 0.0
-1.0 17.25 2.45
-1.0 17.25 2.67
-1.0 17.2915 -0.22
-1.0 17.2915 0.0
-1.0 17.5 -0.3
-1.0 17.5 0.0
-1.0 17.5 2.45
-1.0 17.5 2.67
-1.0 17.54 -0.22
-1.0 17.54 0.0
-1.0 17.75 -0.3
-1.0 17.75 0.0
-1.0 17.75 2.45
-1.0 17.75 2.67
-1.0 17.7885 -0.22
-1.0 17.7885 0.0
-1.0 18.0 -0.3
-1.0 18.0 0.0
-1.0 18.0 2.45
-1.0 18.0 2.67
-1.0 18.0369 -0.22
-1.0 18.0369 0.0
-1.0 18.25 -0.3
-1.0 18.25 0.0
-1.0 18.25 2.45
-1.0 18.25 2.67
-1.0 18.2854 -0.22
-1.0 18.2854 0.0
-1.0 18.5 -0.3
-1.0 18.5 0.0
-1.0 18.5 2.45
-1.0 18.5 2.67
-1.0 18.5338 -0.22
-1.0 18.5338 0.0
-1.0 18.75 -0.3
-1.0 18.75 0.0
-1.0 18.75 2.45
-1.0 18.75 2.67
-1.0 18.7823 -0.22
-1.0 18.7823 0.0
-1.0 19.0 -0.3
-1.0 19.0 0.0
-1.0 19.0 2.45
-1.0 19.0 2.67
-1.0 19.0308 -0.22
-1.0 19.0308 0.0
-1.0 19.25 -0.3
-1.0 19.25 0.0
-1.0 19.25 2.45
-1.0 19.25 2.67
-1.0 19.2792 -0.22
-1.0 19.2792 0.0
-1.0 19.5 -0.3
-1.0 19.5 0.0
-1.0 19.5 2.45
-1.0 19.5 2.67
-1.0 19.5277 -0.22
-1.0 19.5277 0.0
-1.0 19.75 -0.3
-1.0 19.75 0.0
-1.0 19.75 2.45
-1.0 19.75 2.67
-1.0 19.7762 -0.22
-1.0 19.7762 0.0
-1.0 20.0 -0.3
-1.0 20.0 0.0
-1.0 20.0 2.45
-1.0 20.0 2.67
-1.0 20.0246 -0.22
-1.0 20.0246 0.0
-1.0 20.25 -0.3
-1.0 20.25 0.0
-1.0 20.25 2.45
-1.0 20.25 2.67
-1.0 20.2731 -0.22
-1.0 20.2731 0.0
-1.0 20.5 -0.3
-1.0 20.5 0.0
-1.0 20.5 2.45
-1.0 20.5 2.67
-1.0 20.5215 -0.22
-1.0 20.5215 0.0
-1.0 20.75 -0.3
-1.0 20.75 0.0
-1.0 20.75 2.45
-1.0 20.75 2.67
-1.0 20.77 -0.22
-1.0 20.77 0.0
-1.0 21.0 -0.3
-1.0 21.0 0.0
-1.0 21.0 2.45
-1.0 21.0 2.67
-1.0 21.0185 -0.22
-1.0 21.0185 0.0
-1.0 21.25 -0.3
-1.0 21.25 0.0
-1.0 21.25 2.45
-1.0 21.25 2.67
-1.0 21.2669 -0.22
-1.0 21.2669 0.0
-1.0 21.5 -0.3
-1.0 21.5 0.0
-1.0 21.5 2.45
-1.0 21.5 2.67
-1.0 21.5154 -0.22
-1.0 21.5154 0.0
-1.0 21.75 -0.3
-1.0 21.75 0.0
-1.0 21.75 2.45
-1.0 21.75 2.67
-1.0 21.7638 -0.22
-1.0 21.7638 0.0
-1.0 22.0 -0.3
-1.0 22.0 0.0
-1.0 22.0 2.45
-1.0 22.0 2.67
-1.0 22.0123 -0.22
-1.0 22.0123 0.0
-1.0 22.25 -0.3
-1.0 22.25 0.0
-1.0 22.25 2.45
-1.0 22.25 2.67
-1.0 22.2608 -0.22
-1.0 22.2608 0.0
-1.0 22.5 -0.3
-1.0 22.5 0.0
-1.0 22.5 2.45
-1.0 22.5 2.67
-1.0 22.5092 -0.22
-1.0 22.5092 0.0
-1.0 22.75 -0.3
-1.0 22.75 0.0
-1.0 22.75 2.45
-1.0 22.75 2.67
-1.0 22.7577 -0.22
-1.0 22.7577 0.0
-1.0 23.0 -0.3
-1.0 23.0 0.0
-1.0 23.0 2.45
-1.0 23.0 2.67
-1.0 23.0062 -0.22
-1.0 23.0062 0.0
-1.0 23.25 -0.3
-1.0 23.25 0.0
-1.0 23.25 2.45
-1.0 23.25 2.67
-1.0 23.2546 -0.22
-1.0 23.2546 0.0
-1.0 23.5 -0.3
-1.0 23.5 0.0
-1.0 23.5 2.45
-1.0 23.5 2.67
-1.0 23.5031 -0.22
-1.0 23.5031 0.0
-1.0 23.75 -0.3
-1.0 23.75 0.0
-1.0 23.75 2.45
-1.0 23.75 2.67
-1.0 23.7515 -0.22
-1.0 23.7515 0.0
-1.0 23.82 0.0
-1.0 23.82 0.245
-1.0 23.82 0.49
-1.0 23.82 0.735
-1.0 23.82 0.98
-1.0 23.82 1.225
-1.0 23.82 1.47
-1.0 23.82 1.715
-1.0 23.82 1.96
-1.0 23.82 2.205
-1.0 23.82 2.45
-1.0 24.0 -0.3
-1.0 24.0 -0.22
-1.0 24.0 0.0
-1.0 24.0 0.245
-1.0 24.0 0.49
-1.0 24.0 0.735
-1.0 24.0 0.98
-1.0 24.0 1.225
-1.0 24.0 1.47
-1.0 24.0 1.715
-1.0 24.0 1.96
-1.0 24.0 2.205
-1.0 24.0 2.45
-1.0 24.0 2.67
-1.0 24.25 -0.3
-1.0 24.25 0.0
-1.0 24.5 -0.3
-1.0 24.5 0.0
-1.0 24.75 -0.3
-1.0 24.75 0.0
-1.0 25.0 -0.3
-1.0 25.0 -0.15
-1.0 25.0 0.0
-0.8556 0.0 -0.22
-0.8556 0.0 0.0
-0.8556 0.2453 -0.22
-0.8556 0.2453 0.0
-0.8556 0.4906 -0.22
-0.8556 0.4906 0.0
-0.8556 0.7359 -0.22
-0.8556 0.7359 0.0
-0.8556 0.9813 -0.22
-0.8556 0.9813 0.0
-0.8556 1.2266 -0.22
-0.8556 1.2266 0.0
-0.8556 1.4719 -0.22
-0.8556 1.4719 0.0
-0.8556 1.7172 -0.22
-0.8556 1.7172 0.0
-0.8556 1.9625 -0.22
-0.8556 1.9625 0.0
-0.8556 2.2078 -0.22
-0.8556 2.2078 0.0
-0.8556 2.4531 -0.22
-0.8556 2.4531 0.0
-0.8556 2.6984 -0.22
-0.8556 2.6984 0.0
-0.8556 2.9437 -0.22
-0.8556 2.9437 0.0
-0.8556 3.1891 -0.22
-0.8556 3.1891 0.0
-0.8556 3.4344 -0.22
-0.8556 3.4344 0.0
-0.8556 3.6797 -0.22
-0.8556 3.6797 0.0
-0.8556 3.925 -0.22
-0.8556 3.925 0.0
-0.8556 4.1703 -0.22
-0.8556 4.1703 0.0
-0.8556 4.4156 -0.22
-0.8556 4.4156 0.0
-0.8556 4.6609 -0.22
-0.8556 4.6609 0.0
-0.8556 4.9062 -0.22
-0.8556 4.9062 0.0
-0.8556 5.1516 -0.22
-0.8556 5.1516 0.0
-0.8556 5.3969 -0.22
-0.8556 5.3969 0.0
-0.8556 5.6422 -0.22
-0.8556 5.6422 0.0
-0.8556 5.8875 -0.22
-0.8556 5.8875 0.0
-0.8556 6.1328 -0.22
-0.8556 6.1328 0.0
-0.8556 6.3781 -0.22
-0.8556 6.3781 0.0
-0.8556 6.6234 -0.22
-0.8556 6.6234 0.0
-0.8556 6.8687 -0.22
-0.8556 6.8687 0.0
-0.8556 7.1141 -0.22
-0.8556 7.1141 0.0
-0.8556 7.3594 -0.22
-0.8556 7.3594 0.0
-0.8556 7.6047 -0.22
-0.8556 7.6047 0.0
-0.8556 7.85 -0.22
-0.8556 7.85 0.0
-0.8556 23.82 0.0
-0.8556 23.82 0.245
-0.8556 23.82 0.49
-0.8556 23.82 0.735
-0.8556 23.82 0.98
-0.8556 23.82 1.225
-0.8556 23.82 1.47
-0.8556 23.82 1.715
-0.8556 23.82 1.96
-0.8556 23.82 2.205
-0.8556 23.82 2.45
-0.8556 24.0 0.0
-0.8556 24.0 0.245
-0.8556 24.0 0.49
-0.8556 24.0 0.735
-0.8556 24.0 0.98
-0.8556 24.0 1.225
-0.8556 24.0 1.47
-0.8556 24.0 1.715
-0.8556 24.0 1.96
-0.8556 24.0 2.205
-0.8556 24.0 2.45
-0.75 -2.4 0.0
-0.75 -2.4 0.08
-0.75 -2.16 0.0
-0.75 -2.16 0.08
-0.75 -1.92 0.0
-0.75 -1.92 0.08
-0.75 -1.68 0.0
-0.75 -1.68 0.08
-0.75 -1.44 0.0
-0.75 -1.44 0.08
-0.75 -1.2 0.0
-0.75 -1.2 0.08
-0.75 -1.0 -0.3
-0.75 -1.0 -0.15
-0.75 -1.0 0.0
-0.75 -0.96 0.0
-0.75 -0.96 0.08
-0.75 -0.75 -0.3
-0.75 -0.75 0.0
-0.75 -0.72 0.0
-0.75 -0.72 0.08
-0.75 -0.5 -0.3
-0.75 -0.5 0.0
-0.75 -0.48 0.0
-0.75 -0.48 0.08
-0.75 -0.25 -0.3
-0.75 -0.25 0.0
-0.75 -0.24 0.0
-0.75 -0.24 0.08
-0.75 0.0 -0.3
-0.75 0.0 0.0
-0.75 0.0 0.08
-0.75 0.0 2.45
-0.75 0.0 2.67
-0.75 0.25 -0.3
-0.75 0.25 0.0
-0.75 0.25 2.45
-0.75 0.25 2.67
-0.75 0.5 -0.3
-0.75 0.5 0.0
-0.75 0.5 2.45
-0.75 0.5 2.67
-0.75 0.75 -0.3
-0.75 0.75 0.0
-0.75 0.75 2.45
-0.75 0.75 2.67
-0.75 1.0 -0.3
-0.75 1.0 0.0
-0.75 1.0 2.45
-0.75 1.0 2.67
-0.75 1.25 -0.3
-0.75 1.25 0.0
-0.75 1.25 2.45
-0.75 1.25 2.67
-0.75 1.5 -0.3
-0.75 1.5 0.0
-0.75 1.5 2.45
-0.75 1.5 2.67
-0.75 1.75 -0.3
-0.75 1.75 0.0
-0.75 1.75 2.45
-0.75 1.75 2.67
-0.75 2.0 -0.3
-0.75 2.0 0.0
-0.75 2.0 2.45
-0.75 2.0 2.67
-0.75 2.25 -0.3
-0.75 2.25 0.0
-0.75 2.25 2.45
-0.75 2.25 2.67
-0.75 2.5 -0.3
-0.75 2.5 0.0
-0.75 2.5 2.45
-0.75 2.5 2.67
-0.75 2.75 -0.3
-0.75 2.75 0.0
-0.75 2.75 2.45
-0.75 2.75 2.67
-0.75 3.0 -0.3
-0.75 3.0 0.0
-0.75 3.0 2.45
-0.75 3.0 2.67
-0.75 3.25 -0.3
-0.75 3.25 0.0
-0.75 3.25 2.45
-0.75 3.25 2.67
-0.75 3.5 -0.3
-0.75 3.5 0.0
-0.75 3.5 2.45
-0.75 3.5 2.67
-0.75 3.75 -0.3
-0.75 3.75 0.0
-0.75 3.75 2.45
-0.75 3.75 2.67
-0.75 4.0 -0.3
-0.75 4.0 0.0
-0.75 4.0 2.45
-0.75 4.0 2.67
-0.75 4.25 -0.3
-0.75 4.25 0.0
-0.75 4.25 2.45
-0.75 4.25 2.67
-0.75 4.5 -0.3
-0.75 4.5 0.0
-0.75 4.5 2.45
-0.75 4.5 2.67
-0.75 4.75 -0.3
-0.75 4.75 0.0
-0.75 4.75 2.45
-0.75 4.75 2.67
-0.75 5.0 -0.3
-0.75 5.0 0.0
-0.75 5.0 2.45
-0.75 5.0 2.67
-0.75 5.25 -0.3
-0.75 5.25 0.0
-0.75 5.25 2.45
-0.75 5.25 2.67
-0.75 5.5 -0.3
-0.75 5.5 0.0
-0.75 5.5 2.45
-0.75 5.5 2.67
-0.75 5.75 -0.3
-0.75 5.75 0.0
-0.75 5.75 2.45
-0.75 5.75 2.67
-0.75 6.0 -0.3
-0.75 6.0 0.0
-0.75 6.0 2.45
-0.75 6.0 2.67
-0.75 6.25 -0.3
-0.75 6.25 0.0
-0.75 6.25 2.45
-0.75 6.25 2.67
-0.75 6.5 -0.3
-0.75 6.5 0.0
-0.75 6.5 2.45
-0.75 6.5 2.67
-0.75 6.75 -0.3
-0.75 6.75 0.0
-0.75 6.75 2.45
-0.75 6.75 2.67
-0.75 7.0 -0.3
-0.75 7.0 0.0
-0.75 7.0 2.45
-0.75 7.0 2.67
-0.75 7.25 -0.3
-0.75 7.25 0.0
-0.75 7.25 2.45
-0.75 7.25 2.67
-0.75 7.5 -0.3
-0.75 7.5 0.0
-0.75 7.5 2.45
-0.75 7.5 2.67
-0.75 7.75 -0.3
-0.75 7.75 0.0
-0.75 7.75 2.45
-0.75 7.75 2.67
-0.75 7.85 -0.22
-0.75 7.85 0.0
-0.75 8.0 -0.3
-0.75 8.0 0.0
-0.75 8.0 2.45
-0.75 8.0 2.67
-0.75 8.0985 -0.22
-0.75 8.0985 0.0
-0.75 8.25 -0.3
-0.75 8.25 0.0
-0.75 8.25 2.45
-0.75 8.25 2.67
-0.75 8.3469 -0.22
-0.75 8.3469 0.0
-0.75 8.5 -0.3
-0.75 8.5 0.0
-0.75 8.5 2.45
-0.75 8.5 2.67
-0.75 8.5954 -0.22
-0.75 8.5954 0.0
-0.75 8.75 -0.3
-0.75 8.75 0.0
-0.75 8.75 2.45
-0.75 8.75 2.67
-0.75 8.8438 -0.22
-0.75 8.8438 0.0
-0.75 9.0 -0.3
-0.75 9.0 0.0
-0.75 9.0 2.45
-0.75 9.0 2.67
-0.75 9.0923 -0.22
-0.75 9.0923 0.0
-0.75 9.25 -0.3
-0.75 9.25 0.0
-0.75 9.25 2.45
-0.75 9.25 2.67
-0.75 9.3408 -0.22
-0.75 9.3408 0.0
-0.75 9.5 -0.3
-0.75 9.5 0.0
-0.75 9.5 2.45
-0.75 9.5 2.67
-0.75 9.5892 -0.22
-0.75 9.5892 0.0
-0.75 9.75 -0.3
-0.75 9.75 0.0
-0.75 9.75 2.45
-0.75 9.75 2.67
-0.75 9.8377 -0.22
-0.75 9.8377 0.0
-0.75 10.0 -0.3
-0.75 10.0 0.0
-0.75 10.0 2.45
-0.75 10.0 2.67
-0.75 10.0862 -0.22
-0.75 10.0862 0.0
-0.75 10.25 -0.3
-0.75 10.25 0.0
-0.75 10.25 2.45
-0.75 10.25 2.67
-0.75 10.3346 -0.22
-0.75 10.3346 0.0
-0.75 10.5 -0.3
-0.75 10.5 0.0
-0.75 10.5 2.45
-0.75 10.5 2.67
-0.75 10.5831 -0.22
-0.75 10.5831 0.0
-0.75 10.75 -0.3
-0.75 10.75 0.0
-0.75 10.75 2.45
-0.75 10.75 2.67
-0.75 10.8315 -0.22
-0.75 10.8315 0.0
-0.75 11.0 -0.3
-0.75 11.0 0.0
-0.75 11.0 2.45
-0.75 11.0 2.67
-0.75 11.08 -0.22
-0.75 11.08 0.0
-0.75 11.25 -0.3
-0.75 11.25 0.0
-0.75 11.25 2.45
-0.75 11.25 2.67
-0.75 11.3285 -0.22
-0.75 11.3285 0.0
-0.75 11.5 -0.3
-0.75 11.5 0.0
-0.75 11.5 2.45
-0.75 11.5 2.67
-0.75 11.5769 -0.22
-0.75 11.5769 0.0
-0.75 11.75 -0.3
-0.75 11.75 0.0
-0.75 11.75 2.45
-0.75 11.75 2.67
-0.75 11.8254 -0.22
-0.75 11.8254 0.0
-0.75 12.0 -0.3
-0.75 12.0 0.0
-0.75 12.0 2.45
-0.75 12.0 2.67
-0.75 12.0738 -0.22
-0.75 12.0738 0.0
-0.75 12.25 -0.3
-0.75 12.25 0.0
-0.75 12.25 2.45
-0.75 12.25 2.67
-0.75 12.3223 -0.22
-0.75 12.3223 0.0
-0.75 12.5 -0.3
-0.75 12.5 0.0
-0.75 12.5 2.45
-0.75 12.5 2.67
-0.75 12.5708 -0.22
-0.75 12.5708 0.0
-0.75 12.75 -0.3
-0.75 12.75 0.0
-0.75 12.75 2.45
-0.75 12.75 2.67
-0.75 12.8192 -0.22
-0.75 12.8192 0.0
-0.75 13.0 -0.3
-0.75 13.0 0.0
-0.75 13.0 2.45
-0.75 13.0 2.67
-0.75 13.0677 -0.22
-0.75 13.0677 0.0
-0.75 13.25 -0.3
-0.75 13.25 0.0
-0.75 13.25 2.45
-0.75 13.25 2.67
-0.75 13.3162 -0.22
-0.75 13.3162 0.0
-0.75 13.5 -0.3
-0.75 13.5 0.0
-0.75 13.5 2.45
-0.75 13.5 2.67
-0.75 13.5646 -0.22
-0.75 13.5646 0.0
-0.75 13.75 -0.3
-0.75 13.75 0.0
-0.75 13.75 2.45
-0.75 13.75 2.67
-0.75 13.8131 -0.22
-0.75 13.8131 0.0
-0.75 14.0 -0.3
-0.75 14.0 0.0
-0.75 14.0 2.45
-0.75 14.0 2.67
-0.75 14.0615 -0.22
-0.75 14.0615 0.0
-0.75 14.25 -0.3
-0.75 14.25 0.0
-0.75 14.25 2.45
-0.75 14.25 2.67
-0.75 14.31 -0.22
-0.75 14.31 0.0
-0.75 14.5 -0.3
-0.75 14.5 0.0
-0.75 14.5 2.45
-0.75 14.5 2.67
-0.75 14.5585 -0.22
-0.75 14.5585 0.0
-0.75 14.75 -0.3
-0.75 14.75 0.0
-0.75 14.75 2.45
-0.75 14.75 2.67
-0.75 14.8069 -0.22
-0.75 14.8069 0.0
-0.75 15.0 -0.3
-0.75 15.0 0.0
-0.75 15.0 2.45
-0.75 15.0 2.67
-0.75 15.0554 -0.22
-0.75 15.0554 0.0
-0.75 15.25 -0.3
-0.75 15.25 0.0
-0.75 15.25 2.45
-0.75 15.25 2.67
-0.75 15.3038 -0.22
-0.75 15.3038 0.0
-0.75 15.5 -0.3
-0.75 15.5 0.0
-0.75 15.5 2.45
-0.75 15.5 2.67
-0.75 15.5523 -0.22
-0.75 15.5523 0.0
-0.75 15.75 -0.3
-0.75 15.75 0.0
-0.75 15.75 2.45
-0.75 15.75 2.67
-0.75 15.8008 -0.22
-0.75 15.8008 0.0
-0.75 16.0 -0.3
-0.75 16.0 0.0
-0.75 16.0 2.45
-0.75 16.0 2.67
-0.75 16.0492 -0.22
-0.75 16.0492 0.0
-0.75 16.25 -0.3
-0.75 16.25 0.0
-0.75 16.25 2.45
-0.75 16.25 2.67
-0.75 16.2977 -0.22
-0.75 16.2977 0.0
-0.75 16.5 -0.3
-0.75 16.5 0.0
-0.75 16.5 2.45
-0.75 16.5 2.67
-0.75 16.5462 -0.22
-0.75 16.5462 0.0
-0.75 16.75 -0.3
-0.75 16.75 0.0
-0.75 16.75 2.45
-0.75 16.75 2.67
-0.75 16.7946 -0.22
-0.75 16.7946 0.0
-0.75 17.0 -0.3
-0.75 17.0 0.0
-0.75 17.0 2.45
-0.75 17.0 2.67
-0.75 17.0431 -0.22
-0.75 17.0431 0.0
-0.75 17.25 -0.3
-0.75 17.25 0.0
-0.75 17.25 2.45
-0.75 17.25 2.67
-0.75 17.2915 -0.22
-0.75 17.2915 0.0
-0.75 17.5 -0.3
-0.75 17.5 0.0
-0.75 17.5 2.45
-0.75 17.5 2.67
-0.75 17.54 -0.22
-0.75 17.54 0.0
-0.75 17.75 -0.3
-0.75 17.75 0.0
-0.75 17.75 2.45
-0.75 17.75 2.67
-0.75 17.7885 -0.22
-0.75 17.7885 0.0
-0.75 18.0 -0.3
-0.75 18.0 0.0
-0.75 18.0 2.45
-0.75 18.0 2.67
-0.75 18.0369 -0.22
-0.75 18.0369 0.0
-0.75 18.25 -0.3
-0.75 18.25 0.0
-0.75 18.25 2.45
-0.75 18.25 2.67
-0.75 18.2854 -0.22
-0.75 18.2854 0.0
-0.75 18.5 -0.3
-0.75 18.5 0.0
-0.75 18.5 2.45
-0.75 18.5 2.67
-0.75 18.5338 -0.22
-0.75 18.5338 0.0
-0.75 18.75 -0.3
-0.75 18.75 0.0
-0.75 18.75 2.45
-0.75 18.75 2.67
-0.75 18.7823 -0.22
-0.75 18.7823 0.0
-0.75 19.0 -0.3
-0.75 19.0 0.0
-0.75 19.0 2.45
-0.75 19.0 2.67
-0.75 19.0308 -0.22
-0.75 19.0308 0.0
-0.75 19.25 -0.3
-0.75 19.25 0.0
-0.75 19.25 2.45
-0.75 19.25 2.67
-0.75 19.2792 -0.22
-0.75 19.2792 0.0
-0.75 19.5 -0.3
-0.75 19.5 0.0
-0.75 19.5 2.45
-0.75 19.5 2.67
-0.75 19.5277 -0.22
-0.75 19.5277 0.0
-0.75 19.75 -0.3
-0.75 19.75 0.0
-0.75 19.75 2.45
-0.75 19.75 2.67
-0.75 19.7762 -0.22
-0.75 19.7762 0.0
-0.75 20.0 -0.3
-0.75 20.0 0.0
-0.75 20.0 2.45
-0.75 20.0 2.67
-0.75 20.0246 -0.22
-0.75 20.0246 0.0
-0.75 20.25 -0.3
-0.75 20.25 0.0
-0.75 20.25 2.45
-0.75 20.25 2.67
-0.75 20.2731 -0.22
-0.75 20.2731 0.0
-0.75 20.5 -0.3
-0.75 20.5 0.0
-0.75 20.5 2.45
-0.75 20.5 2.67
-0.75 20.5215 -0.22
-0.75 20.5215 0.0
-0.75 20.75 -0.3
-0.75 20.75 0.0
-0.75 20.75 2.45
-0.75 20.75 2.67
-0.75 20.77 -0.22
-0.75 20.77 0.0
-0.75 21.0 -0.3
-0.75 21.0 0.0
-0.75 21.0 2.45
-0.75 21.0 2.67
-0.75 21.0185 -0.22
-0.75 21.0185 0.0
-0.75 21.25 -0.3
-0.75 21.25 0.0
-0.75 21.25 2.45
-0.75 21.25 2.67
-0.75 21.2669 -0.22
-0.75 21.2669 0.0
-0.75 21.5 -0.3
-0.75 21.5 0.0
-0.75 21.5 2.45
-0.75 21.5 2.67
-0.75 21.5154 -0.22
-0.75 21.5154 0.0
-0.75 21.75 -0.3
-0.75 21.75 0.0
-0.75 21.75 2.45
-0.75 21.75 2.67
-0.75 21.7638 -0.22
-0.75 21.7638 0.0
-0.75 22.0 -0.3
-0.75 22.0 0.0
-0.75 22.0 2.45
-0.75 22.0 2.67
-0.75 22.0123 -0.22
-0.75 22.0123 0.0
-0.75 22.25 -0.3
-0.75 22.25 0.0
-0.75 22.25 2.45
-0.75 22.25 2.67
-0.75 22.2608 -0.22
-0.75 22.2608 0.0
-0.75 22.5 -0.3
-0.75 22.5 0.0
-0.75 22.5 2.45
-0.75 22.5 2.67
-0.75 22.5092 -0.22
-0.75 22.5092 0.0
-0.75 22.75 -0.3
-0.75 22.75 0.0
-0.75 22.75 2.45
-0.75 22.75 2.67
-0.75 22.7577 -0.22
-0.75 22.7577 0.0
-0.75 23.0 -0.3
-0.75 23.0 0.0
-0.75 23.0 2.45
-0.75 23.0 2.67
-0.75 23.0062 -0.22
-0.75 23.0062 0.0
-0.75 23.25 -0.3
-0.75 23.25 0.0
-0.75 23.25 2.45
-0.75 23.25 2.67
-0.75 23.2546 -0.22
-0.75 23.2546 0.0
-0.75 23.5 -0.3
-0.75 23.5 0.0
-0.75 23.5 2.45
-0.75 23.5 2.67
-0.75 23.5031 -0.22
-0.75 23.5031 0.0
-0.75 23.75 -0.3
-0.75 23.75 0.0
-0.75 23.75 2.45
-0.75 23.75 2.67
-0.75 23.7515 -0.22
-0.75 23.7515 0.0
-0.75 23.82 0.0
-0.75 23.82 0.245
-0.75 23.82 0.49
-0.75 23.82 0.735
-0.75 23.82 0.98
-0.75 23.82 1.225
-0.75 23.82 1.47
-0.75 23.82 1.715
-0.75 23.82 1.96
-0.75 23.82 2.205
-0.75 23.82 2.45
-0.75 24.0 -0.3
-0.75 24.0 -0.22
-0.75 24.0 0.0
-0.75 24.0 0.245
-0.75 24.0 0.49
-0.75 24.0 0.735
-0.75 24.0 0.98
-0.75 24.0 1.225
-0.75 24.0 1.47
-0.75 24.0 1.715
-0.75 24.0 1.96
-0.75 24.0 2.205
-0.75 24.0 2.45
-0.75 24.0 2.67
-0.75 24.25 -0.3
-0.75 24.25 0.0
-0.75 24.5 -0.3
-0.75 24.5 0.0
-0.75 24.75 -0.3
-0.75 24.75 0.0
-0.75 25.0 -0.3
-0.75 25.0 -0.15
-0.75 25.0 0.0
-0.6111 0.0 -0.22
-0.6111 0.0 0.0
-0.6111 0.2453 -0.22
-0.6111 0.2453 0.0
-0.6111 0.4906 -0.22
-0.6111 0.4906 0.0
-0.6111 0.7359 -0.22
-0.6111 0.7359 0.0
-0.6111 0.9813 -0.22
-0.6111 0.9813 0.0
-0.6111 1.2266 -0.22
-0.6111 1.2266 0.0
-0.6111 1.4719 -0.22
-0.6111 1.4719 0.0
-0.6111 1.7172 -0.22
-0.6111 1.7172 0.0
-0.6111 1.9625 -0.22
-0.6111 1.9625 0.0
-0.6111 2.2078 -0.22
-0.6111 2.2078 0.0
-0.6111 2.4531 -0.22
-0.6111 2.4531 0.0
-0.6111 2.6984 -0.22
-0.6111 2.6984 0.0
-0.6111 2.9437 -0.22
-0.6111 2.9437 0.0
-0.6111 3.1891 -0.22
-0.6111 3.1891 0.0
-0.6111 3.4344 -0.22
-0.6111 3.4344 0.0
-0.6111 3.6797 -0.22
-0.6111 3.6797 0.0
-0.6111 3.925 -0.22
-0.6111 3.925 0.0
-0.6111 4.1703 -0.22
-0.6111 4.1703 0.0
-0.6111 4.4156 -0.22
-0.6111 4.4156 0.0
-0.6111 4.6609 -0.22
-0.6111 4.6609 0.0
-0.6111 4.9062 -0.22
-0.6111 4.9062 0.0
-0.6111 5.1516 -0.22
-0.6111 5.1516 0.0
-0.6111 5.3969 -0.22
-0.6111 5.3969 0.0
-0.6111 5.6422 -0.22
-0.6111 5.6422 0.0
-0.6111 5.8875 -0.22
-0.6111 5.8875 0.0
-0.6111 6.1328 -0.22
-0.6111 6.1328 0.0
-0.6111 6.3781 -0.22
-0.6111 6.3781 0.0
-0.6111 6.6234 -0.22
-0.6111 6.6234 0.0
-0.6111 6.8687 -0.22
-0.6111 6.8687 0.0
-0.6111 7.1141 -0.22
-0.6111 7.1141 0.0
-0.6111 7.3594 -0.22
-0.6111 7.3594 0.0
-0.6111 7.6047 -0.22
-0.6111 7.6047 0.0
-0.6111 7.85 -0.22
-0.6111 7.85 0.0
-0.6111 23.82 0.0
-0.6111 23.82 0.245
-0.6111 23.82 0.49
-0.6111 23.82 0.735
-0.6111 23.82 0.98
-0.6111 23.82 1.225
-0.6111 23.82 1.47
-0.6111 23.82 1.715
-0.6111 23.82 1.96
-0.6111 23.82 2.205
-0.6111 23.82 2.45
-0.6111 24.0 0.0
-0.6111 24.0 0.245
-0.6111 24.0 0.49
-0.6111 24.0 0.735
-0.6111 24.0 0.98
-0.6111 24.0 1.225
-0.6111 24.0 1.47
-0.6111 24.0 1.715
-0.6111 24.0 1.96
-0.6111 24.0 2.205
-0.6111 24.0 2.45
-0.5 -2.4 0.0
-0.5 -2.4 0.08
-0.5 -2.16 0.0
-0.5 -2.16 0.08
-0.5 -1.92 0.0
-0.5 -1.92 0.08
-0.5 -1.68 0.0
-0.5 -1.68 0.08
-0.5 -1.44 0.0
-0.5 -1.44 0.08
-0.5 -1.2 0.0
-0.5 -1.2 0.08
-0.5 -1.0 -0.3
-0.5 -1.0 -0.15
-0.5 -1.0 0.0
-0.5 -0.96 0.0
-0.5 -0.96 0.08
-0.5 -0.75 -0.3
-0.5 -0.75 0.0
-0.5 -0.72 0.0
-0.5 -0.72 0.08
-0.5 -0.5 -0.3
-0.5 -0.5 0.0
-0.5 -0.48 0.0
-0.5 -0.48 0.08
-0.5 -0.25 -0.3
-0.5 -0.25 0.0
-0.5 -0.24 0.0
-0.5 -0.24 0.08
-0.5 0.0 -0.3
-0.5 0.0 0.0
-0.5 0.0 0.08
-0.5 0.0 2.45
-0.5 0.0 2.67
-0.5 0.25 -0.3
-0.5 0.25 0.0
-0.5 0.25 2.45
-0.5 0.25 2.67
-0.5 0.5 -0.3
-0.5 0.5 0.0
-0.5 0.5 2.45
-0.5 0.5 2.67
-0.5 0.75 -0.3
-0.5 0.75 0.0
-0.5 0.75 2.45
-0.5 0.75 2.67
-0.5 1.0 -0.3
-0.5 1.0 0.0
-0.5 1.0 2.45
-0.5 1.0 2.67
-0.5 1.25 -0.3
-0.5 1.25 0.0
-0.5 1.25 2.45
-0.5 1.25 2.67
-0.5 1.5 -0.3
-0.5 1.5 0.0
-0.5 1.5 2.45
-0.5 1.5 2.67
-0.5 1.75 -0.3
-0.5 1.75 0.0
-0.5 1.75 2.45
-0.5 1.75 2.67
-0.5 2.0 -0.3
-0.5 2.0 0.0
-0.5 2.0 2.45
-0.5 2.0 2.67
-0.5 2.25 -0.3
-0.5 2.25 0.0
-0.5 2.25 2.45
-0.5 2.25 2.67
-0.5 2.5 -0.3
-0.5 2.5 0.0
-0.5 2.5 2.45
-0.5 2.5 2.67
-0.5 2.75 -0.3
-0.5 2.75 0.0
-0.5 2.75 2.45
-0.5 2.75 2.67
-0.5 3.0 -0.3
-0.5 3.0 0.0
-0.5 3.0 2.45
-0.5 3.0 2.67
-0.5 3.25 -0.3
-0.5 3.25 0.0
-0.5 3.25 2.45
-0.5 3.25 2.67
-0.5 3.5 -0.3
-0.5 3.5 0.0
-0.5 3.5 2.45
-0.5 3.5 2.67
-0.5 3.75 -0.3
-0.5 3.75 0.0
-0.5 3.75 2.45
-0.5 3.75 2.67
-0.5 4.0 -0.3
-0.5 4.0 0.0
-0.5 4.0 2.45
-0.5 4.0 2.67
-0.5 4.25 -0.3
-0.5 4.25 0.0
-0.5 4.25 2.45
-0.5 4.25 2.67
-0.5 4.5 -0.3
-0.5 4.5 0.0
-0.5 4.5 2.45
-0.5 4.5 2.67
-0.5 4.75 -0.3
-0.5 4.75 0.0
-0.5 4.75 2.45
-0.5 4.75 2.67
-0.5 5.0 -0.3
-0.5 5.0 0.0
-0.5 5.0 2.45
-0.5 5.0 2.67
-0.5 5.25 -0.3
-0.5 5.25 0.0
-0.5 5.25 2.45
-0.5 5.25 2.67
-0.5 5.5 -0.3
-0.5 5.5 0.0
-0.5 5.5 2.45
-0.5 5.5 2.67
-0.5 5.75 -0.3
-0.5 5.75 0.0
-0.5 5.75 2.45
-0.5 5.75 2.67
-0.5 6.0 -0.3
-0.5 6.0 0.0
-0.5 6.0 2.45
-0.5 6.0 2.67
-0.5 6.25 -0.3
-0.5 6.25 0.0
-0.5 6.25 2.45
-0.5 6.25 2.67
-0.5 6.5 -0.3
-0.5 6.5 0.0
-0.5 6.5 2.45
-0.5 6.5 2.67
-0.5 6.75 -0.3
-0.5 6.75 0.0
-0.5 6.75 2.45
-0.5 6.75 2.67
-0.5 7.0 -0.3
-0.5 7.0 0.0
-0.5 7.0 2.45
-0.5 7.0 2.67
-0.5 7.25 -0.3
-0.5 7.25 0.0
-0.5 7.25 2.45
-0.5 7.25 2.67
-0.5 7.5 -0.3
-0.5 7.5 0.0
-0.5 7.5 2.45
-0.5 7.5 2.67
-0.5 7.75 -0.3
-0.5 7.75 0.0
-0.5 7.75 2.45
-0.5 7.75 2.67
-0.5 7.85 -0.22
-0.5 7.85 0.0
-0.5 8.0 -0.3
-0.5 8.0 0.0
-0.5 8.0 2.45
-0.5 8.0 2.67
-0.5 8.0985 -0.22
-0.5 8.0985 0.0
-0.5 8.25 -0.3
-0.5 8.25 0.0
-0.5 8.25 2.45
-0.5 8.25 2.67
-0.5 8.3469 -0.22
-0.5 8.3469 0.0
-0.5 8.5 -0.3
-0.5 8.5 0.0
-0.5 8.5 2.45
-0.5 8.5 2.67
-0.5 8.5954 -0.22
-0.5 8.5954 0.0
-0.5 8.75 -0.3
-0.5 8.75 0.0
-0.5 8.75 2.45
-0.5 8.75 2.67
-0.5 8.8438 -0.22
-0.5 8.8438 0.0
-0.5 9.0 -0.3
-0.5 9.0 0.0
-0.5 9.0 2.45
-0.5 9.0 2.67
-0.5 9.0923 -0.22
-0.5 9.0923 0.0
-0.5 9.25 -0.3
-0.5 9.25 0.0
-0.5 9.25 2.45
-0.5 9.25 2.67
-0.5 9.3408 -0.22
-0.5 9.3408 0.0
-0.5 9.5 -0.3
-0.5 9.5 0.0
-0.5 9.5 2.45
-0.5 9.5 2.67
-0.5 9.5892 -0.22
-0.5 9.5892 0.0
-0.5 9.75 -0.3
-0.5 9.75 0.0
-0.5 9.75 2.45
-0.5 9.75 2.67
-0.5 9.8377 -0.22
-0.5 9.8377 0.0
-0.5 10.0 -0.3
-0.5 10.0 0.0
-0.5 10.0 2.45
-0.5 10.0 2.67
-0.5 10.0862 -0.22
-0.5 10.0862 0.0
-0.5 10.25 -0.3
-0.5 10.25 0.0
-0.5 10.25 2.45
-0.5 10.25 2.67
-0.5 10.3346 -0.22
-0.5 10.3346 0.0
-0.5 10.5 -0.3
-0.5 10.5 0.0
-0.5 10.5 2.45
-0.5 10.5 2.67
-0.5 10.5831 -0.22
-0.5 10.5831 0.0
-0.5 10.75 -0.3
-0.5 10.75 0.0
-0.5 10.75 2.45
-0.5 10.75 2.67
-0.5 10.8315 -0.22
-0.5 10.8315 0.0
-0.5 11.0 -0.3
-0.5 11.0 0.0
-0.5 11.0 2.45
-0.5 11.0 2.67
-0.5 11.08 -0.22
-0.5 11.08 0.0
-0.5 11.25 -0.3
-0.5 11.25 0.0
-0.5 11.25 2.45
-0.5 11.25 2.67
-0.5 11.3285 -0.22
-0.5 11.3285 0.0
-0.5 11.5 -0.3
-0.5 11.5 0.0
-0.5 11.5 2.45
-0.5 11.5 2.67
-0.5 11.5769 -0.22
-0.5 11.5769 0.0
-0.5 11.75 -0.3
-0.5 11.75 0.0
-0.5 11.75 2.45
-0.5 11.75 2.67
-0.5 11.8254 -0.22
-0.5 11.8254 0.0
-0.5 12.0 -0.3
-0.5 12.0 0.0
-0.5 12.0 2.45
-0.5 12.0 2.67
-0.5 12.0738 -0.22
-0.5 12.0738 0.0
-0.5 12.25 -0.3
-0.5 12.25 0.0
-0.5 12.25 2.45
-0.5 12.25 2.67
-0.5 12.3223 -0.22
-0.5 12.3223 0.0
-0.5 12.5 -0.3
-0.5 12.5 0.0
-0.5 12.5 2.45
-0.5 12.5 2.67
-0.5 12.5708 -0.22
-0.5 12.5708 0.0
-0.5 12.75 -0.3
-0.5 12.75 0.0
-0.5 12.75 2.45
-0.5 12.75 2.67
-0.5 12.8192 -0.22
-0.5 12.8192 0.0
-0.5 13.0 -0.3
-0.5 13.0 0.0
-0.5 13.0 2.45
-0.5 13.0 2.67
-0.5 13.0677 -0.22
-0.5 13.0677 0.0
-0.5 13.25 -0.3
-0.5 13.25 0.0
-0.5 13.25 2.45
-0.5 13.25 2.67
-0.5 13.3162 -0.22
-0.5 13.3162 0.0
-0.5 13.5 -0.3
-0.5 13.5 0.0
-0.5 13.5 2.45
-0.5 13.5 2.67
-0.5 13.5646 -0.22
-0.5 13.5646 0.0
-0.5 13.75 -0.3
-0.5 13.75 0.0
-0.5 13.75 2.45
-0.5 13.75 2.67
-0.5 13.8131 -0.22
-0.5 13.8131 0.0
-0.5 14.0 -0.3
-0.5 14.0 0.0
-0.5 14.0 2.45
-0.5 14.0 2.67
-0.5 14.0615 -0.22
-0.5 14.0615 0.0
-0.5 14.25 -0.3
-0.5 14.25 0.0
-0.5 14.25 2.45
-0.5 14.25 2.67
-0.5 14.31 -0.22
-0.5 14.31 0.0
-0.5 14.5 -0.3
-0.5 14.5 0.0
-0.5 14.5 2.45
-0.5 14.5 2.67
-0.5 14.5585 -0.22
-0.5 14.5585 0.0
-0.5 14.75 -0.3
-0.5 14.75 0.0
-0.5 14.75 2.45
-0.5 14.75 2.67
-0.5 14.8069 -0.22
-0.5 14.8069 0.0
-0.5 15.0 -0.3
-0.5 15.0 0.0
-0.5 15.0 2.45
-0.5 15.0 2.67
-0.5 15.0554 -0.22
-0.5 15.0554 0.0
-0.5 15.25 -0.3
-0.5 15.25 0.0
-0.5 15.25 2.45
-0.5 15.25 2.67
-0.5 15.3038 -0.22
-0.5 15.3038 0.0
-0.5 15.5 -0.3
-0.5 15.5 0.0
-0.5 15.5 2.45
-0.5 15.5 2.67
-0.5 15.5523 -0.22
-0.5 15.5523 0.0
-0.5 15.75 -0.3
-0.5 15.75 0.0
-0.5 15.75 2.45
-0.5 15.75 2.67
-0.5 15.8008 -0.22
-0.5 15.8008 0.0
-0.5 16.0 -0.3
-0.5 16.0 0.0
-0.5 16.0 2.45
-0.5 16.0 2.67
-0.5 16.0492 -0.22
-0.5 16.0492 0.0
-0.5 16.25 -0.3
-0.5 16.25 0.0
-0.5 16.25 2.45
-0.5 16.25 2.67
-0.5 16.2977 -0.22
-0.5 16.2977 0.0
-0.5 16.5 -0.3
-0.5 16.5 0.0
-0.5 16.5 2.45
-0.5 16.5 2.67
-0.5 16.5462 -0.22
-0.5 16.5462 0.0
-0.5 16.75 -0.3
-0.5 16.75 0.0
-0.5 16.75 2.45
-0.5 16.75 2.67
-0.5 16.7946 -0.22
-0.5 16.7946 0.0
-0.5 17.0 -0.3
-0.5 17.0 0.0
-0.5 17.0 2.45
-0.5 17.0 2.67
-0.5 17.0431 -0.22
-0.5 17.0431 0.0
-0.5 17.25 -0.3
-0.5 17.25 0.0
-0.5 17.25 2.45
-0.5 17.25 2.67
-0.5 17.2915 -0.22
-0.5 17.2915 0.0
-0.5 17.5 -0.3
-0.5 17.5 0.0
-0.5 17.5 2.45
-0.5 17.5 2.67
-0.5 17.54 -0.22
-0.5 17.54 0.0
-0.5 17.75 -0.3
-0.5 17.75 0.0
-0.5 17.75 2.45
-0.5 17.75 2.67
-0.5 17.7885 -0.22
-0.5 17.7885 0.0
-0.5 18.0 -0.3
-0.5 18.0 0.0
-0.5 18.0 2.45
-0.5 18.0 2.67
-0.5 18.0369 -0.22
-0.5 18.0369 0.0
-0.5 18.25 -0.3
-0.5 18.25 0.0
-0.5 18.25 2.45
-0.5 18.25 2.67
-0.5 18.2854 -0.22
-0.5 18.2854 0.0
-0.5 18.5 -0.3
-0.5 18.5 0.0
-0.5 18.5 2.45
-0.5 18.5 2.67
-0.5 18.5338 -0.22
-0.5 18.5338 0.0
-0.5 18.75 -0.3
-0.5 18.75 0.0
-0.5 18.75 2.45
-0.5 18.75 2.67
-0.5 18.7823 -0.22
-0.5 18.7823 0.0
-0.5 19.0 -0.3
-0.5 19.0 0.0
-0.5 19.0 2.45
-0.5 19.0 2.67
-0.5 19.0308 -0.22
-0.5 19.0308 0.0
-0.5 19.25 -0.3
-0.5 19.25 0.0
-0.5 19.25 2.45
-0.5 19.25 2.67
-0.5 19.2792 -0.22
-0.5 19.2792 0.0
-0.5 19.5 -0.3
-0.5 19.5 0.0
-0.5 19.5 2.45
-0.5 19.5 2.67
-0.5 19.5277 -0.22
-0.5 19.5277 0.0
-0.5 19.75 -0.3
-0.5 19.75 0.0
-0.5 19.75 2.45
-0.5 19.75 2.67
-0.5 19.7762 -0.22
-0.5 19.7762 0.0
-0.5 20.0 -0.3
-0.5 20.0 0.0
-0.5 20.0 2.45
-0.5 20.0 2.67
-0.5 20.0246 -0.22
-0.5 20.0246 0.0
-0.5 20.25 -0.3
-0.5 20.25 0.0
-0.5 20.25 2.45
-0.5 20.25 2.67
-0.5 20.2731 -0.22
-0.5 20.2731 0.0
-0.5 20.5 -0.3
-0.5 20.5 0.0
-0.5 20.5 2.45
-0.5 20.5 2.67
-0.5 20.5215 -0.22
-0.5 20.5215 0.0
-0.5 20.75 -0.3
-0.5 20.75 0.0
-0.5 20.75 2.45
-0.5 20.75 2.67
-0.5 20.77 -0.22
-0.5 20.77 0.0
-0.5 21.0 -0.3
-0.5 21.0 0.0
-0.5 21.0 2.45
-0.5 21.0 2.67
-0.5 21.0185 -0.22
-0.5 21.0185 0.0
-0.5 21.25 -0.3
-0.5 21.25 0.0
-0.5 21.25 2.45
-0.5 21.25 2.67
-0.5 21.2669 -0.22
-0.5 21.2669 0.0
-0.5 21.5 -0.3
-0.5 21.5 0.0
-0.5 21.5 2.45
-0.5 21.5 2.67
-0.5 21.5154 -0.22
-0.5 21.5154 0.0
-0.5 21.75 -0.3
-0.5 21.75 0.0
-0.5 21.75 2.45
-0.5 21.75 2.67
-0.5 21.7638 -0.22
-0.5 21.7638 0.0
-0.5 22.0 -0.3
-0.5 22.0 0.0
-0.5 22.0 2.45
-0.5 22.0 2.67
-0.5 22.0123 -0.22
-0.5 22.0123 0.0
-0.5 22.25 -0.3
-0.5 22.25 0.0
-0.5 22.25 2.45
-0.5 22.25 2.67
-0.5 22.2608 -0.22
-0.5 22.2608 0.0
-0.5 22.5 -0.3
-0.5 22.5 0.0
-0.5 22.5 2.45
-0.5 22.5 2.67
-0.5 22.5092 -0.22
-0.5 22.5092 0.0
-0.5 22.75 -0.3
-0.5 22.75 0.0
-0.5 22.75 2.45
-0.5 22.75 2.67
-0.5 22.7577 -0.22
-0.5 22.7577 0.0
-0.5 23.0 -0.3
-0.5 23.0 0.0
-0.5 23.0 2.45
-0.5 23.0 2.67
-0.5 23.0062 -0.22
-0.5 23.0062 0.0
-0.5 23.25 -0.3
-0.5 23.25 0.0
-0.5 23.25 2.45
-0.5 23.25 2.67
-0.5 23.2546 -0.22
-0.5 23.2546 0.0
-0.5 23.5 -0.3
-0.5 23.5 0.0
-0.5 23.5 2.45
-0.5 23.5 2.67
-0.5 23.5031 -0.22
-0.5 23.5031 0.0
-0.5 23.75 -0.3
-0.5 23.75 0.0
-0.5 23.75 2.45
-0.5 23.75 2.67
-0.5 23.7515 -0.22
-0.5 23.7515 0.0
-0.5 23.82 0.0
-0.5 23.82 0.245
-0.5 23.82 0.49
-0.5 23.82 0.735
-0.5 23.82 0.98
-0.5 23.82 1.225
-0.5 23.82 1.47
-0.5 23.82 1.715
-0.5 23.82 1.96
-0.5 23.82 2.205
-0.5 23.82 2.45
-0.5 24.0 -0.3
-0.5 24.0 -0.22
-0.5 24.0 0.0
-0.5 24.0 0.245
-0.5 24.0 0.49
-0.5 24.0 0.735
-0.5 24.0 0.98
-0.5 24.0 1.225
-0.5 24.0 1.47
-0.5 24.0 1.715
-0.5 24.0 1.96
-0.5 24.0 2.205
-0.5 24.0 2.45
-0.5 24.0 2.67
-0.5 24.25 -0.3
-0.5 24.25 0.0
-0.5 24.5 -0.3
-0.5 24.5 0.0
-0.5 24.75 -0.3
-0.5 24.75 0.0
-0.5 25.0 -0.3
-0.5 25.0 -0.15
-0.5 25.0 0.0
-0.3667 0.0 -0.22
-0.3667 0.0 0.0
-0.3667 0.2453 -0.22
-0.3667 0.2453 0.0
-0.3667 0.4906 -0.22
-0.3667 0.4906 0.0
-0.3667 0.7359 -0.22
-0.3667 0.7359 0.0
-0.3667 0.9813 -0.22
-0.3667 0.9813 0.0
-0.3667 1.2266 -0.22
-0.3667 1.2266 0.0
-0.3667 1.4719 -0.22
-0.3667 1.4719 0.0
-0.3667 1.7172 -0.22
-0.3667 1.7172 0.0
-0.3667 1.9625 -0.22
-0.3667 1.9625 0.0
-0.3667 2.2078 -0.22
-0.3667 2.2078 0.0
-0.3667 2.4531 -0.22
-0.3667 2.4531 0.0
-0.3667 2.6984 -0.22
-0.3667 2.6984 0.0
-0.3667 2.9437 -0.22
-0.3667 2.9437 0.0
-0.3667 3.1891 -0.22
-0.3667 3.1891 0.0
-0.3667 3.4344 -0.22
-0.3667 3.4344 0.0
-0.3667 3.6797 -0.22
-0.3667 3.6797 0.0
-0.3667 3.925 -0.22
-0.3667 3.925 0.0
-0.3667 4.1703 -0.22
-0.3667 4.1703 0.0
-0.3667 4.4156 -0.22
-0.3667 4.4156 0.0
-0.3667 4.6609 -0.22
-0.3667 4.6609 0.0
-0.3667 4.9062 -0.22
-0.3667 4.9062 0.0
-0.3667 5.1516 -0.22
-0.3667 5.1516 0.0
-0.3667 5.3969 -0.22
-0.3667 5.3969 0.0
-0.3667 5.6422 -0.22
-0.3667 5.6422 0.0
-0.3667 5.8875 -0.22
-0.3667 5.8875 0.0
-0.3667 6.1328 -0.22
-0.3667 6.1328 0.0
-0.3667 6.3781 -0.22
-0.3667 6.3781 0.0
-0.3667 6.6234 -0.22
-0.3667 6.6234 0.0
-0.3667 6.8687 -0.22
-0.3667 6.8687 0.0
-0.3667 7.1141 -0.22
-0.3667 7.1141 0.0
-0.3667 7.3594 -0.22
-0.3667 7.3594 0.0
-0.3667 7.6047 -0.22
-0.3667 7.6047 0.0
-0.3667 7.85 -0.22
-0.3667 7.85 0.0
-0.3667 23.82 0.0
-0.3667 23.82 0.245
-0.3667 23.82 0.49
-0.3667 23.82 0.735
-0.3667 23.82 0.98
-0.3667 23.82 1.225
-0.3667 23.82 1.47
-0.3667 23.82 1.715
-0.3667 23.82 1.96
-0.3667 23.82 2.205
-0.3667 23.82 2.45
-0.3667 24.0 0.0
-0.3667 24.0 0.245
-0.3667 24.0 0.49
-0.3667 24.0 0.735
-0.3667 24.0 0.98
-0.3667 24.0 1.225
-0.3667 24.0 1.47
-0.3667 24.0 1.715
-0.3667 24.0 1.96
-0.3667 24.0 2.205
-0.3667 24.0 2.45
-0.25 -2.4 0.0
-0.25 -2.4 0.08
-0.25 -2.16 0.0
-0.25 -2.16 0.08
-0.25 -1.92 0.0
-0.25 -1.92 0.08
-0.25 -1.68 0.0
-0.25 -1.68 0.08
-0.25 -1.44 0.0
-0.25 -1.44 0.08
-0.25 -1.2 0.0
-0.25 -1.2 0.08
-0.25 -1.0 -0.3
-0.25 -1.0 -0.15
-0.25 -1.0 0.0
-0.25 -0.96 0.0
-0.25 -0.96 0.08
-0.25 -0.75 -0.3
-0.25 -0.75 0.0
-0.25 -0.72 0.0
-0.25 -0.72 0.08
-0.25 -0.5 -0.3
-0.25 -0.5 0.0
-0.25 -0.48 0.0
-0.25 -0.48 0.08
-0.25 -0.25 -0.3
-0.25 -0.25 0.0
-0.25 -0.24 0.0
-0.25 -0.24 0.08
-0.25 0.0 -0.3
-0.25 0.0 0.0
-0.25 0.0 0.08
-0.25 0.0 2.45
-0.25 0.0 2.67
-0.25 0.25 -0.3
-0.25 0.25 0.0
-0.25 0.25 2.45
-0.25 0.25 2.67
-0.25 0.5 -0.3
-0.25 0.5 0.0
-0.25 0.5 2.45
-0.25 0.5 2.67
-0.25 0.75 -0.3
-0.25 0.75 0.0
-0.25 0.75 2.45
-0.25 0.75 2.67
-0.25 1.0 -0.3
-0.25 1.0 0.0
-0.25 1.0 2.45
-0.25 1.0 2.67
-0.25 1.25 -0.3
-0.25 1.25 0.0
-0.25 1.25 2.45
-0.25 1.25 2.67
-0.25 1.5 -0.3
-0.25 1.5 0.0
-0.25 1.5 2.45
-0.25 1.5 2.67
-0.25 1.75 -0.3
-0.25 1.75 0.0
-0.25 1.75 2.45
-0.25 1.75 2.67
-0.25 2.0 -0.3
-0.25 2.0 0.0
-0.25 2.0 2.45
-0.25 2.0 2.67
-0.25 2.25 -0.3
-0.25 2.25 0.0
-0.25 2.25 2.45
-0.25 2.25 2.67
-0.25 2.5 -0.3
-0.25 2.5 0.0
-0.25 2.5 2.45
-0.25 2.5 2.67
-0.25 2.75 -0.3
-0.25 2.75 0.0
-0.25 2.75 2.45
-0.25 2.75 2.67
-0.25 3.0 -0.3
-0.25 3.0 0.0
-0.25 3.0 2.45
-0.25 3.0 2.67
-0.25 3.25 -0.3
-0.25 3.25 0.0
-0.25 3.25 2.45
-0.25 3.25 2.67
-0.25 3.5 -0.3
-0.25 3.5 0.0
-0.25 3.5 2.45
-0.25 3.5 2.67
-0.25 3.75 -0.3
-0.25 3.75 0.0
-0.25 3.75 2.45
-0.25 3.75 2.67
-0.25 4.0 -0.3
-0.25 4.0 0.0
-0.25 4.0 2.45
-0.25 4.0 2.67
-0.25 4.25 -0.3
-0.25 4.25 0.0
-0.25 4.25 2.45
-0.25 4.25 2.67
-0.25 4.5 -0.3
-0.25 4.5 0.0
-0.25 4.5 2.45
-0.25 4.5 2.67
-0.25 4.75 -0.3
-0.25 4.75 0.0
-0.25 4.75 2.45
-0.25 4.75 2.67
-0.25 5.0 -0.3
-0.25 5.0 0.0
-0.25 5.0 2.45
-0.25 5.0 2.67
-0.25 5.25 -0.3
-0.25 5.25 0.0
-0.25 5.25 2.45
-0.25 5.25 2.67
-0.25 5.5 -0.3
-0.25 5.5 0.0
-0.25 5.5 2.45
-0.25 5.5 2.67
-0.25 5.75 -0.3
-0.25 5.75 0.0
-0.25 5.75 2.45
-0.25 5.75 2.67
-0.25 6.0 -0.3
-0.25 6.0 0.0
-0.25 6.0 2.45
-0.25 6.0 2.67
-0.25 6.25 -0.3
-0.25 6.25 0.0
-0.25 6.25 2.45
-0.25 6.25 2.67
-0.25 6.5 -0.3
-0.25 6.5 0.0
-0.25 6.5 2.45
-0.25 6.5 2.67
-0.25 6.75 -0.3
-0.25 6.75 0.0
-0.25 6.75 2.45
-0.25 6.75 2.67
-0.25 7.0 -0.3
-0.25 7.0 0.0
-0.25 7.0 2.45
-0.25 7.0 2.67
-0.25 7.25 -0.3
-0.25 7.25 0.0
-0.25 7.25 2.45
-0.25 7.25 2.67
-0.25 7.5 -0.3
-0.25 7.5 0.0
-0.25 7.5 2.45
-0.25 7.5 2.67
-0.25 7.75 -0.3
-0.25 7.75 0.0
-0.25 7.75 2.45
-0.25 7.75 2.67
-0.25 7.85 -0.22
-0.25 7.85 0.0
-0.25 8.0 -0.3
-0.25 8.0 0.0
-0.25 8.0 2.45
-0.25 8.0 2.67
-0.25 8.0985 -0.22
-0.25 8.0985 0.0
-0.25 8.25 -0.3
-0.25 8.25 0.0
-0.25 8.25 2.45
-0.25 8.25 2.67
-0.25 8.3469 -0.22
-0.25 8.3469 0.0
-0.25 8.5 -0.3
-0.25 8.5 0.0
-0.25 8.5 2.45
-0.25 8.5 2.67
-0.25 8.5954 -0.22
-0.25 8.5954 0.0
-0.25 8.75 -0.3
-0.25 8.75 0.0
-0.25 8.75 2.45
-0.25 8.75 2.67
-0.25 8.8438 -0.22
-0.25 8.8438 0.0
-0.25 9.0 -0.3
-0.25 9.0 0.0
-0.25 9.0 2.45
-0.25 9.0 2.67
-0.25 9.0923 -0.22
-0.25 9.0923 0.0
-0.25 9.25 -0.3
-0.25 9.25 0.0
-0.25 9.25 2.45
-0.25 9.25 2.67
-0.25 9.3408 -0.22
-0.25 9.3408 0.0
-0.25 9.5 -0.3
-0.25 9.5 0.0
-0.25 9.5 2.45
-0.25 9.5 2.67
-0.25 9.5892 -0.22
-0.25 9.5892 0.0
-0.25 9.75 -0.3
-0.25 9.75 0.0
-0.25 9.75 2.45
-0.25 9.75 2.67
-0.25 9.8377 -0.22
-0.25 9.8377 0.0
-0.25 10.0 -0.3
-0.25 10.0 0.0
-0.25 10.0 2.45
-0.25 10.0 2.67
-0.25 10.0862 -0.22
-0.25 10.0862 0.0
-0.25 10.25 -0.3
-0.25 10.25 0.0
-0.25 10.25 2.45
-0.25 10.25 2.67
-0.25 10.3346 -0.22
-0.25 10.3346 0.0
-0.25 10.5 -0.3
-0.25 10.5 0.0
-0.25 10.5 2.45
-0.25 10.5 2.67
-0.25 10.5831 -0.22
-0.25 10.5831 0.0
-0.25 10.75 -0.3
-0.25 10.75 0.0
-0.25 10.75 2.45
-0.25 10.75 2.67
-0.25 10.8315 -0.22
-0.25 10.8315 0.0
-0.25 11.0 -0.3
-0.25 11.0 0.0
-0.25 11.0 2.45
-0.25 11.0 2.67
-0.25 11.08 -0.22
-0.25 11.08 0.0
-0.25 11.25 -0.3
-0.25 11.25 0.0
-0.25 11.25 2.45
-0.25 11.25 2.67
-0.25 11.3285 -0.22
-0.25 11.3285 0.0
-0.25 11.5 -0.3
-0.25 11.5 0.0
-0.25 11.5 2.45
-0.25 11.5 2.67
-0.25 11.5769 -0.22
-0.25 11.5769 0.0
-0.25 11.75 -0.3
-0.25 11.75 0.0
-0.25 11.75 2.45
-0.25 11.75 2.67
-0.25 11.8254 -0.22
-0.25 11.8254 0.0
-0.25 12.0 -0.3
-0.25 12.0 0.0
-0.25 12.0 2.45
-0.25 12.0 2.67
-0.25 12.0738 -0.22
-0.25 12.0738 0.0
-0.25 12.25 -0.3
-0.25 12.25 0.0
-0.25 12.25 2.45
-0.25 12.25 2.67
-0.25 12.3223 -0.22
-0.25 12.3223 0.0
-0.25 12.5 -0.3
-0.25 12.5 0.0
-0.25 12.5 2.45
-0.25 12.5 2.67
-0.25 12.5708 -0.22
-0.25 12.5708 0.0
-0.25 12.75 -0.3
-0.25 12.75 0.0
-0.25 12.75 2.45
-0.25 12.75 2.67
-0.25 12.8192 -0.22
-0.25 12.8192 0.0
-0.25 13.0 -0.3
-0.25 13.0 0.0
-0.25 13.0 2.45
-0.25 13.0 2.67
-0.25 13.0677 -0.22
-0.25 13.0677 0.0
-0.25 13.25 -0.3
-0.25 13.25 0.0
-0.25 13.25 2.45
-0.25 13.25 2.67
-0.25 13.3162 -0.22
-0.25 13.3162 0.0
-0.25 13.5 -0.3
-0.25 13.5 0.0
-0.25 13.5 2.45
-0.25 13.5 2.67
-0.25 13.5646 -0.22
-0.25 13.5646 0.0
-0.25 13.75 -0.3
-0.25 13.75 0.0
-0.25 13.75 2.45
-0.25 13.75 2.67
-0.25 13.8131 -0.22
-0.25 13.8131 0.0
-0.25 14.0 -0.3
-0.25 14.0 0.0
-0.25 14.0 2.45
-0.25 14.0 2.67
-0.25 14.0615 -0.22
-0.25 14.0615 0.0
-0.25 14.25 -0.3
-0.25 14.25 0.0
-0.25 14.25 2.45
-0.25 14.25 2.67
-0.25 14.31 -0.22
-0.25 14.31 0.0
-0.25 14.5 -0.3
-0.25 14.5 0.0
-0.25 14.5 2.45
-0.25 14.5 2.67
-0.25 14.5585 -0.22
-0.25 14.5585 0.0
-0.25 14.75 -0.3
-0.25 14.75 0.0
-0.25 14.75 2.45
-0.25 14.75 2.67
-0.25 14.8069 -0.22
-0.25 14.8069 0.0
-0.25 15.0 -0.3
-0.25 15.0 0.0
-0.25 15.0 2.45
-0.25 15.0 2.67
-0.25 15.0554 -0.22
-0.25 15.0554 0.0
-0.25 15.25 -0.3
-0.25 15.25 0.0
-0.25 15.25 2.45
-0.25 15.25 2.67
-0.25 15.3038 -0.22
-0.25 15.3038 0.0
-0.25 15.5 -0.3
-0.25 15.5 0.0
-0.25 15.5 2.45
-0.25 15.5 2.67
-0.25 15.5523 -0.22
-0.25 15.5523 0.0
-0.25 15.75 -0.3
-0.25 15.75 0.0
-0.25 15.75 2.45
-0.25 15.75 2.67
-0.25 15.8008 -0.22
-0.25 15.8008 0.0
-0.25 16.0 -0.3
-0.25 16.0 0.0
-0.25 16.0 2.45
-0.25 16.0 2.67
-0.25 16.0492 -0.22
-0.25 16.0492 0.0
-0.25 16.25 -0.3
-0.25 16.25 0.0
-0.25 16.25 2.45
-0.25 16.25 2.67
-0.25 16.2977 -0.22
-0.25 16.2977 0.0
-0.25 16.5 -0.3
-0.25 16.5 0.0
-0.25 16.5 2.45
-0.25 16.5 2.67
-0.25 16.5462 -0.22
-0.25 16.5462 0.0
-0.25 16.75 -0.3
-0.25 16.75 0.0
-0.25 16.75 2.45
-0.25 16.75 2.67
-0.25 16.7946 -0.22
-0.25 16.7946 0.0
-0.25 17.0 -0.3
-0.25 17.0 0.0
-0.25 17.0 2.45
-0.25 17.0 2.67
-0.25 17.0431 -0.22
-0.25 17.0431 0.0
-0.25 17.25 -0.3
-0.25 17.25 0.0
-0.25 17.25 2.45
-0.25 17.25 2.67
-0.25 17.2915 -0.22
-0.25 17.2915 0.0
-0.25 17.5 -0.3
-0.25 17.5 0.0
-0.25 17.5 2.45
-0.25 17.5 2.67
-0.25 17.54 -0.22
-0.25 17.54 0.0
-0.25 17.75 -0.3
-0.25 17.75 0.0
-0.25 17.75 2.45
-0.25 17.75 2.67
-0.25 17.7885 -0.22
-0.25 17.7885 0.0
-0.25 18.0 -0.3
-0.25 18.0 0.0
-0.25 18.0 2.45
-0.25 18.0 2.67
-0.25 18.0369 -0.22
-0.25 18.0369 0.0
-0.25 18.25 -0.3
-0.25 18.25 0.0
-0.25 18.25 2.45
-0.25 18.25 2.67
-0.25 18.2854 -0.22
-0.25 18.2854 0.0
-0.25 18.5 -0.3
-0.25 18.5 0.0
-0.25 18.5 2.45
-0.25 18.5 2.67
-0.25 18.5338 -0.22
-0.25 18.5338 0.0
-0.25 18.75 -0.3
-0.25 18.75 0.0
-0.25 18.75 2.45
-0.25 18.75 2.67
-0.25 18.7823 -0.22
-0.25 18.7823 0.0
-0.25 19.0 -0.3
-0.25 19.0 0.0
-0.25 19.0 2.45
-0.25 19.0 2.67
-0.25 19.0308 -0.22
-0.25 19.0308 0.0
-0.25 19.25 -0.3
-0.25 19.25 0.0
-0.25 19.25 2.45
-0.25 19.25 2.67
-0.25 19.2792 -0.22
-0.25 19.2792 0.0
-0.25 19.5 -0.3
-0.25 19.5 0.0
-0.25 19.5 2.45
-0.25 19.5 2.67
-0.25 19.5277 -0.22
-0.25 19.5277 0.0
-0.25 19.75 -0.3
-0.25 19.75 0.0
-0.25 19.75 2.45
-0.25 19.75 2.67
-0.25 19.7762 -0.22
-0.25 19.7762 0.0
-0.25 20.0 -0.3
-0.25 20.0 0.0
-0.25 20.0 2.45
-0.25 20.0 2.67
-0.25 20.0246 -0.22
-0.25 20.0246 0.0
-0.25 20.25 -0.3
-0.25 20.25 0.0
-0.25 20.25 2.45
-0.25 20.25 2.67
-0.25 20.2731 -0.22
-0.25 20.2731 0.0
-0.25 20.5 -0.3
-0.25 20.5 0.0
-0.25 20.5 2.45
-0.25 20.5 2.67
-0.25 20.5215 -0.22
-0.25 20.5215 0.0
-0.25 20.75 -0.3
-0.25 20.75 0.0
-0.25 20.75 2.45
-0.25 20.75 2.67
-0.25 20.77 -0.22
-0.25 20.77 0.0
-0.25 21.0 -0.3
-0.25 21.0 0.0
-0.25 21.0 2.45
-0.25 21.0 2.67
-0.25 21.0185 -0.22
-0.25 21.0185 0.0
-0.25 21.25 -0.3
-0.25 21.25 0.0
-0.25 21.25 2.45
-0.25 21.25 2.67
-0.25 21.2669 -0.22
-0.25 21.2669 0.0
-0.25 21.5 -0.3
-0.25 21.5 0.0
-0.25 21.5 2.45
-0.25 21.5 2.67
-0.25 21.5154 -0.22
-0.25 21.5154 0.0
-0.25 21.75 -0.3
-0.25 21.75 0.0
-0.25 21.75 2.45
-0.25 21.75 2.67
-0.25 21.7638 -0.22
-0.25 21.7638 0.0
-0.25 22.0 -0.3
-0.25 22.0 0.0
-0.25 22.0 2.45
-0.25 22.0 2.67
-0.25 22.0123 -0.22
-0.25 22.0123 0.0
-0.25 22.25 -0.3
-0.25 22.25 0.0
-0.25 22.25 2.45
-0.25 22.25 2.67
-0.25 22.2608 -0.22
-0.25 22.2608 0.0
-0.25 22.5 -0.3
-0.25 22.5 0.0
-0.25 22.5 2.45
-0.25 22.5 2.67
-0.25 22.5092 -0.22
-0.25 22.5092 0.0
-0.25 22.75 -0.3
-0.25 22.75 0.0
-0.25 22.75 2.45
-0.25 22.75 2.67
-0.25 22.7577 -0.22
-0.25 22.7577 0.0
-0.25 23.0 -0.3
-0.25 23.0 0.0
-0.25 23.0 2.45
-0.25 23.0 2.67
-0.25 23.0062 -0.22
-0.25 23.0062 0.0
-0.25 23.25 -0.3
-0.25 23.25 0.0
-0.25 23.25 2.45
-0.25 23.25 2.67
-0.25 23.2546 -0.22
-0.25 23.2546 0.0
-0.25 23.5 -0.3
-0.25 23.5 0.0
-0.25 23.5 2.45
-0.25 23.5 2.67
-0.25 23.5031 -0.22
-0.25 23.5031 0.0
-0.25 23.75 -0.3
-0.25 23.75 0.0
-0.25 23.75 2.45
-0.25 23.75 2.67
-0.25 23.7515 -0.22
-0.25 23.7515 0.0
-0.25 23.82 0.0
-0.25 23.82 0.245
-0.25 23.82 0.49
-0.25 23.82 0.735
-0.25 23.82 0.98
-0.25 23.82 1.225
-0.25 23.82 1.47
-0.25 23.82 1.715
-0.25 23.82 1.96
-0.25 23.82 2.205
-0.25 23.82 2.45
-0.25 24.0 -0.3
-0.25 24.0 -0.22
-0.25 24.0 0.0
-0.25 24.0 0.245
-0.25 24.0 0.49
-0.25 24.0 0.735
-0.25 24.0 0.98
-0.25 24.0 1.225
-0.25 24.0 1.47
-0.25 24.0 1.715
-0.25 24.0 1.96
-0.25 24.0 2.205
-0.25 24.0 2.45
-0.25 24.0 2.67
-0.25 24.25 -0.3
-0.25 24.25 0.0
-0.25 24.5 -0.3
-0.25 24.5 0.0
-0.25 24.75 -0.3
-0.25 24.75 0.0
-0.25 25.0 -0.3
-0.25 25.0 -0.15
-0.25 25.0 0.0
-0.1222 0.0 -0.22
-0.1222 0.0 0.0
-0.1222 0.2453 -0.22
-0.1222 0.2453 0.0
-0.1222 0.4906 -0.22
-0.1222 0.4906 0.0
-0.1222 0.7359 -0.22
-0.1222 0.7359 0.0
-0.1222 0.9813 -0.22
-0.1222 0.9813 0.0
-0.1222 1.2266 -0.22
-0.1222 1.2266 0.0
-0.1222 1.4719 -0.22
-0.1222 1.4719 0.0
-0.1222 1.7172 -0.22
-0.1222 1.7172 0.0
-0.1222 1.9625 -0.22
-0.1222 1.9625 0.0
-0.1222 2.2078 -0.22
-0.1222 2.2078 0.0
-0.1222 2.4531 -0.22
-0.1222 2.4531 0.0
-0.1222 2.6984 -0.22
-0.1222 2.6984 0.0
-0.1222 2.9437 -0.22
-0.1222 2.9437 0.0
-0.1222 3.1891 -0.22
-0.1222 3.1891 0.0
-0.1222 3.4344 -0.22
-0.1222 3.4344 0.0
-0.1222 3.6797 -0.22
-0.1222 3.6797 0.0
-0.1222 3.925 -0.22
-0.1222 3.925 0.0
-0.1222 4.1703 -0.22
-0.1222 4.1703 0.0
-0.1222 4.4156 -0.22
-0.1222 4.4156 0.0
-0.1222 4.6609 -0.22
-0.1222 4.6609 0.0
-0.1222 4.9062 -0.22
-0.1222 4.9062 0.0
-0.1222 5.1516 -0.22
-0.1222 5.1516 0.0
-0.1222 5.3969 -0.22
-0.1222 5.3969 0.0
-0.1222 5.6422 -0.22
-0.1222 5.6422 0.0
-0.1222 5.8875 -0.22
-0.1222 5.8875 0.0
-0.1222 6.1328 -0.22
-0.1222 6.1328 0.0
-0.1222 6.3781 -0.22
-0.1222 6.3781 0.0
-0.1222 6.6234 -0.22
-0.1222 6.6234 0.0
-0.1222 6.8687 -0.22
-0.1222 6.8687 0.0
-0.1222 7.1141 -0.22
-0.1222 7.1141 0.0
-0.1222 7.3594 -0.22
-0.1222 7.3594 0.0
-0.1222 7.6047 -0.22
-0.1222 7.6047 0.0
-0.1222 7.85 -0.22
-0.1222 7.85 0.0
-0.1222 23.82 0.0
-0.1222 23.82 0.245
-0.1222 23.82 0.49
-0.1222 23.82 0.735
-0.1222 23.82 0.98
-0.1222 23.82 1.225
-0.1222 23.82 1.47
-0.1222 23.82 1.715
-0.1222 23.82 1.96
-0.1222 23.82 2.205
-0.1222 23.82 2.45
-0.1222 24.0 0.0
-0.1222 24.0 0.245
-0.1222 24.0 0.49
-0.1222 24.0 0.735
-0.1222 24.0 0.98
-0.1222 24.0 1.225
-0.1222 24.0 1.47
-0.1222 24.0 1.715
-0.1222 24.0 1.96
-0.1222 24.0 2.205
-0.1222 24.0 2.45
0.0 -2.4 0.0
0.0 -2.4 0.08
0.0 -2.16 0.0
0.0 -2.16 0.08
0.0 -1.92 0.0
0.0 -1.92 0.08
0.0 -1.68 0.0
0.0 -1.68 0.08
0.0 -1.44 0.0
0.0 -1.44 0.08
0.0 -1.2 0.0
0.0 -1.2 0.08
0.0 -1.0 -0.3
0.0 -1.0 -0.15
0.0 -1.0 0.0
0.0 -0.96 0.0
0.0 -0.96 0.08
0.0 -0.75 -0.3
0.0 -0.75 0.0
0.0 -0.72 0.0
0.0 -0.72 0.08
0.0 -0.5 -0.3
0.0 -0.5 0.0
0.0 -0.48 0.0
0.0 -0.48 0.08
0.0 -0.25 -0.3
0.0 -0.25 0.0
0.0 -0.24 0.0
0.0 -0.24 0.08
0.0 0.0 -0.3
0.0 0.0 0.0
0.0 0.0 0.08
0.0 0.0 2.45
0.0 0.0 2.67
0.0 0.25 -0.3
0.0 0.25 0.0
0.0 0.25 2.45
0.0 0.25 2.67
0.0 0.5 -0.3
0.0 0.5 0.0
0.0 0.5 2.45
0.0 0.5 2.67
0.0 0.75 -0.3
0.0 0.75 0.0
0.0 0.75 2.45
0.0 0.75 2.67
0.0 1.0 -0.3
0.0 1.0 0.0
0.0 1.0 2.45
0.0 1.0 2.67
0.0 1.25 -0.3
0.0 1.25 0.0
0.0 1.25 2.45
0.0 1.25 2.67
0.0 1.5 -0.3
0.0 1.5 0.0
0.0 1.5 2.45
0.0 1.5 2.67
0.0 1.75 -0.3
0.0 1.75 0.0
0.0 1.75 2.45
0.0 1.75 2.67
0.0 2.0 -0.3
0.0 2.0 0.0
0.0 2.0 2.45
0.0 2.0 2.67
0.0 2.25 -0.3
0.0 2.25 0.0
0.0 2.25 2.45
0.0 2.25 2.67
0.0 2.5 -0.3
0.0 2.5 0.0
0.0 2.5 2.45
0.0 2.5 2.67
0.0 2.75 -0.3
0.0 2.75 0.0
0.0 2.75 2.45
0.0 2.75 2.67
0.0 3.0 -0.3
0.0 3.0 0.0
0.0 3.0 2.45
0.0 3.0 2.67
0.0 3.25 -0.3
0.0 3.25 0.0
0.0 3.25 2.45
0.0 3.25 2.67
0.0 3.5 -0.3
0.0 3.5 0.0
0.0 3.5 2.45
0.0 3.5 2.67
0.0 3.75 -0.3
0.0 3.75 0.0
0.0 3.75 2.45
0.0 3.75 2.67
0.0 4.0 -0.3
0.0 4.0 0.0
0.0 4.0 2.45
0.0 4.0 2.67
0.0 4.25 -0.3
0.0 4.25 0.0
0.0 4.25 2.45
0.0 4.25 2.67
0.0 4.5 -0.3
0.0 4.5 0.0
0.0 4.5 2.45
0.0 4.5 2.67
0.0 4.75 -0.3
0.0 4.75 0.0
0.0 4.75 2.45
0.0 4.75 2.67
0.0 5.0 -0.3
0.0 5.0 0.0
0.0 5.0 2.45
0.0 5.0 2.67
0.0 5.25 -0.3
0.0 5.25 0.0
0.0 5.25 2.45
0.0 5.25 2.67
0.0 5.5 -0.3
0.0 5.5 0.0
0.0 5.5 2.45
0.0 5.5 2.67
0.0 5.75 -0.3
0.0 5.75 0.0
0.0 5.75 2.45
0.0 5.75 2.67
0.0 6.0 -0.3
0.0 6.0 0.0
0.0 6.0 2.45
0.0 6.0 2.67
0.0 6.25 -0.3
0.0 6.25 0.0
0.0 6.25 2.45
0.0 6.25 2.67
0.0 6.5 -0.3
0.0 6.5 0.0
0.0 6.5 2.45
0.0 6.5 2.67
0.0 6.75 -0.3
0.0 6.75 0.0
0.0 6.75 2.45
0.0 6.75 2.67
0.0 7.0 -0.3
0.0 7.0 0.0
0.0 7.0 2.45
0.0 7.0 2.67
0.0 7.25 -0.3
0.0 7.25 0.0
0.0 7.25 2.45
0.0 7.25 2.67
0.0 7.5 -0.3
0.0 7.5 0.0
0.0 7.5 2.45
0.0 7.5 2.67
0.0 7.75 -0.3
0.0 7.75 0.0
0.0 7.75 2.45
0.0 7.75 2.67
0.0 7.85 -0.22
0.0 7.85 0.0
0.0 8.0 -0.3
0.0 8.0 0.0
0.0 8.0 2.45
0.0 8.0 2.67
0.0 8.0985 -0.22
0.0 8.0985 0.0
0.0 8.25 -0.3
0.0 8.25 0.0
0.0 8.25 2.45
0.0 8.25 2.67
0.0 8.3469 -0.22
0.0 8.3469 0.0
0.0 8.5 -0.3
0.0 8.5 0.0
0.0 8.5 2.45
0.0 8.5 2.67
0.0 8.5954 -0.22
0.0 8.5954 0.0
0.0 8.75 -0.3
0.0 8.75 0.0
0.0 8.75 2.45
0.0 8.75 2.67
0.0 8.8438 -0.22
0.0 8.8438 0.0
0.0 9.0 -0.3
0.0 9.0 0.0
0.0 9.0 2.45
0.0 9.0 2.67
0.0 9.0923 -0.22
0.0 9.0923 0.0
0.0 9.25 -0.3
0.0 9.25 0.0
0.0 9.25 2.45
0.0 9.25 2.67
0.0 9.3408 -0.22
0.0 9.3408 0.0
0.0 9.5 -0.3
0.0 9.5 0.0
0.0 9.5 2.45
0.0 9.5 2.67
0.0 9.5892 -0.22
0.0 9.5892 0.0
0.0 9.75 -0.3
0.0 9.75 0.0
0.0 9.75 2.45
0.0 9.75 2.67
0.0 9.8377 -0.22
0.0 9.8377 0.0
0.0 10.0 -0.3
0.0 10.0 0.0
0.0 10.0 2.45
0.0 10.0 2.67
0.0 10.0862 -0.22
0.0 10.0862 0.0
0.0 10.25 -0.3
0.0 10.25 0.0
0.0 10.25 2.45
0.0 10.25 2.67
0.0 10.3346 -0.22
0.0 10.3346 0.0
0.0 10.5 -0.3
0.0 10.5 0.0
0.0 10.5 2.45
0.0 10.5 2.67
0.0 10.5831 -0.22
0.0 10.5831 0.0
0.0 10.75 -0.3
0.0 10.75 0.0
0.0 10.75 2.45
0.0 10.75 2.67
0.0 10.8315 -0.22
0.0 10.8315 0.0
0.0 11.0 -0.3
0.0 11.0 0.0
0.0 11.0 2.45
0.0 11.0 2.67
0.0 11.08 -0.22
0.0 11.08 0.0
0.0 11.25 -0.3
0.0 11.25 0.0
0.0 11.25 2.45
0.0 11.25 2.67
0.0 11.3285 -0.22
0.0 11.3285 0.0
0.0 11.5 -0.3
0.0 11.5 0.0
0.0 11.5 2.45
0.0 11.5 2.67
0.0 11.5769 -0.22
0.0 11.5769 0.0
0.0 11.75 -0.3
0.0 11.75 0.0
0.0 11.75 2.45
0.0 11.75 2.67
0.0 11.8254 -0.22
0.0 11.8254 0.0
0.0 12.0 -0.3
0.0 12.0 0.0
0.0 12.0 2.45
0.0 12.0 2.67
0.0 12.0738 -0.22
0.0 12.0738 0.0
0.0 12.25 -0.3
0.0 12.25 0.0
0.0 12.25 2.45
0.0 12.25 2.67
0.0 12.3223 -0.22
0.0 12.3223 0.0
0.0 12.5 -0.3
0.0 12.5 0.0
0.0 12.5 2.45
0.0 12.5 2.67
0.0 12.5708 -0.22
0.0 12.5708 0.0
0.0 12.75 -0.3
0.0 12.75 0.0
0.0 12.75 2.45
0.0 12.75 2.67
0.0 12.8192 -0.22
0.0 12.8192 0.0
0.0 13.0 -0.3
0.0 13.0 0.0
0.0 13.0 2.45
0.0 13.0 2.67
0.0 13.0677 -0.22
0.0 13.0677 0.0
0.0 13.25 -0.3
0.0 13.25 0.0
0.0 13.25 2.45
0.0 13.25 2.67
0.0 13.3162 -0.22
0.0 13.3162 0.0
0.0 13.5 -0.3
0.0 13.5 0.0
0.0 13.5 2.45
0.0 13.5 2.67
0.0 13.5646 -0.22
0.0 13.5646 0.0
0.0 13.75 -0.3
0.0 13.75 0.0
0.0 13.75 2.45
0.0 13.75 2.67
0.0 13.8131 -0.22
0.0 13.8131 0.0
0.0 14.0 -0.3
0.0 14.0 0.0
0.0 14.0 2.45
0.0 14.0 2.67
0.0 14.0615 -0.22
0.0 14.0615 0.0
0.0 14.25 -0.3
0.0 14.25 0.0
0.0 14.25 2.45
0.0 14.25 2.67
0.0 14.31 -0.22
0.0 14.31 0.0
0.0 14.5 -0.3
0.0 14.5 0.0
0.0 14.5 2.45
0.0 14.5 2.67
0.0 14.5585 -0.22
0.0 14.5585 0.0
0.0 14.75 -0.3
0.0 14.75 0.0
0.0 14.75 2.45
0.0 14.75 2.67
0.0 14.8069 -0.22
0.0 14.8069 0.0
0.0 15.0 -0.3
0.0 15.0 0.0
0.0 15.0 2.45
0.0 15.0 2.67
0.0 15.0554 -0.22
0.0 15.0554 0.0
0.0 15.25 -0.3
0.0 15.25 0.0
0.0 15.25 2.45
0.0 15.25 2.67
0.0 15.3038 -0.22
0.0 15.3038 0.0
0.0 15.5 -0.3
0.0 15.5 0.0
0.0 15.5 2.45
0.0 15.5 2.67
0.0 15.5523 -0.22
0.0 15.5523 0.0
0.0 15.75 -0.3
0.0 15.75 0.0
0.0 15.75 2.45
0.0 15.75 2.67
0.0 15.8008 -0.22
0.0 15.8008 0.0
0.0 16.0 -0.3
0.0 16.0 0.0
0.0 16.0 2.45
0.0 16.0 2.67
0.0 16.0492 -0.22
0.0 16.0492 0.0
0.0 16.25 -0.3
0.0 16.25 0.0
0.0 16.25 2.45
0.0 16.25 2.67
0.0 16.2977 -0.22
0.0 16.2977 0.0
0.0 16.5 -0.3
0.0 16.5 0.0
0.0 16.5 2.45
0.0 16.5 2.67
0.0 16.5462 -0.22
0.0 16.5462 0.0
0.0 16.75 -0.3
0.0 16.75 0.0
0.0 16.75 2.45
0.0 16.75 2.67
0.0 16.7946 -0.22
0.0 16.7946 0.0
0.0 17.0 -0.3
0.0 17.0 0.0
0.0 17.0 2.45
0.0 17.0 2.67
0.0 17.0431 -0.22
0.0 17.0431 0.0
0.0 17.25 -0.3
0.0 17.25 0.0
0.0 17.25 2.45
0.0 17.25 2.67
0.0 17.2915 -0.22
0.0 17.2915 0.0
0.0 17.5 -0.3
0.0 17.5 0.0
0.0 17.5 2.45
0.0 17.5 2.67
0.0 17.54 -0.22
0.0 17.54 0.0
0.0 17.75 -0.3
0.0 17.75 0.0
0.0 17.75 2.45
0.0 17.75 2.67
0.0 17.7885 -0.22
0.0 17.7885 0.0
0.0 18.0 -0.3
0.0 18.0 0.0
0.0 18.0 2.45
0.0 18.0 2.67
0.0 18.0369 -0.22
0.0 18.0369 0.0
0.0 18.25 -0.3
0.0 18.25 0.0
0.0 18.25 2.45
0.0 18.25 2.67
0.0 18.2854 -0.22
0.0 18.2854 0.0
0.0 18.5 -0.3
0.0 18.5 0.0
0.0 18.5 2.45
0.0 18.5 2.67
0.0 18.5338 -0.22
0.0 18.5338 0.0
0.0 18.75 -0.3
0.0 18.75 0.0
0.0 18.75 2.45
0.0 18.75 2.67
0.0 18.7823 -0.22
0.0 18.7823 0.0
0.0 19.0 -0.3
0.0 19.0 0.0
0.0 19.0 2.45
0.0 19.0 2.67
0.0 19.0308 -0.22
0.0 19.0308 0.0
0.0 19.25 -0.3
0.0 19.25 0.0
0.0 19.25 2.45
0.0 19.25 2.67
0.0 19.2792 -0.22
0.0 19.2792 0.0
0.0 19.5 -0.3
0.0 19.5 0.0
0.0 19.5 2.45
0.0 19.5 2.67
0.0 19.5277 -0.22
0.0 19.5277 0.0
0.0 19.75 -0.3
0.0 19.75 0.0
0.0 19.75 2.45
0.0 19.75 2.67
0.0 19.7762 -0.22
0.0 19.7762 0.0
0.0 20.0 -0.3
0.0 20.0 0.0
0.0 20.0 2.45
0.0 20.0 2.67
0.0 20.0246 -0.22
0.0 20.0246 0.0
0.0 20.25 -0.3
0.0 20.25 0.0
0.0 20.25 2.45
0.0 20.25 2.67
0.0 20.2731 -0.22
0.0 20.2731 0.0
0.0 20.5 -0.3
0.0 20.5 0.0
0.0 20.5 2.45
0.0 20.5 2.67
0.0 20.5215 -0.22
0.0 20.5215 0.0
0.0 20.75 -0.3
0.0 20.75 0.0
0.0 20.75 2.45
0.0 20.75 2.67
0.0 20.77 -0.22
0.0 20.77 0.0
0.0 21.0 -0.3
0.0 21.0 0.0
0.0 21.0 2.45
0.0 21.0 2.67
0.0 21.0185 -0.22
0.0 21.0185 0.0
0.0 21.25 -0.3
0.0 21.25 0.0
0.0 21.25 2.45
0.0 21.25 2.67
0.0 21.2669 -0.22
0.0 21.2669 0.0
0.0 21.5 -0.3
0.0 21.5 0.0
0.0 21.5 2.45
0.0 21.5 2.67
0.0 21.5154 -0.22
0.0 21.5154 0.0
0.0 21.75 -0.3
0.0 21.75 0.0
0.0 21.75 2.45
0.0 21.75 2.67
0.0 21.7638 -0.22
0.0 21.7638 0.0
0.0 22.0 -0.3
0.0 22.0 0.0
0.0 22.0 2.45
0.0 22.0 2.67
0.0 22.0123 -0.22
0.0 22.0123 0.0
0.0 22.25 -0.3
0.0 22.25 0.0
0.0 22.25 2.45
0.0 22.25 2.67
0.0 22.2608 -0.22
0.0 22.2608 0.0
0.0 22.5 -0.3
0.0 22.5 0.0
0.0 22.5 2.45
0.0 22.5 2.67
0.0 22.5092 -0.22
0.0 22.5092 0.0
0.0 22.75 -0.3
0.0 22.75 0.0
0.0 22.75 2.45
0.0 22.75 2.67
0.0 22.7577 -0.22
0.0 22.7577 0.0
0.0 23.0 -0.3
0.0 23.0 0.0
0.0 23.0 2.45
0.0 23.0 2.67
0.0 23.0062 -0.22
0.0 23.0062 0.0
0.0 23.25 -0.3
0.0 23.25 0.0
0.0 23.25 2.45
0.0 23.25 2.67
0.0 23.2546 -0.22
0.0 23.2546 0.0
0.0 23.5 -0.3
0.0 23.5 0.0
0.0 23.5 2.45
0.0 23.5 2.67
0.0 23.5031 -0.22
0.0 23.5031 0.0
0.0 23.75 -0.3
0.0 23.75 0.0
0.0 23.75 2.45
0.0 23.75 2.67
0.0 23.7515 -0.22
0.0 23.7515 0.0
0.0 23.82 0.0
0.0 23.82 0.245
0.0 23.82 0.49
0.0 23.82 0.735
0.0 23.82 0.98
0.0 23.82 1.225
0.0 23.82 1.47
0.0 23.82 1.715
0.0 23.82 1.96
0.0 23.82 2.205
0.0 23.82 2.45
0.0 24.0 -0.3
0.0 24.0 -0.22
0.0 24.0 0.0
0.0 24.0 0.245
0.0 24.0 0.49
0.0 24.0 0.735
0.0 24.0 0.98
0.0 24.0 1.225
0.0 24.0 1.47
0.0 24.0 1.715
0.0 24.0 1.96
0.0 24.0 2.205
0.0 24.0 2.45
0.0 24.0 2.67
0.0 24.25 -0.3
0.0 24.25 0.0
0.0 24.5 -0.3
0.0 24.5 0.0
0.0 24.75 -0.3
0.0 24.75 0.0
0.0 25.0 -0.3
0.0 25.0 -0.15
0.0 25.0 0.0
0.1222 0.0 -0.22
0.1222 0.0 0.0
0.1222 0.2453 -0.22
0.1222 0.2453 0.0
0.1222 0.4906 -0.22
0.1222 0.4906 0.0
0.1222 0.7359 -0.22
0.1222 0.7359 0.0
0.1222 0.9813 -0.22
0.1222 0.9813 0.0
0.1222 1.2266 -0.22
0.1222 1.2266 0.0
0.1222 1.4719 -0.22
0.1222 1.4719 0.0
0.1222 1.7172 -0.22
0.1222 1.7172 0.0
0.1222 1.9625 -0.22
0.1222 1.9625 0.0
0.1222 2.2078 -0.22
0.1222 2.2078 0.0
0.1222 2.4531 -0.22
0.1222 2.4531 0.0
0.1222 2.6984 -0.22
0.1222 2.6984 0.0
0.1222 2.9437 -0.22
0.1222 2.9437 0.0
0.1222 3.1891 -0.22
0.1222 3.1891 0.0
0.1222 3.4344 -0.22
0.1222 3.4344 0.0
0.1222 3.6797 -0.22
0.1222 3.6797 0.0
0.1222 3.925 -0.22
0.1222 3.925 0.0
0.1222 4.1703 -0.22
0.1222 4.1703 0.0
0.1222 4.4156 -0.22
0.1222 4.4156 0.0
0.1222 4.6609 -0.22
0.1222 4.6609 0.0
0.1222 4.9062 -0.22
0.1222 4.9062 0.0
0.1222 5.1516 -0.22
0.1222 5.1516 0.0
0.1222 5.3969 -0.22
0.1222 5.3969 0.0
0.1222 5.6422 -0.22
0.1222 5.6422 0.0
0.1222 5.8875 -0.22
0.1222 5.8875 0.0
0.1222 6.1328 -0.22
0.1222 6.1328 0.0
0.1222 6.3781 -0.22
0.1222 6.3781 0.0
0.1222 6.6234 -0.22
0.1222 6.6234 0.0
0.1222 6.8687 -0.22
0.1222 6.8687 0.0
0.1222 7.1141 -0.22
0.1222 7.1141 0.0
0.1222 7.3594 -0.22
0.1222 7.3594 0.0
0.1222 7.6047 -0.22
0.1222 7.6047 0.0
0.1222 7.85 -0.22
0.1222 7.85 0.0
0.1222 23.82 0.0
0.1222 23.82 0.245
0.1222 23.82 0.49
0.1222 23.82 0.735
0.1222 23.82 0.98
0.1222 23.82 1.225
0.1222 23.82 1.47
0.1222 23.82 1.715
0.1222 23.82 1.96
0.1222 23.82 2.205
0.1222 23.82 2.45
0.1222 24.0 0.0
0.1222 24.0 0.245
0.1222 24.0 0.49
0.1222 24.0 0.735
0.1222 24.0 0.98
0.1222 24.0 1.225
0.1222 24.0 1.47
0.1222 24.0 1.715
0.1222 24.0 1.96
0.1222 24.0 2.205
0.1222 24.0 2.45
0.25 -2.4 0.0
0.25 -2.4 0.08
0.25 -2.16 0.0
0.25 -2.16 0.08
0.25 -1.92 0.0
0.25 -1.92 0.08
0.25 -1.68 0.0
0.25 -1.68 0.08
0.25 -1.44 0.0
0.25 -1.44 0.08
0.25 -1.2 0.0
0.25 -1.2 0.08
0.25 -1.0 -0.3
0.25 -1.0 -0.15
0.25 -1.0 0.0
0.25 -0.96 0.0
0.25 -0.96 0.08
0.25 -0.75 -0.3
0.25 -0.75 0.0
0.25 -0.72 0.0
0.25 -0.72 0.08
0.25 -0.5 -0.3
0.25 -0.5 0.0
0.25 -0.48 0.0
0.25 -0.48 0.08
0.25 -0.25 -0.3
0.25 -0.25 0.0
0.25 -0.24 0.0
0.25 -0.24 0.08
0.25 0.0 -0.3
0.25 0.0 0.0
0.25 0.0 0.08
0.25 0.0 2.45
0.25 0.0 2.67
0.25 0.25 -0.3
0.25 0.25 0.0
0.25 0.25 2.45
0.25 0.25 2.67
0.25 0.5 -0.3
0.25 0.5 0.0
0.25 0.5 2.45
0.25 0.5 2.67
0.25 0.75 -0.3
0.25 0.75 0.0
0.25 0.75 2.45
0.25 0.75 2.67
0.25 1.0 -0.3
0.25 1.0 0.0
0.25 1.0 2.45
0.25 1.0 2.67
0.25 1.25 -0.3
0.25 1.25 0.0
0.25 1.25 2.45
0.25 1.25 2.67
0.25 1.5 -0.3
0.25 1.5 0.0
0.25 1.5 2.45
0.25 1.5 2.67
0.25 1.75 -0.3
0.25 1.75 0.0
0.25 1.75 2.45
0.25 1.75 2.67
0.25 2.0 -0.3
0.25 2.0 0.0
0.25 2.0 2.45
0.25 2.0 2.67
0.25 2.25 -0.3
0.25 2.25 0.0
0.25 2.25 2.45
0.25 2.25 2.67
0.25 2.5 -0.3
0.25 2.5 0.0
0.25 2.5 2.45
0.25 2.5 2.67
0.25 2.75 -0.3
0.25 2.75 0.0
0.25 2.75 2.45
0.25 2.75 2.67
0.25 3.0 -0.3
0.25 3.0 0.0
0.25 3.0 2.45
0.25 3.0 2.67
0.25 3.25 -0.3
0.25 3.25 0.0
0.25 3.25 2.45
0.25 3.25 2.67
0.25 3.5 -0.3
0.25 3.5 0.0
0.25 3.5 2.45
0.25 3.5 2.67
0.25 3.75 -0.3
0.25 3.75 0.0
0.25 3.75 2.45
0.25 3.75 2.67
0.25 4.0 -0.3
0.25 4.0 0.0
0.25 4.0 2.45
0.25 4.0 2.67
0.25 4.25 -0.3
0.25 4.25 0.0
0.25 4.25 2.45
0.25 4.25 2.67
0.25 4.5 -0.3
0.25 4.5 0.0
0.25 4.5 2.45
0.25 4.5 2.67
0.25 4.75 -0.3
0.25 4.75 0.0
0.25 4.75 2.45
0.25 4.75 2.67
0.25 5.0 -0.3
0.25 5.0 0.0
0.25 5.0 2.45
0.25 5.0 2.67
0.25 5.25 -0.3
0.25 5.25 0.0
0.25 5.25 2.45
0.25 5.25 2.67
0.25 5.5 -0.3
0.25 5.5 0.0
0.25 5.5 2.45
0.25 5.5 2.67
0.25 5.75 -0.3
0.25 5.75 0.0
0.25 5.75 2.45
0.25 5.75 2.67
0.25 6.0 -0.3
0.25 6.0 0.0
0.25 6.0 2.45
0.25 6.0 2.67
0.25 6.25 -0.3
0.25 6.25 0.0
0.25 6.25 2.45
0.25 6.25 2.67
0.25 6.5 -0.3
0.25 6.5 0.0
0.25 6.5 2.45
0.25 6.5 2.67
0.25 6.75 -0.3
0.25 6.75 0.0
0.25 6.75 2.45
0.25 6.75 2.67
0.25 7.0 -0.3
0.25 7.0 0.0
0.25 7.0 2.45
0.25 7.0 2.67
0.25 7.25 -0.3
0.25 7.25 0.0
0.25 7.25 2.45
0.25 7.25 2.67
0.25 7.5 -0.3
0.25 7.5 0.0
0.25 7.5 2.45
0.25 7.5 2.67
0.25 7.75 -0.3
0.25 7.75 0.0
0.25 7.75 2.45
0.25 7.75 2.67
0.25 7.85 -0.22
0.25 7.85 0.0
0.25 8.0 -0.3
0.25 8.0 0.0
0.25 8.0 2.45
0.25 8.0 2.67
0.25 8.0985 -0.22
0.25 8.0985 0.0
0.25 8.25 -0.3
0.25 8.25 0.0
0.25 8.25 2.45
0.25 8.25 2.67
0.25 8.3469 -0.22
0.25 8.3469 0.0
0.25 8.5 -0.3
0.25 8.5 0.0
0.25 8.5 2.45
0.25 8.5 2.67
0.25 8.5954 -0.22
0.25 8.5954 0.0
0.25 8.75 -0.3
0.25 8.75 0.0
0.25 8.75 2.45
0.25 8.75 2.67
0.25 8.8438 -0.22
0.25 8.8438 0.0
0.25 9.0 -0.3
0.25 9.0 0.0
0.25 9.0 2.45
0.25 9.0 2.67
0.25 9.0923 -0.22
0.25 9.0923 0.0
0.25 9.25 -0.3
0.25 9.25 0.0
0.25 9.25 2.45
0.25 9.25 2.67
0.25 9.3408 -0.22
0.25 9.3408 0.0
0.25 9.5 -0.3
0.25 9.5 0.0
0.25 9.5 2.45
0.25 9.5 2.67
0.25 9.5892 -0.22
0.25 9.5892 0.0
0.25 9.75 -0.3
0.25 9.75 0.0
0.25 9.75 2.45
0.25 9.75 2.67
0.25 9.8377 -0.22
0.25 9.8377 0.0
0.25 10.0 -0.3
0.25 10.0 0.0
0.25 10.0 2.45
0.25 10.0 2.67
0.25 10.0862 -0.22
0.25 10.0862 0.0
0.25 10.25 -0.3
0.25 10.25 0.0
0.25 10.25 2.45
0.25 10.25 2.67
0.25 10.3346 -0.22
0.25 10.3346 0.0
0.25 10.5 -0.3
0.25 10.5 0.0
0.25 10.5 2.45
0.25 10.5 2.67
0.25 10.5831 -0.22
0.25 10.5831 0.0
0.25 10.75 -0.3
0.25 10.75 0.0
0.25 10.75 2.45
0.25 10.75 2.67
0.25 10.8315 -0.22
0.25 10.8315 0.0
0.25 11.0 -0.3
0.25 11.0 0.0
0.25 11.0 2.45
0.25 11.0 2.67
0.25 11.08 -0.22
0.25 11.08 0.0
0.25 11.25 -0.3
0.25 11.25 0.0
0.25 11.25 2.45
0.25 11.25 2.67
0.25 11.3285 -0.22
0.25 11.3285 0.0
0.25 11.5 -0.3
0.25 11.5 0.0
0.25 11.5 2.45
0.25 11.5 2.67
0.25 11.5769 -0.22
0.25 11.5769 0.0
0.25 11.75 -0.3
0.25 11.75 0.0
0.25 11.75 2.45
0.25 11.75 2.67
0.25 11.8254 -0.22
0.25 11.8254 0.0
0.25 12.0 -0.3
0.25 12.0 0.0
0.25 12.0 2.45
0.25 12.0 2.67
0.25 12.0738 -0.22
0.25 12.0738 0.0
0.25 12.25 -0.3
0.25 12.25 0.0
0.25 12.25 2.45
0.25 12.25 2.67
0.25 12.3223 -0.22
0.25 12.3223 0.0
0.25 12.5 -0.3
0.25 12.5 0.0
0.25 12.5 2.45
0.25 12.5 2.67
0.25 12.5708 -0.22
0.25 12.5708 0.0
0.25 12.75 -0.3
0.25 12.75 0.0
0.25 12.75 2.45
0.25 12.75 2.67
0.25 12.8192 -0.22
0.25 12.8192 0.0
0.25 13.0 -0.3
0.25 13.0 0.0
0.25 13.0 2.45
0.25 13.0 2.67
0.25 13.0677 -0.22
0.25 13.0677 0.0
0.25 13.25 -0.3
0.25 13.25 0.0
0.25 13.25 2.45
0.25 13.25 2.67
0.25 13.3162 -0.22
0.25 13.3162 0.0
0.25 13.5 -0.3
0.25 13.5 0.0
0.25 13.5 2.45
0.25 13.5 2.67
0.25 13.5646 -0.22
0.25 13.5646 0.0
0.25 13.75 -0.3
0.25 13.75 0.0
0.25 13.75 2.45
0.25 13.75 2.67
0.25 13.8131 -0.22
0.25 13.8131 0.0
0.25 14.0 -0.3
0.25 14.0 0.0
0.25 14.0 2.45
0.25 14.0 2.67
0.25 14.0615 -0.22
0.25 14.0615 0.0
0.25 14.25 -0.3
0.25 14.25 0.0
0.25 14.25 2.45
0.25 14.25 2.67
0.25 14.31 -0.22
0.25 14.31 0.0
0.25 14.5 -0.3
0.25 14.5 0.0
0.25 14.5 2.45
0.25 14.5 2.67
0.25 14.5585 -0.22
0.25 14.5585 0.0
0.25 14.75 -0.3
0.25 14.75 0.0
0.25 14.75 2.45
0.25 14.75 2.67
0.25 14.8069 -0.22
0.25 14.8069 0.0
0.25 15.0 -0.3
0.25 15.0 0.0
0.25 15.0 2.45
0.25 15.0 2.67
0.25 15.0554 -0.22
0.25 15.0554 0.0
0.25 15.25 -0.3
0.25 15.25 0.0
0.25 15.25 2.45
0.25 15.25 2.67
0.25 15.3038 -0.22
0.25 15.3038 0.0
0.25 15.5 -0.3
0.25 15.5 0.0
0.25 15.5 2.45
0.25 15.5 2.67
0.25 15.5523 -0.22
0.25 15.5523 0.0
0.25 15.75 -0.3
0.25 15.75 0.0
0.25 15.75 2.45
0.25 15.75 2.67
0.25 15.8008 -0.22
0.25 15.8008 0.0
0.25 16.0 -0.3
0.25 16.0 0.0
0.25 16.0 2.45
0.25 16.0 2.67
0.25 16.0492 -0.22
0.25 16.0492 0.0
0.25 16.25 -0.3
0.25 16.25 0.0
0.25 16.25 2.45
0.25 16.25 2.67
0.25 16.2977 -0.22
0.25 16.2977 0.0
0.25 16.5 -0.3
0.25 16.5 0.0
0.25 16.5 2.45
0.25 16.5 2.67
0.25 16.5462 -0.22
0.25 16.5462 0.0
0.25 16.75 -0.3
0.25 16.75 0.0
0.25 16.75 2.45
0.25 16.75 2.67
0.25 16.7946 -0.22
0.25 16.7946 0.0
0.25 17.0 -0.3
0.25 17.0 0.0
0.25 17.0 2.45
0.25 17.0 2.67
0.25 17.0431 -0.22
0.25 17.0431 0.0
0.25 17.25 -0.3
0.25 17.25 0.0
0.25 17.25 2.45
0.25 17.25 2.67
0.25 17.2915 -0.22
0.25 17.2915 0.0
0.25 17.5 -0.3
0.25 17.5 0.0
0.25 17.5 2.45
0.25 17.5 2.67
0.25 17.54 -0.22
0.25 17.54 0.0
0.25 17.75 -0.3
0.25 17.75 0.0
0.25 17.75 2.45
0.25 17.75 2.67
0.25 17.7885 -0.22
0.25 17.7885 0.0
0.25 18.0 -0.3
0.25 18.0 0.0
0.25 18.0 2.45
0.25 18.0 2.67
0.25 18.0369 -0.22
0.25 18.0369 0.0
0.25 18.25 -0.3
0.25 18.25 0.0
0.25 18.25 2.45
0.25 18.25 2.67
0.25 18.2854 -0.22
0.25 18.2854 0.0
0.25 18.5 -0.3
0.25 18.5 0.0
0.25 18.5 2.45
0.25 18.5 2.67
0.25 18.5338 -0.22
0.25 18.5338 0.0
0.25 18.75 -0.3
0.25 18.75 0.0
0.25 18.75 2.45
0.25 18.75 2.67
0.25 18.7823 -0.22
0.25 18.7823 0.0
0.25 19.0 -0.3
0.25 19.0 0.0
0.25 19.0 2.45
0.25 19.0 2.67
0.25 19.0308 -0.22
0.25 19.0308 0.0
0.25 19.25 -0.3
0.25 19.25 0.0
0.25 19.25 2.45
0.25 19.25 2.67
0.25 19.2792 -0.22
0.25 19.2792 0.0
0.25 19.5 -0.3
0.25 19.5 0.0
0.25 19.5 2.45
0.25 19.5 2.67
0.25 19.5277 -0.22
0.25 19.5277 0.0
0.25 19.75 -0.3
0.25 19.75 0.0
0.25 19.75 2.45
0.25 19.75 2.67
0.25 19.7762 -0.22
0.25 19.7762 0.0
0.25 20.0 -0.3
0.25 20.0 0.0
0.25 20.0 2.45
0.25 20.0 2.67
0.25 20.0246 -0.22
0.25 20.0246 0.0
0.25 20.25 -0.3
0.25 20.25 0.0
0.25 20.25 2.45
0.25 20.25 2.67
0.25 20.2731 -0.22
0.25 20.2731 0.0
0.25 20.5 -0.3
0.25 20.5 0.0
0.25 20.5 2.45
0.25 20.5 2.67
0.25 20.5215 -0.22
0.25 20.5215 0.0
0.25 20.75 -0.3
0.25 20.75 0.0
0.25 20.75 2.45
0.25 20.75 2.67
0.25 20.77 -0.22
0.25 20.77 0.0
0.25 21.0 -0.3
0.25 21.0 0.0
0.25 21.0 2.45
0.25 21.0 2.67
0.25 21.0185 -0.22
0.25 21.0185 0.0
0.25 21.25 -0.3
0.25 21.25 0.0
0.25 21.25 2.45
0.25 21.25 2.67
0.25 21.2669 -0.22
0.25 21.2669 0.0
0.25 21.5 -0.3
0.25 21.5 0.0
0.25 21.5 2.45
0.25 21.5 2.67
0.25 21.5154 -0.22
0.25 21.5154 0.0
0.25 21.75 -0.3
0.25 21.75 0.0
0.25 21.75 2.45
0.25 21.75 2.67
0.25 21.7638 -0.22
0.25 21.7638 0.0
0.25 22.0 -0.3
0.25 22.0 0.0
0.25 22.0 2.45
0.25 22.0 2.67
0.25 22.0123 -0.22
0.25 22.0123 0.0
0.25 22.25 -0.3
0.25 22.25 0.0
0.25 22.25 2.45
0.25 22.25 2.67
0.25 22.2608 -0.22
0.25 22.2608 0.0
0.25 22.5 -0.3
0.25 22.5 0.0
0.25 22.5 2.45
0.25 22.5 2.67
0.25 22.5092 -0.22
0.25 22.5092 0.0
0.25 22.75 -0.3
0.25 22.75 0.0
0.25 22.75 2.45
0.25 22.75 2.67
0.25 22.7577 -0.22
0.25 22.7577 0.0
0.25 23.0 -0.3
0.25 23.0 0.0
0.25 23.0 2.45
0.25 23.0 2.67
0.25 23.0062 -0.22
0.25 23.0062 0.0
0.25 23.25 -0.3
0.25 23.25 0.0
0.25 23.25 2.45
0.25 23.25 2.67
0.25 23.2546 -0.22
0.25 23.2546 0.0
0.25 23.5 -0.3
0.25 23.5 0.0
0.25 23.5 2.45
0.25 23.5 2.67
0.25 23.5031 -0.22
0.25 23.5031 0.0
0.25 23.75 -0.3
0.25 23.75 0.0
0.25 23.75 2.45
0.25 23.75 2.67
0.25 23.7515 -0.22
0.25 23.7515 0.0
0.25 23.82 0.0
0.25 23.82 0.245
0.25 23.82 0.49
0.25 23.82 0.735
0.25 23.82 0.98
0.25 23.82 1.225
0.25 23.82 1.47
0.25 23.82 1.715
0.25 23.82 1.96
0.25 23.82 2.205
0.25 23.82 2.45
0.25 24.0 -0.3
0.25 24.0 -0.22
0.25 24.0 0.0
0.25 24.0 0.245
0.25 24.0 0.49
0.25 24.0 0.735
0.25 24.0 0.98
0.25 24.0 1.225
0.25 24.0 1.47
0.25 24.0 1.715
0.25 24.0 1.96
0.25 24.0 2.205
0.25 24.0 2.45
0.25 24.0 2.67
0.25 24.25 -0.3
0.25 24.25 0.0
0.25 24.5 -0.3
0.25 24.5 0.0
0.25 24.75 -0.3
0.25 24.75 0.0
0.25 25.0 -0.3
0.25 25.0 -0.15
0.25 25.0 0.0
0.3667 0.0 -0.22
0.3667 0.0 0.0
0.3667 0.2453 -0.22
0.3667 0.2453 0.0
0.3667 0.4906 -0.22
0.3667 0.4906 0.0
0.3667 0.7359 -0.22
0.3667 0.7359 0.0
0.3667 0.9813 -0.22
0.3667 0.9813 0.0
0.3667 1.2266 -0.22
0.3667 1.2266 0.0
0.3667 1.4719 -0.22
0.3667 1.4719 0.0
0.3667 1.7172 -0.22
0.3667 1.7172 0.0
0.3667 1.9625 -0.22
0.3667 1.9625 0.0
0.3667 2.2078 -0.22
0.3667 2.2078 0.0
0.3667 2.4531 -0.22
0.3667 2.4531 0.0
0.3667 2.6984 -0.22
0.3667 2.6984 0.0
0.3667 2.9437 -0.22
0.3667 2.9437 0.0
0.3667 3.1891 -0.22
0.3667 3.1891 0.0
0.3667 3.4344 -0.22
0.3667 3.4344 0.0
0.3667 3.6797 -0.22
0.3667 3.6797 0.0
0.3667 3.925 -0.22
0.3667 3.925 0.0
0.3667 4.1703 -0.22
0.3667 4.1703 0.0
0.3667 4.4156 -0.22
0.3667 4.4156 0.0
0.3667 4.6609 -0.22
0.3667 4.6609 0.0
0.3667 4.9062 -0.22
0.3667 4.9062 0.0
0.3667 5.1516 -0.22
0.3667 5.1516 0.0
0.3667 5.3969 -0.22
0.3667 5.3969 0.0
0.3667 5.6422 -0.22
0.3667 5.6422 0.0
0.3667 5.8875 -0.22
0.3667 5.8875 0.0
0.3667 6.1328 -0.22
0.3667 6.1328 0.0
0.3667 6.3781 -0.22
0.3667 6.3781 0.0
0.3667 6.6234 -0.22
0.3667 6.6234 0.0
0.3667 6.8687 -0.22
0.3667 6.8687 0.0
0.3667 7.1141 -0.22
0.3667 7.1141 0.0
0.3667 7.3594 -0.22
0.3667 7.3594 0.0
0.3667 7.6047 -0.22
0.3667 7.6047 0.0
0.3667 7.85 -0.22
0.3667 7.85 0.0
0.3667 23.82 0.0
0.3667 23.82 0.245
0.3667 23.82 0.49
0.3667 23.82 0.735
0.3667 23.82 0.98
0.3667 23.82 1.225
0.3667 23.82 1.47
0.3667 23.82 1.715
0.3667 23.82 1.96
0.3667 23.82 2.205
0.3667 23.82 2.45
0.3667 24.0 0.0
0.3667 24.0 0.245
0.3667 24.0 0.49
0.3667 24.0 0.735
0.3667 24.0 0.98
0.3667 24.0 1.225
0.3667 24.0 1.47
0.3667 24.0 1.715
0.3667 24.0 1.96
0.3667 24.0 2.205
0.3667 24.0 2.45
0.5 -2.4 0.0
0.5 -2.4 0.08
0.5 -2.16 0.0
0.5 -2.16 0.08
0.5 -1.92 0.0
0.5 -1.92 0.08
0.5 -1.68 0.0
0.5 -1.68 0.08
0.5 -1.44 0.0
0.5 -1.44 0.08
0.5 -1.2 0.0
0.5 -1.2 0.08
0.5 -1.0 -0.3
0.5 -1.0 -0.15
0.5 -1.0 0.0
0.5 -0.96 0.0
0.5 -0.96 0.08
0.5 -0.75 -0.3
0.5 -0.75 0.0
0.5 -0.72 0.0
0.5 -0.72 0.08
0.5 -0.5 -0.3
0.5 -0.5 0.0
0.5 -0.48 0.0
0.5 -0.48 0.08
0.5 -0.25 -0.3
0.5 -0.25 0.0
0.5 -0.24 0.0
0.5 -0.24 0.08
0.5 0.0 -0.3
0.5 0.0 0.0
0.5 0.0 0.08
0.5 0.0 2.45
0.5 0.0 2.67
0.5 0.25 -0.3
0.5 0.25 0.0
0.5 0.25 2.45
0.5 0.25 2.67
0.5 0.5 -0.3
0.5 0.5 0.0
0.5 0.5 2.45
0.5 0.5 2.67
0.5 0.75 -0.3
0.5 0.75 0.0
0.5 0.75 2.45
0.5 0.75 2.67
0.5 1.0 -0.3
0.5 1.0 0.0
0.5 1.0 2.45
0.5 1.0 2.67
0.5 1.25 -0.3
0.5 1.25 0.0
0.5 1.25 2.45
0.5 1.25 2.67
0.5 1.5 -0.3
0.5 1.5 0.0
0.5 1.5 2.45
0.5 1.5 2.67
0.5 1.75 -0.3
0.5 1.75 0.0
0.5 1.75 2.45
0.5 1.75 2.67
0.5 2.0 -0.3
0.5 2.0 0.0
0.5 2.0 2.45
0.5 2.0 2.67
0.5 2.25 -0.3
0.5 2.25 0.0
0.5 2.25 2.45
0.5 2.25 2.67
0.5 2.5 -0.3
0.5 2.5 0.0
0.5 2.5 2.45
0.5 2.5 2.67
0.5 2.75 -0.3
0.5 2.75 0.0
0.5 2.75 2.45
0.5 2.75 2.67
0.5 3.0 -0.3
0.5 3.0 0.0
0.5 3.0 2.45
0.5 3.0 2.67
0.5 3.25 -0.3
0.5 3.25 0.0
0.5 3.25 2.45
0.5 3.25 2.67
0.5 3.5 -0.3
0.5 3.5 0.0
0.5 3.5 2.45
0.5 3.5 2.67
0.5 3.75 -0.3
0.5 3.75 0.0
0.5 3.75 2.45
0.5 3.75 2.67
0.5 4.0 -0.3
0.5 4.0 0.0
0.5 4.0 2.45
0.5 4.0 2.67
0.5 4.25 -0.3
0.5 4.25 0.0
0.5 4.25 2.45
0.5 4.25 2.67
0.5 4.5 -0.3
0.5 4.5 0.0
0.5 4.5 2.45
0.5 4.5 2.67
0.5 4.75 -0.3
0.5 4.75 0.0
0.5 4.75 2.45
0.5 4.75 2.67
0.5 5.0 -0.3
0.5 5.0 0.0
0.5 5.0 2.45
0.5 5.0 2.67
0.5 5.25 -0.3
0.5 5.25 0.0
0.5 5.25 2.45
0.5 5.25 2.67
0.5 5.5 -0.3
0.5 5.5 0.0
0.5 5.5 2.45
0.5 5.5 2.67
0.5 5.75 -0.3
0.5 5.75 0.0
0.5 5.75 2.45
0.5 5.75 2.67
0.5 6.0 -0.3
0.5 6.0 0.0
0.5 6.0 2.45
0.5 6.0 2.67
0.5 6.25 -0.3
0.5 6.25 0.0
0.5 6.25 2.45
0.5 6.25 2.67
0.5 6.5 -0.3
0.5 6.5 0.0
0.5 6.5 2.45
0.5 6.5 2.67
0.5 6.75 -0.3
0.5 6.75 0.0
0.5 6.75 2.45
0.5 6.75 2.67
0.5 7.0 -0.3
0.5 7.0 0.0
0.5 7.0 2.45
0.5 7.0 2.67
0.5 7.25 -0.3
0.5 7.25 0.0
0.5 7.25 2.45
0.5 7.25 2.67
0.5 7.5 -0.3
0.5 7.5 0.0
0.5 7.5 2.45
0.5 7.5 2.67
0.5 7.75 -0.3
0.5 7.75 0.0
0.5 7.75 2.45
0.5 7.75 2.67
0.5 7.85 -0.22
0.5 7.85 0.0
0.5 8.0 -0.3
0.5 8.0 0.0
0.5 8.0 2.45
0.5 8.0 2.67
0.5 8.0985 -0.22
0.5 8.0985 0.0
0.5 8.25 -0.3
0.5 8.25 0.0
0.5 8.25 2.45
0.5 8.25 2.67
0.5 8.3469 -0.22
0.5 8.3469 0.0
0.5 8.5 -0.3
0.5 8.5 0.0
0.5 8.5 2.45
0.5 8.5 2.67
0.5 8.5954 -0.22
0.5 8.5954 0.0
0.5 8.75 -0.3
0.5 8.75 0.0
0.5 8.75 2.45
0.5 8.75 2.67
0.5 8.8438 -0.22
0.5 8.8438 0.0
0.5 9.0 -0.3
0.5 9.0 0.0
0.5 9.0 2.45
0.5 9.0 2.67
0.5 9.0923 -0.22
0.5 9.0923 0.0
0.5 9.25 -0.3
0.5 9.25 0.0
0.5 9.25 2.45
0.5 9.25 2.67
0.5 9.3408 -0.22
0.5 9.3408 0.0
0.5 9.5 -0.3
0.5 9.5 0.0
0.5 9.5 2.45
0.5 9.5 2.67
0.5 9.5892 -0.22
0.5 9.5892 0.0
0.5 9.75 -0.3
0.5 9.75 0.0
0.5 9.75 2.45
0.5 9.75 2.67
0.5 9.8377 -0.22
0.5 9.8377 0.0
0.5 10.0 -0.3
0.5 10.0 0.0
0.5 10.0 2.45
0.5 10.0 2.67
0.5 10.0862 -0.22
0.5 10.0862 0.0
0.5 10.25 -0.3
0.5 10.25 0.0
0.5 10.25 2.45
0.5 10.25 2.67
0.5 10.3346 -0.22
0.5 10.3346 0.0
0.5 10.5 -0.3
0.5 10.5 0.0
0.5 10.5 2.45
0.5 10.5 2.67
0.5 10.5831 -0.22
0.5 10.5831 0.0
0.5 10.75 -0.3
0.5 10.75 0.0
0.5 10.75 2.45
0.5 10.75 2.67
0.5 10.8315 -0.22
0.5 10.8315 0.0
0.5 11.0 -0.3
0.5 11.0 0.0
0.5 11.0 2.45
0.5 11.0 2.67
0.5 11.08 -0.22
0.5 11.08 0.0
0.5 11.25 -0.3
0.5 11.25 0.0
0.5 11.25 2.45
0.5 11.25 2.67
0.5 11.3285 -0.22
0.5 11.3285 0.0
0.5 11.5 -0.3
0.5 11.5 0.0
0.5 11.5 2.45
0.5 11.5 2.67
0.5 11.5769 -0.22
0.5 11.5769 0.0
0.5 11.75 -0.3
0.5 11.75 0.0
0.5 11.75 2.45
0.5 11.75 2.67
0.5 11.8254 -0.22
0.5 11.8254 0.0
0.5 12.0 -0.3
0.5 12.0 0.0
0.5 12.0 2.45
0.5 12.0 2.67
0.5 12.0738 -0.22
0.5 12.0738 0.0
0.5 12.25 -0.3
0.5 12.25 0.0
0.5 12.25 2.45
0.5 12.25 2.67
0.5 12.3223 -0.22
0.5 12.3223 0.0
0.5 12.5 -0.3
0.5 12.5 0.0
0.5 12.5 2.45
0.5 12.5 2.67
0.5 12.5708 -0.22
0.5 12.5708 0.0
0.5 12.75 -0.3
0.5 12.75 0.0
0.5 12.75 2.45
0.5 12.75 2.67
0.5 12.8192 -0.22
0.5 12.8192 0.0
0.5 13.0 -0.3
0.5 13.0 0.0
0.5 13.0 2.45
0.5 13.0 2.67
0.5 13.0677 -0.22
0.5 13.0677 0.0
0.5 13.25 -0.3
0.5 13.25 0.0
0.5 13.25 2.45
0.5 13.25 2.67
0.5 13.3162 -0.22
0.5 13.3162 0.0
0.5 13.5 -0.3
0.5 13.5 0.0
0.5 13.5 2.45
0.5 13.5 2.67
0.5 13.5646 -0.22
0.5 13.5646 0.0
0.5 13.75 -0.3
0.5 13.75 0.0
0.5 13.75 2.45
0.5 13.75 2.67
0.5 13.8131 -0.22
0.5 13.8131 0.0
0.5 14.0 -0.3
0.5 14.0 0.0
0.5 14.0 2.45
0.5 14.0 2.67
0.5 14.0615 -0.22
0.5 14.0615 0.0
0.5 14.25 -0.3
0.5 14.25 0.0
0.5 14.25 2.45
0.5 14.25 2.67
0.5 14.31 -0.22
0.5 14.31 0.0
0.5 14.5 -0.3
0.5 14.5 0.0
0.5 14.5 2.45
0.5 14.5 2.67
0.5 14.5585 -0.22
0.5 14.5585 0.0
0.5 14.75 -0.3
0.5 14.75 0.0
0.5 14.75 2.45
0.5 14.75 2.67
0.5 14.8069 -0.22
0.5 14.8069 0.0
0.5 15.0 -0.3
0.5 15.0 0.0
0.5 15.0 2.45
0.5 15.0 2.67
0.5 15.0554 -0.22
0.5 15.0554 0.0
0.5 15.25 -0.3
0.5 15.25 0.0
0.5 15.25 2.45
0.5 15.25 2.67
0.5 15.3038 -0.22
0.5 15.3038 0.0
0.5 15.5 -0.3
0.5 15.5 0.0
0.5 15.5 2.45
0.5 15.5 2.67
0.5 15.5523 -0.22
0.5 15.5523 0.0
0.5 15.75 -0.3
0.5 15.75 0.0
0.5 15.75 2.45
0.5 15.75 2.67
0.5 15.8008 -0.22
0.5 15.8008 0.0
0.5 16.0 -0.3
0.5 16.0 0.0
0.5 16.0 2.45
0.5 16.0 2.67
0.5 16.0492 -0.22
0.5 16.0492 0.0
0.5 16.25 -0.3
0.5 16.25 0.0
0.5 16.25 2.45
0.5 16.25 2.67
0.5 16.2977 -0.22
0.5 16.2977 0.0
0.5 16.5 -0.3
0.5 16.5 0.0
0.5 16.5 2.45
0.5 16.5 2.67
0.5 16.5462 -0.22
0.5 16.5462 0.0
0.5 16.75 -0.3
0.5 16.75 0.0
0.5 16.75 2.45
0.5 16.75 2.67
0.5 16.7946 -0.22
0.5 16.7946 0.0
0.5 17.0 -0.3
0.5 17.0 0.0
0.5 17.0 2.45
0.5 17.0 2.67
0.5 17.0431 -0.22
0.5 17.0431 0.0
0.5 17.25 -0.3
0.5 17.25 0.0
0.5 17.25 2.45
0.5 17.25 2.67
0.5 17.2915 -0.22
0.5 17.2915 0.0
0.5 17.5 -0.3
0.5 17.5 0.0
0.5 17.5 2.45
0.5 17.5 2.67
0.5 17.54 -0.22
0.5 17.54 0.0
0.5 17.75 -0.3
0.5 17.75 0.0
0.5 17.75 2.45
0.5 17.75 2.67
0.5 17.7885 -0.22
0.5 17.7885 0.0
0.5 18.0 -0.3
0.5 18.0 0.0
0.5 18.0 2.45
0.5 18.0 2.67
0.5 18.0369 -0.22
0.5 18.0369 0.0
0.5 18.25 -0.3
0.5 18.25 0.0
0.5 18.25 2.45
0.5 18.25 2.67
0.5 18.2854 -0.22
0.5 18.2854 0.0
0.5 18.5 -0.3
0.5 18.5 0.0
0.5 18.5 2.45
0.5 18.5 2.67
0.5 18.5338 -0.22
0.5 18.5338 0.0
0.5 18.75 -0.3
0.5 18.75 0.0
0.5 18.75 2.45
0.5 18.75 2.67
0.5 18.7823 -0.22
0.5 18.7823 0.0
0.5 19.0 -0.3
0.5 19.0 0.0
0.5 19.0 2.45
0.5 19.0 2.67
0.5 19.0308 -0.22
0.5 19.0308 0.0
0.5 19.25 -0.3
0.5 19.25 0.0
0.5 19.25 2.45
0.5 19.25 2.67
0.5 19.2792 -0.22
0.5 19.2792 0.0
0.5 19.5 -0.3
0.5 19.5 0.0
0.5 19.5 2.45
0.5 19.5 2.67
0.5 19.5277 -0.22
0.5 19.5277 0.0
0.5 19.75 -0.3
0.5 19.75 0.0
0.5 19.75 2.45
0.5 19.75 2.67
0.5 19.7762 -0.22
0.5 19.7762 0.0
0.5 20.0 -0.3
0.5 20.0 0.0
0.5 20.0 2.45
0.5 20.0 2.67
0.5 20.0246 -0.22
0.5 20.0246 0.0
0.5 20.25 -0.3
0.5 20.25 0.0
0.5 20.25 2.45
0.5 20.25 2.67
0.5 20.2731 -0.22
0.5 20.2731 0.0
0.5 20.5 -0.3
0.5 20.5 0.0
0.5 20.5 2.45
0.5 20.5 2.67
0.5 20.5215 -0.22
0.5 20.5215 0.0
0.5 20.75 -0.3
0.5 20.75 0.0
0.5 20.75 2.45
0.5 20.75 2.67
0.5 20.77 -0.22
0.5 20.77 0.0
0.5 21.0 -0.3
0.5 21.0 0.0
0.5 21.0 2.45
0.5 21.0 2.67
0.5 21.0185 -0.22
0.5 21.0185 0.0
0.5 21.25 -0.3
0.5 21.25 0.0
0.5 21.25 2.45
0.5 21.25 2.67
0.5 21.2669 -0.22
0.5 21.2669 0.0
0.5 21.5 -0.3
0.5 21.5 0.0
0.5 21.5 2.45
0.5 21.5 2.67
0.5 21.5154 -0.22
0.5 21.5154 0.0
0.5 21.75 -0.3
0.5 21.75 0.0
0.5 21.75 2.45
0.5 21.75 2.67
0.5 21.7638 -0.22
0.5 21.7638 0.0
0.5 22.0 -0.3
0.5 22.0 0.0
0.5 22.0 2.45
0.5 22.0 2.67
0.5 22.0123 -0.22
0.5 22.0123 0.0
0.5 22.25 -0.3
0.5 22.25 0.0
0.5 22.25 2.45
0.5 22.25 2.67
0.5 22.2608 -0.22
0.5 22.2608 0.0
0.5 22.5 -0.3
0.5 22.5 0.0
0.5 22.5 2.45
0.5 22.5 2.67
0.5 22.5092 -0.22
0.5 22.5092 0.0
0.5 22.75 -0.3
0.5 22.75 0.0
0.5 22.75 2.45
0.5 22.75 2.67
0.5 22.7577 -0.22
0.5 22.7577 0.0
0.5 23.0 -0.3
0.5 23.0 0.0
0.5 23.0 2.45
0.5 23.0 2.67
0.5 23.0062 -0.22
0.5 23.0062 0.0
0.5 23.25 -0.3
0.5 23.25 0.0
0.5 23.25 2.45
0.5 23.25 2.67
0.5 23.2546 -0.22
0.5 23.2546 0.0
0.5 23.5 -0.3
0.5 23.5 0.0
0.5 23.5 2.45
0.5 23.5 2.67
0.5 23.5031 -0.22
0.5 23.5031 0.0
0.5 23.75 -0.3
0.5 23.75 0.0
0.5 23.75 2.45
0.5 23.75 2.67
0.5 23.7515 -0.22
0.5 23.7515 0.0
0.5 23.82 0.0
0.5 23.82 0.245
0.5 23.82 0.49
0.5 23.82 0.735
0.5 23.82 0.98
0.5 23.82 1.225
0.5 23.82 1.47
0.5 23.82 1.715
0.5 23.82 1.96
0.5 23.82 2.205
0.5 23.82 2.45
0.5 24.0 -0.3
0.5 24.0 -0.22
0.5 24.0 0.0
0.5 24.0 0.245
0.5 24.0 0.49
0.5 24.0 0.735
0.5 24.0 0.98
0.5 24.0 1.225
0.5 24.0 1.47
0.5 24.0 1.715
0.5 24.0 1.96
0.5 24.0 2.205
0.5 24.0 2.45
0.5 24.0 2.67
0.5 24.25 -0.3
0.5 24.25 0.0
0.5 24.5 -0.3
0.5 24.5 0.0
0.5 24.75 -0.3
0.5 24.75 0.0
0.5 25.0 -0.3
0.5 25.0 -0.15
0.5 25.0 0.0
0.6111 0.0 -0.22
0.6111 0.0 0.0
0.6111 0.2453 -0.22
0.6111 0.2453 0.0
0.6111 0.4906 -0.22
0.6111 0.4906 0.0
0.6111 0.7359 -0.22
0.6111 0.7359 0.0
0.6111 0.9813 -0.22
0.6111 0.9813 0.0
0.6111 1.2266 -0.22
0.6111 1.2266 0.0
0.6111 1.4719 -0.22
0.6111 1.4719 0.0
0.6111 1.7172 -0.22
0.6111 1.7172 0.0
0.6111 1.9625 -0.22
0.6111 1.9625 0.0
0.6111 2.2078 -0.22
0.6111 2.2078 0.0
0.6111 2.4531 -0.22
0.6111 2.4531 0.0
0.6111 2.6984 -0.22
0.6111 2.6984 0.0
0.6111 2.9437 -0.22
0.6111 2.9437 0.0
0.6111 3.1891 -0.22
0.6111 3.1891 0.0
0.6111 3.4344 -0.22
0.6111 3.4344 0.0
0.6111 3.6797 -0.22
0.6111 3.6797 0.0
0.6111 3.925 -0.22
0.6111 3.925 0.0
0.6111 4.1703 -0.22
0.6111 4.1703 0.0
0.6111 4.4156 -0.22
0.6111 4.4156 0.0
0.6111 4.6609 -0.22
0.6111 4.6609 0.0
0.6111 4.9062 -0.22
0.6111 4.9062 0.0
0.6111 5.1516 -0.22
0.6111 5.1516 0.0
0.6111 5.3969 -0.22
0.6111 5.3969 0.0
0.6111 5.6422 -0.22
0.6111 5.6422 0.0
0.6111 5.8875 -0.22
0.6111 5.8875 0.0
0.6111 6.1328 -0.22
0.6111 6.1328 0.0
0.6111 6.3781 -0.22
0.6111 6.3781 0.0
0.6111 6.6234 -0.22
0.6111 6.6234 0.0
0.6111 6.8687 -0.22
0.6111 6.8687 0.0
0.6111 7.1141 -0.22
0.6111 7.1141 0.0
0.6111 7.3594 -0.22
0.6111 7.3594 0.0
0.6111 7.6047 -0.22
0.6111 7.6047 0.0
0.6111 7.85 -0.22
0.6111 7.85 0.0
0.6111 23.82 0.0
0.6111 23.82 0.245
0.6111 23.82 0.49
0.6111 23.82 0.735
0.6111 23.82 0.98
0.6111 23.82 1.225
0.6111 23.82 1.47
0.6111 23.82 1.715
0.6111 23.82 1.96
0.6111 23.82 2.205
0.6111 23.82 2.45
0.6111 24.0 0.0
0.6111 24.0 0.245
0.6111 24.0 0.49
0.6111 24.0 0.735
0.6111 24.0 0.98
0.6111 24.0 1.225
0.6111 24.0 1.47
0.6111 24.0 1.715
0.6111 24.0 1.96
0.6111 24.0 2.205
0.6111 24.0 2.45
0.75 -2.4 0.0
0.75 -2.4 0.08
0.75 -2.16 0.0
0.75 -2.16 0.08
0.75 -1.92 0.0
0.75 -1.92 0.08
0.75 -1.68 0.0
0.75 -1.68 0.08
0.75 -1.44 0.0
0.75 -1.44 0.08
0.75 -1.2 0.0
0.75 -1.2 0.08
0.75 -1.0 -0.3
0.75 -1.0 -0.15
0.75 -1.0 0.0
0.75 -0.96 0.0
0.75 -0.96 0.08
0.75 -0.75 -0.3
0.75 -0.75 0.0
0.75 -0.72 0.0
0.75 -0.72 0.08
0.75 -0.5 -0.3
0.75 -0.5 0.0
0.75 -0.48 0.0
0.75 -0.48 0.08
0.75 -0.25 -0.3
0.75 -0.25 0.0
0.75 -0.24 0.0
0.75 -0.24 0.08
0.75 0.0 -0.3
0.75 0.0 0.0
0.75 0.0 0.08
0.75 0.0 2.45
0.75 0.0 2.67
0.75 0.25 -0.3
0.75 0.25 0.0
0.75 0.25 2.45
0.75 0.25 2.67
0.75 0.5 -0.3
0.75 0.5 0.0
0.75 0.5 2.45
0.75 0.5 2.67
0.75 0.75 -0.3
0.75 0.75 0.0
0.75 0.75 2.45
0.75 0.75 2.67
0.75 1.0 -0.3
0.75 1.0 0.0
0.75 1.0 2.45
0.75 1.0 2.67
0.75 1.25 -0.3
0.75 1.25 0.0
0.75 1.25 2.45
0.75 1.25 2.67
0.75 1.5 -0.3
0.75 1.5 0.0
0.75 1.5 2.45
0.75 1.5 2.67
0.75 1.75 -0.3
0.75 1.75 0.0
0.75 1.75 2.45
0.75 1.75 2.67
0.75 2.0 -0.3
0.75 2.0 0.0
0.75 2.0 2.45
0.75 2.0 2.67
0.75 2.25 -0.3
0.75 2.25 0.0
0.75 2.25 2.45
0.75 2.25 2.67
0.75 2.5 -0.3
0.75 2.5 0.0
0.75 2.5 2.45
0.75 2.5 2.67
0.75 2.75 -0.3
0.75 2.75 0.0
0.75 2.75 2.45
0.75 2.75 2.67
0.75 3.0 -0.3
0.75 3.0 0.0
0.75 3.0 2.45
0.75 3.0 2.67
0.75 3.25 -0.3
0.75 3.25 0.0
0.75 3.25 2.45
0.75 3.25 2.67
0.75 3.5 -0.3
0.75 3.5 0.0
0.75 3.5 2.45
0.75 3.5 2.67
0.75 3.75 -0.3
0.75 3.75 0.0
0.75 3.75 2.45
0.75 3.75 2.67
0.75 4.0 -0.3
0.75 4.0 0.0
0.75 4.0 2.45
0.75 4.0 2.67
0.75 4.25 -0.3
0.75 4.25 0.0
0.75 4.25 2.45
0.75 4.25 2.67
0.75 4.5 -0.3
0.75 4.5 0.0
0.75 4.5 2.45
0.75 4.5 2.67
0.75 4.75 -0.3
0.75 4.75 0.0
0.75 4.75 2.45
0.75 4.75 2.67
0.75 5.0 -0.3
0.75 5.0 0.0
0.75 5.0 2.45
0.75 5.0 2.67
0.75 5.25 -0.3
0.75 5.25 0.0
0.75 5.25 2.45
0.75 5.25 2.67
0.75 5.5 -0.3
0.75 5.5 0.0
0.75 5.5 2.45
0.75 5.5 2.67
0.75 5.75 -0.3
0.75 5.75 0.0
0.75 5.75 2.45
0.75 5.75 2.67
0.75 6.0 -0.3
0.75 6.0 0.0
0.75 6.0 2.45
0.75 6.0 2.67
0.75 6.25 -0.3
0.75 6.25 0.0
0.75 6.25 2.45
0.75 6.25 2.67
0.75 6.5 -0.3
0.75 6.5 0.0
0.75 6.5 2.45
0.75 6.5 2.67
0.75 6.75 -0.3
0.75 6.75 0.0
0.75 6.75 2.45
0.75 6.75 2.67
0.75 7.0 -0.3
0.75 7.0 0.0
0.75 7.0 2.45
0.75 7.0 2.67
0.75 7.25 -0.3
0.75 7.25 0.0
0.75 7.25 2.45
0.75 7.25 2.67
0.75 7.5 -0.3
0.75 7.5 0.0
0.75 7.5 2.45
0.75 7.5 2.67
0.75 7.75 -0.3
0.75 7.75 0.0
0.75 7.75 2.45
0.75 7.75 2.67
0.75 7.85 -0.22
0.75 7.85 0.0
0.75 8.0 -0.3
0.75 8.0 0.0
0.75 8.0 2.45
0.75 8.0 2.67
0.75 8.0985 -0.22
0.75 8.0985 0.0
0.75 8.25 -0.3
0.75 8.25 0.0
0.75 8.25 2.45
0.75 8.25 2.67
0.75 8.3469 -0.22
0.75 8.3469 0.0
0.75 8.5 -0.3
0.75 8.5 0.0
0.75 8.5 2.45
0.75 8.5 2.67
0.75 8.5954 -0.22
0.75 8.5954 0.0
0.75 8.75 -0.3
0.75 8.75 0.0
0.75 8.75 2.45
0.75 8.75 2.67
0.75 8.8438 -0.22
0.75 8.8438 0.0
0.75 9.0 -0.3
0.75 9.0 0.0
0.75 9.0 2.45
0.75 9.0 2.67
0.75 9.0923 -0.22
0.75 9.0923 0.0
0.75 9.25 -0.3
0.75 9.25 0.0
0.75 9.25 2.45
0.75 9.25 2.67
0.75 9.3408 -0.22
0.75 9.3408 0.0
0.75 9.5 -0.3
0.75 9.5 0.0
0.75 9.5 2.45
0.75 9.5 2.67
0.75 9.5892 -0.22
0.75 9.5892 0.0
0.75 9.75 -0.3
0.75 9.75 0.0
0.75 9.75 2.45
0.75 9.75 2.67
0.75 9.8377 -0.22
0.75 9.8377 0.0
0.75 10.0 -0.3
0.75 10.0 0.0
0.75 10.0 2.45
0.75 10.0 2.67
0.75 10.0862 -0.22
0.75 10.0862 0.0
0.75 10.25 -0.3
0.75 10.25 0.0
0.75 10.25 2.45
0.75 10.25 2.67
0.75 10.3346 -0.22
0.75 10.3346 0.0
0.75 10.5 -0.3
0.75 10.5 0.0
0.75 10.5 2.45
0.75 10.5 2.67
0.75 10.5831 -0.22
0.75 10.5831 0.0
0.75 10.75 -0.3
0.75 10.75 0.0
0.75 10.75 2.45
0.75 10.75 2.67
0.75 10.8315 -0.22
0.75 10.8315 0.0
0.75 11.0 -0.3
0.75 11.0 0.0
0.75 11.0 2.45
0.75 11.0 2.67
0.75 11.08 -0.22
0.75 11.08 0.0
0.75 11.25 -0.3
0.75 11.25 0.0
0.75 11.25 2.45
0.75 11.25 2.67
0.75 11.3285 -0.22
0.75 11.3285 0.0
0.75 11.5 -0.3
0.75 11.5 0.0
0.75 11.5 2.45
0.75 11.5 2.67
0.75 11.5769 -0.22
0.75 11.5769 0.0
0.75 11.75 -0.3
0.75 11.75 0.0
0.75 11.75 2.45
0.75 11.75 2.67
0.75 11.8254 -0.22
0.75 11.8254 0.0
0.75 12.0 -0.3
0.75 12.0 0.0
0.75 12.0 2.45
0.75 12.0 2.67
0.75 12.0738 -0.22
0.75 12.0738 0.0
0.75 12.25 -0.3
0.75 12.25 0.0
0.75 12.25 2.45
0.75 12.25 2.67
0.75 12.3223 -0.22
0.75 12.3223 0.0
0.75 12.5 -0.3
0.75 12.5 0.0
0.75 12.5 2.45
0.75 12.5 2.67
0.75 12.5708 -0.22
0.75 12.5708 0.0
0.75 12.75 -0.3
0.75 12.75 0.0
0.75 12.75 2.45
0.75 12.75 2.67
0.75 12.8192 -0.22
0.75 12.8192 0.0
0.75 13.0 -0.3
0.75 13.0 0.0
0.75 13.0 2.45
0.75 13.0 2.67
0.75 13.0677 -0.22
0.75 13.0677 0.0
0.75 13.25 -0.3
0.75 13.25 0.0
0.75 13.25 2.45
0.75 13.25 2.67
0.75 13.3162 -0.22
0.75 13.3162 0.0
0.75 13.5 -0.3
0.75 13.5 0.0
0.75 13.5 2.45
0.75 13.5 2.67
0.75 13.5646 -0.22
0.75 13.5646 0.0
0.75 13.75 -0.3
0.75 13.75 0.0
0.75 13.75 2.45
0.75 13.75 2.67
0.75 13.8131 -0.22
0.75 13.8131 0.0
0.75 14.0 -0.3
0.75 14.0 0.0
0.75 14.0 2.45
0.75 14.0 2.67
0.75 14.0615 -0.22
0.75 14.0615 0.0
0.75 14.25 -0.3
0.75 14.25 0.0
0.75 14.25 2.45
0.75 14.25 2.67
0.75 14.31 -0.22
0.75 14.31 0.0
0.75 14.5 -0.3
0.75 14.5 0.0
0.75 14.5 2.45
0.75 14.5 2.67
0.75 14.5585 -0.22
0.75 14.5585 0.0
0.75 14.75 -0.3
0.75 14.75 0.0
0.75 14.75 2.45
0.75 14.75 2.67
0.75 14.8069 -0.22
0.75 14.8069 0.0
0.75 15.0 -0.3
0.75 15.0 0.0
0.75 15.0 2.45
0.75 15.0 2.67
0.75 15.0554 -0.22
0.75 15.0554 0.0
0.75 15.25 -0.3
0.75 15.25 0.0
0.75 15.25 2.45
0.75 15.25 2.67
0.75 15.3038 -0.22
0.75 15.3038 0.0
0.75 15.5 -0.3
0.75 15.5 0.0
0.75 15.5 2.45
0.75 15.5 2.67
0.75 15.5523 -0.22
0.75 15.5523 0.0
0.75 15.75 -0.3
0.75 15.75 0.0
0.75 15.75 2.45
0.75 15.75 2.67
0.75 15.8008 -0.22
0.75 15.8008 0.0
0.75 16.0 -0.3
0.75 16.0 0.0
0.75 16.0 2.45
0.75 16.0 2.67
0.75 16.0492 -0.22
0.75 16.0492 0.0
0.75 16.25 -0.3
0.75 16.25 0.0
0.75 16.25 2.45
0.75 16.25 2.67
0.75 16.2977 -0.22
0.75 16.2977 0.0
0.75 16.5 -0.3
0.75 16.5 0.0
0.75 16.5 2.45
0.75 16.5 2.67
0.75 16.5462 -0.22
0.75 16.5462 0.0
0.75 16.75 -0.3
0.75 16.75 0.0
0.75 16.75 2.45
0.75 16.75 2.67
0.75 16.7946 -0.22
0.75 16.7946 0.0
0.75 17.0 -0.3
0.75 17.0 0.0
0.75 17.0 2.45
0.75 17.0 2.67
0.75 17.0431 -0.22
0.75 17.0431 0.0
0.75 17.25 -0.3
0.75 17.25 0.0
0.75 17.25 2.45
0.75 17.25 2.67
0.75 17.2915 -0.22
0.75 17.2915 0.0
0.75 17.5 -0.3
0.75 17.5 0.0
0.75 17.5 2.45
0.75 17.5 2.67
0.75 17.54 -0.22
0.75 17.54 0.0
0.75 17.75 -0.3
0.75 17.75 0.0
0.75 17.75 2.45
0.75 17.75 2.67
0.75 17.7885 -0.22
0.75 17.7885 0.0
0.75 18.0 -0.3
0.75 18.0 0.0
0.75 18.0 2.45
0.75 18.0 2.67
0.75 18.0369 -0.22
0.75 18.0369 0.0
0.75 18.25 -0.3
0.75 18.25 0.0
0.75 18.25 2.45
0.75 18.25 2.67
0.75 18.2854 -0.22
0.75 18.2854 0.0
0.75 18.5 -0.3
0.75 18.5 0.0
0.75 18.5 2.45
0.75 18.5 2.67
0.75 18.5338 -0.22
0.75 18.5338 0.0
0.75 18.75 -0.3
0.75 18.75 0.0
0.75 18.75 2.45
0.75 18.75 2.67
0.75 18.7823 -0.22
0.75 18.7823 0.0
0.75 19.0 -0.3
0.75 19.0 0.0
0.75 19.0 2.45
0.75 19.0 2.67
0.75 19.0308 -0.22
0.75 19.0308 0.0
0.75 19.25 -0.3
0.75 19.25 0.0
0.75 19.25 2.45
0.75 19.25 2.67
0.75 19.2792 -0.22
0.75 19.2792 0.0
0.75 19.5 -0.3
0.75 19.5 0.0
0.75 19.5 2.45
0.75 19.5 2.67
0.75 19.5277 -0.22
0.75 19.5277 0.0
0.75 19.75 -0.3
0.75 19.75 0.0
0.75 19.75 2.45
0.75 19.75 2.67
0.75 19.7762 -0.22
0.75 19.7762 0.0
0.75 20.0 -0.3
0.75 20.0 0.0
0.75 20.0 2.45
0.75 20.0 2.67
0.75 20.0246 -0.22
0.75 20.0246 0.0
0.75 20.25 -0.3
0.75 20.25 0.0
0.75 20.25 2.45
0.75 20.25 2.67
0.75 20.2731 -0.22
0.75 20.2731 0.0
0.75 20.5 -0.3
0.75 20.5 0.0
0.75 20.5 2.45
0.75 20.5 2.67
0.75 20.5215 -0.22
0.75 20.5215 0.0
0.75 20.75 -0.3
0.75 20.75 0.0
0.75 20.75 2.45
0.75 20.75 2.67
0.75 20.77 -0.22
0.75 20.77 0.0
0.75 21.0 -0.3
0.75 21.0 0.0
0.75 21.0 2.45
0.75 21.0 2.67
0.75 21.0185 -0.22
0.75 21.0185 0.0
0.75 21.25 -0.3
0.75 21.25 0.0
0.75 21.25 2.45
0.75 21.25 2.67
0.75 21.2669 -0.22
0.75 21.2669 0.0
0.75 21.5 -0.3
0.75 21.5 0.0
0.75 21.5 2.45
0.75 21.5 2.67
0.75 21.5154 -0.22
0.75 21.5154 0.0
0.75 21.75 -0.3
0.75 21.75 0.0
0.75 21.75 2.45
0.75 21.75 2.67
0.75 21.7638 -0.22
0.75 21.7638 0.0
0.75 22.0 -0.3
0.75 22.0 0.0
0.75 22.0 2.45
0.75 22.0 2.67
0.75 22.0123 -0.22
0.75 22.0123 0.0
0.75 22.25 -0.3
0.75 22.25 0.0
0.75 22.25 2.45
0.75 22.25 2.67
0.75 22.2608 -0.22
0.75 22.2608 0.0
0.75 22.5 -0.3
0.75 22.5 0.0
0.75 22.5 2.45
0.75 22.5 2.67
0.75 22.5092 -0.22
0.75 22.5092 0.0
0.75 22.75 -0.3
0.75 22.75 0.0
0.75 22.75 2.45
0.75 22.75 2.67
0.75 22.7577 -0.22
0.75 22.7577 0.0
0.75 23.0 -0.3
0.75 23.0 0.0
0.75 23.0 2.45
0.75 23.0 2.67
0.75 23.0062 -0.22
0.75 23.0062 0.0
0.75 23.25 -0.3
0.75 23.25 0.0
0.75 23.25 2.45
0.75 23.25 2.67
0.75 23.2546 -0.22
0.75 23.2546 0.0
0.75 23.5 -0.3
0.75 23.5 0.0
0.75 23.5 2.45
0.75 23.5 2.67
0.75 23.5031 -0.22
0.75 23.5031 0.0
0.75 23.75 -0.3
0.75 23.75 0.0
0.75 23.75 2.45
0.75 23.75 2.67
0.75 23.7515 -0.22
0.75 23.7515 0.0
0.75 23.82 0.0
0.75 23.82 0.245
0.75 23.82 0.49
0.75 23.82 0.735
0.75 23.82 0.98
0.75 23.82 1.225
0.75 23.82 1.47
0.75 23.82 1.715
0.75 23.82 1.96
0.75 23.82 2.205
0.75 23.82 2.45
0.75 24.0 -0.3
0.75 24.0 -0.22
0.75 24.0 0.0
0.75 24.0 0.245
0.75 24.0 0.49
0.75 24.0 0.735
0.75 24.0 0.98
0.75 24.0 1.225
0.75 24.0 1.47
0.75 24.0 1.715
0.75 24.0 1.96
0.75 24.0 2.205
0.75 24.0 2.45
0.75 24.0 2.67
0.75 24.25 -0.3
0.75 24.25 0.0
0.75 24.5 -0.3
0.75 24.5 0.0
0.75 24.75 -0.3
0.75 24.75 0.0
0.75 25.0 -0.3
0.75 25.0 -0.15
0.75 25.0 0.0
0.8556 0.0 -0.22
0.8556 0.0 0.0
0.8556 0.2453 -0.22
0.8556 0.2453 0.0
0.8556 0.4906 -0.22
0.8556 0.4906 0.0
0.8556 0.7359 -0.22
0.8556 0.7359 0.0
0.8556 0.9813 -0.22
0.8556 0.9813 0.0
0.8556 1.2266 -0.22
0.8556 1.2266 0.0
0.8556 1.4719 -0.22
0.8556 1.4719 0.0
0.8556 1.7172 -0.22
0.8556 1.7172 0.0
0.8556 1.9625 -0.22
0.8556 1.9625 0.0
0.8556 2.2078 -0.22
0.8556 2.2078 0.0
0.8556 2.4531 -0.22
0.8556 2.4531 0.0
0.8556 2.6984 -0.22
0.8556 2.6984 0.0
0.8556 2.9437 -0.22
0.8556 2.9437 0.0
0.8556 3.1891 -0.22
0.8556 3.1891 0.0
0.8556 3.4344 -0.22
0.8556 3.4344 0.0
0.8556 3.6797 -0.22
0.8556 3.6797 0.0
0.8556 3.925 -0.22
0.8556 3.925 0.0
0.8556 4.1703 -0.22
0.8556 4.1703 0.0
0.8556 4.4156 -0.22
0.8556 4.4156 0.0
0.8556 4.6609 -0.22
0.8556 4.6609 0.0
0.8556 4.9062 -0.22
0.8556 4.9062 0.0
0.8556 5.1516 -0.22
0.8556 5.1516 0.0
0.8556 5.3969 -0.22
0.8556 5.3969 0.0
0.8556 5.6422 -0.22
0.8556 5.6422 0.0
0.8556 5.8875 -0.22
0.8556 5.8875 0.0
0.8556 6.1328 -0.22
0.8556 6.1328 0.0
0.8556 6.3781 -0.22
0.8556 6.3781 0.0
0.8556 6.6234 -0.22
0.8556 6.6234 0.0
0.8556 6.8687 -0.22
0.8556 6.8687 0.0
0.8556 7.1141 -0.22
0.8556 7.1141 0.0
0.8556 7.3594 -0.22
0.8556 7.3594 0.0
0.8556 7.6047 -0.22
0.8556 7.6047 0.0
0.8556 7.85 -0.22
0.8556 7.85 0.0
0.8556 23.82 0.0
0.8556 23.82 0.245
0.8556 23.82 0.49
0.8556 23.82 0.735
0.8556 23.82 0.98
0.8556 23.82 1.225
0.8556 23.82 1.47
0.8556 23.82 1.715
0.8556 23.82 1.96
0.8556 23.82 2.205
0.8556 23.82 2.45
0.8556 24.0 0.0
0.8556 24.0 0.245
0.8556 24.0 0.49
0.8556 24.0 0.735
0.8556 24.0 0.98
0.8556 24.0 1.225
0.8556 24.0 1.47
0.8556 24.0 1.715
0.8556 24.0 1.96
0.8556 24.0 2.205
0.8556 24.0 2.45
1.0 -2.4 0.0
1.0 -2.4 0.08
1.0 -2.16 0.0
1.0 -2.16 0.08
1.0 -1.92 0.0
1.0 -1.92 0.08
1.0 -1.68 0.0
1.0 -1.68 0.08
1.0 -1.44 0.0
1.0 -1.44 0.08
1.0 -1.2 0.0
1.0 -1.2 0.08
1.0 -1.0 -0.3
1.0 -1.0 -0.15
1.0 -1.0 0.0
1.0 -0.96 0.0
1.0 -0.96 0.08
1.0 -0.75 -0.3
1.0 -0.75 0.0
1.0 -0.72 0.0
1.0 -0.72 0.08
1.0 -0.5 -0.3
1.0 -0.5 0.0
1.0 -0.48 0.0
1.0 -0.48 0.08
1.0 -0.25 -0.3
1.0 -0.25 0.0
1.0 -0.24 0.0
1.0 -0.24 0.08
1.0 0.0 -0.3
1.0 0.0 0.0
1.0 0.0 0.08
1.0 0.0 2.45
1.0 0.0 2.67
1.0 0.25 -0.3
1.0 0.25 0.0
1.0 0.25 2.45
1.0 0.25 2.67
1.0 0.5 -0.3
1.0 0.5 0.0
1.0 0.5 2.45
1.0 0.5 2.67
1.0 0.75 -0.3
1.0 0.75 0.0
1.0 0.75 2.45
1.0 0.75 2.67
1.0 1.0 -0.3
1.0 1.0 0.0
1.0 1.0 2.45
1.0 1.0 2.67
1.0 1.25 -0.3
1.0 1.25 0.0
1.0 1.25 2.45
1.0 1.25 2.67
1.0 1.5 -0.3
1.0 1.5 0.0
1.0 1.5 2.45
1.0 1.5 2.67
1.0 1.75 -0.3
1.0 1.75 0.0
1.0 1.75 2.45
1.0 1.75 2.67
1.0 2.0 -0.3
1.0 2.0 0.0
1.0 2.0 2.45
1.0 2.0 2.67
1.0 2.25 -0.3
1.0 2.25 0.0
1.0 2.25 2.45
1.0 2.25 2.67
1.0 2.5 -0.3
1.0 2.5 0.0
1.0 2.5 2.45
1.0 2.5 2.67
1.0 2.75 -0.3
1.0 2.75 0.0
1.0 2.75 2.45
1.0 2.75 2.67
1.0 3.0 -0.3
1.0 3.0 0.0
1.0 3.0 2.45
1.0 3.0 2.67
1.0 3.25 -0.3
1.0 3.25 0.0
1.0 3.25 2.45
1.0 3.25 2.67
1.0 3.5 -0.3
1.0 3.5 0.0
1.0 3.5 2.45
1.0 3.5 2.67
1.0 3.75 -0.3
1.0 3.75 0.0
1.0 3.75 2.45
1.0 3.75 2.67
1.0 4.0 -0.3
1.0 4.0 0.0
1.0 4.0 2.45
1.0 4.0 2.67
1.0 4.25 -0.3
1.0 4.25 0.0
1.0 4.25 2.45
1.0 4.25 2.67
1.0 4.5 -0.3
1.0 4.5 0.0
1.0 4.5 2.45
1.0 4.5 2.67
1.0 4.75 -0.3
1.0 4.75 0.0
1.0 4.75 2.45
1.0 4.75 2.67
1.0 5.0 -0.3
1.0 5.0 0.0
1.0 5.0 2.45
1.0 5.0 2.67
1.0 5.25 -0.3
1.0 5.25 0.0
1.0 5.25 2.45
1.0 5.25 2.67
1.0 5.5 -0.3
1.0 5.5 0.0
1.0 5.5 2.45
1.0 5.5 2.67
1.0 5.75 -0.3
1.0 5.75 0.0
1.0 5.75 2.45
1.0 5.75 2.67
1.0 6.0 -0.3
1.0 6.0 0.0
1.0 6.0 2.45
1.0 6.0 2.67
1.0 6.25 -0.3
1.0 6.25 0.0
1.0 6.25 2.45
1.0 6.25 2.67
1.0 6.5 -0.3
1.0 6.5 0.0
1.0 6.5 2.45
1.0 6.5 2.67
1.0 6.75 -0.3
1.0 6.75 0.0
1.0 6.75 2.45
1.0 6.75 2.67
1.0 7.0 -0.3
1.0 7.0 0.0
1.0 7.0 2.45
1.0 7.0 2.67
1.0 7.25 -0.3
1.0 7.25 0.0
1.0 7.25 2.45
1.0 7.25 2.67
1.0 7.5 -0.3
1.0 7.5 0.0
1.0 7.5 2.45
1.0 7.5 2.67
1.0 7.75 -0.3
1.0 7.75 0.0
1.0 7.75 2.45
1.0 7.75 2.67
1.0 7.85 -0.22
1.0 7.85 0.0
1.0 8.0 -0.3
1.0 8.0 0.0
1.0 8.0 2.45
1.0 8.0 2.67
1.0 8.0985 -0.22
1.0 8.0985 0.0
1.0 8.25 -0.3
1.0 8.25 0.0
1.0 8.25 2.45
1.0 8.25 2.67
1.0 8.3469 -0.22
1.0 8.3469 0.0
1.0 8.5 -0.3
1.0 8.5 0.0
1.0 8.5 2.45
1.0 8.5 2.67
1.0 8.5954 -0.22
1.0 8.5954 0.0
1.0 8.75 -0.3
1.0 8.75 0.0
1.0 8.75 2.45
1.0 8.75 2.67
1.0 8.8438 -0.22
1.0 8.8438 0.0
1.0 9.0 -0.3
1.0 9.0 0.0
1.0 9.0 2.45
1.0 9.0 2.67
1.0 9.0923 -0.22
1.0 9.0923 0.0
1.0 9.25 -0.3
1.0 9.25 0.0
1.0 9.25 2.45
1.0 9.25 2.67
1.0 9.3408 -0.22
1.0 9.3408 0.0
1.0 9.5 -0.3
1.0 9.5 0.0
1.0 9.5 2.45
1.0 9.5 2.67
1.0 9.5892 -0.22
1.0 9.5892 0.0
1.0 9.75 -0.3
1.0 9.75 0.0
1.0 9.75 2.45
1.0 9.75 2.67
1.0 9.8377 -0.22
1.0 9.8377 0.0
1.0 10.0 -0.3
1.0 10.0 0.0
1.0 10.0 2.45
1.0 10.0 2.67
1.0 10.0862 -0.22
1.0 10.0862 0.0
1.0 10.25 -0.3
1.0 10.25 0.0
1.0 10.25 2.45
1.0 10.25 2.67
1.0 10.3346 -0.22
1.0 10.3346 0.0
1.0 10.5 -0.3
1.0 10.5 0.0
1.0 10.5 2.45
1.0 10.5 2.67
1.0 10.5831 -0.22
1.0 10.5831 0.0
1.0 10.75 -0.3
1.0 10.75 0.0
1.0 10.75 2.45
1.0 10.75 2.67
1.0 10.8315 -0.22
1.0 10.8315 0.0
1.0 11.0 -0.3
1.0 11.0 0.0
1.0 11.0 2.45
1.0 11.0 2.67
1.0 11.08 -0.22
1.0 11.08 0.0
1.0 11.25 -0.3
1.0 11.25 0.0
1.0 11.25 2.45
1.0 11.25 2.67
1.0 11.3285 -0.22
1.0 11.3285 0.0
1.0 11.5 -0.3
1.0 11.5 0.0
1.0 11.5 2.45
1.0 11.5 2.67
1.0 11.5769 -0.22
1.0 11.5769 0.0
1.0 11.75 -0.3
1.0 11.75 0.0
1.0 11.75 2.45
1.0 11.75 2.67
1.0 11.8254 -0.22
1.0 11.8254 0.0
1.0 12.0 -0.3
1.0 12.0 0.0
1.0 12.0 2.45
1.0 12.0 2.67
1.0 12.0738 -0.22
1.0 12.0738 0.0
1.0 12.25 -0.3
1.0 12.25 0.0
1.0 12.25 2.45
1.0 12.25 2.67
1.0 12.3223 -0.22
1.0 12.3223 0.0
1.0 12.5 -0.3
1.0 12.5 0.0
1.0 12.5 2.45
1.0 12.5 2.67
1.0 12.5708 -0.22
1.0 12.5708 0.0
1.0 12.75 -0.3
1.0 12.75 0.0
1.0 12.75 2.45
1.0 12.75 2.67
1.0 12.8192 -0.22
1.0 12.8192 0.0
1.0 13.0 -0.3
1.0 13.0 0.0
1.0 13.0 2.45
1.0 13.0 2.67
1.0 13.0677 -0.22
1.0 13.0677 0.0
1.0 13.25 -0.3
1.0 13.25 0.0
1.0 13.25 2.45
1.0 13.25 2.67
1.0 13.3162 -0.22
1.0 13.3162 0.0
1.0 13.5 -0.3
1.0 13.5 0.0
1.0 13.5 2.45
1.0 13.5 2.67
1.0 13.5646 -0.22
1.0 13.5646 0.0
1.0 13.75 -0.3
1.0 13.75 0.0
1.0 13.75 2.45
1.0 13.75 2.67
1.0 13.8131 -0.22
1.0 13.8131 0.0
1.0 14.0 -0.3
1.0 14.0 0.0
1.0 14.0 2.45
1.0 14.0 2.67
1.0 14.0615 -0.22
1.0 14.0615 0.0
1.0 14.25 -0.3
1.0 14.25 0.0
1.0 14.25 2.45
1.0 14.25 2.67
1.0 14.31 -0.22
1.0 14.31 0.0
1.0 14.5 -0.3
1.0 14.5 0.0
1.0 14.5 2.45
1.0 14.5 2.67
1.0 14.5585 -0.22
1.0 14.5585 0.0
1.0 14.75 -0.3
1.0 14.75 0.0
1.0 14.75 2.45
1.0 14.75 2.67
1.0 14.8069 -0.22
1.0 14.8069 0.0
1.0 15.0 -0.3
1.0 15.0 0.0
1.0 15.0 2.45
1.0 15.0 2.67
1.0 15.0554 -0.22
1.0 15.0554 0.0
1.0 15.25 -0.3
1.0 15.25 0.0
1.0 15.25 2.45
1.0 15.25 2.67
1.0 15.3038 -0.22
1.0 15.3038 0.0
1.0 15.5 -0.3
1.0 15.5 0.0
1.0 15.5 2.45
1.0 15.5 2.67
1.0 15.5523 -0.22
1.0 15.5523 0.0
1.0 15.75 -0.3
1.0 15.75 0.0
1.0 15.75 2.45
1.0 15.75 2.67
1.0 15.8008 -0.22
1.0 15.8008 0.0
1.0 16.0 -0.3
1.0 16.0 0.0
1.0 16.0 2.45
1.0 16.0 2.67
1.0 16.0492 -0.22
1.0 16.0492 0.0
1.0 16.25 -0.3
1.0 16.25 0.0
1.0 16.25 2.45
1.0 16.25 2.67
1.0 16.2977 -0.22
1.0 16.2977 0.0
1.0 16.5 -0.3
1.0 16.5 0.0
1.0 16.5 2.45
1.0 16.5 2.67
1.0 16.5462 -0.22
1.0 16.5462 0.0
1.0 16.75 -0.3
1.0 16.75 0.0
1.0 16.75 2.45
1.0 16.75 2.67
1.0 16.7946 -0.22
1.0 16.7946 0.0
1.0 17.0 -0.3
1.0 17.0 0.0
1.0 17.0 2.45
1.0 17.0 2.67
1.0 17.0431 -0.22
1.0 17.0431 0.0
1.0 17.25 -0.3
1.0 17.25 0.0
1.0 17.25 2.45
1.0 17.25 2.67
1.0 17.2915 -0.22
1.0 17.2915 0.0
1.0 17.5 -0.3
1.0 17.5 0.0
1.0 17.5 2.45
1.0 17.5 2.67
1.0 17.54 -0.22
1.0 17.54 0.0
1.0 17.75 -0.3
1.0 17.75 0.0
1.0 17.75 2.45
1.0 17.75 2.67
1.0 17.7885 -0.22
1.0 17.7885 0.0
1.0 18.0 -0.3
1.0 18.0 0.0
1.0 18.0 2.45
1.0 18.0 2.67
1.0 18.0369 -0.22
1.0 18.0369 0.0
1.0 18.25 -0.3
1.0 18.25 0.0
1.0 18.25 2.45
1.0 18.25 2.67
1.0 18.2854 -0.22
1.0 18.2854 0.0
1.0 18.5 -0.3
1.0 18.5 0.0
1.0 18.5 2.45
1.0 18.5 2.67
1.0 18.5338 -0.22
1.0 18.5338 0.0
1.0 18.75 -0.3
1.0 18.75 0.0
1.0 18.75 2.45
1.0 18.75 2.67
1.0 18.7823 -0.22
1.0 18.7823 0.0
1.0 19.0 -0.3
1.0 19.0 0.0
1.0 19.0 2.45
1.0 19.0 2.67
1.0 19.0308 -0.22
1.0 19.0308 0.0
1.0 19.25 -0.3
1.0 19.25 0.0
1.0 19.25 2.45
1.0 19.25 2.67
1.0 19.2792 -0.22
1.0 19.2792 0.0
1.0 19.5 -0.3
1.0 19.5 0.0
1.0 19.5 2.45
1.0 19.5 2.67
1.0 19.5277 -0.22
1.0 19.5277 0.0
1.0 19.75 -0.3
1.0 19.75 0.0
1.0 19.75 2.45
1.0 19.75 2.67
1.0 19.7762 -0.22
1.0 19.7762 0.0
1.0 20.0 -0.3
1.0 20.0 0.0
1.0 20.0 2.45
1.0 20.0 2.67
1.0 20.0246 -0.22
1.0 20.0246 0.0
1.0 20.25 -0.3
1.0 20.25 0.0
1.0 20.25 2.45
1.0 20.25 2.67
1.0 20.2731 -0.22
1.0 20.2731 0.0
1.0 20.5 -0.3
1.0 20.5 0.0
1.0 20.5 2.45
1.0 20.5 2.67
1.0 20.5215 -0.22
1.0 20.5215 0.0
1.0 20.75 -0.3
1.0 20.75 0.0
1.0 20.75 2.45
1.0 20.75 2.67
1.0 20.77 -0.22
1.0 20.77 0.0
1.0 21.0 -0.3
1.0 21.0 0.0
1.0 21.0 2.45
1.0 21.0 2.67
1.0 21.0185 -0.22
1.0 21.0185 0.0
1.0 21.25 -0.3
1.0 21.25 0.0
1.0 21.25 2.45
1.0 21.25 2.67
1.0 21.2669 -0.22
1.0 21.2669 0.0
1.0 21.5 -0.3
1.0 21.5 0.0
1.0 21.5 2.45
1.0 21.5 2.67
1.0 21.5154 -0.22
1.0 21.5154 0.0
1.0 21.75 -0.3
1.0 21.75 0.0
1.0 21.75 2.45
1.0 21.75 2.67
1.0 21.7638 -0.22
1.0 21.7638 0.0
1.0 22.0 -0.3
1.0 22.0 0.0
1.0 22.0 2.45
1.0 22.0 2.67
1.0 22.0123 -0.22
1.0 22.0123 0.0
1.0 22.25 -0.3
1.0 22.25 0.0
1.0 22.25 2.45
1.0 22.25 2.67
1.0 22.2608 -0.22
1.0 22.2608 0.0
1.0 22.5 -0.3
1.0 22.5 0.0
1.0 22.5 2.45
1.0 22.5 2.67
1.0 22.5092 -0.22
1.0 22.5092 0.0
1.0 22.75 -0.3
1.0 22.75 0.0
1.0 22.75 2.45
1.0 22.75 2.67
1.0 22.7577 -0.22
1.0 22.7577 0.0
1.0 23.0 -0.3
1.0 23.0 0.0
1.0 23.0 2.45
1.0 23.0 2.67
1.0 23.0062 -0.22
1.0 23.0062 0.0
1.0 23.25 -0.3
1.0 23.25 0.0
1.0 23.25 2.45
1.0 23.25 2.67
1.0 23.2546 -0.22
1.0 23.2546 0.0
1.0 23.5 -0.3
1.0 23.5 0.0
1.0 23.5 2.45
1.0 23.5 2.67
1.0 23.5031 -0.22
1.0 23.5031 0.0
1.0 23.75 -0.3
1.0 23.75 0.0
1.0 23.75 2.45
1.0 23.75 2.67
1.0 23.7515 -0.22
1.0 23.7515 0.0
1.0 23.82 0.0
1.0 23.82 0.245
1.0 23.82 0.49
1.0 23.82 0.735
1.0 23.82 0.98
1.0 23.82 1.225
1.0 23.82 1.47
1.0 23.82 1.715
1.0 23.82 1.96
1.0 23.82 2.205
1.0 23.82 2.45
1.0 24.0 -0.3
1.0 24.0 -0.22
1.0 24.0 0.0
1.0 24.0 0.245
1.0 24.0 0.49
1.0 24.0 0.735
1.0 24.0 0.98
1.0 24.0 1.225
1.0 24.0 1.47
1.0 24.0 1.715
1.0 24.0 1.96
1.0 24.0 2.205
1.0 24.0 2.45
1.0 24.0 2.67
1.0 24.25 -0.3
1.0 24.25 0.0
1.0 24.5 -0.3
1.0 24.5 0.0
1.0 24.75 -0.3
1.0 24.75 0.0
1.0 25.0 -0.3
1.0 25.0 -0.15
1.0 25.0 0.0
1.02 0.0 0.0
1.02 0.0 0.245
1.02 0.0 0.49
1.02 0.0 0.735
1.02 0.0 0.98
1.02 0.0 1.225
1.02 0.0 1.47
1.02 0.0 1.715
1.02 0.0 1.96
1.02 0.0 2.205
1.02 0.0 2.45
1.02 0.18 0.0
1.02 0.18 0.245
1.02 0.18 0.49
1.02 0.18 0.735
1.02 0.18 0.98
1.02 0.18 1.225
1.02 0.18 1.47
1.02 0.18 1.715
1.02 0.18 1.96
1.02 0.18 2.205
1.02 0.18 2.45
1.1 0.0 -0.22
1.1 0.0 0.0
1.1 0.2453 -0.22
1.1 0.2453 0.0
1.1 0.4906 -0.22
1.1 0.4906 0.0
1.1 0.7359 -0.22
1.1 0.7359 0.0
1.1 0.9813 -0.22
1.1 0.9813 0.0
1.1 1.2266 -0.22
1.1 1.2266 0.0
1.1 1.4719 -0.22
1.1 1.4719 0.0
1.1 1.7172 -0.22
1.1 1.7172 0.0
1.1 1.9625 -0.22
1.1 1.9625 0.0
1.1 2.2078 -0.22
1.1 2.2078 0.0
1.1 2.4531 -0.22
1.1 2.4531 0.0
1.1 2.6984 -0.22
1.1 2.6984 0.0
1.1 2.9437 -0.22
1.1 2.9437 0.0
1.1 3.1891 -0.22
1.1 3.1891 0.0
1.1 3.4344 -0.22
1.1 3.4344 0.0
1.1 3.6797 -0.22
1.1 3.6797 0.0
1.1 3.925 -0.22
1.1 3.925 0.0
1.1 4.1703 -0.22
1.1 4.1703 0.0
1.1 4.4156 -0.22
1.1 4.4156 0.0
1.1 4.6609 -0.22
1.1 4.6609 0.0
1.1 4.9062 -0.22
1.1 4.9062 0.0
1.1 5.1516 -0.22
1.1 5.1516 0.0
1.1 5.3969 -0.22
1.1 5.3969 0.0
1.1 5.6422 -0.22
1.1 5.6422 0.0
1.1 5.8875 -0.22
1.1 5.8875 0.0
1.1 6.1328 -0.22
1.1 6.1328 0.0
1.1 6.3781 -0.22
1.1 6.3781 0.0
1.1 6.6234 -0.22
1.1 6.6234 0.0
1.1 6.8687 -0.22
1.1 6.8687 0.0
1.1 7.1141 -0.22
1.1 7.1141 0.0
1.1 7.3594 -0.22
1.1 7.3594 0.0
1.1 7.6047 -0.22
1.1 7.6047 0.0
1.1 7.85 -0.22
1.1 7.85 0.0
1.1 23.82 0.0
1.1 23.82 0.245
1.1 23.82 0.49
1.1 23.82 0.735
1.1 23.82 0.98
1.1 23.82 1.225
1.1 23.82 1.47
1.1 23.82 1.715
1.1 23.82 1.96
1.1 23.82 2.205
1.1 23.82 2.45
1.1 24.0 0.0
1.1 24.0 0.245
1.1 24.0 0.49
1.1 24.0 0.735
1.1 24.0 0.98
1.1 24.0 1.225
1.1 24.0 1.47
1.1 24.0 1.715
1.1 24.0 1.96
1.1 24.0 2.205
1.1 24.0 2.45
1.25 -2.4 0.0
1.25 -2.4 0.08
1.25 -2.16 0.0
1.25 -2.16 0.08
1.25 -1.92 0.0
1.25 -1.92 0.08
1.25 -1.68 0.0
1.25 -1.68 0.08
1.25 -1.44 0.0
1.25 -1.44 0.08
1.25 -1.2 0.0
1.25 -1.2 0.08
1.25 -1.0 -0.3
1.25 -1.0 -0.15
1.25 -1.0 0.0
1.25 -0.96 0.0
1.25 -0.96 0.08
1.25 -0.75 -0.3
1.25 -0.75 0.0
1.25 -0.72 0.0
1.25 -0.72 0.08
1.25 -0.5 -0.3
1.25 -0.5 0.0
1.25 -0.48 0.0
1.25 -0.48 0.08
1.25 -0.25 -0.3
1.25 -0.25 0.0
1.25 -0.24 0.0
1.25 -0.24 0.08
1.25 0.0 -0.3
1.25 0.0 0.0
1.25 0.0 0.08
1.25 0.0 2.45
1.25 0.0 2.67
1.25 0.25 -0.3
1.25 0.25 0.0
1.25 0.25 2.45
1.25 0.25 2.67
1.25 0.5 -0.3
1.25 0.5 0.0
1.25 0.5 2.45
1.25 0.5 2.67
1.25 0.75 -0.3
1.25 0.75 0.0
1.25 0.75 2.45
1.25 0.75 2.67
1.25 1.0 -0.3
1.25 1.0 0.0
1.25 1.0 2.45
1.25 1.0 2.67
1.25 1.25 -0.3
1.25 1.25 0.0
1.25 1.25 2.45
1.25 1.25 2.67
1.25 1.5 -0.3
1.25 1.5 0.0
1.25 1.5 2.45
1.25 1.5 2.67
1.25 1.75 -0.3
1.25 1.75 0.0
1.25 1.75 2.45
1.25 1.75 2.67
1.25 2.0 -0.3
1.25 2.0 0.0
1.25 2.0 2.45
1.25 2.0 2.67
1.25 2.25 -0.3
1.25 2.25 0.0
1.25 2.25 2.45
1.25 2.25 2.67
1.25 2.5 -0.3
1.25 2.5 0.0
1.25 2.5 2.45
1.25 2.5 2.67
1.25 2.75 -0.3
1.25 2.75 0.0
1.25 2.75 2.45
1.25 2.75 2.67
1.25 3.0 -0.3
1.25 3.0 0.0
1.25 3.0 2.45
1.25 3.0 2.67
1.25 3.25 -0.3
1.25 3.25 0.0
1.25 3.25 2.45
1.25 3.25 2.67
1.25 3.5 -0.3
1.25 3.5 0.0
1.25 3.5 2.45
1.25 3.5 2.67
1.25 3.75 -0.3
1.25 3.75 0.0
1.25 3.75 2.45
1.25 3.75 2.67
1.25 4.0 -0.3
1.25 4.0 0.0
1.25 4.0 2.45
1.25 4.0 2.67
1.25 4.25 -0.3
1.25 4.25 0.0
1.25 4.25 2.45
1.25 4.25 2.67
1.25 4.5 -0.3
1.25 4.5 0.0
1.25 4.5 2.45
1.25 4.5 2.67
1.25 4.75 -0.3
1.25 4.75 0.0
1.25 4.75 2.45
1.25 4.75 2.67
1.25 5.0 -0.3
1.25 5.0 0.0
1.25 5.0 2.45
1.25 5.0 2.67
1.25 5.25 -0.3
1.25 5.25 0.0
1.25 5.25 2.45
1.25 5.25 2.67
1.25 5.5 -0.3
1.25 5.5 0.0
1.25 5.5 2.45
1.25 5.5 2.67
1.25 5.75 -0.3
1.25 5.75 0.0
1.25 5.75 2.45
1.25 5.75 2.67
1.25 6.0 -0.3
1.25 6.0 0.0
1.25 6.0 2.45
1.25 6.0 2.67
1.25 6.25 -0.3
1.25 6.25 0.0
1.25 6.25 2.45
1.25 6.25 2.67
1.25 6.5 -0.3
1.25 6.5 0.0
1.25 6.5 2.45
1.25 6.5 2.67
1.25 6.75 -0.3
1.25 6.75 0.0
1.25 6.75 2.45
1.25 6.75 2.67
1.25 7.0 -0.3
1.25 7.0 0.0
1.25 7.0 2.45
1.25 7.0 2.67
1.25 7.25 -0.3
1.25 7.25 0.0
1.25 7.25 2.45
1.25 7.25 2.67
1.25 7.5 -0.3
1.25 7.5 0.0
1.25 7.5 2.45
1.25 7.5 2.67
1.25 7.75 -0.3
1.25 7.75 0.0
1.25 7.75 2.45
1.25 7.75 2.67
1.25 7.85 -0.22
1.25 7.85 0.0
1.25 8.0 -0.3
1.25 8.0 0.0
1.25 8.0 2.45
1.25 8.0 2.67
1.25 8.0985 -0.22
1.25 8.0985 0.0
1.25 8.25 -0.3
1.25 8.25 0.0
1.25 8.25 2.45
1.25 8.25 2.67
1.25 8.3469 -0.22
1.25 8.3469 0.0
1.25 8.5 -0.3
1.25 8.5 0.0
1.25 8.5 2.45
1.25 8.5 2.67
1.25 8.5954 -0.22
1.25 8.5954 0.0
1.25 8.75 -0.3
1.25 8.75 0.0
1.25 8.75 2.45
1.25 8.75 2.67
1.25 8.8438 -0.22
1.25 8.8438 0.0
1.25 9.0 -0.3
1.25 9.0 0.0
1.25 9.0 2.45
1.25 9.0 2.67
1.25 9.0923 -0.22
1.25 9.0923 0.0
1.25 9.25 -0.3
1.25 9.25 0.0
1.25 9.25 2.45
1.25 9.25 2.67
1.25 9.3408 -0.22
1.25 9.3408 0.0
1.25 9.5 -0.3
1.25 9.5 0.0
1.25 9.5 2.45
1.25 9.5 2.67
1.25 9.5892 -0.22
1.25 9.5892 0.0
1.25 9.75 -0.3
1.25 9.75 0.0
1.25 9.75 2.45
1.25 9.75 2.67
1.25 9.8377 -0.22
1.25 9.8377 0.0
1.25 10.0 -0.3
1.25 10.0 0.0
1.25 10.0 2.45
1.25 10.0 2.67
1.25 10.0862 -0.22
1.25 10.0862 0.0
1.25 10.25 -0.3
1.25 10.25 0.0
1.25 10.25 2.45
1.25 10.25 2.67
1.25 10.3346 -0.22
1.25 10.3346 0.0
1.25 10.5 -0.3
1.25 10.5 0.0
1.25 10.5 2.45
1.25 10.5 2.67
1.25 10.5831 -0.22
1.25 10.5831 0.0
1.25 10.75 -0.3
1.25 10.75 0.0
1.25 10.75 2.45
1.25 10.75 2.67
1.25 10.8315 -0.22
1.25 10.8315 0.0
1.25 11.0 -0.3
1.25 11.0 0.0
1.25 11.0 2.45
1.25 11.0 2.67
1.25 11.08 -0.22
1.25 11.08 0.0
1.25 11.25 -0.3
1.25 11.25 0.0
1.25 11.25 2.45
1.25 11.25 2.67
1.25 11.3285 -0.22
1.25 11.3285 0.0
1.25 11.5 -0.3
1.25 11.5 0.0
1.25 11.5 2.45
1.25 11.5 2.67
1.25 11.5769 -0.22
1.25 11.5769 0.0
1.25 11.75 -0.3
1.25 11.75 0.0
1.25 11.75 2.45
1.25 11.75 2.67
1.25 11.8254 -0.22
1.25 11.8254 0.0
1.25 12.0 -0.3
1.25 12.0 0.0
1.25 12.0 2.45
1.25 12.0 2.67
1.25 12.0738 -0.22
1.25 12.0738 0.0
1.25 12.25 -0.3
1.25 12.25 0.0
1.25 12.25 2.45
1.25 12.25 2.67
1.25 12.3223 -0.22
1.25 12.3223 0.0
1.25 12.5 -0.3
1.25 12.5 0.0
1.25 12.5 2.45
1.25 12.5 2.67
1.25 12.5708 -0.22
1.25 12.5708 0.0
1.25 12.75 -0.3
1.25 12.75 0.0
1.25 12.75 2.45
1.25 12.75 2.67
1.25 12.8192 -0.22
1.25 12.8192 0.0
1.25 13.0 -0.3
1.25 13.0 0.0
1.25 13.0 2.45
1.25 13.0 2.67
1.25 13.0677 -0.22
1.25 13.0677 0.0
1.25 13.25 -0.3
1.25 13.25 0.0
1.25 13.25 2.45
1.25 13.25 2.67
1.25 13.3162 -0.22
1.25 13.3162 0.0
1.25 13.5 -0.3
1.25 13.5 0.0
1.25 13.5 2.45
1.25 13.5 2.67
1.25 13.5646 -0.22
1.25 13.5646 0.0
1.25 13.75 -0.3
1.25 13.75 0.0
1.25 13.75 2.45
1.25 13.75 2.67
1.25 13.8131 -0.22
1.25 13.8131 0.0
1.25 14.0 -0.3
1.25 14.0 0.0
1.25 14.0 2.45
1.25 14.0 2.67
1.25 14.0615 -0.22
1.25 14.0615 0.0
1.25 14.25 -0.3
1.25 14.25 0.0
1.25 14.25 2.45
1.25 14.25 2.67
1.25 14.31 -0.22
1.25 14.31 0.0
1.25 14.5 -0.3
1.25 14.5 0.0
1.25 14.5 2.45
1.25 14.5 2.67
1.25 14.5585 -0.22
1.25 14.5585 0.0
1.25 14.75 -0.3
1.25 14.75 0.0
1.25 14.75 2.45
1.25 14.75 2.67
1.25 14.8069 -0.22
1.25 14.8069 0.0
1.25 15.0 -0.3
1.25 15.0 0.0
1.25 15.0 2.45
1.25 15.0 2.67
1.25 15.0554 -0.22
1.25 15.0554 0.0
1.25 15.25 -0.3
1.25 15.25 0.0
1.25 15.25 2.45
1.25 15.25 2.67
1.25 15.3038 -0.22
1.25 15.3038 0.0
1.25 15.5 -0.3
1.25 15.5 0.0
1.25 15.5 2.45
1.25 15.5 2.67
1.25 15.5523 -0.22
1.25 15.5523 0.0
1.25 15.75 -0.3
1.25 15.75 0.0
1.25 15.75 2.45
1.25 15.75 2.67
1.25 15.8008 -0.22
1.25 15.8008 0.0
1.25 16.0 -0.3
1.25 16.0 0.0
1.25 16.0 2.45
1.25 16.0 2.67
1.25 16.0492 -0.22
1.25 16.0492 0.0
1.25 16.25 -0.3
1.25 16.25 0.0
1.25 16.25 2.45
1.25 16.25 2.67
1.25 16.2977 -0.22
1.25 16.2977 0.0
1.25 16.5 -0.3
1.25 16.5 0.0
1.25 16.5 2.45
1.25 16.5 2.67
1.25 16.5462 -0.22
1.25 16.5462 0.0
1.25 16.75 -0.3
1.25 16.75 0.0
1.25 16.75 2.45
1.25 16.75 2.67
1.25 16.7946 -0.22
1.25 16.7946 0.0
1.25 17.0 -0.3
1.25 17.0 0.0
1.25 17.0 2.45
1.25 17.0 2.67
1.25 17.0431 -0.22
1.25 17.0431 0.0
1.25 17.25 -0.3
1.25 17.25 0.0
1.25 17.25 2.45
1.25 17.25 2.67
1.25 17.2915 -0.22
1.25 17.2915 0.0
1.25 17.5 -0.3
1.25 17.5 0.0
1.25 17.5 2.45
1.25 17.5 2.67
1.25 17.54 -0.22
1.25 17.54 0.0
1.25 17.75 -0.3
1.25 17.75 0.0
1.25 17.75 2.45
1.25 17.75 2.67
1.25 17.7885 -0.22
1.25 17.7885 0.0
1.25 18.0 -0.3
1.25 18.0 0.0
1.25 18.0 2.45
1.25 18.0 2.67
1.25 18.0369 -0.22
1.25 18.0369 0.0
1.25 18.25 -0.3
1.25 18.25 0.0
1.25 18.25 2.45
1.25 18.25 2.67
1.25 18.2854 -0.22
1.25 18.2854 0.0
1.25 18.5 -0.3
1.25 18.5 0.0
1.25 18.5 2.45
1.25 18.5 2.67
1.25 18.5338 -0.22
1.25 18.5338 0.0
1.25 18.75 -0.3
1.25 18.75 0.0
1.25 18.75 2.45
1.25 18.75 2.67
1.25 18.7823 -0.22
1.25 18.7823 0.0
1.25 19.0 -0.3
1.25 19.0 0.0
1.25 19.0 2.45
1.25 19.0 2.67
1.25 19.0308 -0.22
1.25 19.0308 0.0
1.25 19.25 -0.3
1.25 19.25 0.0
1.25 19.25 2.45
1.25 19.25 2.67
1.25 19.2792 -0.22
1.25 19.2792 0.0
1.25 19.5 -0.3
1.25 19.5 0.0
1.25 19.5 2.45
1.25 19.5 2.67
1.25 19.5277 -0.22
1.25 19.5277 0.0
1.25 19.75 -0.3
1.25 19.75 0.0
1.25 19.75 2.45
1.25 19.75 2.67
1.25 19.7762 -0.22
1.25 19.7762 0.0
1.25 20.0 -0.3
1.25 20.0 0.0
1.25 20.0 2.45
1.25 20.0 2.67
1.25 20.0246 -0.22
1.25 20.0246 0.0
1.25 20.25 -0.3
1.25 20.25 0.0
1.25 20.25 2.45
1.25 20.25 2.67
1.25 20.2731 -0.22
1.25 20.2731 0.0
1.25 20.5 -0.3
1.25 20.5 0.0
1.25 20.5 2.45
1.25 20.5 2.67
1.25 20.5215 -0.22
1.25 20.5215 0.0
1.25 20.75 -0.3
1.25 20.75 0.0
1.25 20.75 2.45
1.25 20.75 2.67
1.25 20.77 -0.22
1.25 20.77 0.0
1.25 21.0 -0.3
1.25 21.0 0.0
1.25 21.0 2.45
1.25 21.0 2.67
1.25 21.0185 -0.22
1.25 21.0185 0.0
1.25 21.25 -0.3
1.25 21.25 0.0
1.25 21.25 2.45
1.25 21.25 2.67
1.25 21.2669 -0.22
1.25 21.2669 0.0
1.25 21.5 -0.3
1.25 21.5 0.0
1.25 21.5 2.45
1.25 21.5 2.67
1.25 21.5154 -0.22
1.25 21.5154 0.0
1.25 21.75 -0.3
1.25 21.75 0.0
1.25 21.75 2.45
1.25 21.75 2.67
1.25 21.7638 -0.22
1.25 21.7638 0.0
1.25 22.0 -0.3
1.25 22.0 0.0
1.25 22.0 2.45
1.25 22.0 2.67
1.25 22.0123 -0.22
1.25 22.0123 0.0
1.25 22.25 -0.3
1.25 22.25 0.0
1.25 22.25 2.45
1.25 22.25 2.67
1.25 22.2608 -0.22
1.25 22.2608 0.0
1.25 22.5 -0.3
1.25 22.5 0.0
1.25 22.5 2.45
1.25 22.5 2.67
1.25 22.5092 -0.22
1.25 22.5092 0.0
1.25 22.75 -0.3
1.25 22.75 0.0
1.25 22.75 2.45
1.25 22.75 2.67
1.25 22.7577 -0.22
1.25 22.7577 0.0
1.25 23.0 -0.3
1.25 23.0 0.0
1.25 23.0 2.45
1.25 23.0 2.67
1.25 23.0062 -0.22
1.25 23.0062 0.0
1.25 23.25 -0.3
1.25 23.25 0.0
1.25 23.25 2.45
1.25 23.25 2.67
1.25 23.2546 -0.22
1.25 23.2546 0.0
1.25 23.5 -0.3
1.25 23.5 0.0
1.25 23.5 2.45
1.25 23.5 2.67
1.25 23.5031 -0.22
1.25 23.5031 0.0
1.25 23.75 -0.3
1.25 23.75 0.0
1.25 23.75 2.45
1.25 23.75 2.67
1.25 23.7515 -0.22
1.25 23.7515 0.0
1.25 23.82 0.0
1.25 23.82 0.245
1.25 23.82 0.49
1.25 23.82 0.735
1.25 23.82 0.98
1.25 23.82 1.225
1.25 23.82 1.47
1.25 23.82 1.715
1.25 23.82 1.96
1.25 23.82 2.205
1.25 23.82 2.45
1.25 24.0 -0.3
1.25 24.0 -0.22
1.25 24.0 0.0
1.25 24.0 0.245
1.25 24.0 0.49
1.25 24.0 0.735
1.25 24.0 0.98
1.25 24.0 1.225
1.25 24.0 1.47
1.25 24.0 1.715
1.25 24.0 1.96
1.25 24.0 2.205
1.25 24.0 2.45
1.25 24.0 2.67
1.25 24.25 -0.3
1.25 24.25 0.0
1.25 24.5 -0.3
1.25 24.5 0.0
1.25 24.75 -0.3
1.25 24.75 0.0
1.25 25.0 -0.3
1.25 25.0 -0.15
1.25 25.0 0.0
1.2694 0.0 0.0
1.2694 0.0 0.245
1.2694 0.0 0.49
1.2694 0.0 0.735
1.2694 0.0 0.98
1.2694 0.0 1.225
1.2694 0.0 1.47
1.2694 0.0 1.715
1.2694 0.0 1.96
1.2694 0.0 2.205
1.2694 0.0 2.45
1.2694 0.18 0.0
1.2694 0.18 0.245
1.2694 0.18 0.49
1.2694 0.18 0.735
1.2694 0.18 0.98
1.2694 0.18 1.225
1.2694 0.18 1.47
1.2694 0.18 1.715
1.2694 0.18 1.96
1.2694 0.18 2.205
1.2694 0.18 2.45
1.33 0.0 -0.22
1.33 0.0 0.0
1.33 0.2453 -0.22
1.33 0.2453 0.0
1.33 0.4906 -0.22
1.33 0.4906 0.0
1.33 0.7359 -0.22
1.33 0.7359 0.0
1.33 0.9813 -0.22
1.33 0.9813 0.0
1.33 1.2266 -0.22
1.33 1.2266 0.0
1.33 1.4719 -0.22
1.33 1.4719 0.0
1.33 1.7172 -0.22
1.33 1.7172 0.0
1.33 1.9625 -0.22
1.33 1.9625 0.0
1.33 2.2078 -0.22
1.33 2.2078 0.0
1.33 2.4531 -0.22
1.33 2.4531 0.0
1.33 2.6984 -0.22
1.33 2.6984 0.0
1.33 2.9437 -0.22
1.33 2.9437 0.0
1.33 3.1891 -0.22
1.33 3.1891 0.0
1.33 3.4344 -0.22
1.33 3.4344 0.0
1.33 3.6797 -0.22
1.33 3.6797 0.0
1.33 3.925 -0.22
1.33 3.925 0.0
1.33 4.1703 -0.22
1.33 4.1703 0.0
1.33 4.4156 -0.22
1.33 4.4156 0.0
1.33 4.6609 -0.22
1.33 4.6609 0.0
1.33 4.9062 -0.22
1.33 4.9062 0.0
1.33 5.1516 -0.22
1.33 5.1516 0.0
1.33 5.3969 -0.22
1.33 5.3969 0.0
1.33 5.6422 -0.22
1.33 5.6422 0.0
1.33 5.8875 -0.22
1.33 5.8875 0.0
1.33 6.1328 -0.22
1.33 6.1328 0.0
1.33 6.3781 -0.22
1.33 6.3781 0.0
1.33 6.6234 -0.22
1.33 6.6234 0.0
1.33 6.8687 -0.22
1.33 6.8687 0.0
1.33 7.1141 -0.22
1.33 7.1141 0.0
1.33 7.3594 -0.22
1.33 7.3594 0.0
1.33 7.6047 -0.22
1.33 7.6047 0.0
1.33 7.85 -0.22
1.33 7.85 0.0
1.43 1.85 0.0
1.43 1.85 0.06
1.43 2.1 0.0
1.43 2.1 0.06
1.43 2.35 0.0
1.43 2.35 0.06
1.43 2.6 0.0
1.43 2.6 0.06
1.43 2.85 0.0
1.43 2.85 0.06
1.43 3.1 0.0
1.43 3.1 0.06
1.43 3.35 0.0
1.43 3.35 0.06
1.5 -2.4 0.0
1.5 -2.4 0.08
1.5 -2.16 0.0
1.5 -2.16 0.08
1.5 -1.92 0.0
1.5 -1.92 0.08
1.5 -1.68 0.0
1.5 -1.68 0.08
1.5 -1.44 0.0
1.5 -1.44 0.08
1.5 -1.2 0.0
1.5 -1.2 0.08
1.5 -1.0 -0.3
1.5 -1.0 -0.15
1.5 -1.0 0.0
1.5 -0.96 0.0
1.5 -0.96 0.08
1.5 -0.75 -0.3
1.5 -0.75 0.0
1.5 -0.72 0.0
1.5 -0.72 0.08
1.5 -0.5 -0.3
1.5 -0.5 0.0
1.5 -0.48 0.0
1.5 -0.48 0.08
1.5 -0.25 -0.3
1.5 -0.25 0.0
1.5 -0.24 0.0
1.5 -0.24 0.08
1.5 0.0 -0.3
1.5 0.0 0.0
1.5 0.0 0.08
1.5 0.0 2.45
1.5 0.0 2.67
1.5 0.25 -0.3
1.5 0.25 0.0
1.5 0.25 2.45
1.5 0.25 2.67
1.5 0.5 -0.3
1.5 0.5 0.0
1.5 0.5 2.45
1.5 0.5 2.67
1.5 0.75 -0.3
1.5 0.75 0.0
1.5 0.75 2.45
1.5 0.75 2.67
1.5 1.0 -0.3
1.5 1.0 0.0
1.5 1.0 2.45
1.5 1.0 2.67
1.5 1.25 -0.3
1.5 1.25 0.0
1.5 1.25 2.45
1.5 1.25 2.67
1.5 1.5 -0.3
1.5 1.5 0.0
1.5 1.5 2.45
1.5 1.5 2.67
1.5 1.75 -0.3
1.5 1.75 0.0
1.5 1.75 2.45
1.5 1.75 2.67
1.5 2.0 -0.3
1.5 2.0 0.0
1.5 2.0 2.45
1.5 2.0 2.67
1.5 2.25 -0.3
1.5 2.25 0.0
1.5 2.25 2.45
1.5 2.25 2.67
1.5 2.5 -0.3
1.5 2.5 0.0
1.5 2.5 2.45
1.5 2.5 2.67
1.5 2.75 -0.3
1.5 2.75 0.0
1.5 2.75 2.45
1.5 2.75 2.67
1.5 3.0 -0.3
1.5 3.0 0.0
1.5 3.0 2.45
1.5 3.0 2.67
1.5 3.25 -0.3
1.5 3.25 0.0
1.5 3.25 2.45
1.5 3.25 2.67
1.5 3.5 -0.3
1.5 3.5 0.0
1.5 3.5 2.45
1.5 3.5 2.67
1.5 3.75 -0.3
1.5 3.75 0.0
1.5 3.75 2.45
1.5 3.75 2.67
1.5 4.0 -0.3
1.5 4.0 0.0
1.5 4.0 2.45
1.5 4.0 2.67
1.5 4.25 -0.3
1.5 4.25 0.0
1.5 4.25 2.45
1.5 4.25 2.67
1.5 4.5 -0.3
1.5 4.5 0.0
1.5 4.5 2.45
1.5 4.5 2.67
1.5 4.75 -0.3
1.5 4.75 0.0
1.5 4.75 2.45
1.5 4.75 2.67
1.5 5.0 -0.3
1.5 5.0 0.0
1.5 5.0 2.45
1.5 5.0 2.67
1.5 5.25 -0.3
1.5 5.25 0.0
1.5 5.25 2.45
1.5 5.25 2.67
1.5 5.5 -0.3
1.5 5.5 0.0
1.5 5.5 2.45
1.5 5.5 2.67
1.5 5.75 -0.3
1.5 5.75 0.0
1.5 5.75 2.45
1.5 5.75 2.67
1.5 6.0 -0.3
1.5 6.0 0.0
1.5 6.0 2.45
1.5 6.0 2.67
1.5 6.25 -0.3
1.5 6.25 0.0
1.5 6.25 2.45
1.5 6.25 2.67
1.5 6.5 -0.3
1.5 6.5 0.0
1.5 6.5 2.45
1.5 6.5 2.67
1.5 6.75 -0.3
1.5 6.75 0.0
1.5 6.75 2.45
1.5 6.75 2.67
1.5 7.0 -0.3
1.5 7.0 0.0
1.5 7.0 2.45
1.5 7.0 2.67
1.5 7.25 -0.3
1.5 7.25 0.0
1.5 7.25 2.45
1.5 7.25 2.67
1.5 7.5 -0.3
1.5 7.5 0.0
1.5 7.5 2.45
1.5 7.5 2.67
1.5 7.75 -0.3
1.5 7.75 0.0
1.5 7.75 2.45
1.5 7.75 2.67
1.5 7.85 -0.22
1.5 7.85 0.0
1.5 8.0 -0.3
1.5 8.0 0.0
1.5 8.0 2.45
1.5 8.0 2.67
1.5 8.0985 -0.22
1.5 8.0985 0.0
1.5 8.25 -0.3
1.5 8.25 0.0
1.5 8.25 2.45
1.5 8.25 2.67
1.5 8.3469 -0.22
1.5 8.3469 0.0
1.5 8.5 -0.3
1.5 8.5 0.0
1.5 8.5 2.45
1.5 8.5 2.67
1.5 8.5954 -0.22
1.5 8.5954 0.0
1.5 8.75 -0.3
1.5 8.75 0.0
1.5 8.75 2.45
1.5 8.75 2.67
1.5 8.8438 -0.22
1.5 8.8438 0.0
1.5 9.0 -0.3
1.5 9.0 0.0
1.5 9.0 2.45
1.5 9.0 2.67
1.5 9.0923 -0.22
1.5 9.0923 0.0
1.5 9.25 -0.3
1.5 9.25 0.0
1.5 9.25 2.45
1.5 9.25 2.67
1.5 9.3408 -0.22
1.5 9.3408 0.0
1.5 9.5 -0.3
1.5 9.5 0.0
1.5 9.5 2.45
1.5 9.5 2.67
1.5 9.5892 -0.22
1.5 9.5892 0.0
1.5 9.75 -0.3
1.5 9.75 0.0
1.5 9.75 2.45
1.5 9.75 2.67
1.5 9.8377 -0.22
1.5 9.8377 0.0
1.5 10.0 -0.3
1.5 10.0 0.0
1.5 10.0 2.45
1.5 10.0 2.67
1.5 10.0862 -0.22
1.5 10.0862 0.0
1.5 10.25 -0.3
1.5 10.25 0.0
1.5 10.25 2.45
1.5 10.25 2.67
1.5 10.3346 -0.22
1.5 10.3346 0.0
1.5 10.5 -0.3
1.5 10.5 0.0
1.5 10.5 2.45
1.5 10.5 2.67
1.5 10.5831 -0.22
1.5 10.5831 0.0
1.5 10.75 -0.3
1.5 10.75 0.0
1.5 10.75 2.45
1.5 10.75 2.67
1.5 10.8315 -0.22
1.5 10.8315 0.0
1.5 11.0 -0.3
1.5 11.0 0.0
1.5 11.0 2.45
1.5 11.0 2.67
1.5 11.08 -0.22
1.5 11.08 0.0
1.5 11.25 -0.3
1.5 11.25 0.0
1.5 11.25 2.45
1.5 11.25 2.67
1.5 11.3285 -0.22
1.5 11.3285 0.0
1.5 11.5 -0.3
1.5 11.5 0.0
1.5 11.5 2.45
1.5 11.5 2.67
1.5 11.5769 -0.22
1.5 11.5769 0.0
1.5 11.75 -0.3
1.5 11.75 0.0
1.5 11.75 2.45
1.5 11.75 2.67
1.5 11.8254 -0.22
1.5 11.8254 0.0
1.5 12.0 -0.3
1.5 12.0 0.0
1.5 12.0 2.45
1.5 12.0 2.67
1.5 12.0738 -0.22
1.5 12.0738 0.0
1.5 12.25 -0.3
1.5 12.25 0.0
1.5 12.25 2.45
1.5 12.25 2.67
1.5 12.3223 -0.22
1.5 12.3223 0.0
1.5 12.5 -0.3
1.5 12.5 0.0
1.5 12.5 2.45
1.5 12.5 2.67
1.5 12.5708 -0.22
1.5 12.5708 0.0
1.5 12.75 -0.3
1.5 12.75 0.0
1.5 12.75 2.45
1.5 12.75 2.67
1.5 12.8192 -0.22
1.5 12.8192 0.0
1.5 13.0 -0.3
1.5 13.0 0.0
1.5 13.0 2.45
1.5 13.0 2.67
1.5 13.0677 -0.22
1.5 13.0677 0.0
1.5 13.25 -0.3
1.5 13.25 0.0
1.5 13.25 2.45
1.5 13.25 2.67
1.5 13.3162 -0.22
1.5 13.3162 0.0
1.5 13.5 -0.3
1.5 13.5 0.0
1.5 13.5 2.45
1.5 13.5 2.67
1.5 13.5646 -0.22
1.5 13.5646 0.0
1.5 13.75 -0.3
1.5 13.75 0.0
1.5 13.75 2.45
1.5 13.75 2.67
1.5 13.8131 -0.22
1.5 13.8131 0.0
1.5 14.0 -0.3
1.5 14.0 0.0
1.5 14.0 2.45
1.5 14.0 2.67
1.5 14.0615 -0.22
1.5 14.0615 0.0
1.5 14.25 -0.3
1.5 14.25 0.0
1.5 14.25 2.45
1.5 14.25 2.67
1.5 14.31 -0.22
1.5 14.31 0.0
1.5 14.5 -0.3
1.5 14.5 0.0
1.5 14.5 2.45
1.5 14.5 2.67
1.5 14.5585 -0.22
1.5 14.5585 0.0
1.5 14.75 -0.3
1.5 14.75 0.0
1.5 14.75 2.45
1.5 14.75 2.67
1.5 14.8069 -0.22
1.5 14.8069 0.0
1.5 15.0 -0.3
1.5 15.0 0.0
1.5 15.0 2.45
1.5 15.0 2.67
1.5 15.0554 -0.22
1.5 15.0554 0.0
1.5 15.25 -0.3
1.5 15.25 0.0
1.5 15.25 2.45
1.5 15.25 2.67
1.5 15.3038 -0.22
1.5 15.3038 0.0
1.5 15.5 -0.3
1.5 15.5 0.0
1.5 15.5 2.45
1.5 15.5 2.67
1.5 15.5523 -0.22
1.5 15.5523 0.0
1.5 15.75 -0.3
1.5 15.75 0.0
1.5 15.75 2.45
1.5 15.75 2.67
1.5 15.8008 -0.22
1.5 15.8008 0.0
1.5 16.0 -0.3
1.5 16.0 0.0
1.5 16.0 2.45
1.5 16.0 2.67
1.5 16.0492 -0.22
1.5 16.0492 0.0
1.5 16.25 -0.3
1.5 16.25 0.0
1.5 16.25 2.45
1.5 16.25 2.67
1.5 16.2977 -0.22
1.5 16.2977 0.0
1.5 16.5 -0.3
1.5 16.5 0.0
1.5 16.5 2.45
1.5 16.5 2.67
1.5 16.5462 -0.22
1.5 16.5462 0.0
1.5 16.75 -0.3
1.5 16.75 0.0
1.5 16.75 2.45
1.5 16.75 2.67
1.5 16.7946 -0.22
1.5 16.7946 0.0
1.5 17.0 -0.3
1.5 17.0 0.0
1.5 17.0 2.45
1.5 17.0 2.67
1.5 17.0431 -0.22
1.5 17.0431 0.0
1.5 17.25 -0.3
1.5 17.25 0.0
1.5 17.25 2.45
1.5 17.25 2.67
1.5 17.2915 -0.22
1.5 17.2915 0.0
1.5 17.5 -0.3
1.5 17.5 0.0
1.5 17.5 2.45
1.5 17.5 2.67
1.5 17.54 -0.22
1.5 17.54 0.0
1.5 17.75 -0.3
1.5 17.75 0.0
1.5 17.75 2.45
1.5 17.75 2.67
1.5 17.7885 -0.22
1.5 17.7885 0.0
1.5 18.0 -0.3
1.5 18.0 0.0
1.5 18.0 2.45
1.5 18.0 2.67
1.5 18.0369 -0.22
1.5 18.0369 0.0
1.5 18.25 -0.3
1.5 18.25 0.0
1.5 18.25 2.45
1.5 18.25 2.67
1.5 18.2854 -0.22
1.5 18.2854 0.0
1.5 18.5 -0.3
1.5 18.5 0.0
1.5 18.5 2.45
1.5 18.5 2.67
1.5 18.5338 -0.22
1.5 18.5338 0.0
1.5 18.75 -0.3
1.5 18.75 0.0
1.5 18.75 2.45
1.5 18.75 2.67
1.5 18.7823 -0.22
1.5 18.7823 0.0
1.5 19.0 -0.3
1.5 19.0 0.0
1.5 19.0 2.45
1.5 19.0 2.67
1.5 19.0308 -0.22
1.5 19.0308 0.0
1.5 19.25 -0.3
1.5 19.25 0.0
1.5 19.25 2.45
1.5 19.25 2.67
1.5 19.2792 -0.22
1.5 19.2792 0.0
1.5 19.5 -0.3
1.5 19.5 0.0
1.5 19.5 2.45
1.5 19.5 2.67
1.5 19.5277 -0.22
1.5 19.5277 0.0
1.5 19.75 -0.3
1.5 19.75 0.0
1.5 19.75 2.45
1.5 19.75 2.67
1.5 19.7762 -0.22
1.5 19.7762 0.0
1.5 20.0 -0.3
1.5 20.0 0.0
1.5 20.0 2.45
1.5 20.0 2.67
1.5 20.0246 -0.22
1.5 20.0246 0.0
1.5 20.25 -0.3
1.5 20.25 0.0
1.5 20.25 2.45
1.5 20.25 2.67
1.5 20.2731 -0.22
1.5 20.2731 0.0
1.5 20.5 -0.3
1.5 20.5 0.0
1.5 20.5 2.45
1.5 20.5 2.67
1.5 20.5215 -0.22
1.5 20.5215 0.0
1.5 20.75 -0.3
1.5 20.75 0.0
1.5 20.75 2.45
1.5 20.75 2.67
1.5 20.77 -0.22
1.5 20.77 0.0
1.5 21.0 -0.3
1.5 21.0 0.0
1.5 21.0 2.45
1.5 21.0 2.67
1.5 21.0185 -0.22
1.5 21.0185 0.0
1.5 21.25 -0.3
1.5 21.25 0.0
1.5 21.25 2.45
1.5 21.25 2.67
1.5 21.2669 -0.22
1.5 21.2669 0.0
1.5 21.5 -0.3
1.5 21.5 0.0
1.5 21.5 2.45
1.5 21.5 2.67
1.5 21.5154 -0.22
1.5 21.5154 0.0
1.5 21.75 -0.3
1.5 21.75 0.0
1.5 21.75 2.45
1.5 21.75 2.67
1.5 21.7638 -0.22
1.5 21.7638 0.0
1.5 22.0 -0.3
1.5 22.0 0.0
1.5 22.0 2.45
1.5 22.0 2.67
1.5 22.0123 -0.22
1.5 22.0123 0.0
1.5 22.25 -0.3
1.5 22.25 0.0
1.5 22.25 2.45
1.5 22.25 2.67
1.5 22.2608 -0.22
1.5 22.2608 0.0
1.5 22.5 -0.3
1.5 22.5 0.0
1.5 22.5 2.45
1.5 22.5 2.67
1.5 22.5092 -0.22
1.5 22.5092 0.0
1.5 22.75 -0.3
1.5 22.75 0.0
1.5 22.75 2.45
1.5 22.75 2.67
1.5 22.7577 -0.22
1.5 22.7577 0.0
1.5 23.0 -0.3
1.5 23.0 0.0
1.5 23.0 2.45
1.5 23.0 2.67
1.5 23.0062 -0.22
1.5 23.0062 0.0
1.5 23.25 -0.3
1.5 23.25 0.0
1.5 23.25 2.45
1.5 23.25 2.67
1.5 23.2546 -0.22
1.5 23.2546 0.0
1.5 23.5 -0.3
1.5 23.5 0.0
1.5 23.5 2.45
1.5 23.5 2.67
1.5 23.5031 -0.22
1.5 23.5031 0.0
1.5 23.75 -0.3
1.5 23.75 0.0
1.5 23.75 2.45
1.5 23.75 2.67
1.5 23.7515 -0.22
1.5 23.7515 0.0
1.5 23.82 0.0
1.5 23.82 0.245
1.5 23.82 0.49
1.5 23.82 0.735
1.5 23.82 0.98
1.5 23.82 1.225
1.5 23.82 1.47
1.5 23.82 1.715
1.5 23.82 1.96
1.5 23.82 2.205
1.5 23.82 2.45
1.5 24.0 -0.3
1.5 24.0 -0.22
1.5 24.0 0.0
1.5 24.0 0.245
1.5 24.0 0.49
1.5 24.0 0.735
1.5 24.0 0.98
1.5 24.0 1.225
1.5 24.0 1.47
1.5 24.0 1.715
1.5 24.0 1.96
1.5 24.0 2.205
1.5 24.0 2.45
1.5 24.0 2.67
1.5 24.25 -0.3
1.5 24.25 0.0
1.5 24.5 -0.3
1.5 24.5 0.0
1.5 24.75 -0.3
1.5 24.75 0.0
1.5 25.0 -0.3
1.5 25.0 -0.15
1.5 25.0 0.0
1.5187 0.0 0.0
1.5187 0.0 0.245
1.5187 0.0 0.49
1.5187 0.0 0.735
1.5187 0.0 0.98
1.5187 0.0 1.225
1.5187 0.0 1.47
1.5187 0.0 1.715
1.5187 0.0 1.96
1.5187 0.0 2.205
1.5187 0.0 2.45
1.5187 0.18 0.0
1.5187 0.18 0.245
1.5187 0.18 0.49
1.5187 0.18 0.735
1.5187 0.18 0.98
1.5187 0.18 1.225
1.5187 0.18 1.47
1.5187 0.18 1.715
1.5187 0.18 1.96
1.5187 0.18 2.205
1.5187 0.18 2.45
1.53 1.8 0.0
1.53 1.8 0.2444
1.53 1.8 0.4889
1.53 1.8 0.7333
1.53 1.8 0.9778
1.53 1.8 1.2222
1.53 1.8 1.4667
1.53 1.8 1.7111
1.53 1.8 1.9556
1.53 1.8 2.12
1.53 1.8 2.2
1.53 1.8 2.26
1.53 1.8 2.4
1.53 1.9 0.0
1.53 1.9 0.2444
1.53 1.9 0.4889
1.53 1.9 0.7333
1.53 1.9 0.9778
1.53 1.9 1.2222
1.53 1.9 1.4667
1.53 1.9 1.7111
1.53 1.9 1.9556
1.53 1.9 2.2
1.53 2.0286 2.12
1.53 2.0286 2.26
1.53 2.0286 2.4
1.53 2.2571 2.12
1.53 2.2571 2.26
1.53 2.2571 2.4
1.53 2.4857 2.12
1.53 2.4857 2.26
1.53 2.4857 2.4
1.53 2.7143 2.12
1.53 2.7143 2.26
1.53 2.7143 2.4
1.53 2.9429 2.12
1.53 2.9429 2.26
1.53 2.9429 2.4
1.53 3.1714 2.12
1.53 3.1714 2.26
1.53 3.1714 2.4
1.53 3.3 0.0
1.53 3.3 0.2444
1.53 3.3 0.4889
1.53 3.3 0.7333
1.53 3.3 0.9778
1.53 3.3 1.2222
1.53 3.3 1.4667
1.53 3.3 1.7111
1.53 3.3 1.9556
1.53 3.3 2.2
1.53 3.4 0.0
1.53 3.4 0.2444
1.53 3.4 0.4889
1.53 3.4 0.7333
1.53 3.4 0.9778
1.53 3.4 1.2222
1.53 3.4 1.4667
1.53 3.4 1.7111
1.53 3.4 1.9556
1.53 3.4 2.12
1.53 3.4 2.2
1.53 3.4 2.26
1.53 3.4 2.4
1.53 3.47 1.04
1.53 3.47 1.2
1.53 3.47 1.36
1.53 3.69 1.04
1.53 3.69 1.2
1.53 3.69 1.36
1.56 0.0 -0.22
1.56 0.0 0.0
1.56 0.2453 -0.22
1.56 0.2453 0.0
1.56 0.4906 -0.22
1.56 0.4906 0.0
1.56 0.7359 -0.22
1.56 0.7359 0.0
1.56 0.9813 -0.22
1.56 0.9813 0.0
1.56 1.2266 -0.22
1.56 1.2266 0.0
1.56 1.4719 -0.22
1.56 1.4719 0.0
1.56 1.7172 -0.22
1.56 1.7172 0.0
1.56 1.9625 -0.22
1.56 1.9625 0.0
1.56 2.2078 -0.22
1.56 2.2078 0.0
1.56 2.4531 -0.22
1.56 2.4531 0.0
1.56 2.6984 -0.22
1.56 2.6984 0.0
1.56 2.9437 -0.22
1.56 2.9437 0.0
1.56 3.1891 -0.22
1.56 3.1891 0.0
1.56 3.4344 -0.22
1.56 3.4344 0.0
1.56 3.6797 -0.22
1.56 3.6797 0.0
1.56 3.925 -0.22
1.56 3.925 0.0
1.56 4.1703 -0.22
1.56 4.1703 0.0
1.56 4.4156 -0.22
1.56 4.4156 0.0
1.56 4.6609 -0.22
1.56 4.6609 0.0
1.56 4.9062 -0.22
1.56 4.9062 0.0
1.56 5.1516 -0.22
1.56 5.1516 0.0
1.56 5.3969 -0.22
1.56 5.3969 0.0
1.56 5.6422 -0.22
1.56 5.6422 0.0
1.56 5.8875 -0.22
1.56 5.8875 0.0
1.56 6.1328 -0.22
1.56 6.1328 0.0
1.56 6.3781 -0.22
1.56 6.3781 0.0
1.56 6.6234 -0.22
1.56 6.6234 0.0
1.56 6.8687 -0.22
1.56 6.8687 0.0
1.56 7.1141 -0.22
1.56 7.1141 0.0
1.56 7.3594 -0.22
1.56 7.3594 0.0
1.56 7.6047 -0.22
1.56 7.6047 0.0
1.56 7.85 -0.22
1.56 7.85 0.0
1.61 3.47 1.04
1.61 3.47 1.2
1.61 3.47 1.36
1.61 3.69 1.04
1.61 3.69 1.2
1.61 3.69 1.36
1.65 1.25 0.0
1.65 1.25 0.245
1.65 1.25 0.49
1.65 1.25 0.735
1.65 1.25 0.98
1.65 1.25 1.225
1.65 1.25 1.47
1.65 1.25 1.715
1.65 1.25 1.96
1.65 1.25 2.205
1.65 1.25 2.45
1.65 1.34 -0.22
1.65 1.34 0.0
1.65 1.43 0.0
1.65 1.43 0.245
1.65 1.43 0.49
1.65 1.43 0.735
1.65 1.43 0.98
1.65 1.43 1.225
1.65 1.43 1.47
1.65 1.43 1.715
1.65 1.43 1.96
1.65 1.43 2.205
1.65 1.43 2.45
1.65 1.4933 0.0
1.65 1.4933 0.245
1.65 1.4933 0.49
1.65 1.4933 0.735
1.65 1.4933 0.98
1.65 1.4933 1.225
1.65 1.4933 1.47
1.65 1.4933 1.715
1.65 1.4933 1.96
1.65 1.4933 2.205
1.65 1.4933 2.45
1.65 1.5691 -0.22
1.65 1.5691 0.0
1.65 1.7367 0.0
1.65 1.7367 0.245
1.65 1.7367 0.49
1.65 1.7367 0.735
1.65 1.7367 0.98
1.65 1.7367 1.225
1.65 1.7367 1.47
1.65 1.7367 1.715
1.65 1.7367 1.96
1.65 1.7367 2.205
1.65 1.7367 2.45
1.65 1.7982 -0.22
1.65 1.7982 0.0
1.65 1.8 0.0
1.65 1.8 0.2444
1.65 1.8 0.4889
1.65 1.8 0.7333
1.65 1.8 0.9778
1.65 1.8 1.2222
1.65 1.8 1.4667
1.65 1.8 1.7111
1.65 1.8 1.9556
1.65 1.8 2.12
1.65 1.8 2.2
1.65 1.8 2.26
1.65 1.8 2.4
1.65 1.85 0.0
1.65 1.85 0.06
1.65 1.9 0.0
1.65 1.9 0.2444
1.65 1.9 0.4889
1.65 1.9 0.7333
1.65 1.9 0.9778
1.65 1.9 1.2222
1.65 1.9 1.4667
1.65 1.9 1.7111
1.65 1.9 1.9556
1.65 1.9 2.2
1.65 1.98 0.0
1.65 1.98 0.245
1.65 1.98 0.49
1.65 1.98 0.735
1.65 1.98 0.98
1.65 1.98 1.225
1.65 1.98 1.47
1.65 1.98 1.715
1.65 1.98 1.96
1.65 1.98 2.205
1.65 1.98 2.45
1.65 2.0273 -0.22
1.65 2.0273 0.0
1.65 2.0286 2.12
1.65 2.0286 2.26
1.65 2.0286 2.4
1.65 2.1 0.0
1.65 2.1 0.06
1.65 2.2564 -0.22
1.65 2.2564 0.0
1.65 2.2571 2.12
1.65 2.2571 2.26
1.65 2.2571 2.4
1.65 2.35 0.0
1.65 2.35 0.06
1.65 2.4855 -0.22
1.65 2.4855 0.0
1.65 2.4857 2.12
1.65 2.4857 2.26
1.65 2.4857 2.4
1.65 2.6 0.0
1.65 2.6 0.06
1.65 2.7143 2.12
1.65 2.7143 2.26
1.65 2.7143 2.4
1.65 2.7145 -0.22
1.65 2.7145 0.0
1.65 2.85 0.0
1.65 2.85 0.06
1.65 2.9429 2.12
1.65 2.9429 2.26
1.65 2.9429 2.4
1.65 2.9436 -0.22
1.65 2.9436 0.0
1.65 3.1 0.0
1.65 3.1 0.06
1.65 3.1714 2.12
1.65 3.1714 2.26
1.65 3.1714 2.4
1.65 3.1727 -0.22
1.65 3.1727 0.0
1.65 3.22 0.0
1.65 3.22 0.245
1.65 3.22 0.49
1.65 3.22 0.735
1.65 3.22 0.98
1.65 3.22 1.225
1.65 3.22 1.47
1.65 3.22 1.715
1.65 3.22 1.96
1.65 3.22 2.205
1.65 3.22 2.45
1.65 3.3 0.0
1.65 3.3 0.2444
1.65 3.3 0.4889
1.65 3.3 0.7333
1.65 3.3 0.9778
1.65 3.3 1.2222
1.65 3.3 1.4667
1.65 3.3 1.7111
1.65 3.3 1.9556
1.65 3.3 2.2
1.65 3.35 0.0
1.65 3.35 0.06
1.65 3.4 0.0
1.65 3.4 0.2444
1.65 3.4 0.4889
1.65 3.4 0.7333
1.65 3.4 0.9778
1.65 3.4 1.2222
1.65 3.4 1.4667
1.65 3.4 1.7111
1.65 3.4 1.9556
1.65 3.4 2.12
1.65 3.4 2.2
1.65 3.4 2.26
1.65 3.4 2.4
1.65 3.4018 -0.22
1.65 3.4018 0.0
1.65 3.4633 0.0
1.65 3.4633 0.245
1.65 3.4633 0.49
1.65 3.4633 0.735
1.65 3.4633 0.98
1.65 3.4633 1.225
1.65 3.4633 1.47
1.65 3.4633 1.715
1.65 3.4633 1.96
1.65 3.4633 2.205
1.65 3.4633 2.45
1.65 3.6309 -0.22
1.65 3.6309 0.0
1.65 3.7067 0.0
1.65 3.7067 0.245
1.65 3.7067 0.49
1.65 3.7067 0.735
1.65 3.7067 0.98
1.65 3.7067 1.225
1.65 3.7067 1.47
1.65 3.7067 1.715
1.65 3.7067 1.96
1.65 3.7067 2.205
1.65 3.7067 2.45
1.65 3.77 0.0
1.65 3.77 0.245
1.65 3.77 0.49
1.65 3.77 0.735
1.65 3.77 0.98
1.65 3.77 1.225
1.65 3.77 1.47
1.65 3.77 1.715
1.65 3.77 1.96
1.65 3.77 2.205
1.65 3.77 2.45
1.65 3.86 -0.22
1.65 3.86 0.0
1.65 3.95 0.0
1.65 3.95 0.245
1.65 3.95 0.49
1.65 3.95 0.735
1.65 3.95 0.98
1.65 3.95 1.225
1.65 3.95 1.47
1.65 3.95 1.715
1.65 3.95 1.96
1.65 3.95 2.205
1.65 3.95 2.45
1.7 1.34 -0.22
1.7 1.34 0.0
1.7 1.5691 -0.22
1.7 1.5691 0.0
1.7 1.7982 -0.22
1.7 1.7982 0.0
1.7 2.0273 -0.22
1.7 2.0273 0.0
1.7 2.2564 -0.22
1.7 2.2564 0.0
1.7 2.4855 -0.22
1.7 2.4855 0.0
1.7 2.7145 -0.22
1.7 2.7145 0.0
1.7 2.9436 -0.22
1.7 2.9436 0.0
1.7 3.1727 -0.22
1.7 3.1727 0.0
1.7 3.4018 -0.22
1.7 3.4018 0.0
1.7 3.6309 -0.22
1.7 3.6309 0.0
1.7 3.86 -0.22
1.7 3.86 0.0
1.75 -2.4 0.0
1.75 -2.4 0.08
1.75 -2.16 0.0
1.75 -2.16 0.08
1.75 -1.92 0.0
1.75 -1.92 0.08
1.75 -1.68 0.0
1.75 -1.68 0.08
1.75 -1.44 0.0
1.75 -1.44 0.08
1.75 -1.2 0.0
1.75 -1.2 0.08
1.75 -1.0 -0.3
1.75 -1.0 -0.15
1.75 -1.0 0.0
1.75 -0.96 0.0
1.75 -0.96 0.08
1.75 -0.75 -0.3
1.75 -0.75 0.0
1.75 -0.72 0.0
1.75 -0.72 0.08
1.75 -0.5 -0.3
1.75 -0.5 0.0
1.75 -0.48 0.0
1.75 -0.48 0.08
1.75 -0.25 -0.3
1.75 -0.25 0.0
1.75 -0.24 0.0
1.75 -0.24 0.08
1.75 0.0 -0.3
1.75 0.0 0.0
1.75 0.0 0.08
1.75 0.0 2.45
1.75 0.0 2.67
1.75 0.25 -0.3
1.75 0.25 0.0
1.75 0.25 2.45
1.75 0.25 2.67
1.75 0.5 -0.3
1.75 0.5 0.0
1.75 0.5 2.45
1.75 0.5 2.67
1.75 0.75 -0.3
1.75 0.75 0.0
1.75 0.75 2.45
1.75 0.75 2.67
1.75 1.0 -0.3
1.75 1.0 0.0
1.75 1.0 2.45
1.75 1.0 2.67
1.75 1.25 -0.3
1.75 1.25 0.0
1.75 1.25 2.45
1.75 1.25 2.67
1.75 1.5 -0.3
1.75 1.5 0.0
1.75 1.5 2.45
1.75 1.5 2.67
1.75 1.75 -0.3
1.75 1.75 0.0
1.75 1.75 2.45
1.75 1.75 2.67
1.75 2.0 -0.3
1.75 2.0 0.0
1.75 2.0 2.45
1.75 2.0 2.67
1.75 2.25 -0.3
1.75 2.25 0.0
1.75 2.25 2.45
1.75 2.25 2.67
1.75 2.5 -0.3
1.75 2.5 0.0
1.75 2.5 2.45
1.75 2.5 2.67
1.75 2.75 -0.3
1.75 2.75 0.0
1.75 2.75 2.45
1.75 2.75 2.67
1.75 3.0 -0.3
1.75 3.0 0.0
1.75 3.0 2.45
1.75 3.0 2.67
1.75 3.25 -0.3
1.75 3.25 0.0
1.75 3.25 2.45
1.75 3.25 2.67
1.75 3.5 -0.3
1.75 3.5 0.0
1.75 3.5 2.45
1.75 3.5 2.67
1.75 3.75 -0.3
1.75 3.75 0.0
1.75 3.75 2.45
1.75 3.75 2.67
1.75 4.0 -0.3
1.75 4.0 0.0
1.75 4.0 2.45
1.75 4.0 2.67
1.75 4.25 -0.3
1.75 4.25 0.0
1.75 4.25 2.45
1.75 4.25 2.67
1.75 4.5 -0.3
1.75 4.5 0.0
1.75 4.5 2.45
1.75 4.5 2.67
1.75 4.75 -0.3
1.75 4.75 0.0
1.75 4.75 2.45
1.75 4.75 2.67
1.75 5.0 -0.3
1.75 5.0 0.0
1.75 5.0 2.45
1.75 5.0 2.67
1.75 5.25 -0.3
1.75 5.25 0.0
1.75 5.25 2.45
1.75 5.25 2.67
1.75 5.5 -0.3
1.75 5.5 0.0
1.75 5.5 2.45
1.75 5.5 2.67
1.75 5.75 -0.3
1.75 5.75 0.0
1.75 5.75 2.45
1.75 5.75 2.67
1.75 6.0 -0.3
1.75 6.0 0.0
1.75 6.0 2.45
1.75 6.0 2.67
1.75 6.25 -0.3
1.75 6.25 0.0
1.75 6.25 2.45
1.75 6.25 2.67
1.75 6.5 -0.3
1.75 6.5 0.0
1.75 6.5 2.45
1.75 6.5 2.67
1.75 6.75 -0.3
1.75 6.75 0.0
1.75 6.75 2.45
1.75 6.75 2.67
1.75 7.0 -0.3
1.75 7.0 0.0
1.75 7.0 2.45
1.75 7.0 2.67
1.75 7.25 -0.3
1.75 7.25 0.0
1.75 7.25 2.45
1.75 7.25 2.67
1.75 7.5 -0.3
1.75 7.5 0.0
1.75 7.5 2.45
1.75 7.5 2.67
1.75 7.75 -0.3
1.75 7.75 0.0
1.75 7.75 2.45
1.75 7.75 2.67
1.75 7.85 -0.22
1.75 7.85 0.0
1.75 8.0 -0.3
1.75 8.0 0.0
1.75 8.0 2.45
1.75 8.0 2.67
1.75 8.0985 -0.22
1.75 8.0985 0.0
1.75 8.25 -0.3
1.75 8.25 0.0
1.75 8.25 2.45
1.75 8.25 2.67
1.75 8.3469 -0.22
1.75 8.3469 0.0
1.75 8.5 -0.3
1.75 8.5 0.0
1.75 8.5 2.45
1.75 8.5 2.67
1.75 8.5954 -0.22
1.75 8.5954 0.0
1.75 8.75 -0.3
1.75 8.75 0.0
1.75 8.75 2.45
1.75 8.75 2.67
1.75 8.8438 -0.22
1.75 8.8438 0.0
1.75 9.0 -0.3
1.75 9.0 0.0
1.75 9.0 2.45
1.75 9.0 2.67
1.75 9.0923 -0.22
1.75 9.0923 0.0
1.75 9.25 -0.3
1.75 9.25 0.0
1.75 9.25 2.45
1.75 9.25 2.67
1.75 9.3408 -0.22
1.75 9.3408 0.0
1.75 9.5 -0.3
1.75 9.5 0.0
1.75 9.5 2.45
1.75 9.5 2.67
1.75 9.5892 -0.22
1.75 9.5892 0.0
1.75 9.75 -0.3
1.75 9.75 0.0
1.75 9.75 2.45
1.75 9.75 2.67
1.75 9.8377 -0.22
1.75 9.8377 0.0
1.75 10.0 -0.3
1.75 10.0 0.0
1.75 10.0 2.45
1.75 10.0 2.67
1.75 10.0862 -0.22
1.75 10.0862 0.0
1.75 10.25 -0.3
1.75 10.25 0.0
1.75 10.25 2.45
1.75 10.25 2.67
1.75 10.3346 -0.22
1.75 10.3346 0.0
1.75 10.5 -0.3
1.75 10.5 0.0
1.75 10.5 2.45
1.75 10.5 2.67
1.75 10.5831 -0.22
1.75 10.5831 0.0
1.75 10.75 -0.3
1.75 10.75 0.0
1.75 10.75 2.45
1.75 10.75 2.67
1.75 10.8315 -0.22
1.75 10.8315 0.0
1.75 11.0 -0.3
1.75 11.0 0.0
1.75 11.0 2.45
1.75 11.0 2.67
1.75 11.08 -0.22
1.75 11.08 0.0
1.75 11.25 -0.3
1.75 11.25 0.0
1.75 11.25 2.45
1.75 11.25 2.67
1.75 11.3285 -0.22
1.75 11.3285 0.0
1.75 11.5 -0.3
1.75 11.5 0.0
1.75 11.5 2.45
1.75 11.5 2.67
1.75 11.5769 -0.22
1.75 11.5769 0.0
1.75 11.75 -0.3
1.75 11.75 0.0
1.75 11.75 2.45
1.75 11.75 2.67
1.75 11.8254 -0.22
1.75 11.8254 0.0
1.75 12.0 -0.3
1.75 12.0 0.0
1.75 12.0 2.45
1.75 12.0 2.67
1.75 12.0738 -0.22
1.75 12.0738 0.0
1.75 12.25 -0.3
1.75 12.25 0.0
1.75 12.25 2.45
1.75 12.25 2.67
1.75 12.3223 -0.22
1.75 12.3223 0.0
1.75 12.5 -0.3
1.75 12.5 0.0
1.75 12.5 2.45
1.75 12.5 2.67
1.75 12.5708 -0.22
1.75 12.5708 0.0
1.75 12.75 -0.3
1.75 12.75 0.0
1.75 12.75 2.45
1.75 12.75 2.67
1.75 12.8192 -0.22
1.75 12.8192 0.0
1.75 13.0 -0.3
1.75 13.0 0.0
1.75 13.0 2.45
1.75 13.0 2.67
1.75 13.0677 -0.22
1.75 13.0677 0.0
1.75 13.25 -0.3
1.75 13.25 0.0
1.75 13.25 2.45
1.75 13.25 2.67
1.75 13.3162 -0.22
1.75 13.3162 0.0
1.75 13.5 -0.3
1.75 13.5 0.0
1.75 13.5 2.45
1.75 13.5 2.67
1.75 13.5646 -0.22
1.75 13.5646 0.0
1.75 13.75 -0.3
1.75 13.75 0.0
1.75 13.75 2.45
1.75 13.75 2.67
1.75 13.8131 -0.22
1.75 13.8131 0.0
1.75 14.0 -0.3
1.75 14.0 0.0
1.75 14.0 2.45
1.75 14.0 2.67
1.75 14.0615 -0.22
1.75 14.0615 0.0
1.75 14.25 -0.3
1.75 14.25 0.0
1.75 14.25 2.45
1.75 14.25 2.67
1.75 14.31 -0.22
1.75 14.31 0.0
1.75 14.5 -0.3
1.75 14.5 0.0
1.75 14.5 2.45
1.75 14.5 2.67
1.75 14.5585 -0.22
1.75 14.5585 0.0
1.75 14.75 -0.3
1.75 14.75 0.0
1.75 14.75 2.45
1.75 14.75 2.67
1.75 14.8069 -0.22
1.75 14.8069 0.0
1.75 15.0 -0.3
1.75 15.0 0.0
1.75 15.0 2.45
1.75 15.0 2.67
1.75 15.0554 -0.22
1.75 15.0554 0.0
1.75 15.25 -0.3
1.75 15.25 0.0
1.75 15.25 2.45
1.75 15.25 2.67
1.75 15.3038 -0.22
1.75 15.3038 0.0
1.75 15.5 -0.3
1.75 15.5 0.0
1.75 15.5 2.45
1.75 15.5 2.67
1.75 15.5523 -0.22
1.75 15.5523 0.0
1.75 15.75 -0.3
1.75 15.75 0.0
1.75 15.75 2.45
1.75 15.75 2.67
1.75 15.8008 -0.22
1.75 15.8008 0.0
1.75 16.0 -0.3
1.75 16.0 0.0
1.75 16.0 2.45
1.75 16.0 2.67
1.75 16.0492 -0.22
1.75 16.0492 0.0
1.75 16.25 -0.3
1.75 16.25 0.0
1.75 16.25 2.45
1.75 16.25 2.67
1.75 16.2977 -0.22
1.75 16.2977 0.0
1.75 16.5 -0.3
1.75 16.5 0.0
1.75 16.5 2.45
1.75 16.5 2.67
1.75 16.5462 -0.22
1.75 16.5462 0.0
1.75 16.75 -0.3
1.75 16.75 0.0
1.75 16.75 2.45
1.75 16.75 2.67
1.75 16.7946 -0.22
1.75 16.7946 0.0
1.75 17.0 -0.3
1.75 17.0 0.0
1.75 17.0 2.45
1.75 17.0 2.67
1.75 17.0431 -0.22
1.75 17.0431 0.0
1.75 17.25 -0.3
1.75 17.25 0.0
1.75 17.25 2.45
1.75 17.25 2.67
1.75 17.2915 -0.22
1.75 17.2915 0.0
1.75 17.5 -0.3
1.75 17.5 0.0
1.75 17.5 2.45
1.75 17.5 2.67
1.75 17.54 -0.22
1.75 17.54 0.0
1.75 17.75 -0.3
1.75 17.75 0.0
1.75 17.75 2.45
1.75 17.75 2.67
1.75 17.7885 -0.22
1.75 17.7885 0.0
1.75 18.0 -0.3
1.75 18.0 0.0
1.75 18.0 2.45
1.75 18.0 2.67
1.75 18.0369 -0.22
1.75 18.0369 0.0
1.75 18.25 -0.3
1.75 18.25 0.0
1.75 18.25 2.45
1.75 18.25 2.67
1.75 18.2854 -0.22
1.75 18.2854 0.0
1.75 18.5 -0.3
1.75 18.5 0.0
1.75 18.5 2.45
1.75 18.5 2.67
1.75 18.5338 -0.22
1.75 18.5338 0.0
1.75 18.75 -0.3
1.75 18.75 0.0
1.75 18.75 2.45
1.75 18.75 2.67
1.75 18.7823 -0.22
1.75 18.7823 0.0
1.75 19.0 -0.3
1.75 19.0 0.0
1.75 19.0 2.45
1.75 19.0 2.67
1.75 19.0308 -0.22
1.75 19.0308 0.0
1.75 19.25 -0.3
1.75 19.25 0.0
1.75 19.25 2.45
1.75 19.25 2.67
1.75 19.2792 -0.22
1.75 19.2792 0.0
1.75 19.5 -0.3
1.75 19.5 0.0
1.75 19.5 2.45
1.75 19.5 2.67
1.75 19.5277 -0.22
1.75 19.5277 0.0
1.75 19.75 -0.3
1.75 19.75 0.0
1.75 19.75 2.45
1.75 19.75 2.67
1.75 19.7762 -0.22
1.75 19.7762 0.0
1.75 20.0 -0.3
1.75 20.0 0.0
1.75 20.0 2.45
1.75 20.0 2.67
1.75 20.0246 -0.22
1.75 20.0246 0.0
1.75 20.25 -0.3
1.75 20.25 0.0
1.75 20.25 2.45
1.75 20.25 2.67
1.75 20.2731 -0.22
1.75 20.2731 0.0
1.75 20.5 -0.3
1.75 20.5 0.0
1.75 20.5 2.45
1.75 20.5 2.67
1.75 20.5215 -0.22
1.75 20.5215 0.0
1.75 20.75 -0.3
1.75 20.75 0.0
1.75 20.75 2.45
1.75 20.75 2.67
1.75 20.77 -0.22
1.75 20.77 0.0
1.75 21.0 -0.3
1.75 21.0 0.0
1.75 21.0 2.45
1.75 21.0 2.67
1.75 21.0185 -0.22
1.75 21.0185 0.0
1.75 21.25 -0.3
1.75 21.25 0.0
1.75 21.25 2.45
1.75 21.25 2.67
1.75 21.2669 -0.22
1.75 21.2669 0.0
1.75 21.5 -0.3
1.75 21.5 0.0
1.75 21.5 2.45
1.75 21.5 2.67
1.75 21.5154 -0.22
1.75 21.5154 0.0
1.75 21.75 -0.3
1.75 21.75 0.0
1.75 21.75 2.45
1.75 21.75 2.67
1.75 21.7638 -0.22
1.75 21.7638 0.0
1.75 22.0 -0.3
1.75 22.0 0.0
1.75 22.0 2.45
1.75 22.0 2.67
1.75 22.0123 -0.22
1.75 22.0123 0.0
1.75 22.25 -0.3
1.75 22.25 0.0
1.75 22.25 2.45
1.75 22.25 2.67
1.75 22.2608 -0.22
1.75 22.2608 0.0
1.75 22.5 -0.3
1.75 22.5 0.0
1.75 22.5 2.45
1.75 22.5 2.67
1.75 22.5092 -0.22
1.75 22.5092 0.0
1.75 22.75 -0.3
1.75 22.75 0.0
1.75 22.75 2.45
1.75 22.75 2.67
1.75 22.7577 -0.22
1.75 22.7577 0.0
1.75 23.0 -0.3
1.75 23.0 0.0
1.75 23.0 2.45
1.75 23.0 2.67
1.75 23.0062 -0.22
1.75 23.0062 0.0
1.75 23.25 -0.3
1.75 23.25 0.0
1.75 23.25 2.45
1.75 23.25 2.67
1.75 23.2546 -0.22
1.75 23.2546 0.0
1.75 23.5 -0.3
1.75 23.5 0.0
1.75 23.5 2.45
1.75 23.5 2.67
1.75 23.5031 -0.22
1.75 23.5031 0.0
1.75 23.75 -0.3
1.75 23.75 0.0
1.75 23.75 2.45
1.75 23.75 2.67
1.75 23.7515 -0.22
1.75 23.7515 0.0
1.75 23.82 0.0
1.75 23.82 0.245
1.75 23.82 0.49
1.75 23.82 0.735
1.75 23.82 0.98
1.75 23.82 1.225
1.75 23.82 1.47
1.75 23.82 1.715
1.75 23.82 1.96
1.75 23.82 2.205
1.75 23.82 2.45
1.75 24.0 -0.3
1.75 24.0 -0.22
1.75 24.0 0.0
1.75 24.0 0.245
1.75 24.0 0.49
1.75 24.0 0.735
1.75 24.0 0.98
1.75 24.0 1.225
1.75 24.0 1.47
1.75 24.0 1.715
1.75 24.0 1.96
1.75 24.0 2.205
1.75 24.0 2.45
1.75 24.0 2.67
1.75 24.25 -0.3
1.75 24.25 0.0
1.75 24.5 -0.3
1.75 24.5 0.0
1.75 24.75 -0.3
1.75 24.75 0.0
1.75 25.0 -0.3
1.75 25.0 -0.15
1.75 25.0 0.0
1.7681 0.0 0.0
1.7681 0.0 0.245
1.7681 0.0 0.49
1.7681 0.0 0.735
1.7681 0.0 0.98
1.7681 0.0 1.225
1.7681 0.0 1.47
1.7681 0.0 1.715
1.7681 0.0 1.96
1.7681 0.0 2.205
1.7681 0.0 2.45
1.7681 0.18 0.0
1.7681 0.18 0.245
1.7681 0.18 0.49
1.7681 0.18 0.735
1.7681 0.18 0.98
1.7681 0.18 1.225
1.7681 0.18 1.47
1.7681 0.18 1.715
1.7681 0.18 1.96
1.7681 0.18 2.205
1.7681 0.18 2.45
1.83 1.25 0.0
1.83 1.25 0.245
1.83 1.25 0.49
1.83 1.25 0.735
1.83 1.25 0.98
1.83 1.25 1.225
1.83 1.25 1.47
1.83 1.25 1.715
1.83 1.25 1.96
1.83 1.25 2.205
1.83 1.25 2.45
1.83 1.4933 0.0
1.83 1.4933 0.245
1.83 1.4933 0.49
1.83 1.4933 0.735
1.83 1.4933 0.98
1.83 1.4933 1.225
1.83 1.4933 1.47
1.83 1.4933 1.715
1.83 1.4933 1.96
1.83 1.4933 2.205
1.83 1.4933 2.45
1.83 1.7367 0.0
1.83 1.7367 0.245
1.83 1.7367 0.49
1.83 1.7367 0.735
1.83 1.7367 0.98
1.83 1.7367 1.225
1.83 1.7367 1.47
1.83 1.7367 1.715
1.83 1.7367 1.96
1.83 1.7367 2.205
1.83 1.7367 2.45
1.83 1.98 0.0
1.83 1.98 0.245
1.83 1.98 0.49
1.83 1.98 0.735
1.83 1.98 0.98
1.83 1.98 1.225
1.83 1.98 1.47
1.83 1.98 1.715
1.83 1.98 1.96
1.83 1.98 2.205
1.83 1.98 2.45
1.83 3.22 0.0
1.83 3.22 0.245
1.83 3.22 0.49
1.83 3.22 0.735
1.83 3.22 0.98
1.83 3.22 1.225
1.83 3.22 1.47
1.83 3.22 1.715
1.83 3.22 1.96
1.83 3.22 2.205
1.83 3.22 2.45
1.83 3.4633 0.0
1.83 3.4633 0.245
1.83 3.4633 0.49
1.83 3.4633 0.735
1.83 3.4633 0.98
1.83 3.4633 1.225
1.83 3.4633 1.47
1.83 3.4633 1.715
1.83 3.4633 1.96
1.83 3.4633 2.205
1.83 3.4633 2.45
1.83 3.7067 0.0
1.83 3.7067 0.245
1.83 3.7067 0.49
1.83 3.7067 0.735
1.83 3.7067 0.98
1.83 3.7067 1.225
1.83 3.7067 1.47
1.83 3.7067 1.715
1.83 3.7067 1.96
1.83 3.7067 2.205
1.83 3.7067 2.45
1.83 3.95 0.0
1.83 3.95 0.245
1.83 3.95 0.49
1.83 3.95 0.735
1.83 3.95 0.98
1.83 3.95 1.225
1.83 3.95 1.47
1.83 3.95 1.715
1.83 3.95 1.96
1.83 3.95 2.205
1.83 3.95 2.45
1.89 1.25 0.0
1.89 1.25 0.245
1.89 1.25 0.49
1.89 1.25 0.735
1.89 1.25 0.98
1.89 1.25 1.225
1.89 1.25 1.47
1.89 1.25 1.715
1.89 1.25 1.96
1.89 1.25 2.205
1.89 1.25 2.45
1.89 1.43 0.0
1.89 1.43 0.245
1.89 1.43 0.49
1.89 1.43 0.735
1.89 1.43 0.98
1.89 1.43 1.225
1.89 1.43 1.47
1.89 1.43 1.715
1.89 1.43 1.96
1.89 1.43 2.205
1.89 1.43 2.45
1.89 3.77 0.0
1.89 3.77 0.245
1.89 3.77 0.49
1.89 3.77 0.735
1.89 3.77 0.98
1.89 3.77 1.225
1.89 3.77 1.47
1.89 3.77 1.715
1.89 3.77 1.96
1.89 3.77 2.205
1.89 3.77 2.45
1.89 3.95 0.0
1.89 3.95 0.245
1.89 3.95 0.49
1.89 3.95 0.735
1.89 3.95 0.98
1.89 3.95 1.225
1.89 3.95 1.47
1.89 3.95 1.715
1.89 3.95 1.96
1.89 3.95 2.205
1.89 3.95 2.45
2.0 -2.4 0.0
2.0 -2.4 0.08
2.0 -2.16 0.0
2.0 -2.16 0.08
2.0 -1.92 0.0
2.0 -1.92 0.08
2.0 -1.68 0.0
2.0 -1.68 0.08
2.0 -1.44 0.0
2.0 -1.44 0.08
2.0 -1.2 0.0
2.0 -1.2 0.08
2.0 -1.0 -0.3
2.0 -1.0 -0.15
2.0 -1.0 0.0
2.0 -0.96 0.0
2.0 -0.96 0.08
2.0 -0.75 -0.3
2.0 -0.75 0.0
2.0 -0.72 0.0
2.0 -0.72 0.08
2.0 -0.5 -0.3
2.0 -0.5 0.0
2.0 -0.48 0.0
2.0 -0.48 0.08
2.0 -0.25 -0.3
2.0 -0.25 0.0
2.0 -0.24 0.0
2.0 -0.24 0.08
2.0 0.0 -0.3
2.0 0.0 0.0
2.0 0.0 0.08
2.0 0.0 2.45
2.0 0.0 2.67
2.0 0.25 -0.3
2.0 0.25 0.0
2.0 0.25 2.45
2.0 0.25 2.67
2.0 0.5 -0.3
2.0 0.5 0.0
2.0 0.5 2.45
2.0 0.5 2.67
2.0 0.75 -0.3
2.0 0.75 0.0
2.0 0.75 2.45
2.0 0.75 2.67
2.0 1.0 -0.3
2.0 1.0 0.0
2.0 1.0 2.45
2.0 1.0 2.67
2.0 1.25 -0.3
2.0 1.25 0.0
2.0 1.25 2.45
2.0 1.25 2.67
2.0 1.5 -0.3
2.0 1.5 0.0
2.0 1.5 2.45
2.0 1.5 2.67
2.0 1.75 -0.3
2.0 1.75 0.0
2.0 1.75 2.45
2.0 1.75 2.67
2.0 2.0 -0.3
2.0 2.0 0.0
2.0 2.0 2.45
2.0 2.0 2.67
2.0 2.25 -0.3
2.0 2.25 0.0
2.0 2.25 2.45
2.0 2.25 2.67
2.0 2.5 -0.3
2.0 2.5 0.0
2.0 2.5 2.45
2.0 2.5 2.67
2.0 2.75 -0.3
2.0 2.75 0.0
2.0 2.75 2.45
2.0 2.75 2.67
2.0 3.0 -0.3
2.0 3.0 0.0
2.0 3.0 2.45
2.0 3.0 2.67
2.0 3.25 -0.3
2.0 3.25 0.0
2.0 3.25 2.45
2.0 3.25 2.67
2.0 3.5 -0.3
2.0 3.5 0.0
2.0 3.5 2.45
2.0 3.5 2.67
2.0 3.75 -0.3
2.0 3.75 0.0
2.0 3.75 2.45
2.0 3.75 2.67
2.0 4.0 -0.3
2.0 4.0 0.0
2.0 4.0 2.45
2.0 4.0 2.67
2.0 4.25 -0.3
2.0 4.25 0.0
2.0 4.25 2.45
2.0 4.25 2.67
2.0 4.5 -0.3
2.0 4.5 0.0
2.0 4.5 2.45
2.0 4.5 2.67
2.0 4.75 -0.3
2.0 4.75 0.0
2.0 4.75 2.45
2.0 4.75 2.67
2.0 5.0 -0.3
2.0 5.0 0.0
2.0 5.0 2.45
2.0 5.0 2.67
2.0 5.25 -0.3
2.0 5.25 0.0
2.0 5.25 2.45
2.0 5.25 2.67
2.0 5.5 -0.3
2.0 5.5 0.0
2.0 5.5 2.45
2.0 5.5 2.67
2.0 5.75 -0.3
2.0 5.75 0.0
2.0 5.75 2.45
2.0 5.75 2.67
2.0 6.0 -0.3
2.0 6.0 0.0
2.0 6.0 2.45
2.0 6.0 2.67
2.0 6.25 -0.3
2.0 6.25 0.0
2.0 6.25 2.45
2.0 6.25 2.67
2.0 6.5 -0.3
2.0 6.5 0.0
2.0 6.5 2.45
2.0 6.5 2.67
2.0 6.75 -0.3
2.0 6.75 0.0
2.0 6.75 2.45
2.0 6.75 2.67
2.0 7.0 -0.3
2.0 7.0 0.0
2.0 7.0 2.45
2.0 7.0 2.67
2.0 7.25 -0.3
2.0 7.25 0.0
2.0 7.25 2.45
2.0 7.25 2.67
2.0 7.5 -0.3
2.0 7.5 0.0
2.0 7.5 2.45
2.0 7.5 2.67
2.0 7.75 -0.3
2.0 7.75 0.0
2.0 7.75 2.45
2.0 7.75 2.67
2.0 7.85 -0.22
2.0 7.85 0.0
2.0 8.0 -0.3
2.0 8.0 0.0
2.0 8.0 2.45
2.0 8.0 2.67
2.0 8.0985 -0.22
2.0 8.0985 0.0
2.0 8.25 -0.3
2.0 8.25 0.0
2.0 8.25 2.45
2.0 8.25 2.67
2.0 8.3469 -0.22
2.0 8.3469 0.0
2.0 8.5 -0.3
2.0 8.5 0.0
2.0 8.5 2.45
2.0 8.5 2.67
2.0 8.5954 -0.22
2.0 8.5954 0.0
2.0 8.75 -0.3
2.0 8.75 0.0
2.0 8.75 2.45
2.0 8.75 2.67
2.0 8.8438 -0.22
2.0 8.8438 0.0
2.0 9.0 -0.3
2.0 9.0 0.0
2.0 9.0 2.45
2.0 9.0 2.67
2.0 9.0923 -0.22
2.0 9.0923 0.0
2.0 9.25 -0.3
2.0 9.25 0.0
2.0 9.25 2.45
2.0 9.25 2.67
2.0 9.3408 -0.22
2.0 9.3408 0.0
2.0 9.5 -0.3
2.0 9.5 0.0
2.0 9.5 2.45
2.0 9.5 2.67
2.0 9.5892 -0.22
2.0 9.5892 0.0
2.0 9.75 -0.3
2.0 9.75 0.0
2.0 9.75 2.45
2.0 9.75 2.67
2.0 9.8377 -0.22
2.0 9.8377 0.0
2.0 10.0 -0.3
2.0 10.0 0.0
2.0 10.0 2.45
2.0 10.0 2.67
2.0 10.0862 -0.22
2.0 10.0862 0.0
2.0 10.25 -0.3
2.0 10.25 0.0
2.0 10.25 2.45
2.0 10.25 2.67
2.0 10.3346 -0.22
2.0 10.3346 0.0
2.0 10.5 -0.3
2.0 10.5 0.0
2.0 10.5 2.45
2.0 10.5 2.67
2.0 10.5831 -0.22
2.0 10.5831 0.0
2.0 10.75 -0.3
2.0 10.75 0.0
2.0 10.75 2.45
2.0 10.75 2.67
2.0 10.8315 -0.22
2.0 10.8315 0.0
2.0 11.0 -0.3
2.0 11.0 0.0
2.0 11.0 2.45
2.0 11.0 2.67
2.0 11.08 -0.22
2.0 11.08 0.0
2.0 11.25 -0.3
2.0 11.25 0.0
2.0 11.25 2.45
2.0 11.25 2.67
2.0 11.3285 -0.22
2.0 11.3285 0.0
2.0 11.5 -0.3
2.0 11.5 0.0
2.0 11.5 2.45
2.0 11.5 2.67
2.0 11.5769 -0.22
2.0 11.5769 0.0
2.0 11.75 -0.3
2.0 11.75 0.0
2.0 11.75 2.45
2.0 11.75 2.67
2.0 11.8254 -0.22
2.0 11.8254 0.0
2.0 12.0 -0.3
2.0 12.0 0.0
2.0 12.0 2.45
2.0 12.0 2.67
2.0 12.0738 -0.22
2.0 12.0738 0.0
2.0 12.25 -0.3
2.0 12.25 0.0
2.0 12.25 2.45
2.0 12.25 2.67
2.0 12.3223 -0.22
2.0 12.3223 0.0
2.0 12.5 -0.3
2.0 12.5 0.0
2.0 12.5 2.45
2.0 12.5 2.67
2.0 12.5708 -0.22
2.0 12.5708 0.0
2.0 12.75 -0.3
2.0 12.75 0.0
2.0 12.75 2.45
2.0 12.75 2.67
2.0 12.8192 -0.22
2.0 12.8192 0.0
2.0 13.0 -0.3
2.0 13.0 0.0
2.0 13.0 2.45
2.0 13.0 2.67
2.0 13.0677 -0.22
2.0 13.0677 0.0
2.0 13.25 -0.3
2.0 13.25 0.0
2.0 13.25 2.45
2.0 13.25 2.67
2.0 13.3162 -0.22
2.0 13.3162 0.0
2.0 13.5 -0.3
2.0 13.5 0.0
2.0 13.5 2.45
2.0 13.5 2.67
2.0 13.5646 -0.22
2.0 13.5646 0.0
2.0 13.75 -0.3
2.0 13.75 0.0
2.0 13.75 2.45
2.0 13.75 2.67
2.0 13.8131 -0.22
2.0 13.8131 0.0
2.0 14.0 -0.3
2.0 14.0 0.0
2.0 14.0 2.45
2.0 14.0 2.67
2.0 14.0615 -0.22
2.0 14.0615 0.0
2.0 14.25 -0.3
2.0 14.25 0.0
2.0 14.25 2.45
2.0 14.25 2.67
2.0 14.31 -0.22
2.0 14.31 0.0
2.0 14.5 -0.3
2.0 14.5 0.0
2.0 14.5 2.45
2.0 14.5 2.67
2.0 14.5585 -0.22
2.0 14.5585 0.0
2.0 14.75 -0.3
2.0 14.75 0.0
2.0 14.75 2.45
2.0 14.75 2.67
2.0 14.8069 -0.22
2.0 14.8069 0.0
2.0 15.0 -0.3
2.0 15.0 0.0
2.0 15.0 2.45
2.0 15.0 2.67
2.0 15.0554 -0.22
2.0 15.0554 0.0
2.0 15.25 -0.3
2.0 15.25 0.0
2.0 15.25 2.45
2.0 15.25 2.67
2.0 15.3038 -0.22
2.0 15.3038 0.0
2.0 15.5 -0.3
2.0 15.5 0.0
2.0 15.5 2.45
2.0 15.5 2.67
2.0 15.5523 -0.22
2.0 15.5523 0.0
2.0 15.75 -0.3
2.0 15.75 0.0
2.0 15.75 2.45
2.0 15.75 2.67
2.0 15.8008 -0.22
2.0 15.8008 0.0
2.0 16.0 -0.3
2.0 16.0 0.0
2.0 16.0 2.45
2.0 16.0 2.67
2.0 16.0492 -0.22
2.0 16.0492 0.0
2.0 16.25 -0.3
2.0 16.25 0.0
2.0 16.25 2.45
2.0 16.25 2.67
2.0 16.2977 -0.22
2.0 16.2977 0.0
2.0 16.5 -0.3
2.0 16.5 0.0
2.0 16.5 2.45
2.0 16.5 2.67
2.0 16.5462 -0.22
2.0 16.5462 0.0
2.0 16.75 -0.3
2.0 16.75 0.0
2.0 16.75 2.45
2.0 16.75 2.67
2.0 16.7946 -0.22
2.0 16.7946 0.0
2.0 17.0 -0.3
2.0 17.0 0.0
2.0 17.0 2.45
2.0 17.0 2.67
2.0 17.0431 -0.22
2.0 17.0431 0.0
2.0 17.25 -0.3
2.0 17.25 0.0
2.0 17.25 2.45
2.0 17.25 2.67
2.0 17.2915 -0.22
2.0 17.2915 0.0
2.0 17.5 -0.3
2.0 17.5 0.0
2.0 17.5 2.45
2.0 17.5 2.67
2.0 17.54 -0.22
2.0 17.54 0.0
2.0 17.75 -0.3
2.0 17.75 0.0
2.0 17.75 2.45
2.0 17.75 2.67
2.0 17.7885 -0.22
2.0 17.7885 0.0
2.0 18.0 -0.3
2.0 18.0 0.0
2.0 18.0 2.45
2.0 18.0 2.67
2.0 18.0369 -0.22
2.0 18.0369 0.0
2.0 18.25 -0.3
2.0 18.25 0.0
2.0 18.25 2.45
2.0 18.25 2.67
2.0 18.2854 -0.22
2.0 18.2854 0.0
2.0 18.5 -0.3
2.0 18.5 0.0
2.0 18.5 2.45
2.0 18.5 2.67
2.0 18.5338 -0.22
2.0 18.5338 0.0
2.0 18.75 -0.3
2.0 18.75 0.0
2.0 18.75 2.45
2.0 18.75 2.67
2.0 18.7823 -0.22
2.0 18.7823 0.0
2.0 19.0 -0.3
2.0 19.0 0.0
2.0 19.0 2.45
2.0 19.0 2.67
2.0 19.0308 -0.22
2.0 19.0308 0.0
2.0 19.25 -0.3
2.0 19.25 0.0
2.0 19.25 2.45
2.0 19.25 2.67
2.0 19.2792 -0.22
2.0 19.2792 0.0
2.0 19.5 -0.3
2.0 19.5 0.0
2.0 19.5 2.45
2.0 19.5 2.67
2.0 19.5277 -0.22
2.0 19.5277 0.0
2.0 19.75 -0.3
2.0 19.75 0.0
2.0 19.75 2.45
2.0 19.75 2.67
2.0 19.7762 -0.22
2.0 19.7762 0.0
2.0 20.0 -0.3
2.0 20.0 0.0
2.0 20.0 2.45
2.0 20.0 2.67
2.0 20.0246 -0.22
2.0 20.0246 0.0
2.0 20.25 -0.3
2.0 20.25 0.0
2.0 20.25 2.45
2.0 20.25 2.67
2.0 20.2731 -0.22
2.0 20.2731 0.0
2.0 20.5 -0.3
2.0 20.5 0.0
2.0 20.5 2.45
2.0 20.5 2.67
2.0 20.5215 -0.22
2.0 20.5215 0.0
2.0 20.75 -0.3
2.0 20.75 0.0
2.0 20.75 2.45
2.0 20.75 2.67
2.0 20.77 -0.22
2.0 20.77 0.0
2.0 21.0 -0.3
2.0 21.0 0.0
2.0 21.0 2.45
2.0 21.0 2.67
2.0 21.0185 -0.22
2.0 21.0185 0.0
2.0 21.25 -0.3
2.0 21.25 0.0
2.0 21.25 2.45
2.0 21.25 2.67
2.0 21.2669 -0.22
2.0 21.2669 0.0
2.0 21.5 -0.3
2.0 21.5 0.0
2.0 21.5 2.45
2.0 21.5 2.67
2.0 21.5154 -0.22
2.0 21.5154 0.0
2.0 21.75 -0.3
2.0 21.75 0.0
2.0 21.75 2.45
2.0 21.75 2.67
2.0 21.7638 -0.22
2.0 21.7638 0.0
2.0 22.0 -0.3
2.0 22.0 0.0
2.0 22.0 2.45
2.0 22.0 2.67
2.0 22.0123 -0.22
2.0 22.0123 0.0
2.0 22.25 -0.3
2.0 22.25 0.0
2.0 22.25 2.45
2.0 22.25 2.67
2.0 22.2608 -0.22
2.0 22.2608 0.0
2.0 22.5 -0.3
2.0 22.5 0.0
2.0 22.5 2.45
2.0 22.5 2.67
2.0 22.5092 -0.22
2.0 22.5092 0.0
2.0 22.75 -0.3
2.0 22.75 0.0
2.0 22.75 2.45
2.0 22.75 2.67
2.0 22.7577 -0.22
2.0 22.7577 0.0
2.0 23.0 -0.3
2.0 23.0 0.0
2.0 23.0 2.45
2.0 23.0 2.67
2.0 23.0062 -0.22
2.0 23.0062 0.0
2.0 23.25 -0.3
2.0 23.25 0.0
2.0 23.25 2.45
2.0 23.25 2.67
2.0 23.2546 -0.22
2.0 23.2546 0.0
2.0 23.5 -0.3
2.0 23.5 0.0
2.0 23.5 2.45
2.0 23.5 2.67
2.0 23.5031 -0.22
2.0 23.5031 0.0
2.0 23.75 -0.3
2.0 23.75 0.0
2.0 23.75 2.45
2.0 23.75 2.67
2.0 23.7515 -0.22
2.0 23.7515 0.0
2.0 23.82 0.0
2.0 23.82 0.245
2.0 23.82 0.49
2.0 23.82 0.735
2.0 23.82 0.98
2.0 23.82 1.225
2.0 23.82 1.47
2.0 23.82 1.715
2.0 23.82 1.96
2.0 23.82 2.205
2.0 23.82 2.45
2.0 24.0 -0.3
2.0 24.0 -0.22
2.0 24.0 0.0
2.0 24.0 0.245
2.0 24.0 0.49
2.0 24.0 0.735
2.0 24.0 0.98
2.0 24.0 1.225
2.0 24.0 1.47
2.0 24.0 1.715
2.0 24.0 1.96
2.0 24.0 2.205
2.0 24.0 2.45
2.0 24.0 2.67
2.0 24.25 -0.3
2.0 24.25 0.0
2.0 24.5 -0.3
2.0 24.5 0.0
2.0 24.75 -0.3
2.0 24.75 0.0
2.0 25.0 -0.3
2.0 25.0 -0.15
2.0 25.0 0.0
2.0175 0.0 0.0
2.0175 0.0 0.245
2.0175 0.0 0.49
2.0175 0.0 0.735
2.0175 0.0 0.98
2.0175 0.0 1.225
2.0175 0.0 1.47
2.0175 0.0 1.715
2.0175 0.0 1.96
2.0175 0.0 2.205
2.0175 0.0 2.45
2.0175 0.18 0.0
2.0175 0.18 0.245
2.0175 0.18 0.49
2.0175 0.18 0.735
2.0175 0.18 0.98
2.0175 0.18 1.225
2.0175 0.18 1.47
2.0175 0.18 1.715
2.0175 0.18 1.96
2.0175 0.18 2.205
2.0175 0.18 2.45
2.13 1.25 0.0
2.13 1.25 0.245
2.13 1.25 0.49
2.13 1.25 0.735
2.13 1.25 0.98
2.13 1.25 1.225
2.13 1.25 1.47
2.13 1.25 1.715
2.13 1.25 1.96
2.13 1.25 2.205
2.13 1.25 2.45
2.13 1.43 0.0
2.13 1.43 0.245
2.13 1.43 0.49
2.13 1.43 0.735
2.13 1.43 0.98
2.13 1.43 1.225
2.13 1.43 1.47
2.13 1.43 1.715
2.13 1.43 1.96
2.13 1.43 2.205
2.13 1.43 2.45
2.13 3.77 0.0
2.13 3.77 0.245
2.13 3.77 0.49
2.13 3.77 0.735
2.13 3.77 0.98
2.13 3.77 1.225
2.13 3.77 1.47
2.13 3.77 1.715
2.13 3.77 1.96
2.13 3.77 2.205
2.13 3.77 2.45
2.13 3.95 0.0
2.13 3.95 0.245
2.13 3.95 0.49
2.13 3.95 0.735
2.13 3.95 0.98
2.13 3.95 1.225
2.13 3.95 1.47
2.13 3.95 1.715
2.13 3.95 1.96
2.13 3.95 2.205
2.13 3.95 2.45
2.25 -2.4 0.0
2.25 -2.4 0.08
2.25 -2.16 0.0
2.25 -2.16 0.08
2.25 -1.92 0.0
2.25 -1.92 0.08
2.25 -1.68 0.0
2.25 -1.68 0.08
2.25 -1.44 0.0
2.25 -1.44 0.08
2.25 -1.2 0.0
2.25 -1.2 0.08
2.25 -1.0 -0.3
2.25 -1.0 -0.15
2.25 -1.0 0.0
2.25 -0.96 0.0
2.25 -0.96 0.08
2.25 -0.75 -0.3
2.25 -0.75 0.0
2.25 -0.72 0.0
2.25 -0.72 0.08
2.25 -0.5 -0.3
2.25 -0.5 0.0
2.25 -0.48 0.0
2.25 -0.48 0.08
2.25 -0.25 -0.3
2.25 -0.25 0.0
2.25 -0.24 0.0
2.25 -0.24 0.08
2.25 0.0 -0.3
2.25 0.0 0.0
2.25 0.0 0.08
2.25 0.0 2.45
2.25 0.0 2.67
2.25 0.25 -0.3
2.25 0.25 0.0
2.25 0.25 2.45
2.25 0.25 2.67
2.25 0.5 -0.3
2.25 0.5 0.0
2.25 0.5 2.45
2.25 0.5 2.67
2.25 0.75 -0.3
2.25 0.75 0.0
2.25 0.75 2.45
2.25 0.75 2.67
2.25 1.0 -0.3
2.25 1.0 0.0
2.25 1.0 2.45
2.25 1.0 2.67
2.25 1.25 -0.3
2.25 1.25 0.0
2.25 1.25 2.45
2.25 1.25 2.67
2.25 1.5 -0.3
2.25 1.5 0.0
2.25 1.5 2.45
2.25 1.5 2.67
2.25 1.75 -0.3
2.25 1.75 0.0
2.25 1.75 2.45
2.25 1.75 2.67
2.25 2.0 -0.3
2.25 2.0 0.0
2.25 2.0 2.45
2.25 2.0 2.67
2.25 2.25 -0.3
2.25 2.25 0.0
2.25 2.25 2.45
2.25 2.25 2.67
2.25 2.5 -0.3
2.25 2.5 0.0
2.25 2.5 2.45
2.25 2.5 2.67
2.25 2.75 -0.3
2.25 2.75 0.0
2.25 2.75 2.45
2.25 2.75 2.67
2.25 3.0 -0.3
2.25 3.0 0.0
2.25 3.0 2.45
2.25 3.0 2.67
2.25 3.25 -0.3
2.25 3.25 0.0
2.25 3.25 2.45
2.25 3.25 2.67
2.25 3.5 -0.3
2.25 3.5 0.0
2.25 3.5 2.45
2.25 3.5 2.67
2.25 3.75 -0.3
2.25 3.75 0.0
2.25 3.75 2.45
2.25 3.75 2.67
2.25 4.0 -0.3
2.25 4.0 0.0
2.25 4.0 2.45
2.25 4.0 2.67
2.25 4.25 -0.3
2.25 4.25 0.0
2.25 4.25 2.45
2.25 4.25 2.67
2.25 4.5 -0.3
2.25 4.5 0.0
2.25 4.5 2.45
2.25 4.5 2.67
2.25 4.75 -0.3
2.25 4.75 0.0
2.25 4.75 2.45
2.25 4.75 2.67
2.25 5.0 -0.3
2.25 5.0 0.0
2.25 5.0 2.45
2.25 5.0 2.67
2.25 5.25 -0.3
2.25 5.25 0.0
2.25 5.25 2.45
2.25 5.25 2.67
2.25 5.5 -0.3
2.25 5.5 0.0
2.25 5.5 2.45
2.25 5.5 2.67
2.25 5.75 -0.3
2.25 5.75 0.0
2.25 5.75 2.45
2.25 5.75 2.67
2.25 6.0 -0.3
2.25 6.0 0.0
2.25 6.0 2.45
2.25 6.0 2.67
2.25 6.25 -0.3
2.25 6.25 0.0
2.25 6.25 2.45
2.25 6.25 2.67
2.25 6.5 -0.3
2.25 6.5 0.0
2.25 6.5 2.45
2.25 6.5 2.67
2.25 6.75 -0.3
2.25 6.75 0.0
2.25 6.75 2.45
2.25 6.75 2.67
2.25 7.0 -0.3
2.25 7.0 0.0
2.25 7.0 2.45
2.25 7.0 2.67
2.25 7.25 -0.3
2.25 7.25 0.0
2.25 7.25 2.45
2.25 7.25 2.67
2.25 7.5 -0.3
2.25 7.5 0.0
2.25 7.5 2.45
2.25 7.5 2.67
2.25 7.75 -0.3
2.25 7.75 0.0
2.25 7.75 2.45
2.25 7.75 2.67
2.25 7.85 -0.22
2.25 7.85 0.0
2.25 8.0 -0.3
2.25 8.0 0.0
2.25 8.0 2.45
2.25 8.0 2.67
2.25 8.0985 -0.22
2.25 8.0985 0.0
2.25 8.25 -0.3
2.25 8.25 0.0
2.25 8.25 2.45
2.25 8.25 2.67
2.25 8.3469 -0.22
2.25 8.3469 0.0
2.25 8.5 -0.3
2.25 8.5 0.0
2.25 8.5 2.45
2.25 8.5 2.67
2.25 8.5954 -0.22
2.25 8.5954 0.0
2.25 8.75 -0.3
2.25 8.75 0.0
2.25 8.75 2.45
2.25 8.75 2.67
2.25 8.8438 -0.22
2.25 8.8438 0.0
2.25 9.0 -0.3
2.25 9.0 0.0
2.25 9.0 2.45
2.25 9.0 2.67
2.25 9.0923 -0.22
2.25 9.0923 0.0
2.25 9.25 -0.3
2.25 9.25 0.0
2.25 9.25 2.45
2.25 9.25 2.67
2.25 9.3408 -0.22
2.25 9.3408 0.0
2.25 9.5 -0.3
2.25 9.5 0.0
2.25 9.5 2.45
2.25 9.5 2.67
2.25 9.5892 -0.22
2.25 9.5892 0.0
2.25 9.75 -0.3
2.25 9.75 0.0
2.25 9.75 2.45
2.25 9.75 2.67
2.25 9.8377 -0.22
2.25 9.8377 0.0
2.25 10.0 -0.3
2.25 10.0 0.0
2.25 10.0 2.45
2.25 10.0 2.67
2.25 10.0862 -0.22
2.25 10.0862 0.0
2.25 10.25 -0.3
2.25 10.25 0.0
2.25 10.25 2.45
2.25 10.25 2.67
2.25 10.3346 -0.22
2.25 10.3346 0.0
2.25 10.5 -0.3
2.25 10.5 0.0
2.25 10.5 2.45
2.25 10.5 2.67
2.25 10.5831 -0.22
2.25 10.5831 0.0
2.25 10.75 -0.3
2.25 10.75 0.0
2.25 10.75 2.45
2.25 10.75 2.67
2.25 10.8315 -0.22
2.25 10.8315 0.0
2.25 11.0 -0.3
2.25 11.0 0.0
2.25 11.0 2.45
2.25 11.0 2.67
2.25 11.08 -0.22
2.25 11.08 0.0
2.25 11.25 -0.3
2.25 11.25 0.0
2.25 11.25 2.45
2.25 11.25 2.67
2.25 11.3285 -0.22
2.25 11.3285 0.0
2.25 11.5 -0.3
2.25 11.5 0.0
2.25 11.5 2.45
2.25 11.5 2.67
2.25 11.5769 -0.22
2.25 11.5769 0.0
2.25 11.75 -0.3
2.25 11.75 0.0
2.25 11.75 2.45
2.25 11.75 2.67
2.25 11.8254 -0.22
2.25 11.8254 0.0
2.25 12.0 -0.3
2.25 12.0 0.0
2.25 12.0 2.45
2.25 12.0 2.67
2.25 12.0738 -0.22
2.25 12.0738 0.0
2.25 12.25 -0.3
2.25 12.25 0.0
2.25 12.25 2.45
2.25 12.25 2.67
2.25 12.3223 -0.22
2.25 12.3223 0.0
2.25 12.5 -0.3
2.25 12.5 0.0
2.25 12.5 2.45
2.25 12.5 2.67
2.25 12.5708 -0.22
2.25 12.5708 0.0
2.25 12.75 -0.3
2.25 12.75 0.0
2.25 12.75 2.45
2.25 12.75 2.67
2.25 12.8192 -0.22
2.25 12.8192 0.0
2.25 13.0 -0.3
2.25 13.0 0.0
2.25 13.0 2.45
2.25 13.0 2.67
2.25 13.0677 -0.22
2.25 13.0677 0.0
2.25 13.25 -0.3
2.25 13.25 0.0
2.25 13.25 2.45
2.25 13.25 2.67
2.25 13.3162 -0.22
2.25 13.3162 0.0
2.25 13.5 -0.3
2.25 13.5 0.0
2.25 13.5 2.45
2.25 13.5 2.67
2.25 13.5646 -0.22
2.25 13.5646 0.0
2.25 13.75 -0.3
2.25 13.75 0.0
2.25 13.75 2.45
2.25 13.75 2.67
2.25 13.8131 -0.22
2.25 13.8131 0.0
2.25 14.0 -0.3
2.25 14.0 0.0
2.25 14.0 2.45
2.25 14.0 2.67
2.25 14.0615 -0.22
2.25 14.0615 0.0
2.25 14.25 -0.3
2.25 14.25 0.0
2.25 14.25 2.45
2.25 14.25 2.67
2.25 14.31 -0.22
2.25 14.31 0.0
2.25 14.5 -0.3
2.25 14.5 0.0
2.25 14.5 2.45
2.25 14.5 2.67
2.25 14.5585 -0.22
2.25 14.5585 0.0
2.25 14.75 -0.3
2.25 14.75 0.0
2.25 14.75 2.45
2.25 14.75 2.67
2.25 14.8069 -0.22
2.25 14.8069 0.0
2.25 15.0 -0.3
2.25 15.0 0.0
2.25 15.0 2.45
2.25 15.0 2.67
2.25 15.0554 -0.22
2.25 15.0554 0.0
2.25 15.25 -0.3
2.25 15.25 0.0
2.25 15.25 2.45
2.25 15.25 2.67
2.25 15.3038 -0.22
2.25 15.3038 0.0
2.25 15.5 -0.3
2.25 15.5 0.0
2.25 15.5 2.45
2.25 15.5 2.67
2.25 15.5523 -0.22
2.25 15.5523 0.0
2.25 15.75 -0.3
2.25 15.75 0.0
2.25 15.75 2.45
2.25 15.75 2.67
2.25 15.8008 -0.22
2.25 15.8008 0.0
2.25 16.0 -0.3
2.25 16.0 0.0
2.25 16.0 2.45
2.25 16.0 2.67
2.25 16.0492 -0.22
2.25 16.0492 0.0
2.25 16.25 -0.3
2.25 16.25 0.0
2.25 16.25 2.45
2.25 16.25 2.67
2.25 16.2977 -0.22
2.25 16.2977 0.0
2.25 16.5 -0.3
2.25 16.5 0.0
2.25 16.5 2.45
2.25 16.5 2.67
2.25 16.5462 -0.22
2.25 16.5462 0.0
2.25 16.75 -0.3
2.25 16.75 0.0
2.25 16.75 2.45
2.25 16.75 2.67
2.25 16.7946 -0.22
2.25 16.7946 0.0
2.25 17.0 -0.3
2.25 17.0 0.0
2.25 17.0 2.45
2.25 17.0 2.67
2.25 17.0431 -0.22
2.25 17.0431 0.0
2.25 17.25 -0.3
2.25 17.25 0.0
2.25 17.25 2.45
2.25 17.25 2.67
2.25 17.2915 -0.22
2.25 17.2915 0.0
2.25 17.5 -0.3
2.25 17.5 0.0
2.25 17.5 2.45
2.25 17.5 2.67
2.25 17.54 -0.22
2.25 17.54 0.0
2.25 17.75 -0.3
2.25 17.75 0.0
2.25 17.75 2.45
2.25 17.75 2.67
2.25 17.7885 -0.22
2.25 17.7885 0.0
2.25 18.0 -0.3
2.25 18.0 0.0
2.25 18.0 2.45
2.25 18.0 2.67
2.25 18.0369 -0.22
2.25 18.0369 0.0
2.25 18.25 -0.3
2.25 18.25 0.0
2.25 18.25 2.45
2.25 18.25 2.67
2.25 18.2854 -0.22
2.25 18.2854 0.0
2.25 18.5 -0.3
2.25 18.5 0.0
2.25 18.5 2.45
2.25 18.5 2.67
2.25 18.5338 -0.22
2.25 18.5338 0.0
2.25 18.75 -0.3
2.25 18.75 0.0
2.25 18.75 2.45
2.25 18.75 2.67
2.25 18.7823 -0.22
2.25 18.7823 0.0
2.25 19.0 -0.3
2.25 19.0 0.0
2.25 19.0 2.45
2.25 19.0 2.67
2.25 19.0308 -0.22
2.25 19.0308 0.0
2.25 19.25 -0.3
2.25 19.25 0.0
2.25 19.25 2.45
2.25 19.25 2.67
2.25 19.2792 -0.22
2.25 19.2792 0.0
2.25 19.5 -0.3
2.25 19.5 0.0
2.25 19.5 2.45
2.25 19.5 2.67
2.25 19.5277 -0.22
2.25 19.5277 0.0
2.25 19.75 -0.3
2.25 19.75 0.0
2.25 19.75 2.45
2.25 19.75 2.67
2.25 19.7762 -0.22
2.25 19.7762 0.0
2.25 20.0 -0.3
2.25 20.0 0.0
2.25 20.0 2.45
2.25 20.0 2.67
2.25 20.0246 -0.22
2.25 20.0246 0.0
2.25 20.25 -0.3
2.25 20.25 0.0
2.25 20.25 2.45
2.25 20.25 2.67
2.25 20.2731 -0.22
2.25 20.2731 0.0
2.25 20.5 -0.3
2.25 20.5 0.0
2.25 20.5 2.45
2.25 20.5 2.67
2.25 20.5215 -0.22
2.25 20.5215 0.0
2.25 20.75 -0.3
2.25 20.75 0.0
2.25 20.75 2.45
2.25 20.75 2.67
2.25 20.77 -0.22
2.25 20.77 0.0
2.25 21.0 -0.3
2.25 21.0 0.0
2.25 21.0 2.45
2.25 21.0 2.67
2.25 21.0185 -0.22
2.25 21.0185 0.0
2.25 21.25 -0.3
2.25 21.25 0.0
2.25 21.25 2.45
2.25 21.25 2.67
2.25 21.2669 -0.22
2.25 21.2669 0.0
2.25 21.5 -0.3
2.25 21.5 0.0
2.25 21.5 2.45
2.25 21.5 2.67
2.25 21.5154 -0.22
2.25 21.5154 0.0
2.25 21.75 -0.3
2.25 21.75 0.0
2.25 21.75 2.45
2.25 21.75 2.67
2.25 21.7638 -0.22
2.25 21.7638 0.0
2.25 22.0 -0.3
2.25 22.0 0.0
2.25 22.0 2.45
2.25 22.0 2.67
2.25 22.0123 -0.22
2.25 22.0123 0.0
2.25 22.25 -0.3
2.25 22.25 0.0
2.25 22.25 2.45
2.25 22.25 2.67
2.25 22.2608 -0.22
2.25 22.2608 0.0
2.25 22.5 -0.3
2.25 22.5 0.0
2.25 22.5 2.45
2.25 22.5 2.67
2.25 22.5092 -0.22
2.25 22.5092 0.0
2.25 22.75 -0.3
2.25 22.75 0.0
2.25 22.75 2.45
2.25 22.75 2.67
2.25 22.7577 -0.22
2.25 22.7577 0.0
2.25 23.0 -0.3
2.25 23.0 0.0
2.25 23.0 2.45
2.25 23.0 2.67
2.25 23.0062 -0.22
2.25 23.0062 0.0
2.25 23.25 -0.3
2.25 23.25 0.0
2.25 23.25 2.45
2.25 23.25 2.67
2.25 23.2546 -0.22
2.25 23.2546 0.0
2.25 23.5 -0.3
2.25 23.5 0.0
2.25 23.5 2.45
2.25 23.5 2.67
2.25 23.5031 -0.22
2.25 23.5031 0.0
2.25 23.75 -0.3
2.25 23.75 0.0
2.25 23.75 2.45
2.25 23.75 2.67
2.25 23.7515 -0.22
2.25 23.7515 0.0
2.25 23.82 0.0
2.25 23.82 0.245
2.25 23.82 0.49
2.25 23.82 0.735
2.25 23.82 0.98
2.25 23.82 1.225
2.25 23.82 1.47
2.25 23.82 1.715
2.25 23.82 1.96
2.25 23.82 2.205
2.25 23.82 2.45
2.25 24.0 -0.3
2.25 24.0 -0.22
2.25 24.0 0.0
2.25 24.0 0.245
2.25 24.0 0.49
2.25 24.0 0.735
2.25 24.0 0.98
2.25 24.0 1.225
2.25 24.0 1.47
2.25 24.0 1.715
2.25 24.0 1.96
2.25 24.0 2.205
2.25 24.0 2.45
2.25 24.0 2.67
2.25 24.25 -0.3
2.25 24.25 0.0
2.25 24.5 -0.3
2.25 24.5 0.0
2.25 24.75 -0.3
2.25 24.75 0.0
2.25 25.0 -0.3
2.25 25.0 -0.15
2.25 25.0 0.0
2.2669 0.0 0.0
2.2669 0.0 0.245
2.2669 0.0 0.49
2.2669 0.0 0.735
2.2669 0.0 0.98
2.2669 0.0 1.225
2.2669 0.0 1.47
2.2669 0.0 1.715
2.2669 0.0 1.96
2.2669 0.0 2.205
2.2669 0.0 2.45
2.2669 0.18 0.0
2.2669 0.18 0.245
2.2669 0.18 0.49
2.2669 0.18 0.735
2.2669 0.18 0.98
2.2669 0.18 1.225
2.2669 0.18 1.47
2.2669 0.18 1.715
2.2669 0.18 1.96
2.2669 0.18 2.205
2.2669 0.18 2.45
2.37 1.25 0.0
2.37 1.25 0.245
2.37 1.25 0.49
2.37 1.25 0.735
2.37 1.25 0.98
2.37 1.25 1.225
2.37 1.25 1.47
2.37 1.25 1.715
2.37 1.25 1.96
2.37 1.25 2.205
2.37 1.25 2.45
2.37 1.43 0.0
2.37 1.43 0.245
2.37 1.43 0.49
2.37 1.43 0.735
2.37 1.43 0.98
2.37 1.43 1.225
2.37 1.43 1.47
2.37 1.43 1.715
2.37 1.43 1.96
2.37 1.43 2.205
2.37 1.43 2.45
2.37 3.77 0.0
2.37 3.77 0.245
2.37 3.77 0.49
2.37 3.77 0.735
2.37 3.77 0.98
2.37 3.77 1.225
2.37 3.77 1.47
2.37 3.77 1.715
2.37 3.77 1.96
2.37 3.77 2.205
2.37 3.77 2.45
2.37 3.95 0.0
2.37 3.95 0.245
2.37 3.95 0.49
2.37 3.95 0.735
2.37 3.95 0.98
2.37 3.95 1.225
2.37 3.95 1.47
2.37 3.95 1.715
2.37 3.95 1.96
2.37 3.95 2.205
2.37 3.95 2.45
2.5 -1.0 -0.3
2.5 -1.0 -0.15
2.5 -1.0 0.0
2.5 -0.75 -0.3
2.5 -0.75 0.0
2.5 -0.5 -0.3
2.5 -0.5 0.0
2.5 -0.25 -0.3
2.5 -0.25 0.0
2.5 0.0 -0.3
2.5 0.0 0.0
2.5 0.0 2.45
2.5 0.0 2.67
2.5 0.25 -0.3
2.5 0.25 0.0
2.5 0.25 2.45
2.5 0.25 2.67
2.5 0.5 -0.3
2.5 0.5 0.0
2.5 0.5 2.45
2.5 0.5 2.67
2.5 0.75 -0.3
2.5 0.75 0.0
2.5 0.75 2.45
2.5 0.75 2.67
2.5 1.0 -0.3
2.5 1.0 0.0
2.5 1.0 2.45
2.5 1.0 2.67
2.5 1.25 -0.3
2.5 1.25 0.0
2.5 1.25 2.45
2.5 1.25 2.67
2.5 1.5 -0.3
2.5 1.5 0.0
2.5 1.5 2.45
2.5 1.5 2.67
2.5 1.75 -0.3
2.5 1.75 0.0
2.5 1.75 2.45
2.5 1.75 2.67
2.5 2.0 -0.3
2.5 2.0 0.0
2.5 2.0 2.45
2.5 2.0 2.67
2.5 2.25 -0.3
2.5 2.25 0.0
2.5 2.25 2.45
2.5 2.25 2.67
2.5 2.5 -0.3
2.5 2.5 0.0
2.5 2.5 2.45
2.5 2.5 2.67
2.5 2.75 -0.3
2.5 2.75 0.0
2.5 2.75 2.45
2.5 2.75 2.67
2.5 3.0 -0.3
2.5 3.0 0.0
2.5 3.0 2.45
2.5 3.0 2.67
2.5 3.25 -0.3
2.5 3.25 0.0
2.5 3.25 2.45
2.5 3.25 2.67
2.5 3.5 -0.3
2.5 3.5 0.0
2.5 3.5 2.45
2.5 3.5 2.67
2.5 3.75 -0.3
2.5 3.75 0.0
2.5 3.75 2.45
2.5 3.75 2.67
2.5 4.0 -0.3
2.5 4.0 0.0
2.5 4.0 2.45
2.5 4.0 2.67
2.5 4.25 -0.3
2.5 4.25 0.0
2.5 4.25 2.45
2.5 4.25 2.67
2.5 4.5 -0.3
2.5 4.5 0.0
2.5 4.5 2.45
2.5 4.5 2.67
2.5 4.75 -0.3
2.5 4.75 0.0
2.5 4.75 2.45
2.5 4.75 2.67
2.5 5.0 -0.3
2.5 5.0 0.0
2.5 5.0 2.45
2.5 5.0 2.67
2.5 5.25 -0.3
2.5 5.25 0.0
2.5 5.25 2.45
2.5 5.25 2.67
2.5 5.5 -0.3
2.5 5.5 0.0
2.5 5.5 2.45
2.5 5.5 2.67
2.5 5.75 -0.3
2.5 5.75 0.0
2.5 5.75 2.45
2.5 5.75 2.67
2.5 6.0 -0.3
2.5 6.0 0.0
2.5 6.0 2.45
2.5 6.0 2.67
2.5 6.25 -0.3
2.5 6.25 0.0
2.5 6.25 2.45
2.5 6.25 2.67
2.5 6.5 -0.3
2.5 6.5 0.0
2.5 6.5 2.45
2.5 6.5 2.67
2.5 6.75 -0.3
2.5 6.75 0.0
2.5 6.75 2.45
2.5 6.75 2.67
2.5 7.0 -0.3
2.5 7.0 0.0
2.5 7.0 2.45
2.5 7.0 2.67
2.5 7.25 -0.3
2.5 7.25 0.0
2.5 7.25 2.45
2.5 7.25 2.67
2.5 7.5 -0.3
2.5 7.5 0.0
2.5 7.5 2.45
2.5 7.5 2.67
2.5 7.75 -0.3
2.5 7.75 0.0
2.5 7.75 2.45
2.5 7.75 2.67
2.5 7.85 -0.22
2.5 7.85 0.0
2.5 8.0 -0.3
2.5 8.0 0.0
2.5 8.0 2.45
2.5 8.0 2.67
2.5 8.0985 -0.22
2.5 8.0985 0.0
2.5 8.25 -0.3
2.5 8.25 0.0
2.5 8.25 2.45
2.5 8.25 2.67
2.5 8.3469 -0.22
2.5 8.3469 0.0
2.5 8.5 -0.3
2.5 8.5 0.0
2.5 8.5 2.45
2.5 8.5 2.67
2.5 8.5954 -0.22
2.5 8.5954 0.0
2.5 8.75 -0.3
2.5 8.75 0.0
2.5 8.75 2.45
2.5 8.75 2.67
2.5 8.8438 -0.22
2.5 8.8438 0.0
2.5 9.0 -0.3
2.5 9.0 0.0
2.5 9.0 2.45
2.5 9.0 2.67
2.5 9.0923 -0.22
2.5 9.0923 0.0
2.5 9.25 -0.3
2.5 9.25 0.0
2.5 9.25 2.45
2.5 9.25 2.67
2.5 9.3408 -0.22
2.5 9.3408 0.0
2.5 9.5 -0.3
2.5 9.5 0.0
2.5 9.5 2.45
2.5 9.5 2.67
2.5 9.5892 -0.22
2.5 9.5892 0.0
2.5 9.75 -0.3
2.5 9.75 0.0
2.5 9.75 2.45
2.5 9.75 2.67
2.5 9.8377 -0.22
2.5 9.8377 0.0
2.5 10.0 -0.3
2.5 10.0 0.0
2.5 10.0 2.45
2.5 10.0 2.67
2.5 10.0862 -0.22
2.5 10.0862 0.0
2.5 10.25 -0.3
2.5 10.25 0.0
2.5 10.25 2.45
2.5 10.25 2.67
2.5 10.3346 -0.22
2.5 10.3346 0.0
2.5 10.5 -0.3
2.5 10.5 0.0
2.5 10.5 2.45
2.5 10.5 2.67
2.5 10.5831 -0.22
2.5 10.5831 0.0
2.5 10.75 -0.3
2.5 10.75 0.0
2.5 10.75 2.45
2.5 10.75 2.67
2.5 10.8315 -0.22
2.5 10.8315 0.0
2.5 11.0 -0.3
2.5 11.0 0.0
2.5 11.0 2.45
2.5 11.0 2.67
2.5 11.08 -0.22
2.5 11.08 0.0
2.5 11.25 -0.3
2.5 11.25 0.0
2.5 11.25 2.45
2.5 11.25 2.67
2.5 11.3285 -0.22
2.5 11.3285 0.0
2.5 11.5 -0.3
2.5 11.5 0.0
2.5 11.5 2.45
2.5 11.5 2.67
2.5 11.5769 -0.22
2.5 11.5769 0.0
2.5 11.75 -0.3
2.5 11.75 0.0
2.5 11.75 2.45
2.5 11.75 2.67
2.5 11.8254 -0.22
2.5 11.8254 0.0
2.5 12.0 -0.3
2.5 12.0 0.0
2.5 12.0 2.45
2.5 12.0 2.67
2.5 12.0738 -0.22
2.5 12.0738 0.0
2.5 12.25 -0.3
2.5 12.25 0.0
2.5 12.25 2.45
2.5 12.25 2.67
2.5 12.3223 -0.22
2.5 12.3223 0.0
2.5 12.5 -0.3
2.5 12.5 0.0
2.5 12.5 2.45
2.5 12.5 2.67
2.5 12.5708 -0.22
2.5 12.5708 0.0
2.5 12.75 -0.3
2.5 12.75 0.0
2.5 12.75 2.45
2.5 12.75 2.67
2.5 12.8192 -0.22
2.5 12.8192 0.0
2.5 13.0 -0.3
2.5 13.0 0.0
2.5 13.0 2.45
2.5 13.0 2.67
2.5 13.0677 -0.22
2.5 13.0677 0.0
2.5 13.25 -0.3
2.5 13.25 0.0
2.5 13.25 2.45
2.5 13.25 2.67
2.5 13.3162 -0.22
2.5 13.3162 0.0
2.5 13.5 -0.3
2.5 13.5 0.0
2.5 13.5 2.45
2.5 13.5 2.67
2.5 13.5646 -0.22
2.5 13.5646 0.0
2.5 13.75 -0.3
2.5 13.75 0.0
2.5 13.75 2.45
2.5 13.75 2.67
2.5 13.8131 -0.22
2.5 13.8131 0.0
2.5 14.0 -0.3
2.5 14.0 0.0
2.5 14.0 2.45
2.5 14.0 2.67
2.5 14.0615 -0.22
2.5 14.0615 0.0
2.5 14.25 -0.3
2.5 14.25 0.0
2.5 14.25 2.45
2.5 14.25 2.67
2.5 14.31 -0.22
2.5 14.31 0.0
2.5 14.5 -0.3
2.5 14.5 0.0
2.5 14.5 2.45
2.5 14.5 2.67
2.5 14.5585 -0.22
2.5 14.5585 0.0
2.5 14.75 -0.3
2.5 14.75 0.0
2.5 14.75 2.45
2.5 14.75 2.67
2.5 14.8069 -0.22
2.5 14.8069 0.0
2.5 15.0 -0.3
2.5 15.0 0.0
2.5 15.0 2.45
2.5 15.0 2.67
2.5 15.0554 -0.22
2.5 15.0554 0.0
2.5 15.25 -0.3
2.5 15.25 0.0
2.5 15.25 2.45
2.5 15.25 2.67
2.5 15.3038 -0.22
2.5 15.3038 0.0
2.5 15.5 -0.3
2.5 15.5 0.0
2.5 15.5 2.45
2.5 15.5 2.67
2.5 15.5523 -0.22
2.5 15.5523 0.0
2.5 15.75 -0.3
2.5 15.75 0.0
2.5 15.75 2.45
2.5 15.75 2.67
2.5 15.8008 -0.22
2.5 15.8008 0.0
2.5 16.0 -0.3
2.5 16.0 0.0
2.5 16.0 2.45
2.5 16.0 2.67
2.5 16.0492 -0.22
2.5 16.0492 0.0
2.5 16.25 -0.3
2.5 16.25 0.0
2.5 16.25 2.45
2.5 16.25 2.67
2.5 16.2977 -0.22
2.5 16.2977 0.0
2.5 16.5 -0.3
2.5 16.5 0.0
2.5 16.5 2.45
2.5 16.5 2.67
2.5 16.5462 -0.22
2.5 16.5462 0.0
2.5 16.75 -0.3
2.5 16.75 0.0
2.5 16.75 2.45
2.5 16.75 2.67
2.5 16.7946 -0.22
2.5 16.7946 0.0
2.5 17.0 -0.3
2.5 17.0 0.0
2.5 17.0 2.45
2.5 17.0 2.67
2.5 17.0431 -0.22
2.5 17.0431 0.0
2.5 17.25 -0.3
2.5 17.25 0.0
2.5 17.25 2.45
2.5 17.25 2.67
2.5 17.2915 -0.22
2.5 17.2915 0.0
2.5 17.5 -0.3
2.5 17.5 0.0
2.5 17.5 2.45
2.5 17.5 2.67
2.5 17.54 -0.22
2.5 17.54 0.0
2.5 17.75 -0.3
2.5 17.75 0.0
2.5 17.75 2.45
2.5 17.75 2.67
2.5 17.7885 -0.22
2.5 17.7885 0.0
2.5 18.0 -0.3
2.5 18.0 0.0
2.5 18.0 2.45
2.5 18.0 2.67
2.5 18.0369 -0.22
2.5 18.0369 0.0
2.5 18.25 -0.3
2.5 18.25 0.0
2.5 18.25 2.45
2.5 18.25 2.67
2.5 18.2854 -0.22
2.5 18.2854 0.0
2.5 18.5 -0.3
2.5 18.5 0.0
2.5 18.5 2.45
2.5 18.5 2.67
2.5 18.5338 -0.22
2.5 18.5338 0.0
2.5 18.75 -0.3
2.5 18.75 0.0
2.5 18.75 2.45
2.5 18.75 2.67
2.5 18.7823 -0.22
2.5 18.7823 0.0
2.5 19.0 -0.3
2.5 19.0 0.0
2.5 19.0 2.45
2.5 19.0 2.67
2.5 19.0308 -0.22
2.5 19.0308 0.0
2.5 19.25 -0.3
2.5 19.25 0.0
2.5 19.25 2.45
2.5 19.25 2.67
2.5 19.2792 -0.22
2.5 19.2792 0.0
2.5 19.5 -0.3
2.5 19.5 0.0
2.5 19.5 2.45
2.5 19.5 2.67
2.5 19.5277 -0.22
2.5 19.5277 0.0
2.5 19.75 -0.3
2.5 19.75 0.0
2.5 19.75 2.45
2.5 19.75 2.67
2.5 19.7762 -0.22
2.5 19.7762 0.0
2.5 20.0 -0.3
2.5 20.0 0.0
2.5 20.0 2.45
2.5 20.0 2.67
2.5 20.0246 -0.22
2.5 20.0246 0.0
2.5 20.25 -0.3
2.5 20.25 0.0
2.5 20.25 2.45
2.5 20.25 2.67
2.5 20.2731 -0.22
2.5 20.2731 0.0
2.5 20.5 -0.3
2.5 20.5 0.0
2.5 20.5 2.45
2.5 20.5 2.67
2.5 20.5215 -0.22
2.5 20.5215 0.0
2.5 20.75 -0.3
2.5 20.75 0.0
2.5 20.75 2.45
2.5 20.75 2.67
2.5 20.77 -0.22
2.5 20.77 0.0
2.5 21.0 -0.3
2.5 21.0 0.0
2.5 21.0 2.45
2.5 21.0 2.67
2.5 21.0185 -0.22
2.5 21.0185 0.0
2.5 21.25 -0.3
2.5 21.25 0.0
2.5 21.25 2.45
2.5 21.25 2.67
2.5 21.2669 -0.22
2.5 21.2669 0.0
2.5 21.5 -0.3
2.5 21.5 0.0
2.5 21.5 2.45
2.5 21.5 2.67
2.5 21.5154 -0.22
2.5 21.5154 0.0
2.5 21.75 -0.3
2.5 21.75 0.0
2.5 21.75 2.45
2.5 21.75 2.67
2.5 21.7638 -0.22
2.5 21.7638 0.0
2.5 22.0 -0.3
2.5 22.0 0.0
2.5 22.0 2.45
2.5 22.0 2.67
2.5 22.0123 -0.22
2.5 22.0123 0.0
2.5 22.25 -0.3
2.5 22.25 0.0
2.5 22.25 2.45
2.5 22.25 2.67
2.5 22.2608 -0.22
2.5 22.2608 0.0
2.5 22.5 -0.3
2.5 22.5 0.0
2.5 22.5 2.45
2.5 22.5 2.67
2.5 22.5092 -0.22
2.5 22.5092 0.0
2.5 22.75 -0.3
2.5 22.75 0.0
2.5 22.75 2.45
2.5 22.75 2.67
2.5 22.7577 -0.22
2.5 22.7577 0.0
2.5 23.0 -0.3
2.5 23.0 0.0
2.5 23.0 2.45
2.5 23.0 2.67
2.5 23.0062 -0.22
2.5 23.0062 0.0
2.5 23.25 -0.3
2.5 23.25 0.0
2.5 23.25 2.45
2.5 23.25 2.67
2.5 23.2546 -0.22
2.5 23.2546 0.0
2.5 23.5 -0.3
2.5 23.5 0.0
2.5 23.5 2.45
2.5 23.5 2.67
2.5 23.5031 -0.22
2.5 23.5031 0.0
2.5 23.75 -0.3
2.5 23.75 0.0
2.5 23.75 2.45
2.5 23.75 2.67
2.5 23.7515 -0.22
2.5 23.7515 0.0
2.5 23.82 0.0
2.5 23.82 0.245
2.5 23.82 0.49
2.5 23.82 0.735
2.5 23.82 0.98
2.5 23.82 1.225
2.5 23.82 1.47
2.5 23.82 1.715
2.5 23.82 1.96
2.5 23.82 2.205
2.5 23.82 2.45
2.5 24.0 -0.3
2.5 24.0 -0.22
2.5 24.0 0.0
2.5 24.0 0.245
2.5 24.0 0.49
2.5 24.0 0.735
2.5 24.0 0.98
2.5 24.0 1.225
2.5 24.0 1.47
2.5 24.0 1.715
2.5 24.0 1.96
2.5 24.0 2.205
2.5 24.0 2.45
2.5 24.0 2.67
2.5 24.25 -0.3
2.5 24.25 0.0
2.5 24.5 -0.3
2.5 24.5 0.0
2.5 24.75 -0.3
2.5 24.75 0.0
2.5 25.0 -0.3
2.5 25.0 -0.15
2.5 25.0 0.0
2.5162 0.0 0.0
2.5162 0.0 0.245
2.5162 0.0 0.49
2.5162 0.0 0.735
2.5162 0.0 0.98
2.5162 0.0 1.225
2.5162 0.0 1.47
2.5162 0.0 1.715
2.5162 0.0 1.96
2.5162 0.0 2.205
2.5162 0.0 2.45
2.5162 0.18 0.0
2.5162 0.18 0.245
2.5162 0.18 0.49
2.5162 0.18 0.735
2.5162 0.18 0.98
2.5162 0.18 1.225
2.5162 0.18 1.47
2.5162 0.18 1.715
2.5162 0.18 1.96
2.5162 0.18 2.205
2.5162 0.18 2.45
2.61 1.25 0.0
2.61 1.25 0.245
2.61 1.25 0.49
2.61 1.25 0.735
2.61 1.25 0.98
2.61 1.25 1.225
2.61 1.25 1.47
2.61 1.25 1.715
2.61 1.25 1.96
2.61 1.25 2.205
2.61 1.25 2.45
2.61 1.43 0.0
2.61 1.43 0.245
2.61 1.43 0.49
2.61 1.43 0.735
2.61 1.43 0.98
2.61 1.43 1.225
2.61 1.43 1.47
2.61 1.43 1.715
2.61 1.43 1.96
2.61 1.43 2.205
2.61 1.43 2.45
2.61 3.77 0.0
2.61 3.77 0.245
2.61 3.77 0.49
2.61 3.77 0.735
2.61 3.77 0.98
2.61 3.77 1.225
2.61 3.77 1.47
2.61 3.77 1.715
2.61 3.77 1.96
2.61 3.77 2.205
2.61 3.77 2.45
2.61 3.95 0.0
2.61 3.95 0.245
2.61 3.95 0.49
2.61 3.95 0.735
2.61 3.95 0.98
2.61 3.95 1.225
2.61 3.95 1.47
2.61 3.95 1.715
2.61 3.95 1.96
2.61 3.95 2.205
2.61 3.95 2.45
2.75 -1.0 -0.3
2.75 -1.0 -0.15
2.75 -1.0 0.0
2.75 -0.75 -0.3
2.75 -0.75 0.0
2.75 -0.5 -0.3
2.75 -0.5 0.0
2.75 -0.25 -0.3
2.75 -0.25 0.0
2.75 0.0 -0.3
2.75 0.0 0.0
2.75 0.0 2.45
2.75 0.0 2.67
2.75 0.25 -0.3
2.75 0.25 0.0
2.75 0.25 2.45
2.75 0.25 2.67
2.75 0.5 -0.3
2.75 0.5 0.0
2.75 0.5 2.45
2.75 0.5 2.67
2.75 0.75 -0.3
2.75 0.75 0.0
2.75 0.75 2.45
2.75 0.75 2.67
2.75 1.0 -0.3
2.75 1.0 0.0
2.75 1.0 2.45
2.75 1.0 2.67
2.75 1.25 -0.3
2.75 1.25 0.0
2.75 1.25 2.45
2.75 1.25 2.67
2.75 1.5 -0.3
2.75 1.5 0.0
2.75 1.5 2.45
2.75 1.5 2.67
2.75 1.75 -0.3
2.75 1.75 0.0
2.75 1.75 2.45
2.75 1.75 2.67
2.75 2.0 -0.3
2.75 2.0 0.0
2.75 2.0 2.45
2.75 2.0 2.67
2.75 2.25 -0.3
2.75 2.25 0.0
2.75 2.25 2.45
2.75 2.25 2.67
2.75 2.5 -0.3
2.75 2.5 0.0
2.75 2.5 2.45
2.75 2.5 2.67
2.75 2.75 -0.3
2.75 2.75 0.0
2.75 2.75 2.45
2.75 2.75 2.67
2.75 3.0 -0.3
2.75 3.0 0.0
2.75 3.0 2.45
2.75 3.0 2.67
2.75 3.25 -0.3
2.75 3.25 0.0
2.75 3.25 2.45
2.75 3.25 2.67
2.75 3.5 -0.3
2.75 3.5 0.0
2.75 3.5 2.45
2.75 3.5 2.67
2.75 3.75 -0.3
2.75 3.75 0.0
2.75 3.75 2.45
2.75 3.75 2.67
2.75 4.0 -0.3
2.75 4.0 0.0
2.75 4.0 2.45
2.75 4.0 2.67
2.75 4.25 -0.3
2.75 4.25 0.0
2.75 4.25 2.45
2.75 4.25 2.67
2.75 4.5 -0.3
2.75 4.5 0.0
2.75 4.5 2.45
2.75 4.5 2.67
2.75 4.75 -0.3
2.75 4.75 0.0
2.75 4.75 2.45
2.75 4.75 2.67
2.75 5.0 -0.3
2.75 5.0 0.0
2.75 5.0 2.45
2.75 5.0 2.67
2.75 5.25 -0.3
2.75 5.25 0.0
2.75 5.25 2.45
2.75 5.25 2.67
2.75 5.5 -0.3
2.75 5.5 0.0
2.75 5.5 2.45
2.75 5.5 2.67
2.75 5.75 -0.3
2.75 5.75 0.0
2.75 5.75 2.45
2.75 5.75 2.67
2.75 6.0 -0.3
2.75 6.0 0.0
2.75 6.0 2.45
2.75 6.0 2.67
2.75 6.25 -0.3
2.75 6.25 0.0
2.75 6.25 2.45
2.75 6.25 2.67
2.75 6.5 -0.3
2.75 6.5 0.0
2.75 6.5 2.45
2.75 6.5 2.67
2.75 6.75 -0.3
2.75 6.75 0.0
2.75 6.75 2.45
2.75 6.75 2.67
2.75 7.0 -0.3
2.75 7.0 0.0
2.75 7.0 2.45
2.75 7.0 2.67
2.75 7.25 -0.3
2.75 7.25 0.0
2.75 7.25 2.45
2.75 7.25 2.67
2.75 7.5 -0.3
2.75 7.5 0.0
2.75 7.5 2.45
2.75 7.5 2.67
2.75 7.75 -0.3
2.75 7.75 0.0
2.75 7.75 2.45
2.75 7.75 2.67
2.75 7.85 -0.22
2.75 7.85 0.0
2.75 8.0 -0.3
2.75 8.0 0.0
2.75 8.0 2.45
2.75 8.0 2.67
2.75 8.0985 -0.22
2.75 8.0985 0.0
2.75 8.25 -0.3
2.75 8.25 0.0
2.75 8.25 2.45
2.75 8.25 2.67
2.75 8.3469 -0.22
2.75 8.3469 0.0
2.75 8.5 -0.3
2.75 8.5 0.0
2.75 8.5 2.45
2.75 8.5 2.67
2.75 8.5954 -0.22
2.75 8.5954 0.0
2.75 8.75 -0.3
2.75 8.75 0.0
2.75 8.75 2.45
2.75 8.75 2.67
2.75 8.8438 -0.22
2.75 8.8438 0.0
2.75 9.0 -0.3
2.75 9.0 0.0
2.75 9.0 2.45
2.75 9.0 2.67
2.75 9.0923 -0.22
2.75 9.0923 0.0
2.75 9.25 -0.3
2.75 9.25 0.0
2.75 9.25 2.45
2.75 9.25 2.67
2.75 9.3408 -0.22
2.75 9.3408 0.0
2.75 9.5 -0.3
2.75 9.5 0.0
2.75 9.5 2.45
2.75 9.5 2.67
2.75 9.5892 -0.22
2.75 9.5892 0.0
2.75 9.75 -0.3
2.75 9.75 0.0
2.75 9.75 2.45
2.75 9.75 2.67
2.75 9.8377 -0.22
2.75 9.8377 0.0
2.75 10.0 -0.3
2.75 10.0 0.0
2.75 10.0 2.45
2.75 10.0 2.67
2.75 10.0862 -0.22
2.75 10.0862 0.0
2.75 10.25 -0.3
2.75 10.25 0.0
2.75 10.25 2.45
2.75 10.25 2.67
2.75 10.3346 -0.22
2.75 10.3346 0.0
2.75 10.5 -0.3
2.75 10.5 0.0
2.75 10.5 2.45
2.75 10.5 2.67
2.75 10.5831 -0.22
2.75 10.5831 0.0
2.75 10.75 -0.3
2.75 10.75 0.0
2.75 10.75 2.45
2.75 10.75 2.67
2.75 10.8315 -0.22
2.75 10.8315 0.0
2.75 11.0 -0.3
2.75 11.0 0.0
2.75 11.0 2.45
2.75 11.0 2.67
2.75 11.08 -0.22
2.75 11.08 0.0
2.75 11.25 -0.3
2.75 11.25 0.0
2.75 11.25 2.45
2.75 11.25 2.67
2.75 11.3285 -0.22
2.75 11.3285 0.0
2.75 11.5 -0.3
2.75 11.5 0.0
2.75 11.5 2.45
2.75 11.5 2.67
2.75 11.5769 -0.22
2.75 11.5769 0.0
2.75 11.75 -0.3
2.75 11.75 0.0
2.75 11.75 2.45
2.75 11.75 2.67
2.75 11.8254 -0.22
2.75 11.8254 0.0
2.75 12.0 -0.3
2.75 12.0 0.0
2.75 12.0 2.45
2.75 12.0 2.67
2.75 12.0738 -0.22
2.75 12.0738 0.0
2.75 12.25 -0.3
2.75 12.25 0.0
2.75 12.25 2.45
2.75 12.25 2.67
2.75 12.3223 -0.22
2.75 12.3223 0.0
2.75 12.5 -0.3
2.75 12.5 0.0
2.75 12.5 2.45
2.75 12.5 2.67
2.75 12.5708 -0.22
2.75 12.5708 0.0
2.75 12.75 -0.3
2.75 12.75 0.0
2.75 12.75 2.45
2.75 12.75 2.67
2.75 12.8192 -0.22
2.75 12.8192 0.0
2.75 13.0 -0.3
2.75 13.0 0.0
2.75 13.0 2.45
2.75 13.0 2.67
2.75 13.0677 -0.22
2.75 13.0677 0.0
2.75 13.25 -0.3
2.75 13.25 0.0
2.75 13.25 2.45
2.75 13.25 2.67
2.75 13.3162 -0.22
2.75 13.3162 0.0
2.75 13.5 -0.3
2.75 13.5 0.0
2.75 13.5 2.45
2.75 13.5 2.67
2.75 13.5646 -0.22
2.75 13.5646 0.0
2.75 13.75 -0.3
2.75 13.75 0.0
2.75 13.75 2.45
2.75 13.75 2.67
2.75 13.8131 -0.22
2.75 13.8131 0.0
2.75 14.0 -0.3
2.75 14.0 0.0
2.75 14.0 2.45
2.75 14.0 2.67
2.75 14.0615 -0.22
2.75 14.0615 0.0
2.75 14.25 -0.3
2.75 14.25 0.0
2.75 14.25 2.45
2.75 14.25 2.67
2.75 14.31 -0.22
2.75 14.31 0.0
2.75 14.5 -0.3
2.75 14.5 0.0
2.75 14.5 2.45
2.75 14.5 2.67
2.75 14.5585 -0.22
2.75 14.5585 0.0
2.75 14.75 -0.3
2.75 14.75 0.0
2.75 14.75 2.45
2.75 14.75 2.67
2.75 14.8069 -0.22
2.75 14.8069 0.0
2.75 15.0 -0.3
2.75 15.0 0.0
2.75 15.0 2.45
2.75 15.0 2.67
2.75 15.0554 -0.22
2.75 15.0554 0.0
2.75 15.25 -0.3
2.75 15.25 0.0
2.75 15.25 2.45
2.75 15.25 2.67
2.75 15.3038 -0.22
2.75 15.3038 0.0
2.75 15.5 -0.3
2.75 15.5 0.0
2.75 15.5 2.45
2.75 15.5 2.67
2.75 15.5523 -0.22
2.75 15.5523 0.0
2.75 15.75 -0.3
2.75 15.75 0.0
2.75 15.75 2.45
2.75 15.75 2.67
2.75 15.8008 -0.22
2.75 15.8008 0.0
2.75 16.0 -0.3
2.75 16.0 0.0
2.75 16.0 2.45
2.75 16.0 2.67
2.75 16.0492 -0.22
2.75 16.0492 0.0
2.75 16.25 -0.3
2.75 16.25 0.0
2.75 16.25 2.45
2.75 16.25 2.67
2.75 16.2977 -0.22
2.75 16.2977 0.0
2.75 16.5 -0.3
2.75 16.5 0.0
2.75 16.5 2.45
2.75 16.5 2.67
2.75 16.5462 -0.22
2.75 16.5462 0.0
2.75 16.75 -0.3
2.75 16.75 0.0
2.75 16.75 2.45
2.75 16.75 2.67
2.75 16.7946 -0.22
2.75 16.7946 0.0
2.75 17.0 -0.3
2.75 17.0 0.0
2.75 17.0 2.45
2.75 17.0 2.67
2.75 17.0431 -0.22
2.75 17.0431 0.0
2.75 17.25 -0.3
2.75 17.25 0.0
2.75 17.25 2.45
2.75 17.25 2.67
2.75 17.2915 -0.22
2.75 17.2915 0.0
2.75 17.5 -0.3
2.75 17.5 0.0
2.75 17.5 2.45
2.75 17.5 2.67
2.75 17.54 -0.22
2.75 17.54 0.0
2.75 17.75 -0.3
2.75 17.75 0.0
2.75 17.75 2.45
2.75 17.75 2.67
2.75 17.7885 -0.22
2.75 17.7885 0.0
2.75 18.0 -0.3
2.75 18.0 0.0
2.75 18.0 2.45
2.75 18.0 2.67
2.75 18.0369 -0.22
2.75 18.0369 0.0
2.75 18.25 -0.3
2.75 18.25 0.0
2.75 18.25 2.45
2.75 18.25 2.67
2.75 18.2854 -0.22
2.75 18.2854 0.0
2.75 18.5 -0.3
2.75 18.5 0.0
2.75 18.5 2.45
2.75 18.5 2.67
2.75 18.5338 -0.22
2.75 18.5338 0.0
2.75 18.75 -0.3
2.75 18.75 0.0
2.75 18.75 2.45
2.75 18.75 2.67
2.75 18.7823 -0.22
2.75 18.7823 0.0
2.75 19.0 -0.3
2.75 19.0 0.0
2.75 19.0 2.45
2.75 19.0 2.67
2.75 19.0308 -0.22
2.75 19.0308 0.0
2.75 19.25 -0.3
2.75 19.25 0.0
2.75 19.25 2.45
2.75 19.25 2.67
2.75 19.2792 -0.22
2.75 19.2792 0.0
2.75 19.5 -0.3
2.75 19.5 0.0
2.75 19.5 2.45
2.75 19.5 2.67
2.75 19.5277 -0.22
2.75 19.5277 0.0
2.75 19.75 -0.3
2.75 19.75 0.0
2.75 19.75 2.45
2.75 19.75 2.67
2.75 19.7762 -0.22
2.75 19.7762 0.0
2.75 20.0 -0.3
2.75 20.0 0.0
2.75 20.0 2.45
2.75 20.0 2.67
2.75 20.0246 -0.22
2.75 20.0246 0.0
2.75 20.25 -0.3
2.75 20.25 0.0
2.75 20.25 2.45
2.75 20.25 2.67
2.75 20.2731 -0.22
2.75 20.2731 0.0
2.75 20.5 -0.3
2.75 20.5 0.0
2.75 20.5 2.45
2.75 20.5 2.67
2.75 20.5215 -0.22
2.75 20.5215 0.0
2.75 20.75 -0.3
2.75 20.75 0.0
2.75 20.75 2.45
2.75 20.75 2.67
2.75 20.77 -0.22
2.75 20.77 0.0
2.75 21.0 -0.3
2.75 21.0 0.0
2.75 21.0 2.45
2.75 21.0 2.67
2.75 21.0185 -0.22
2.75 21.0185 0.0
2.75 21.25 -0.3
2.75 21.25 0.0
2.75 21.25 2.45
2.75 21.25 2.67
2.75 21.2669 -0.22
2.75 21.2669 0.0
2.75 21.5 -0.3
2.75 21.5 0.0
2.75 21.5 2.45
2.75 21.5 2.67
2.75 21.5154 -0.22
2.75 21.5154 0.0
2.75 21.75 -0.3
2.75 21.75 0.0
2.75 21.75 2.45
2.75 21.75 2.67
2.75 21.7638 -0.22
2.75 21.7638 0.0
2.75 22.0 -0.3
2.75 22.0 0.0
2.75 22.0 2.45
2.75 22.0 2.67
2.75 22.0123 -0.22
2.75 22.0123 0.0
2.75 22.25 -0.3
2.75 22.25 0.0
2.75 22.25 2.45
2.75 22.25 2.67
2.75 22.2608 -0.22
2.75 22.2608 0.0
2.75 22.5 -0.3
2.75 22.5 0.0
2.75 22.5 2.45
2.75 22.5 2.67
2.75 22.5092 -0.22
2.75 22.5092 0.0
2.75 22.75 -0.3
2.75 22.75 0.0
2.75 22.75 2.45
2.75 22.75 2.67
2.75 22.7577 -0.22
2.75 22.7577 0.0
2.75 23.0 -0.3
2.75 23.0 0.0
2.75 23.0 2.45
2.75 23.0 2.67
2.75 23.0062 -0.22
2.75 23.0062 0.0
2.75 23.25 -0.3
2.75 23.25 0.0
2.75 23.25 2.45
2.75 23.25 2.67
2.75 23.2546 -0.22
2.75 23.2546 0.0
2.75 23.5 -0.3
2.75 23.5 0.0
2.75 23.5 2.45
2.75 23.5 2.67
2.75 23.5031 -0.22
2.75 23.5031 0.0
2.75 23.75 -0.3
2.75 23.75 0.0
2.75 23.75 2.45
2.75 23.75 2.67
2.75 23.7515 -0.22
2.75 23.7515 0.0
2.75 23.82 0.0
2.75 23.82 0.245
2.75 23.82 0.49
2.75 23.82 0.735
2.75 23.82 0.98
2.75 23.82 1.225
2.75 23.82 1.47
2.75 23.82 1.715
2.75 23.82 1.96
2.75 23.82 2.205
2.75 23.82 2.45
2.75 24.0 -0.3
2.75 24.0 -0.22
2.75 24.0 0.0
2.75 24.0 0.245
2.75 24.0 0.49
2.75 24.0 0.735
2.75 24.0 0.98
2.75 24.0 1.225
2.75 24.0 1.47
2.75 24.0 1.715
2.75 24.0 1.96
2.75 24.0 2.205
2.75 24.0 2.45
2.75 24.0 2.67
2.75 24.25 -0.3
2.75 24.25 0.0
2.75 24.5 -0.3
2.75 24.5 0.0
2.75 24.75 -0.3
2.75 24.75 0.0
2.75 25.0 -0.3
2.75 25.0 -0.15
2.75 25.0 0.0
2.7656 0.0 0.0
2.7656 0.0 0.245
2.7656 0.0 0.49
2.7656 0.0 0.735
2.7656 0.0 0.98
2.7656 0.0 1.225
2.7656 0.0 1.47
2.7656 0.0 1.715
2.7656 0.0 1.96
2.7656 0.0 2.205
2.7656 0.0 2.45
2.7656 0.18 0.0
2.7656 0.18 0.245
2.7656 0.18 0.49
2.7656 0.18 0.735
2.7656 0.18 0.98
2.7656 0.18 1.225
2.7656 0.18 1.47
2.7656 0.18 1.715
2.7656 0.18 1.96
2.7656 0.18 2.205
2.7656 0.18 2.45
2.85 1.25 0.0
2.85 1.25 0.245
2.85 1.25 0.49
2.85 1.25 0.735
2.85 1.25 0.98
2.85 1.25 1.225
2.85 1.25 1.47
2.85 1.25 1.715
2.85 1.25 1.96
2.85 1.25 2.205
2.85 1.25 2.45
2.85 1.43 0.0
2.85 1.43 0.245
2.85 1.43 0.49
2.85 1.43 0.735
2.85 1.43 0.98
2.85 1.43 1.225
2.85 1.43 1.47
2.85 1.43 1.715
2.85 1.43 1.96
2.85 1.43 2.205
2.85 1.43 2.45
2.85 3.77 0.0
2.85 3.77 0.245
2.85 3.77 0.49
2.85 3.77 0.735
2.85 3.77 0.98
2.85 3.77 1.225
2.85 3.77 1.47
2.85 3.77 1.715
2.85 3.77 1.96
2.85 3.77 2.205
2.85 3.77 2.45
2.85 3.95 0.0
2.85 3.95 0.245
2.85 3.95 0.49
2.85 3.95 0.735
2.85 3.95 0.98
2.85 3.95 1.225
2.85 3.95 1.47
2.85 3.95 1.715
2.85 3.95 1.96
2.85 3.95 2.205
2.85 3.95 2.45
3.0 -1.0 -0.3
3.0 -1.0 -0.15
3.0 -1.0 0.0
3.0 -0.75 -0.3
3.0 -0.75 0.0
3.0 -0.5 -0.3
3.0 -0.5 0.0
3.0 -0.25 -0.3
3.0 -0.25 0.0
3.0 0.0 -0.3
3.0 0.0 0.0
3.0 0.0 2.45
3.0 0.0 2.67
3.0 0.25 -0.3
3.0 0.25 0.0
3.0 0.25 2.45
3.0 0.25 2.67
3.0 0.5 -0.3
3.0 0.5 0.0
3.0 0.5 2.45
3.0 0.5 2.67
3.0 0.75 -0.3
3.0 0.75 0.0
3.0 0.75 2.45
3.0 0.75 2.67
3.0 1.0 -0.3
3.0 1.0 0.0
3.0 1.0 2.45
3.0 1.0 2.67
3.0 1.25 -0.3
3.0 1.25 0.0
3.0 1.25 2.45
3.0 1.25 2.67
3.0 1.5 -0.3
3.0 1.5 0.0
3.0 1.5 2.45
3.0 1.5 2.67
3.0 1.75 -0.3
3.0 1.75 0.0
3.0 1.75 2.45
3.0 1.75 2.67
3.0 2.0 -0.3
3.0 2.0 0.0
3.0 2.0 2.45
3.0 2.0 2.67
3.0 2.25 -0.3
3.0 2.25 0.0
3.0 2.25 2.45
3.0 2.25 2.67
3.0 2.5 -0.3
3.0 2.5 0.0
3.0 2.5 2.45
3.0 2.5 2.67
3.0 2.75 -0.3
3.0 2.75 0.0
3.0 2.75 2.45
3.0 2.75 2.67
3.0 3.0 -0.3
3.0 3.0 0.0
3.0 3.0 2.45
3.0 3.0 2.67
3.0 3.25 -0.3
3.0 3.25 0.0
3.0 3.25 2.45
3.0 3.25 2.67
3.0 3.5 -0.3
3.0 3.5 0.0
3.0 3.5 2.45
3.0 3.5 2.67
3.0 3.75 -0.3
3.0 3.75 0.0
3.0 3.75 2.45
3.0 3.75 2.67
3.0 4.0 -0.3
3.0 4.0 0.0
3.0 4.0 2.45
3.0 4.0 2.67
3.0 4.25 -0.3
3.0 4.25 0.0
3.0 4.25 2.45
3.0 4.25 2.67
3.0 4.5 -0.3
3.0 4.5 0.0
3.0 4.5 2.45
3.0 4.5 2.67
3.0 4.75 -0.3
3.0 4.75 0.0
3.0 4.75 2.45
3.0 4.75 2.67
3.0 5.0 -0.3
3.0 5.0 0.0
3.0 5.0 2.45
3.0 5.0 2.67
3.0 5.25 -0.3
3.0 5.25 0.0
3.0 5.25 2.45
3.0 5.25 2.67
3.0 5.5 -0.3
3.0 5.5 0.0
3.0 5.5 2.45
3.0 5.5 2.67
3.0 5.75 -0.3
3.0 5.75 0.0
3.0 5.75 2.45
3.0 5.75 2.67
3.0 6.0 -0.3
3.0 6.0 0.0
3.0 6.0 2.45
3.0 6.0 2.67
3.0 6.25 -0.3
3.0 6.25 0.0
3.0 6.25 2.45
3.0 6.25 2.67
3.0 6.5 -0.3
3.0 6.5 0.0
3.0 6.5 2.45
3.0 6.5 2.67
3.0 6.75 -0.3
3.0 6.75 0.0
3.0 6.75 2.45
3.0 6.75 2.67
3.0 7.0 -0.3
3.0 7.0 0.0
3.0 7.0 2.45
3.0 7.0 2.67
3.0 7.25 -0.3
3.0 7.25 0.0
3.0 7.25 2.45
3.0 7.25 2.67
3.0 7.5 -0.3
3.0 7.5 0.0
3.0 7.5 2.45
3.0 7.5 2.67
3.0 7.75 -0.3
3.0 7.75 0.0
3.0 7.75 2.45
3.0 7.75 2.67
3.0 7.85 -0.22
3.0 7.85 0.0
3.0 8.0 -0.3
3.0 8.0 0.0
3.0 8.0 2.45
3.0 8.0 2.67
3.0 8.0985 -0.22
3.0 8.0985 0.0
3.0 8.25 -0.3
3.0 8.25 0.0
3.0 8.25 2.45
3.0 8.25 2.67
3.0 8.3469 -0.22
3.0 8.3469 0.0
3.0 8.5 -0.3
3.0 8.5 0.0
3.0 8.5 2.45
3.0 8.5 2.67
3.0 8.5954 -0.22
3.0 8.5954 0.0
3.0 8.75 -0.3
3.0 8.75 0.0
3.0 8.75 2.45
3.0 8.75 2.67
3.0 8.8438 -0.22
3.0 8.8438 0.0
3.0 9.0 -0.3
3.0 9.0 0.0
3.0 9.0 2.45
3.0 9.0 2.67
3.0 9.0923 -0.22
3.0 9.0923 0.0
3.0 9.25 -0.3
3.0 9.25 0.0
3.0 9.25 2.45
3.0 9.25 2.67
3.0 9.3408 -0.22
3.0 9.3408 0.0
3.0 9.5 -0.3
3.0 9.5 0.0
3.0 9.5 2.45
3.0 9.5 2.67
3.0 9.5892 -0.22
3.0 9.5892 0.0
3.0 9.75 -0.3
3.0 9.75 0.0
3.0 9.75 2.45
3.0 9.75 2.67
3.0 9.8377 -0.22
3.0 9.8377 0.0
3.0 10.0 -0.3
3.0 10.0 0.0
3.0 10.0 2.45
3.0 10.0 2.67
3.0 10.0862 -0.22
3.0 10.0862 0.0
3.0 10.25 -0.3
3.0 10.25 0.0
3.0 10.25 2.45
3.0 10.25 2.67
3.0 10.3346 -0.22
3.0 10.3346 0.0
3.0 10.5 -0.3
3.0 10.5 0.0
3.0 10.5 2.45
3.0 10.5 2.67
3.0 10.5831 -0.22
3.0 10.5831 0.0
3.0 10.75 -0.3
3.0 10.75 0.0
3.0 10.75 2.45
3.0 10.75 2.67
3.0 10.8315 -0.22
3.0 10.8315 0.0
3.0 11.0 -0.3
3.0 11.0 0.0
3.0 11.0 2.45
3.0 11.0 2.67
3.0 11.08 -0.22
3.0 11.08 0.0
3.0 11.25 -0.3
3.0 11.25 0.0
3.0 11.25 2.45
3.0 11.25 2.67
3.0 11.3285 -0.22
3.0 11.3285 0.0
3.0 11.5 -0.3
3.0 11.5 0.0
3.0 11.5 2.45
3.0 11.5 2.67
3.0 11.5769 -0.22
3.0 11.5769 0.0
3.0 11.75 -0.3
3.0 11.75 0.0
3.0 11.75 2.45
3.0 11.75 2.67
3.0 11.8254 -0.22
3.0 11.8254 0.0
3.0 12.0 -0.3
3.0 12.0 0.0
3.0 12.0 2.45
3.0 12.0 2.67
3.0 12.0738 -0.22
3.0 12.0738 0.0
3.0 12.25 -0.3
3.0 12.25 0.0
3.0 12.25 2.45
3.0 12.25 2.67
3.0 12.3223 -0.22
3.0 12.3223 0.0
3.0 12.5 -0.3
3.0 12.5 0.0
3.0 12.5 2.45
3.0 12.5 2.67
3.0 12.5708 -0.22
3.0 12.5708 0.0
3.0 12.75 -0.3
3.0 12.75 0.0
3.0 12.75 2.45
3.0 12.75 2.67
3.0 12.8192 -0.22
3.0 12.8192 0.0
3.0 13.0 -0.3
3.0 13.0 0.0
3.0 13.0 2.45
3.0 13.0 2.67
3.0 13.0677 -0.22
3.0 13.0677 0.0
3.0 13.25 -0.3
3.0 13.25 0.0
3.0 13.25 2.45
3.0 13.25 2.67
3.0 13.3162 -0.22
3.0 13.3162 0.0
3.0 13.5 -0.3
3.0 13.5 0.0
3.0 13.5 2.45
3.0 13.5 2.67
3.0 13.5646 -0.22
3.0 13.5646 0.0
3.0 13.75 -0.3
3.0 13.75 0.0
3.0 13.75 2.45
3.0 13.75 2.67
3.0 13.8131 -0.22
3.0 13.8131 0.0
3.0 14.0 -0.3
3.0 14.0 0.0
3.0 14.0 2.45
3.0 14.0 2.67
3.0 14.0615 -0.22
3.0 14.0615 0.0
3.0 14.25 -0.3
3.0 14.25 0.0
3.0 14.25 2.45
3.0 14.25 2.67
3.0 14.31 -0.22
3.0 14.31 0.0
3.0 14.5 -0.3
3.0 14.5 0.0
3.0 14.5 2.45
3.0 14.5 2.67
3.0 14.5585 -0.22
3.0 14.5585 0.0
3.0 14.75 -0.3
3.0 14.75 0.0
3.0 14.75 2.45
3.0 14.75 2.67
3.0 14.8069 -0.22
3.0 14.8069 0.0
3.0 15.0 -0.3
3.0 15.0 0.0
3.0 15.0 2.45
3.0 15.0 2.67
3.0 15.0554 -0.22
3.0 15.0554 0.0
3.0 15.25 -0.3
3.0 15.25 0.0
3.0 15.25 2.45
3.0 15.25 2.67
3.0 15.3038 -0.22
3.0 15.3038 0.0
3.0 15.5 -0.3
3.0 15.5 0.0
3.0 15.5 2.45
3.0 15.5 2.67
3.0 15.5523 -0.22
3.0 15.5523 0.0
3.0 15.75 -0.3
3.0 15.75 0.0
3.0 15.75 2.45
3.0 15.75 2.67
3.0 15.8008 -0.22
3.0 15.8008 0.0
3.0 16.0 -0.3
3.0 16.0 0.0
3.0 16.0 2.45
3.0 16.0 2.67
3.0 16.0492 -0.22
3.0 16.0492 0.0
3.0 16.25 -0.3
3.0 16.25 0.0
3.0 16.25 2.45
3.0 16.25 2.67
3.0 16.2977 -0.22
3.0 16.2977 0.0
3.0 16.5 -0.3
3.0 16.5 0.0
3.0 16.5 2.45
3.0 16.5 2.67
3.0 16.5462 -0.22
3.0 16.5462 0.0
3.0 16.75 -0.3
3.0 16.75 0.0
3.0 16.75 2.45
3.0 16.75 2.67
3.0 16.7946 -0.22
3.0 16.7946 0.0
3.0 17.0 -0.3
3.0 17.0 0.0
3.0 17.0 2.45
3.0 17.0 2.67
3.0 17.0431 -0.22
3.0 17.0431 0.0
3.0 17.25 -0.3
3.0 17.25 0.0
3.0 17.25 2.45
3.0 17.25 2.67
3.0 17.2915 -0.22
3.0 17.2915 0.0
3.0 17.5 -0.3
3.0 17.5 0.0
3.0 17.5 2.45
3.0 17.5 2.67
3.0 17.54 -0.22
3.0 17.54 0.0
3.0 17.75 -0.3
3.0 17.75 0.0
3.0 17.75 2.45
3.0 17.75 2.67
3.0 17.7885 -0.22
3.0 17.7885 0.0
3.0 18.0 -0.3
3.0 18.0 0.0
3.0 18.0 2.45
3.0 18.0 2.67
3.0 18.0369 -0.22
3.0 18.0369 0.0
3.0 18.25 -0.3
3.0 18.25 0.0
3.0 18.25 2.45
3.0 18.25 2.67
3.0 18.2854 -0.22
3.0 18.2854 0.0
3.0 18.5 -0.3
3.0 18.5 0.0
3.0 18.5 2.45
3.0 18.5 2.67
3.0 18.5338 -0.22
3.0 18.5338 0.0
3.0 18.75 -0.3
3.0 18.75 0.0
3.0 18.75 2.45
3.0 18.75 2.67
3.0 18.7823 -0.22
3.0 18.7823 0.0
3.0 19.0 -0.3
3.0 19.0 0.0
3.0 19.0 2.45
3.0 19.0 2.67
3.0 19.0308 -0.22
3.0 19.0308 0.0
3.0 19.25 -0.3
3.0 19.25 0.0
3.0 19.25 2.45
3.0 19.25 2.67
3.0 19.2792 -0.22
3.0 19.2792 0.0
3.0 19.5 -0.3
3.0 19.5 0.0
3.0 19.5 2.45
3.0 19.5 2.67
3.0 19.5277 -0.22
3.0 19.5277 0.0
3.0 19.75 -0.3
3.0 19.75 0.0
3.0 19.75 2.45
3.0 19.75 2.67
3.0 19.7762 -0.22
3.0 19.7762 0.0
3.0 20.0 -0.3
3.0 20.0 0.0
3.0 20.0 2.45
3.0 20.0 2.67
3.0 20.0246 -0.22
3.0 20.0246 0.0
3.0 20.25 -0.3
3.0 20.25 0.0
3.0 20.25 2.45
3.0 20.25 2.67
3.0 20.2731 -0.22
3.0 20.2731 0.0
3.0 20.5 -0.3
3.0 20.5 0.0
3.0 20.5 2.45
3.0 20.5 2.67
3.0 20.5215 -0.22
3.0 20.5215 0.0
3.0 20.75 -0.3
3.0 20.75 0.0
3.0 20.75 2.45
3.0 20.75 2.67
3.0 20.77 -0.22
3.0 20.77 0.0
3.0 21.0 -0.3
3.0 21.0 0.0
3.0 21.0 2.45
3.0 21.0 2.67
3.0 21.0185 -0.22
3.0 21.0185 0.0
3.0 21.25 -0.3
3.0 21.25 0.0
3.0 21.25 2.45
3.0 21.25 2.67
3.0 21.2669 -0.22
3.0 21.2669 0.0
3.0 21.5 -0.3
3.0 21.5 0.0
3.0 21.5 2.45
3.0 21.5 2.67
3.0 21.5154 -0.22
3.0 21.5154 0.0
3.0 21.75 -0.3
3.0 21.75 0.0
3.0 21.75 2.45
3.0 21.75 2.67
3.0 21.7638 -0.22
3.0 21.7638 0.0
3.0 22.0 -0.3
3.0 22.0 0.0
3.0 22.0 2.45
3.0 22.0 2.67
3.0 22.0123 -0.22
3.0 22.0123 0.0
3.0 22.25 -0.3
3.0 22.25 0.0
3.0 22.25 2.45
3.0 22.25 2.67
3.0 22.2608 -0.22
3.0 22.2608 0.0
3.0 22.5 -0.3
3.0 22.5 0.0
3.0 22.5 2.45
3.0 22.5 2.67
3.0 22.5092 -0.22
3.0 22.5092 0.0
3.0 22.75 -0.3
3.0 22.75 0.0
3.0 22.75 2.45
3.0 22.75 2.67
3.0 22.7577 -0.22
3.0 22.7577 0.0
3.0 23.0 -0.3
3.0 23.0 0.0
3.0 23.0 2.45
3.0 23.0 2.67
3.0 23.0062 -0.22
3.0 23.0062 0.0
3.0 23.25 -0.3
3.0 23.25 0.0
3.0 23.25 2.45
3.0 23.25 2.67
3.0 23.2546 -0.22
3.0 23.2546 0.0
3.0 23.5 -0.3
3.0 23.5 0.0
3.0 23.5 2.45
3.0 23.5 2.67
3.0 23.5031 -0.22
3.0 23.5031 0.0
3.0 23.75 -0.3
3.0 23.75 0.0
3.0 23.75 2.45
3.0 23.75 2.67
3.0 23.7515 -0.22
3.0 23.7515 0.0
3.0 23.82 0.0
3.0 23.82 0.245
3.0 23.82 0.49
3.0 23.82 0.735
3.0 23.82 0.98
3.0 23.82 1.225
3.0 23.82 1.47
3.0 23.82 1.715
3.0 23.82 1.96
3.0 23.82 2.205
3.0 23.82 2.45
3.0 24.0 -0.3
3.0 24.0 -0.22
3.0 24.0 0.0
3.0 24.0 0.245
3.0 24.0 0.49
3.0 24.0 0.735
3.0 24.0 0.98
3.0 24.0 1.225
3.0 24.0 1.47
3.0 24.0 1.715
3.0 24.0 1.96
3.0 24.0 2.205
3.0 24.0 2.45
3.0 24.0 2.67
3.0 24.25 -0.3
3.0 24.25 0.0
3.0 24.5 -0.3
3.0 24.5 0.0
3.0 24.75 -0.3
3.0 24.75 0.0
3.0 25.0 -0.3
3.0 25.0 -0.15
3.0 25.0 0.0
3.015 0.0 0.0
3.015 0.0 0.245
3.015 0.0 0.49
3.015 0.0 0.735
3.015 0.0 0.98
3.015 0.0 1.225
3.015 0.0 1.47
3.015 0.0 1.715
3.015 0.0 1.96
3.015 0.0 2.205
3.015 0.0 2.45
3.015 0.18 0.0
3.015 0.18 0.245
3.015 0.18 0.49
3.015 0.18 0.735
3.015 0.18 0.98
3.015 0.18 1.225
3.015 0.18 1.47
3.015 0.18 1.715
3.015 0.18 1.96
3.015 0.18 2.205
3.015 0.18 2.45
3.09 1.25 0.0
3.09 1.25 0.245
3.09 1.25 0.49
3.09 1.25 0.735
3.09 1.25 0.98
3.09 1.25 1.225
3.09 1.25 1.47
3.09 1.25 1.715
3.09 1.25 1.96
3.09 1.25 2.205
3.09 1.25 2.45
3.09 1.43 0.0
3.09 1.43 0.245
3.09 1.43 0.49
3.09 1.43 0.735
3.09 1.43 0.98
3.09 1.43 1.225
3.09 1.43 1.47
3.09 1.43 1.715
3.09 1.43 1.96
3.09 1.43 2.205
3.09 1.43 2.45
3.09 3.77 0.0
3.09 3.77 0.245
3.09 3.77 0.49
3.09 3.77 0.735
3.09 3.77 0.98
3.09 3.77 1.225
3.09 3.77 1.47
3.09 3.77 1.715
3.09 3.77 1.96
3.09 3.77 2.205
3.09 3.77 2.45
3.09 3.95 0.0
3.09 3.95 0.245
3.09 3.95 0.49
3.09 3.95 0.735
3.09 3.95 0.98
3.09 3.95 1.225
3.09 3.95 1.47
3.09 3.95 1.715
3.09 3.95 1.96
3.09 3.95 2.205
3.09 3.95 2.45
3.25 -1.0 -0.3
3.25 -1.0 -0.15
3.25 -1.0 0.0
3.25 -0.75 -0.3
3.25 -0.75 0.0
3.25 -0.5 -0.3
3.25 -0.5 0.0
3.25 -0.25 -0.3
3.25 -0.25 0.0
3.25 0.0 -0.3
3.25 0.0 0.0
3.25 0.0 2.45
3.25 0.0 2.67
3.25 0.25 -0.3
3.25 0.25 0.0
3.25 0.25 2.45
3.25 0.25 2.67
3.25 0.5 -0.3
3.25 0.5 0.0
3.25 0.5 2.45
3.25 0.5 2.67
3.25 0.75 -0.3
3.25 0.75 0.0
3.25 0.75 2.45
3.25 0.75 2.67
3.25 1.0 -0.3
3.25 1.0 0.0
3.25 1.0 2.45
3.25 1.0 2.67
3.25 1.25 -0.3
3.25 1.25 0.0
3.25 1.25 2.45
3.25 1.25 2.67
3.25 1.5 -0.3
3.25 1.5 0.0
3.25 1.5 2.45
3.25 1.5 2.67
3.25 1.75 -0.3
3.25 1.75 0.0
3.25 1.75 2.45
3.25 1.75 2.67
3.25 2.0 -0.3
3.25 2.0 0.0
3.25 2.0 2.45
3.25 2.0 2.67
3.25 2.25 -0.3
3.25 2.25 0.0
3.25 2.25 2.45
3.25 2.25 2.67
3.25 2.5 -0.3
3.25 2.5 0.0
3.25 2.5 2.45
3.25 2.5 2.67
3.25 2.75 -0.3
3.25 2.75 0.0
3.25 2.75 2.45
3.25 2.75 2.67
3.25 3.0 -0.3
3.25 3.0 0.0
3.25 3.0 2.45
3.25 3.0 2.67
3.25 3.25 -0.3
3.25 3.25 0.0
3.25 3.25 2.45
3.25 3.25 2.67
3.25 3.5 -0.3
3.25 3.5 0.0
3.25 3.5 2.45
3.25 3.5 2.67
3.25 3.75 -0.3
3.25 3.75 0.0
3.25 3.75 2.45
3.25 3.75 2.67
3.25 4.0 -0.3
3.25 4.0 0.0
3.25 4.0 2.45
3.25 4.0 2.67
3.25 4.25 -0.3
3.25 4.25 0.0
3.25 4.25 2.45
3.25 4.25 2.67
3.25 4.5 -0.3
3.25 4.5 0.0
3.25 4.5 2.45
3.25 4.5 2.67
3.25 4.75 -0.3
3.25 4.75 0.0
3.25 4.75 2.45
3.25 4.75 2.67
3.25 5.0 -0.3
3.25 5.0 0.0
3.25 5.0 2.45
3.25 5.0 2.67
3.25 5.25 -0.3
3.25 5.25 0.0
3.25 5.25 2.45
3.25 5.25 2.67
3.25 5.5 -0.3
3.25 5.5 0.0
3.25 5.5 2.45
3.25 5.5 2.67
3.25 5.75 -0.3
3.25 5.75 0.0
3.25 5.75 2.45
3.25 5.75 2.67
3.25 6.0 -0.3
3.25 6.0 0.0
3.25 6.0 2.45
3.25 6.0 2.67
3.25 6.25 -0.3
3.25 6.25 0.0
3.25 6.25 2.45
3.25 6.25 2.67
3.25 6.5 -0.3
3.25 6.5 0.0
3.25 6.5 2.45
3.25 6.5 2.67
3.25 6.75 -0.3
3.25 6.75 0.0
3.25 6.75 2.45
3.25 6.75 2.67
3.25 7.0 -0.3
3.25 7.0 0.0
3.25 7.0 2.45
3.25 7.0 2.67
3.25 7.25 -0.3
3.25 7.25 0.0
3.25 7.25 2.45
3.25 7.25 2.67
3.25 7.5 -0.3
3.25 7.5 0.0
3.25 7.5 2.45
3.25 7.5 2.67
3.25 7.75 -0.3
3.25 7.75 0.0
3.25 7.75 2.45
3.25 7.75 2.67
3.25 7.85 -0.22
3.25 7.85 0.0
3.25 8.0 -0.3
3.25 8.0 0.0
3.25 8.0 2.45
3.25 8.0 2.67
3.25 8.0985 -0.22
3.25 8.0985 0.0
3.25 8.25 -0.3
3.25 8.25 0.0
3.25 8.25 2.45
3.25 8.25 2.67
3.25 8.3469 -0.22
3.25 8.3469 0.0
3.25 8.5 -0.3
3.25 8.5 0.0
3.25 8.5 2.45
3.25 8.5 2.67
3.25 8.5954 -0.22
3.25 8.5954 0.0
3.25 8.75 -0.3
3.25 8.75 0.0
3.25 8.75 2.45
3.25 8.75 2.67
3.25 8.8438 -0.22
3.25 8.8438 0.0
3.25 9.0 -0.3
3.25 9.0 0.0
3.25 9.0 2.45
3.25 9.0 2.67
3.25 9.0923 -0.22
3.25 9.0923 0.0
3.25 9.25 -0.3
3.25 9.25 0.0
3.25 9.25 2.45
3.25 9.25 2.67
3.25 9.3408 -0.22
3.25 9.3408 0.0
3.25 9.5 -0.3
3.25 9.5 0.0
3.25 9.5 2.45
3.25 9.5 2.67
3.25 9.5892 -0.22
3.25 9.5892 0.0
3.25 9.75 -0.3
3.25 9.75 0.0
3.25 9.75 2.45
3.25 9.75 2.67
3.25 9.8377 -0.22
3.25 9.8377 0.0
3.25 10.0 -0.3
3.25 10.0 0.0
3.25 10.0 2.45
3.25 10.0 2.67
3.25 10.0862 -0.22
3.25 10.0862 0.0
3.25 10.25 -0.3
3.25 10.25 0.0
3.25 10.25 2.45
3.25 10.25 2.67
3.25 10.3346 -0.22
3.25 10.3346 0.0
3.25 10.5 -0.3
3.25 10.5 0.0
3.25 10.5 2.45
3.25 10.5 2.67
3.25 10.5831 -0.22
3.25 10.5831 0.0
3.25 10.75 -0.3
3.25 10.75 0.0
3.25 10.75 2.45
3.25 10.75 2.67
3.25 10.8315 -0.22
3.25 10.8315 0.0
3.25 11.0 -0.3
3.25 11.0 0.0
3.25 11.0 2.45
3.25 11.0 2.67
3.25 11.08 -0.22
3.25 11.08 0.0
3.25 11.25 -0.3
3.25 11.25 0.0
3.25 11.25 2.45
3.25 11.25 2.67
3.25 11.3285 -0.22
3.25 11.3285 0.0
3.25 11.5 -0.3
3.25 11.5 0.0
3.25 11.5 2.45
3.25 11.5 2.67
3.25 11.5769 -0.22
3.25 11.5769 0.0
3.25 11.75 -0.3
3.25 11.75 0.0
3.25 11.75 2.45
3.25 11.75 2.67
3.25 11.8254 -0.22
3.25 11.8254 0.0
3.25 12.0 -0.3
3.25 12.0 0.0
3.25 12.0 2.45
3.25 12.0 2.67
3.25 12.0738 -0.22
3.25 12.0738 0.0
3.25 12.25 -0.3
3.25 12.25 0.0
3.25 12.25 2.45
3.25 12.25 2.67
3.25 12.3223 -0.22
3.25 12.3223 0.0
3.25 12.5 -0.3
3.25 12.5 0.0
3.25 12.5 2.45
3.25 12.5 2.67
3.25 12.5708 -0.22
3.25 12.5708 0.0
3.25 12.75 -0.3
3.25 12.75 0.0
3.25 12.75 2.45
3.25 12.75 2.67
3.25 12.8192 -0.22
3.25 12.8192 0.0
3.25 13.0 -0.3
3.25 13.0 0.0
3.25 13.0 2.45
3.25 13.0 2.67
3.25 13.0677 -0.22
3.25 13.0677 0.0
3.25 13.25 -0.3
3.25 13.25 0.0
3.25 13.25 2.45
3.25 13.25 2.67
3.25 13.3162 -0.22
3.25 13.3162 0.0
3.25 13.5 -0.3
3.25 13.5 0.0
3.25 13.5 2.45
3.25 13.5 2.67
3.25 13.5646 -0.22
3.25 13.5646 0.0
3.25 13.75 -0.3
3.25 13.75 0.0
3.25 13.75 2.45
3.25 13.75 2.67
3.25 13.8131 -0.22
3.25 13.8131 0.0
3.25 14.0 -0.3
3.25 14.0 0.0
3.25 14.0 2.45
3.25 14.0 2.67
3.25 14.0615 -0.22
3.25 14.0615 0.0
3.25 14.25 -0.3
3.25 14.25 0.0
3.25 14.25 2.45
3.25 14.25 2.67
3.25 14.31 -0.22
3.25 14.31 0.0
3.25 14.5 -0.3
3.25 14.5 0.0
3.25 14.5 2.45
3.25 14.5 2.67
3.25 14.5585 -0.22
3.25 14.5585 0.0
3.25 14.75 -0.3
3.25 14.75 0.0
3.25 14.75 2.45
3.25 14.75 2.67
3.25 14.8069 -0.22
3.25 14.8069 0.0
3.25 15.0 -0.3
3.25 15.0 0.0
3.25 15.0 2.45
3.25 15.0 2.67
3.25 15.0554 -0.22
3.25 15.0554 0.0
3.25 15.25 -0.3
3.25 15.25 0.0
3.25 15.25 2.45
3.25 15.25 2.67
3.25 15.3038 -0.22
3.25 15.3038 0.0
3.25 15.5 -0.3
3.25 15.5 0.0
3.25 15.5 2.45
3.25 15.5 2.67
3.25 15.5523 -0.22
3.25 15.5523 0.0
3.25 15.75 -0.3
3.25 15.75 0.0
3.25 15.75 2.45
3.25 15.75 2.67
3.25 15.8008 -0.22
3.25 15.8008 0.0
3.25 16.0 -0.3
3.25 16.0 0.0
3.25 16.0 2.45
3.25 16.0 2.67
3.25 16.0492 -0.22
3.25 16.0492 0.0
3.25 16.25 -0.3
3.25 16.25 0.0
3.25 16.25 2.45
3.25 16.25 2.67
3.25 16.2977 -0.22
3.25 16.2977 0.0
3.25 16.5 -0.3
3.25 16.5 0.0
3.25 16.5 2.45
3.25 16.5 2.67
3.25 16.5462 -0.22
3.25 16.5462 0.0
3.25 16.75 -0.3
3.25 16.75 0.0
3.25 16.75 2.45
3.25 16.75 2.67
3.25 16.7946 -0.22
3.25 16.7946 0.0
3.25 17.0 -0.3
3.25 17.0 0.0
3.25 17.0 2.45
3.25 17.0 2.67
3.25 17.0431 -0.22
3.25 17.0431 0.0
3.25 17.25 -0.3
3.25 17.25 0.0
3.25 17.25 2.45
3.25 17.25 2.67
3.25 17.2915 -0.22
3.25 17.2915 0.0
3.25 17.5 -0.3
3.25 17.5 0.0
3.25 17.5 2.45
3.25 17.5 2.67
3.25 17.54 -0.22
3.25 17.54 0.0
3.25 17.75 -0.3
3.25 17.75 0.0
3.25 17.75 2.45
3.25 17.75 2.67
3.25 17.7885 -0.22
3.25 17.7885 0.0
3.25 18.0 -0.3
3.25 18.0 0.0
3.25 18.0 2.45
3.25 18.0 2.67
3.25 18.0369 -0.22
3.25 18.0369 0.0
3.25 18.25 -0.3
3.25 18.25 0.0
3.25 18.25 2.45
3.25 18.25 2.67
3.25 18.2854 -0.22
3.25 18.2854 0.0
3.25 18.5 -0.3
3.25 18.5 0.0
3.25 18.5 2.45
3.25 18.5 2.67
3.25 18.5338 -0.22
3.25 18.5338 0.0
3.25 18.75 -0.3
3.25 18.75 0.0
3.25 18.75 2.45
3.25 18.75 2.67
3.25 18.7823 -0.22
3.25 18.7823 0.0
3.25 19.0 -0.3
3.25 19.0 0.0
3.25 19.0 2.45
3.25 19.0 2.67
3.25 19.0308 -0.22
3.25 19.0308 0.0
3.25 19.25 -0.3
3.25 19.25 0.0
3.25 19.25 2.45
3.25 19.25 2.67
3.25 19.2792 -0.22
3.25 19.2792 0.0
3.25 19.5 -0.3
3.25 19.5 0.0
3.25 19.5 2.45
3.25 19.5 2.67
3.25 19.5277 -0.22
3.25 19.5277 0.0
3.25 19.75 -0.3
3.25 19.75 0.0
3.25 19.75 2.45
3.25 19.75 2.67
3.25 19.7762 -0.22
3.25 19.7762 0.0
3.25 20.0 -0.3
3.25 20.0 0.0
3.25 20.0 2.45
3.25 20.0 2.67
3.25 20.0246 -0.22
3.25 20.0246 0.0
3.25 20.25 -0.3
3.25 20.25 0.0
3.25 20.25 2.45
3.25 20.25 2.67
3.25 20.2731 -0.22
3.25 20.2731 0.0
3.25 20.5 -0.3
3.25 20.5 0.0
3.25 20.5 2.45
3.25 20.5 2.67
3.25 20.5215 -0.22
3.25 20.5215 0.0
3.25 20.75 -0.3
3.25 20.75 0.0
3.25 20.75 2.45
3.25 20.75 2.67
3.25 20.77 -0.22
3.25 20.77 0.0
3.25 21.0 -0.3
3.25 21.0 0.0
3.25 21.0 2.45
3.25 21.0 2.67
3.25 21.0185 -0.22
3.25 21.0185 0.0
3.25 21.25 -0.3
3.25 21.25 0.0
3.25 21.25 2.45
3.25 21.25 2.67
3.25 21.2669 -0.22
3.25 21.2669 0.0
3.25 21.5 -0.3
3.25 21.5 0.0
3.25 21.5 2.45
3.25 21.5 2.67
3.25 21.5154 -0.22
3.25 21.5154 0.0
3.25 21.75 -0.3
3.25 21.75 0.0
3.25 21.75 2.45
3.25 21.75 2.67
3.25 21.7638 -0.22
3.25 21.7638 0.0
3.25 22.0 -0.3
3.25 22.0 0.0
3.25 22.0 2.45
3.25 22.0 2.67
3.25 22.0123 -0.22
3.25 22.0123 0.0
3.25 22.25 -0.3
3.25 22.25 0.0
3.25 22.25 2.45
3.25 22.25 2.67
3.25 22.2608 -0.22
3.25 22.2608 0.0
3.25 22.5 -0.3
3.25 22.5 0.0
3.25 22.5 2.45
3.25 22.5 2.67
3.25 22.5092 -0.22
3.25 22.5092 0.0
3.25 22.75 -0.3
3.25 22.75 0.0
3.25 22.75 2.45
3.25 22.75 2.67
3.25 22.7577 -0.22
3.25 22.7577 0.0
3.25 23.0 -0.3
3.25 23.0 0.0
3.25 23.0 2.45
3.25 23.0 2.67
3.25 23.0062 -0.22
3.25 23.0062 0.0
3.25 23.25 -0.3
3.25 23.25 0.0
3.25 23.25 2.45
3.25 23.25 2.67
3.25 23.2546 -0.22
3.25 23.2546 0.0
3.25 23.5 -0.3
3.25 23.5 0.0
3.25 23.5 2.45
3.25 23.5 2.67
3.25 23.5031 -0.22
3.25 23.5031 0.0
3.25 23.75 -0.3
3.25 23.75 0.0
3.25 23.75 2.45
3.25 23.75 2.67
3.25 23.7515 -0.22
3.25 23.7515 0.0
3.25 23.82 0.0
3.25 23.82 0.245
3.25 23.82 0.49
3.25 23.82 0.735
3.25 23.82 0.98
3.25 23.82 1.225
3.25 23.82 1.47
3.25 23.82 1.715
3.25 23.82 1.96
3.25 23.82 2.205
3.25 23.82 2.45
3.25 24.0 -0.3
3.25 24.0 -0.22
3.25 24.0 0.0
3.25 24.0 0.245
3.25 24.0 0.49
3.25 24.0 0.735
3.25 24.0 0.98
3.25 24.0 1.225
3.25 24.0 1.47
3.25 24.0 1.715
3.25 24.0 1.96
3.25 24.0 2.205
3.25 24.0 2.45
3.25 24.0 2.67
3.25 24.25 -0.3
3.25 24.25 0.0
3.25 24.5 -0.3
3.25 24.5 0.0
3.25 24.75 -0.3
3.25 24.75 0.0
3.25 25.0 -0.3
3.25 25.0 -0.15
3.25 25.0 0.0
3.2644 0.0 0.0
3.2644 0.0 0.245
3.2644 0.0 0.49
3.2644 0.0 0.735
3.2644 0.0 0.98
3.2644 0.0 1.225
3.2644 0.0 1.47
3.2644 0.0 1.715
3.2644 0.0 1.96
3.2644 0.0 2.205
3.2644 0.0 2.45
3.2644 0.18 0.0
3.2644 0.18 0.245
3.2644 0.18 0.49
3.2644 0.18 0.735
3.2644 0.18 0.98
3.2644 0.18 1.225
3.2644 0.18 1.47
3.2644 0.18 1.715
3.2644 0.18 1.96
3.2644 0.18 2.205
3.2644 0.18 2.45
3.33 1.25 0.0
3.33 1.25 0.245
3.33 1.25 0.49
3.33 1.25 0.735
3.33 1.25 0.98
3.33 1.25 1.225
3.33 1.25 1.47
3.33 1.25 1.715
3.33 1.25 1.96
3.33 1.25 2.205
3.33 1.25 2.45
3.33 1.43 0.0
3.33 1.43 0.245
3.33 1.43 0.49
3.33 1.43 0.735
3.33 1.43 0.98
3.33 1.43 1.225
3.33 1.43 1.47
3.33 1.43 1.715
3.33 1.43 1.96
3.33 1.43 2.205
3.33 1.43 2.45
3.33 3.77 0.0
3.33 3.77 0.245
3.33 3.77 0.49
3.33 3.77 0.735
3.33 3.77 0.98
3.33 3.77 1.225
3.33 3.77 1.47
3.33 3.77 1.715
3.33 3.77 1.96
3.33 3.77 2.205
3.33 3.77 2.45
3.33 3.95 0.0
3.33 3.95 0.245
3.33 3.95 0.49
3.33 3.95 0.735
3.33 3.95 0.98
3.33 3.95 1.225
3.33 3.95 1.47
3.33 3.95 1.715
3.33 3.95 1.96
3.33 3.95 2.205
3.33 3.95 2.45
3.5 -1.0 -0.3
3.5 -1.0 -0.15
3.5 -1.0 0.0
3.5 -0.75 -0.3
3.5 -0.75 0.0
3.5 -0.5 -0.3
3.5 -0.5 0.0
3.5 -0.25 -0.3
3.5 -0.25 0.0
3.5 0.0 -0.3
3.5 0.0 0.0
3.5 0.0 2.45
3.5 0.0 2.67
3.5 0.25 -0.3
3.5 0.25 0.0
3.5 0.25 2.45
3.5 0.25 2.67
3.5 0.5 -0.3
3.5 0.5 0.0
3.5 0.5 2.45
3.5 0.5 2.67
3.5 0.75 -0.3
3.5 0.75 0.0
3.5 0.75 2.45
3.5 0.75 2.67
3.5 1.0 -0.3
3.5 1.0 0.0
3.5 1.0 2.45
3.5 1.0 2.67
3.5 1.25 -0.3
3.5 1.25 0.0
3.5 1.25 2.45
3.5 1.25 2.67
3.5 1.5 -0.3
3.5 1.5 0.0
3.5 1.5 2.45
3.5 1.5 2.67
3.5 1.75 -0.3
3.5 1.75 0.0
3.5 1.75 2.45
3.5 1.75 2.67
3.5 2.0 -0.3
3.5 2.0 0.0
3.5 2.0 2.45
3.5 2.0 2.67
3.5 2.25 -0.3
3.5 2.25 0.0
3.5 2.25 2.45
3.5 2.25 2.67
3.5 2.5 -0.3
3.5 2.5 0.0
3.5 2.5 2.45
3.5 2.5 2.67
3.5 2.75 -0.3
3.5 2.75 0.0
3.5 2.75 2.45
3.5 2.75 2.67
3.5 3.0 -0.3
3.5 3.0 0.0
3.5 3.0 2.45
3.5 3.0 2.67
3.5 3.25 -0.3
3.5 3.25 0.0
3.5 3.25 2.45
3.5 3.25 2.67
3.5 3.5 -0.3
3.5 3.5 0.0
3.5 3.5 2.45
3.5 3.5 2.67
3.5 3.75 -0.3
3.5 3.75 0.0
3.5 3.75 2.45
3.5 3.75 2.67
3.5 4.0 -0.3
3.5 4.0 0.0
3.5 4.0 2.45
3.5 4.0 2.67
3.5 4.25 -0.3
3.5 4.25 0.0
3.5 4.25 2.45
3.5 4.25 2.67
3.5 4.5 -0.3
3.5 4.5 0.0
3.5 4.5 2.45
3.5 4.5 2.67
3.5 4.75 -0.3
3.5 4.75 0.0
3.5 4.75 2.45
3.5 4.75 2.67
3.5 5.0 -0.3
3.5 5.0 0.0
3.5 5.0 2.45
3.5 5.0 2.67
3.5 5.25 -0.3
3.5 5.25 0.0
3.5 5.25 2.45
3.5 5.25 2.67
3.5 5.5 -0.3
3.5 5.5 0.0
3.5 5.5 2.45
3.5 5.5 2.67
3.5 5.75 -0.3
3.5 5.75 0.0
3.5 5.75 2.45
3.5 5.75 2.67
3.5 6.0 -0.3
3.5 6.0 0.0
3.5 6.0 2.45
3.5 6.0 2.67
3.5 6.25 -0.3
3.5 6.25 0.0
3.5 6.25 2.45
3.5 6.25 2.67
3.5 6.5 -0.3
3.5 6.5 0.0
3.5 6.5 2.45
3.5 6.5 2.67
3.5 6.75 -0.3
3.5 6.75 0.0
3.5 6.75 2.45
3.5 6.75 2.67
3.5 7.0 -0.3
3.5 7.0 0.0
3.5 7.0 2.45
3.5 7.0 2.67
3.5 7.25 -0.3
3.5 7.25 0.0
3.5 7.25 2.45
3.5 7.25 2.67
3.5 7.5 -0.3
3.5 7.5 0.0
3.5 7.5 2.45
3.5 7.5 2.67
3.5 7.75 -0.3
3.5 7.75 0.0
3.5 7.75 2.45
3.5 7.75 2.67
3.5 7.85 -0.22
3.5 7.85 0.0
3.5 8.0 -0.3
3.5 8.0 0.0
3.5 8.0 2.45
3.5 8.0 2.67
3.5 8.0985 -0.22
3.5 8.0985 0.0
3.5 8.25 -0.3
3.5 8.25 0.0
3.5 8.25 2.45
3.5 8.25 2.67
3.5 8.3469 -0.22
3.5 8.3469 0.0
3.5 8.5 -0.3
3.5 8.5 0.0
3.5 8.5 2.45
3.5 8.5 2.67
3.5 8.5954 -0.22
3.5 8.5954 0.0
3.5 8.75 -0.3
3.5 8.75 0.0
3.5 8.75 2.45
3.5 8.75 2.67
3.5 8.8438 -0.22
3.5 8.8438 0.0
3.5 9.0 -0.3
3.5 9.0 0.0
3.5 9.0 2.45
3.5 9.0 2.67
3.5 9.0923 -0.22
3.5 9.0923 0.0
3.5 9.25 -0.3
3.5 9.25 0.0
3.5 9.25 2.45
3.5 9.25 2.67
3.5 9.3408 -0.22
3.5 9.3408 0.0
3.5 9.5 -0.3
3.5 9.5 0.0
3.5 9.5 2.45
3.5 9.5 2.67
3.5 9.5892 -0.22
3.5 9.5892 0.0
3.5 9.75 -0.3
3.5 9.75 0.0
3.5 9.75 2.45
3.5 9.75 2.67
3.5 9.8377 -0.22
3.5 9.8377 0.0
3.5 10.0 -0.3
3.5 10.0 0.0
3.5 10.0 2.45
3.5 10.0 2.67
3.5 10.0862 -0.22
3.5 10.0862 0.0
3.5 10.25 -0.3
3.5 10.25 0.0
3.5 10.25 2.45
3.5 10.25 2.67
3.5 10.3346 -0.22
3.5 10.3346 0.0
3.5 10.5 -0.3
3.5 10.5 0.0
3.5 10.5 2.45
3.5 10.5 2.67
3.5 10.5831 -0.22
3.5 10.5831 0.0
3.5 10.75 -0.3
3.5 10.75 0.0
3.5 10.75 2.45
3.5 10.75 2.67
3.5 10.8315 -0.22
3.5 10.8315 0.0
3.5 11.0 -0.3
3.5 11.0 0.0
3.5 11.0 2.45
3.5 11.0 2.67
3.5 11.08 -0.22
3.5 11.08 0.0
3.5 11.25 -0.3
3.5 11.25 0.0
3.5 11.25 2.45
3.5 11.25 2.67
3.5 11.3285 -0.22
3.5 11.3285 0.0
3.5 11.5 -0.3
3.5 11.5 0.0
3.5 11.5 2.45
3.5 11.5 2.67
3.5 11.5769 -0.22
3.5 11.5769 0.0
3.5 11.75 -0.3
3.5 11.75 0.0
3.5 11.75 2.45
3.5 11.75 2.67
3.5 11.8254 -0.22
3.5 11.8254 0.0
3.5 12.0 -0.3
3.5 12.0 0.0
3.5 12.0 2.45
3.5 12.0 2.67
3.5 12.0738 -0.22
3.5 12.0738 0.0
3.5 12.25 -0.3
3.5 12.25 0.0
3.5 12.25 2.45
3.5 12.25 2.67
3.5 12.3223 -0.22
3.5 12.3223 0.0
3.5 12.5 -0.3
3.5 12.5 0.0
3.5 12.5 2.45
3.5 12.5 2.67
3.5 12.5708 -0.22
3.5 12.5708 0.0
3.5 12.75 -0.3
3.5 12.75 0.0
3.5 12.75 2.45
3.5 12.75 2.67
3.5 12.8192 -0.22
3.5 12.8192 0.0
3.5 13.0 -0.3
3.5 13.0 0.0
3.5 13.0 2.45
3.5 13.0 2.67
3.5 13.0677 -0.22
3.5 13.0677 0.0
3.5 13.25 -0.3
3.5 13.25 0.0
3.5 13.25 2.45
3.5 13.25 2.67
3.5 13.3162 -0.22
3.5 13.3162 0.0
3.5 13.5 -0.3
3.5 13.5 0.0
3.5 13.5 2.45
3.5 13.5 2.67
3.5 13.5646 -0.22
3.5 13.5646 0.0
3.5 13.75 -0.3
3.5 13.75 0.0
3.5 13.75 2.45
3.5 13.75 2.67
3.5 13.8131 -0.22
3.5 13.8131 0.0
3.5 14.0 -0.3
3.5 14.0 0.0
3.5 14.0 2.45
3.5 14.0 2.67
3.5 14.0615 -0.22
3.5 14.0615 0.0
3.5 14.25 -0.3
3.5 14.25 0.0
3.5 14.25 2.45
3.5 14.25 2.67
3.5 14.31 -0.22
3.5 14.31 0.0
3.5 14.5 -0.3
3.5 14.5 0.0
3.5 14.5 2.45
3.5 14.5 2.67
3.5 14.5585 -0.22
3.5 14.5585 0.0
3.5 14.75 -0.3
3.5 14.75 0.0
3.5 14.75 2.45
3.5 14.75 2.67
3.5 14.8069 -0.22
3.5 14.8069 0.0
3.5 15.0 -0.3
3.5 15.0 0.0
3.5 15.0 2.45
3.5 15.0 2.67
3.5 15.0554 -0.22
3.5 15.0554 0.0
3.5 15.25 -0.3
3.5 15.25 0.0
3.5 15.25 2.45
3.5 15.25 2.67
3.5 15.3038 -0.22
3.5 15.3038 0.0
3.5 15.5 -0.3
3.5 15.5 0.0
3.5 15.5 2.45
3.5 15.5 2.67
3.5 15.5523 -0.22
3.5 15.5523 0.0
3.5 15.75 -0.3
3.5 15.75 0.0
3.5 15.75 2.45
3.5 15.75 2.67
3.5 15.8008 -0.22
3.5 15.8008 0.0
3.5 16.0 -0.3
3.5 16.0 0.0
3.5 16.0 2.45
3.5 16.0 2.67
3.5 16.0492 -0.22
3.5 16.0492 0.0
3.5 16.25 -0.3
3.5 16.25 0.0
3.5 16.25 2.45
3.5 16.25 2.67
3.5 16.2977 -0.22
3.5 16.2977 0.0
3.5 16.5 -0.3
3.5 16.5 0.0
3.5 16.5 2.45
3.5 16.5 2.67
3.5 16.5462 -0.22
3.5 16.5462 0.0
3.5 16.75 -0.3
3.5 16.75 0.0
3.5 16.75 2.45
3.5 16.75 2.67
3.5 16.7946 -0.22
3.5 16.7946 0.0
3.5 17.0 -0.3
3.5 17.0 0.0
3.5 17.0 2.45
3.5 17.0 2.67
3.5 17.0431 -0.22
3.5 17.0431 0.0
3.5 17.25 -0.3
3.5 17.25 0.0
3.5 17.25 2.45
3.5 17.25 2.67
3.5 17.2915 -0.22
3.5 17.2915 0.0
3.5 17.5 -0.3
3.5 17.5 0.0
3.5 17.5 2.45
3.5 17.5 2.67
3.5 17.54 -0.22
3.5 17.54 0.0
3.5 17.75 -0.3
3.5 17.75 0.0
3.5 17.75 2.45
3.5 17.75 2.67
3.5 17.7885 -0.22
3.5 17.7885 0.0
3.5 18.0 -0.3
3.5 18.0 0.0
3.5 18.0 2.45
3.5 18.0 2.67
3.5 18.0369 -0.22
3.5 18.0369 0.0
3.5 18.25 -0.3
3.5 18.25 0.0
3.5 18.25 2.45
3.5 18.25 2.67
3.5 18.2854 -0.22
3.5 18.2854 0.0
3.5 18.5 -0.3
3.5 18.5 0.0
3.5 18.5 2.45
3.5 18.5 2.67
3.5 18.5338 -0.22
3.5 18.5338 0.0
3.5 18.75 -0.3
3.5 18.75 0.0
3.5 18.75 2.45
3.5 18.75 2.67
3.5 18.7823 -0.22
3.5 18.7823 0.0
3.5 19.0 -0.3
3.5 19.0 0.0
3.5 19.0 2.45
3.5 19.0 2.67
3.5 19.0308 -0.22
3.5 19.0308 0.0
3.5 19.25 -0.3
3.5 19.25 0.0
3.5 19.25 2.45
3.5 19.25 2.67
3.5 19.2792 -0.22
3.5 19.2792 0.0
3.5 19.5 -0.3
3.5 19.5 0.0
3.5 19.5 2.45
3.5 19.5 2.67
3.5 19.5277 -0.22
3.5 19.5277 0.0
3.5 19.75 -0.3
3.5 19.75 0.0
3.5 19.75 2.45
3.5 19.75 2.67
3.5 19.7762 -0.22
3.5 19.7762 0.0
3.5 20.0 -0.3
3.5 20.0 0.0
3.5 20.0 2.45
3.5 20.0 2.67
3.5 20.0246 -0.22
3.5 20.0246 0.0
3.5 20.25 -0.3
3.5 20.25 0.0
3.5 20.25 2.45
3.5 20.25 2.67
3.5 20.2731 -0.22
3.5 20.2731 0.0
3.5 20.5 -0.3
3.5 20.5 0.0
3.5 20.5 2.45
3.5 20.5 2.67
3.5 20.5215 -0.22
3.5 20.5215 0.0
3.5 20.75 -0.3
3.5 20.75 0.0
3.5 20.75 2.45
3.5 20.75 2.67
3.5 20.77 -0.22
3.5 20.77 0.0
3.5 21.0 -0.3
3.5 21.0 0.0
3.5 21.0 2.45
3.5 21.0 2.67
3.5 21.0185 -0.22
3.5 21.0185 0.0
3.5 21.25 -0.3
3.5 21.25 0.0
3.5 21.25 2.45
3.5 21.25 2.67
3.5 21.2669 -0.22
3.5 21.2669 0.0
3.5 21.5 -0.3
3.5 21.5 0.0
3.5 21.5 2.45
3.5 21.5 2.67
3.5 21.5154 -0.22
3.5 21.5154 0.0
3.5 21.75 -0.3
3.5 21.75 0.0
3.5 21.75 2.45
3.5 21.75 2.67
3.5 21.7638 -0.22
3.5 21.7638 0.0
3.5 22.0 -0.3
3.5 22.0 0.0
3.5 22.0 2.45
3.5 22.0 2.67
3.5 22.0123 -0.22
3.5 22.0123 0.0
3.5 22.25 -0.3
3.5 22.25 0.0
3.5 22.25 2.45
3.5 22.25 2.67
3.5 22.2608 -0.22
3.5 22.2608 0.0
3.5 22.5 -0.3
3.5 22.5 0.0
3.5 22.5 2.45
3.5 22.5 2.67
3.5 22.5092 -0.22
3.5 22.5092 0.0
3.5 22.75 -0.3
3.5 22.75 0.0
3.5 22.75 2.45
3.5 22.75 2.67
3.5 22.7577 -0.22
3.5 22.7577 0.0
3.5 23.0 -0.3
3.5 23.0 0.0
3.5 23.0 2.45
3.5 23.0 2.67
3.5 23.0062 -0.22
3.5 23.0062 0.0
3.5 23.25 -0.3
3.5 23.25 0.0
3.5 23.25 2.45
3.5 23.25 2.67
3.5 23.2546 -0.22
3.5 23.2546 0.0
3.5 23.5 -0.3
3.5 23.5 0.0
3.5 23.5 2.45
3.5 23.5 2.67
3.5 23.5031 -0.22
3.5 23.5031 0.0
3.5 23.75 -0.3
3.5 23.75 0.0
3.5 23.75 2.45
3.5 23.75 2.67
3.5 23.7515 -0.22
3.5 23.7515 0.0
3.5 23.82 0.0
3.5 23.82 0.245
3.5 23.82 0.49
3.5 23.82 0.735
3.5 23.82 0.98
3.5 23.82 1.225
3.5 23.82 1.47
3.5 23.82 1.715
3.5 23.82 1.96
3.5 23.82 2.205
3.5 23.82 2.45
3.5 24.0 -0.3
3.5 24.0 -0.22
3.5 24.0 0.0
3.5 24.0 0.245
3.5 24.0 0.49
3.5 24.0 0.735
3.5 24.0 0.98
3.5 24.0 1.225
3.5 24.0 1.47
3.5 24.0 1.715
3.5 24.0 1.96
3.5 24.0 2.205
3.5 24.0 2.45
3.5 24.0 2.67
3.5 24.25 -0.3
3.5 24.25 0.0
3.5 24.5 -0.3
3.5 24.5 0.0
3.5 24.75 -0.3
3.5 24.75 0.0
3.5 25.0 -0.3
3.5 25.0 -0.15
3.5 25.0 0.0
3.5137 0.0 0.0
3.5137 0.0 0.245
3.5137 0.0 0.49
3.5137 0.0 0.735
3.5137 0.0 0.98
3.5137 0.0 1.225
3.5137 0.0 1.47
3.5137 0.0 1.715
3.5137 0.0 1.96
3.5137 0.0 2.205
3.5137 0.0 2.45
3.5137 0.18 0.0
3.5137 0.18 0.245
3.5137 0.18 0.49
3.5137 0.18 0.735
3.5137 0.18 0.98
3.5137 0.18 1.225
3.5137 0.18 1.47
3.5137 0.18 1.715
3.5137 0.18 1.96
3.5137 0.18 2.205
3.5137 0.18 2.45
3.57 1.25 0.0
3.57 1.25 0.245
3.57 1.25 0.49
3.57 1.25 0.735
3.57 1.25 0.98
3.57 1.25 1.225
3.57 1.25 1.47
3.57 1.25 1.715
3.57 1.25 1.96
3.57 1.25 2.205
3.57 1.25 2.45
3.57 1.43 0.0
3.57 1.43 0.245
3.57 1.43 0.49
3.57 1.43 0.735
3.57 1.43 0.98
3.57 1.43 1.225
3.57 1.43 1.47
3.57 1.43 1.715
3.57 1.43 1.96
3.57 1.43 2.205
3.57 1.43 2.45
3.57 3.77 0.0
3.57 3.77 0.245
3.57 3.77 0.49
3.57 3.77 0.735
3.57 3.77 0.98
3.57 3.77 1.225
3.57 3.77 1.47
3.57 3.77 1.715
3.57 3.77 1.96
3.57 3.77 2.205
3.57 3.77 2.45
3.57 3.95 0.0
3.57 3.95 0.245
3.57 3.95 0.49
3.57 3.95 0.735
3.57 3.95 0.98
3.57 3.95 1.225
3.57 3.95 1.47
3.57 3.95 1.715
3.57 3.95 1.96
3.57 3.95 2.205
3.57 3.95 2.45
3.75 -1.0 -0.3
3.75 -1.0 -0.15
3.75 -1.0 0.0
3.75 -0.75 -0.3
3.75 -0.75 0.0
3.75 -0.5 -0.3
3.75 -0.5 0.0
3.75 -0.25 -0.3
3.75 -0.25 0.0
3.75 0.0 -0.3
3.75 0.0 0.0
3.75 0.0 2.45
3.75 0.0 2.67
3.75 0.25 -0.3
3.75 0.25 0.0
3.75 0.25 2.45
3.75 0.25 2.67
3.75 0.5 -0.3
3.75 0.5 0.0
3.75 0.5 2.45
3.75 0.5 2.67
3.75 0.75 -0.3
3.75 0.75 0.0
3.75 0.75 2.45
3.75 0.75 2.67
3.75 1.0 -0.3
3.75 1.0 0.0
3.75 1.0 2.45
3.75 1.0 2.67
3.75 1.25 -0.3
3.75 1.25 0.0
3.75 1.25 2.45
3.75 1.25 2.67
3.75 1.5 -0.3
3.75 1.5 0.0
3.75 1.5 2.45
3.75 1.5 2.67
3.75 1.75 -0.3
3.75 1.75 0.0
3.75 1.75 2.45
3.75 1.75 2.67
3.75 2.0 -0.3
3.75 2.0 0.0
3.75 2.0 2.45
3.75 2.0 2.67
3.75 2.25 -0.3
3.75 2.25 0.0
3.75 2.25 2.45
3.75 2.25 2.67
3.75 2.5 -0.3
3.75 2.5 0.0
3.75 2.5 2.45
3.75 2.5 2.67
3.75 2.75 -0.3
3.75 2.75 0.0
3.75 2.75 2.45
3.75 2.75 2.67
3.75 3.0 -0.3
3.75 3.0 0.0
3.75 3.0 2.45
3.75 3.0 2.67
3.75 3.25 -0.3
3.75 3.25 0.0
3.75 3.25 2.45
3.75 3.25 2.67
3.75 3.5 -0.3
3.75 3.5 0.0
3.75 3.5 2.45
3.75 3.5 2.67
3.75 3.75 -0.3
3.75 3.75 0.0
3.75 3.75 2.45
3.75 3.75 2.67
3.75 4.0 -0.3
3.75 4.0 0.0
3.75 4.0 2.45
3.75 4.0 2.67
3.75 4.25 -0.3
3.75 4.25 0.0
3.75 4.25 2.45
3.75 4.25 2.67
3.75 4.5 -0.3
3.75 4.5 0.0
3.75 4.5 2.45
3.75 4.5 2.67
3.75 4.75 -0.3
3.75 4.75 0.0
3.75 4.75 2.45
3.75 4.75 2.67
3.75 5.0 -0.3
3.75 5.0 0.0
3.75 5.0 2.45
3.75 5.0 2.67
3.75 5.25 -0.3
3.75 5.25 0.0
3.75 5.25 2.45
3.75 5.25 2.67
3.75 5.5 -0.3
3.75 5.5 0.0
3.75 5.5 2.45
3.75 5.5 2.67
3.75 5.75 -0.3
3.75 5.75 0.0
3.75 5.75 2.45
3.75 5.75 2.67
3.75 6.0 -0.3
3.75 6.0 0.0
3.75 6.0 2.45
3.75 6.0 2.67
3.75 6.25 -0.3
3.75 6.25 0.0
3.75 6.25 2.45
3.75 6.25 2.67
3.75 6.5 -0.3
3.75 6.5 0.0
3.75 6.5 2.45
3.75 6.5 2.67
3.75 6.75 -0.3
3.75 6.75 0.0
3.75 6.75 2.45
3.75 6.75 2.67
3.75 7.0 -0.3
3.75 7.0 0.0
3.75 7.0 2.45
3.75 7.0 2.67
3.75 7.25 -0.3
3.75 7.25 0.0
3.75 7.25 2.45
3.75 7.25 2.67
3.75 7.5 -0.3
3.75 7.5 0.0
3.75 7.5 2.45
3.75 7.5 2.67
3.75 7.75 -0.3
3.75 7.75 0.0
3.75 7.75 2.45
3.75 7.75 2.67
3.75 7.85 -0.22
3.75 7.85 0.0
3.75 8.0 -0.3
3.75 8.0 0.0
3.75 8.0 2.45
3.75 8.0 2.67
3.75 8.0985 -0.22
3.75 8.0985 0.0
3.75 8.25 -0.3
3.75 8.25 0.0
3.75 8.25 2.45
3.75 8.25 2.67
3.75 8.3469 -0.22
3.75 8.3469 0.0
3.75 8.5 -0.3
3.75 8.5 0.0
3.75 8.5 2.45
3.75 8.5 2.67
3.75 8.5954 -0.22
3.75 8.5954 0.0
3.75 8.75 -0.3
3.75 8.75 0.0
3.75 8.75 2.45
3.75 8.75 2.67
3.75 8.8438 -0.22
3.75 8.8438 0.0
3.75 9.0 -0.3
3.75 9.0 0.0
3.75 9.0 2.45
3.75 9.0 2.67
3.75 9.0923 -0.22
3.75 9.0923 0.0
3.75 9.25 -0.3
3.75 9.25 0.0
3.75 9.25 2.45
3.75 9.25 2.67
3.75 9.3408 -0.22
3.75 9.3408 0.0
3.75 9.5 -0.3
3.75 9.5 0.0
3.75 9.5 2.45
3.75 9.5 2.67
3.75 9.5892 -0.22
3.75 9.5892 0.0
3.75 9.75 -0.3
3.75 9.75 0.0
3.75 9.75 2.45
3.75 9.75 2.67
3.75 9.8377 -0.22
3.75 9.8377 0.0
3.75 10.0 -0.3
3.75 10.0 0.0
3.75 10.0 2.45
3.75 10.0 2.67
3.75 10.0862 -0.22
3.75 10.0862 0.0
3.75 10.25 -0.3
3.75 10.25 0.0
3.75 10.25 2.45
3.75 10.25 2.67
3.75 10.3346 -0.22
3.75 10.3346 0.0
3.75 10.5 -0.3
3.75 10.5 0.0
3.75 10.5 2.45
3.75 10.5 2.67
3.75 10.5831 -0.22
3.75 10.5831 0.0
3.75 10.75 -0.3
3.75 10.75 0.0
3.75 10.75 2.45
3.75 10.75 2.67
3.75 10.8315 -0.22
3.75 10.8315 0.0
3.75 11.0 -0.3
3.75 11.0 0.0
3.75 11.0 2.45
3.75 11.0 2.67
3.75 11.08 -0.22
3.75 11.08 0.0
3.75 11.25 -0.3
3.75 11.25 0.0
3.75 11.25 2.45
3.75 11.25 2.67
3.75 11.3285 -0.22
3.75 11.3285 0.0
3.75 11.5 -0.3
3.75 11.5 0.0
3.75 11.5 2.45
3.75 11.5 2.67
3.75 11.5769 -0.22
3.75 11.5769 0.0
3.75 11.75 -0.3
3.75 11.75 0.0
3.75 11.75 2.45
3.75 11.75 2.67
3.75 11.8254 -0.22
3.75 11.8254 0.0
3.75 12.0 -0.3
3.75 12.0 0.0
3.75 12.0 2.45
3.75 12.0 2.67
3.75 12.0738 -0.22
3.75 12.0738 0.0
3.75 12.25 -0.3
3.75 12.25 0.0
3.75 12.25 2.45
3.75 12.25 2.67
3.75 12.3223 -0.22
3.75 12.3223 0.0
3.75 12.5 -0.3
3.75 12.5 0.0
3.75 12.5 2.45
3.75 12.5 2.67
3.75 12.5708 -0.22
3.75 12.5708 0.0
3.75 12.75 -0.3
3.75 12.75 0.0
3.75 12.75 2.45
3.75 12.75 2.67
3.75 12.8192 -0.22
3.75 12.8192 0.0
3.75 13.0 -0.3
3.75 13.0 0.0
3.75 13.0 2.45
3.75 13.0 2.67
3.75 13.0677 -0.22
3.75 13.0677 0.0
3.75 13.25 -0.3
3.75 13.25 0.0
3.75 13.25 2.45
3.75 13.25 2.67
3.75 13.3162 -0.22
3.75 13.3162 0.0
3.75 13.5 -0.3
3.75 13.5 0.0
3.75 13.5 2.45
3.75 13.5 2.67
3.75 13.5646 -0.22
3.75 13.5646 0.0
3.75 13.75 -0.3
3.75 13.75 0.0
3.75 13.75 2.45
3.75 13.75 2.67
3.75 13.8131 -0.22
3.75 13.8131 0.0
3.75 14.0 -0.3
3.75 14.0 0.0
3.75 14.0 2.45
3.75 14.0 2.67
3.75 14.0615 -0.22
3.75 14.0615 0.0
3.75 14.25 -0.3
3.75 14.25 0.0
3.75 14.25 2.45
3.75 14.25 2.67
3.75 14.31 -0.22
3.75 14.31 0.0
3.75 14.5 -0.3
3.75 14.5 0.0
3.75 14.5 2.45
3.75 14.5 2.67
3.75 14.5585 -0.22
3.75 14.5585 0.0
3.75 14.75 -0.3
3.75 14.75 0.0
3.75 14.75 2.45
3.75 14.75 2.67
3.75 14.8069 -0.22
3.75 14.8069 0.0
3.75 15.0 -0.3
3.75 15.0 0.0
3.75 15.0 2.45
3.75 15.0 2.67
3.75 15.0554 -0.22
3.75 15.0554 0.0
3.75 15.25 -0.3
3.75 15.25 0.0
3.75 15.25 2.45
3.75 15.25 2.67
3.75 15.3038 -0.22
3.75 15.3038 0.0
3.75 15.5 -0.3
3.75 15.5 0.0
3.75 15.5 2.45
3.75 15.5 2.67
3.75 15.5523 -0.22
3.75 15.5523 0.0
3.75 15.75 -0.3
3.75 15.75 0.0
3.75 15.75 2.45
3.75 15.75 2.67
3.75 15.8008 -0.22
3.75 15.8008 0.0
3.75 16.0 -0.3
3.75 16.0 0.0
3.75 16.0 2.45
3.75 16.0 2.67
3.75 16.0492 -0.22
3.75 16.0492 0.0
3.75 16.25 -0.3
3.75 16.25 0.0
3.75 16.25 2.45
3.75 16.25 2.67
3.75 16.2977 -0.22
3.75 16.2977 0.0
3.75 16.5 -0.3
3.75 16.5 0.0
3.75 16.5 2.45
3.75 16.5 2.67
3.75 16.5462 -0.22
3.75 16.5462 0.0
3.75 16.75 -0.3
3.75 16.75 0.0
3.75 16.75 2.45
3.75 16.75 2.67
3.75 16.7946 -0.22
3.75 16.7946 0.0
3.75 17.0 -0.3
3.75 17.0 0.0
3.75 17.0 2.45
3.75 17.0 2.67
3.75 17.0431 -0.22
3.75 17.0431 0.0
3.75 17.25 -0.3
3.75 17.25 0.0
3.75 17.25 2.45
3.75 17.25 2.67
3.75 17.2915 -0.22
3.75 17.2915 0.0
3.75 17.5 -0.3
3.75 17.5 0.0
3.75 17.5 2.45
3.75 17.5 2.67
3.75 17.54 -0.22
3.75 17.54 0.0
3.75 17.75 -0.3
3.75 17.75 0.0
3.75 17.75 2.45
3.75 17.75 2.67
3.75 17.7885 -0.22
3.75 17.7885 0.0
3.75 18.0 -0.3
3.75 18.0 0.0
3.75 18.0 2.45
3.75 18.0 2.67
3.75 18.0369 -0.22
3.75 18.0369 0.0
3.75 18.25 -0.3
3.75 18.25 0.0
3.75 18.25 2.45
3.75 18.25 2.67
3.75 18.2854 -0.22
3.75 18.2854 0.0
3.75 18.5 -0.3
3.75 18.5 0.0
3.75 18.5 2.45
3.75 18.5 2.67
3.75 18.5338 -0.22
3.75 18.5338 0.0
3.75 18.75 -0.3
3.75 18.75 0.0
3.75 18.75 2.45
3.75 18.75 2.67
3.75 18.7823 -0.22
3.75 18.7823 0.0
3.75 19.0 -0.3
3.75 19.0 0.0
3.75 19.0 2.45
3.75 19.0 2.67
3.75 19.0308 -0.22
3.75 19.0308 0.0
3.75 19.25 -0.3
3.75 19.25 0.0
3.75 19.25 2.45
3.75 19.25 2.67
3.75 19.2792 -0.22
3.75 19.2792 0.0
3.75 19.5 -0.3
3.75 19.5 0.0
3.75 19.5 2.45
3.75 19.5 2.67
3.75 19.5277 -0.22
3.75 19.5277 0.0
3.75 19.75 -0.3
3.75 19.75 0.0
3.75 19.75 2.45
3.75 19.75 2.67
3.75 19.7762 -0.22
3.75 19.7762 0.0
3.75 20.0 -0.3
3.75 20.0 0.0
3.75 20.0 2.45
3.75 20.0 2.67
3.75 20.0246 -0.22
3.75 20.0246 0.0
3.75 20.25 -0.3
3.75 20.25 0.0
3.75 20.25 2.45
3.75 20.25 2.67
3.75 20.2731 -0.22
3.75 20.2731 0.0
3.75 20.5 -0.3
3.75 20.5 0.0
3.75 20.5 2.45
3.75 20.5 2.67
3.75 20.5215 -0.22
3.75 20.5215 0.0
3.75 20.75 -0.3
3.75 20.75 0.0
3.75 20.75 2.45
3.75 20.75 2.67
3.75 20.77 -0.22
3.75 20.77 0.0
3.75 21.0 -0.3
3.75 21.0 0.0
3.75 21.0 2.45
3.75 21.0 2.67
3.75 21.0185 -0.22
3.75 21.0185 0.0
3.75 21.25 -0.3
3.75 21.25 0.0
3.75 21.25 2.45
3.75 21.25 2.67
3.75 21.2669 -0.22
3.75 21.2669 0.0
3.75 21.5 -0.3
3.75 21.5 0.0
3.75 21.5 2.45
3.75 21.5 2.67
3.75 21.5154 -0.22
3.75 21.5154 0.0
3.75 21.75 -0.3
3.75 21.75 0.0
3.75 21.75 2.45
3.75 21.75 2.67
3.75 21.7638 -0.22
3.75 21.7638 0.0
3.75 22.0 -0.3
3.75 22.0 0.0
3.75 22.0 2.45
3.75 22.0 2.67
3.75 22.0123 -0.22
3.75 22.0123 0.0
3.75 22.25 -0.3
3.75 22.25 0.0
3.75 22.25 2.45
3.75 22.25 2.67
3.75 22.2608 -0.22
3.75 22.2608 0.0
3.75 22.5 -0.3
3.75 22.5 0.0
3.75 22.5 2.45
3.75 22.5 2.67
3.75 22.5092 -0.22
3.75 22.5092 0.0
3.75 22.75 -0.3
3.75 22.75 0.0
3.75 22.75 2.45
3.75 22.75 2.67
3.75 22.7577 -0.22
3.75 22.7577 0.0
3.75 23.0 -0.3
3.75 23.0 0.0
3.75 23.0 2.45
3.75 23.0 2.67
3.75 23.0062 -0.22
3.75 23.0062 0.0
3.75 23.25 -0.3
3.75 23.25 0.0
3.75 23.25 2.45
3.75 23.25 2.67
3.75 23.2546 -0.22
3.75 23.2546 0.0
3.75 23.5 -0.3
3.75 23.5 0.0
3.75 23.5 2.45
3.75 23.5 2.67
3.75 23.5031 -0.22
3.75 23.5031 0.0
3.75 23.75 -0.3
3.75 23.75 0.0
3.75 23.75 2.45
3.75 23.75 2.67
3.75 23.7515 -0.22
3.75 23.7515 0.0
3.75 23.82 0.0
3.75 23.82 0.245
3.75 23.82 0.49
3.75 23.82 0.735
3.75 23.82 0.98
3.75 23.82 1.225
3.75 23.82 1.47
3.75 23.82 1.715
3.75 23.82 1.96
3.75 23.82 2.205
3.75 23.82 2.45
3.75 24.0 -0.3
3.75 24.0 -0.22
3.75 24.0 0.0
3.75 24.0 0.245
3.75 24.0 0.49
3.75 24.0 0.735
3.75 24.0 0.98
3.75 24.0 1.225
3.75 24.0 1.47
3.75 24.0 1.715
3.75 24.0 1.96
3.75 24.0 2.205
3.75 24.0 2.45
3.75 24.0 2.67
3.75 24.25 -0.3
3.75 24.25 0.0
3.75 24.5 -0.3
3.75 24.5 0.0
3.75 24.75 -0.3
3.75 24.75 0.0
3.75 25.0 -0.3
3.75 25.0 -0.15
3.75 25.0 0.0
3.7631 0.0 0.0
3.7631 0.0 0.245
3.7631 0.0 0.49
3.7631 0.0 0.735
3.7631 0.0 0.98
3.7631 0.0 1.225
3.7631 0.0 1.47
3.7631 0.0 1.715
3.7631 0.0 1.96
3.7631 0.0 2.205
3.7631 0.0 2.45
3.7631 0.18 0.0
3.7631 0.18 0.245
3.7631 0.18 0.49
3.7631 0.18 0.735
3.7631 0.18 0.98
3.7631 0.18 1.225
3.7631 0.18 1.47
3.7631 0.18 1.715
3.7631 0.18 1.96
3.7631 0.18 2.205
3.7631 0.18 2.45
3.81 1.25 0.0
3.81 1.25 0.245
3.81 1.25 0.49
3.81 1.25 0.735
3.81 1.25 0.98
3.81 1.25 1.225
3.81 1.25 1.47
3.81 1.25 1.715
3.81 1.25 1.96
3.81 1.25 2.205
3.81 1.25 2.45
3.81 1.43 0.0
3.81 1.43 0.245
3.81 1.43 0.49
3.81 1.43 0.735
3.81 1.43 0.98
3.81 1.43 1.225
3.81 1.43 1.47
3.81 1.43 1.715
3.81 1.43 1.96
3.81 1.43 2.205
3.81 1.43 2.45
3.81 3.77 0.0
3.81 3.77 0.245
3.81 3.77 0.49
3.81 3.77 0.735
3.81 3.77 0.98
3.81 3.77 1.225
3.81 3.77 1.47
3.81 3.77 1.715
3.81 3.77 1.96
3.81 3.77 2.205
3.81 3.77 2.45
3.81 3.95 0.0
3.81 3.95 0.245
3.81 3.95 0.49
3.81 3.95 0.735
3.81 3.95 0.98
3.81 3.95 1.225
3.81 3.95 1.47
3.81 3.95 1.715
3.81 3.95 1.96
3.81 3.95 2.205
3.81 3.95 2.45
3.87 1.25 0.0
3.87 1.25 0.245
3.87 1.25 0.49
3.87 1.25 0.735
3.87 1.25 0.98
3.87 1.25 1.225
3.87 1.25 1.47
3.87 1.25 1.715
3.87 1.25 1.96
3.87 1.25 2.205
3.87 1.25 2.45
3.87 1.4955 0.0
3.87 1.4955 0.245
3.87 1.4955 0.49
3.87 1.4955 0.735
3.87 1.4955 0.98
3.87 1.4955 1.225
3.87 1.4955 1.47
3.87 1.4955 1.715
3.87 1.4955 1.96
3.87 1.4955 2.205
3.87 1.4955 2.45
3.87 1.7409 0.0
3.87 1.7409 0.245
3.87 1.7409 0.49
3.87 1.7409 0.735
3.87 1.7409 0.98
3.87 1.7409 1.225
3.87 1.7409 1.47
3.87 1.7409 1.715
3.87 1.7409 1.96
3.87 1.7409 2.205
3.87 1.7409 2.45
3.87 1.9864 0.0
3.87 1.9864 0.245
3.87 1.9864 0.49
3.87 1.9864 0.735
3.87 1.9864 0.98
3.87 1.9864 1.225
3.87 1.9864 1.47
3.87 1.9864 1.715
3.87 1.9864 1.96
3.87 1.9864 2.205
3.87 1.9864 2.45
3.87 2.2318 0.0
3.87 2.2318 0.245
3.87 2.2318 0.49
3.87 2.2318 0.735
3.87 2.2318 0.98
3.87 2.2318 1.225
3.87 2.2318 1.47
3.87 2.2318 1.715
3.87 2.2318 1.96
3.87 2.2318 2.205
3.87 2.2318 2.45
3.87 2.4773 0.0
3.87 2.4773 0.245
3.87 2.4773 0.49
3.87 2.4773 0.735
3.87 2.4773 0.98
3.87 2.4773 1.225
3.87 2.4773 1.47
3.87 2.4773 1.715
3.87 2.4773 1.96
3.87 2.4773 2.205
3.87 2.4773 2.45
3.87 2.7227 0.0
3.87 2.7227 0.245
3.87 2.7227 0.49
3.87 2.7227 0.735
3.87 2.7227 0.98
3.87 2.7227 1.225
3.87 2.7227 1.47
3.87 2.7227 1.715
3.87 2.7227 1.96
3.87 2.7227 2.205
3.87 2.7227 2.45
3.87 2.9682 0.0
3.87 2.9682 0.245
3.87 2.9682 0.49
3.87 2.9682 0.735
3.87 2.9682 0.98
3.87 2.9682 1.225
3.87 2.9682 1.47
3.87 2.9682 1.715
3.87 2.9682 1.96
3.87 2.9682 2.205
3.87 2.9682 2.45
3.87 3.2136 0.0
3.87 3.2136 0.245
3.87 3.2136 0.49
3.87 3.2136 0.735
3.87 3.2136 0.98
3.87 3.2136 1.225
3.87 3.2136 1.47
3.87 3.2136 1.715
3.87 3.2136 1.96
3.87 3.2136 2.205
3.87 3.2136 2.45
3.87 3.4591 0.0
3.87 3.4591 0.245
3.87 3.4591 0.49
3.87 3.4591 0.735
3.87 3.4591 0.98
3.87 3.4591 1.225
3.87 3.4591 1.47
3.87 3.4591 1.715
3.87 3.4591 1.96
3.87 3.4591 2.205
3.87 3.4591 2.45
3.87 3.7045 0.0
3.87 3.7045 0.245
3.87 3.7045 0.49
3.87 3.7045 0.735
3.87 3.7045 0.98
3.87 3.7045 1.225
3.87 3.7045 1.47
3.87 3.7045 1.715
3.87 3.7045 1.96
3.87 3.7045 2.205
3.87 3.7045 2.45
3.87 3.95 0.0
3.87 3.95 0.245
3.87 3.95 0.49
3.87 3.95 0.735
3.87 3.95 0.98
3.87 3.95 1.225
3.87 3.95 1.47
3.87 3.95 1.715
3.87 3.95 1.96
3.87 3.95 2.205
3.87 3.95 2.45
4.0 -1.0 -0.3
4.0 -1.0 -0.15
4.0 -1.0 0.0
4.0 -0.75 -0.3
4.0 -0.75 0.0
4.0 -0.5 -0.3
4.0 -0.5 0.0
4.0 -0.25 -0.3
4.0 -0.25 0.0
4.0 0.0 -0.3
4.0 0.0 0.0
4.0 0.0 2.45
4.0 0.0 2.67
4.0 0.25 -0.3
4.0 0.25 0.0
4.0 0.25 2.45
4.0 0.25 2.67
4.0 0.5 -0.3
4.0 0.5 0.0
4.0 0.5 2.45
4.0 0.5 2.67
4.0 0.75 -0.3
4.0 0.75 0.0
4.0 0.75 2.45
4.0 0.75 2.67
4.0 1.0 -0.3
4.0 1.0 0.0
4.0 1.0 2.45
4.0 1.0 2.67
4.0 1.25 -0.3
4.0 1.25 0.0
4.0 1.25 2.45
4.0 1.25 2.67
4.0 1.5 -0.3
4.0 1.5 0.0
4.0 1.5 2.45
4.0 1.5 2.67
4.0 1.75 -0.3
4.0 1.75 0.0
4.0 1.75 2.45
4.0 1.75 2.67
4.0 2.0 -0.3
4.0 2.0 0.0
4.0 2.0 2.45
4.0 2.0 2.67
4.0 2.25 -0.3
4.0 2.25 0.0
4.0 2.25 2.45
4.0 2.25 2.67
4.0 2.5 -0.3
4.0 2.5 0.0
4.0 2.5 2.45
4.0 2.5 2.67
4.0 2.75 -0.3
4.0 2.75 0.0
4.0 2.75 2.45
4.0 2.75 2.67
4.0 3.0 -0.3
4.0 3.0 0.0
4.0 3.0 2.45
4.0 3.0 2.67
4.0 3.25 -0.3
4.0 3.25 0.0
4.0 3.25 2.45
4.0 3.25 2.67
4.0 3.5 -0.3
4.0 3.5 0.0
4.0 3.5 2.45
4.0 3.5 2.67
4.0 3.75 -0.3
4.0 3.75 0.0
4.0 3.75 2.45
4.0 3.75 2.67
4.0 4.0 -0.3
4.0 4.0 0.0
4.0 4.0 2.45
4.0 4.0 2.67
4.0 4.25 -0.3
4.0 4.25 0.0
4.0 4.25 2.45
4.0 4.25 2.67
4.0 4.5 -0.3
4.0 4.5 0.0
4.0 4.5 2.45
4.0 4.5 2.67
4.0 4.75 -0.3
4.0 4.75 0.0
4.0 4.75 2.45
4.0 4.75 2.67
4.0 5.0 -0.3
4.0 5.0 0.0
4.0 5.0 2.45
4.0 5.0 2.67
4.0 5.25 -0.3
4.0 5.25 0.0
4.0 5.25 2.45
4.0 5.25 2.67
4.0 5.5 -0.3
4.0 5.5 0.0
4.0 5.5 2.45
4.0 5.5 2.67
4.0 5.75 -0.3
4.0 5.75 0.0
4.0 5.75 2.45
4.0 5.75 2.67
4.0 6.0 -0.3
4.0 6.0 0.0
4.0 6.0 2.45
4.0 6.0 2.67
4.0 6.25 -0.3
4.0 6.25 0.0
4.0 6.25 2.45
4.0 6.25 2.67
4.0 6.5 -0.3
4.0 6.5 0.0
4.0 6.5 2.45
4.0 6.5 2.67
4.0 6.75 -0.3
4.0 6.75 0.0
4.0 6.75 2.45
4.0 6.75 2.67
4.0 7.0 -0.3
4.0 7.0 0.0
4.0 7.0 2.45
4.0 7.0 2.67
4.0 7.25 -0.3
4.0 7.25 0.0
4.0 7.25 2.45
4.0 7.25 2.67
4.0 7.5 -0.3
4.0 7.5 0.0
4.0 7.5 2.45
4.0 7.5 2.67
4.0 7.75 -0.3
4.0 7.75 0.0
4.0 7.75 2.45
4.0 7.75 2.67
4.0 7.85 -0.22
4.0 7.85 0.0
4.0 8.0 -0.3
4.0 8.0 0.0
4.0 8.0 2.45
4.0 8.0 2.67
4.0 8.0985 -0.22
4.0 8.0985 0.0
4.0 8.25 -0.3
4.0 8.25 0.0
4.0 8.25 2.45
4.0 8.25 2.67
4.0 8.3469 -0.22
4.0 8.3469 0.0
4.0 8.5 -0.3
4.0 8.5 0.0
4.0 8.5 2.45
4.0 8.5 2.67
4.0 8.5954 -0.22
4.0 8.5954 0.0
4.0 8.75 -0.3
4.0 8.75 0.0
4.0 8.75 2.45
4.0 8.75 2.67
4.0 8.8438 -0.22
4.0 8.8438 0.0
4.0 9.0 -0.3
4.0 9.0 0.0
4.0 9.0 2.45
4.0 9.0 2.67
4.0 9.0923 -0.22
4.0 9.0923 0.0
4.0 9.25 -0.3
4.0 9.25 0.0
4.0 9.25 2.45
4.0 9.25 2.67
4.0 9.3408 -0.22
4.0 9.3408 0.0
4.0 9.5 -0.3
4.0 9.5 0.0
4.0 9.5 2.45
4.0 9.5 2.67
4.0 9.5892 -0.22
4.0 9.5892 0.0
4.0 9.75 -0.3
4.0 9.75 0.0
4.0 9.75 2.45
4.0 9.75 2.67
4.0 9.8377 -0.22
4.0 9.8377 0.0
4.0 10.0 -0.3
4.0 10.0 0.0
4.0 10.0 2.45
4.0 10.0 2.67
4.0 10.0862 -0.22
4.0 10.0862 0.0
4.0 10.25 -0.3
4.0 10.25 0.0
4.0 10.25 2.45
4.0 10.25 2.67
4.0 10.3346 -0.22
4.0 10.3346 0.0
4.0 10.5 -0.3
4.0 10.5 0.0
4.0 10.5 2.45
4.0 10.5 2.67
4.0 10.5831 -0.22
4.0 10.5831 0.0
4.0 10.75 -0.3
4.0 10.75 0.0
4.0 10.75 2.45
4.0 10.75 2.67
4.0 10.8315 -0.22
4.0 10.8315 0.0
4.0 11.0 -0.3
4.0 11.0 0.0
4.0 11.0 2.45
4.0 11.0 2.67
4.0 11.08 -0.22
4.0 11.08 0.0
4.0 11.25 -0.3
4.0 11.25 0.0
4.0 11.25 2.45
4.0 11.25 2.67
4.0 11.3285 -0.22
4.0 11.3285 0.0
4.0 11.5 -0.3
4.0 11.5 0.0
4.0 11.5 2.45
4.0 11.5 2.67
4.0 11.5769 -0.22
4.0 11.5769 0.0
4.0 11.75 -0.3
4.0 11.75 0.0
4.0 11.75 2.45
4.0 11.75 2.67
4.0 11.8254 -0.22
4.0 11.8254 0.0
4.0 12.0 -0.3
4.0 12.0 0.0
4.0 12.0 2.45
4.0 12.0 2.67
4.0 12.0738 -0.22
4.0 12.0738 0.0
4.0 12.25 -0.3
4.0 12.25 0.0
4.0 12.25 2.45
4.0 12.25 2.67
4.0 12.3223 -0.22
4.0 12.3223 0.0
4.0 12.5 -0.3
4.0 12.5 0.0
4.0 12.5 2.45
4.0 12.5 2.67
4.0 12.5708 -0.22
4.0 12.5708 0.0
4.0 12.75 -0.3
4.0 12.75 0.0
4.0 12.75 2.45
4.0 12.75 2.67
4.0 12.8192 -0.22
4.0 12.8192 0.0
4.0 13.0 -0.3
4.0 13.0 0.0
4.0 13.0 2.45
4.0 13.0 2.67
4.0 13.0677 -0.22
4.0 13.0677 0.0
4.0 13.25 -0.3
4.0 13.25 0.0
4.0 13.25 2.45
4.0 13.25 2.67
4.0 13.3162 -0.22
4.0 13.3162 0.0
4.0 13.5 -0.3
4.0 13.5 0.0
4.0 13.5 2.45
4.0 13.5 2.67
4.0 13.5646 -0.22
4.0 13.5646 0.0
4.0 13.75 -0.3
4.0 13.75 0.0
4.0 13.75 2.45
4.0 13.75 2.67
4.0 13.8131 -0.22
4.0 13.8131 0.0
4.0 14.0 -0.3
4.0 14.0 0.0
4.0 14.0 2.45
4.0 14.0 2.67
4.0 14.0615 -0.22
4.0 14.0615 0.0
4.0 14.25 -0.3
4.0 14.25 0.0
4.0 14.25 2.45
4.0 14.25 2.67
4.0 14.31 -0.22
4.0 14.31 0.0
4.0 14.5 -0.3
4.0 14.5 0.0
4.0 14.5 2.45
4.0 14.5 2.67
4.0 14.5585 -0.22
4.0 14.5585 0.0
4.0 14.75 -0.3
4.0 14.75 0.0
4.0 14.75 2.45
4.0 14.75 2.67
4.0 14.8069 -0.22
4.0 14.8069 0.0
4.0 15.0 -0.3
4.0 15.0 0.0
4.0 15.0 2.45
4.0 15.0 2.67
4.0 15.0554 -0.22
4.0 15.0554 0.0
4.0 15.25 -0.3
4.0 15.25 0.0
4.0 15.25 2.45
4.0 15.25 2.67
4.0 15.3038 -0.22
4.0 15.3038 0.0
4.0 15.5 -0.3
4.0 15.5 0.0
4.0 15.5 2.45
4.0 15.5 2.67
4.0 15.5523 -0.22
4.0 15.5523 0.0
4.0 15.75 -0.3
4.0 15.75 0.0
4.0 15.75 2.45
4.0 15.75 2.67
4.0 15.8008 -0.22
4.0 15.8008 0.0
4.0 16.0 -0.3
4.0 16.0 0.0
4.0 16.0 2.45
4.0 16.0 2.67
4.0 16.0492 -0.22
4.0 16.0492 0.0
4.0 16.25 -0.3
4.0 16.25 0.0
4.0 16.25 2.45
4.0 16.25 2.67
4.0 16.2977 -0.22
4.0 16.2977 0.0
4.0 16.5 -0.3
4.0 16.5 0.0
4.0 16.5 2.45
4.0 16.5 2.67
4.0 16.5462 -0.22
4.0 16.5462 0.0
4.0 16.75 -0.3
4.0 16.75 0.0
4.0 16.75 2.45
4.0 16.75 2.67
4.0 16.7946 -0.22
4.0 16.7946 0.0
4.0 17.0 -0.3
4.0 17.0 0.0
4.0 17.0 2.45
4.0 17.0 2.67
4.0 17.0431 -0.22
4.0 17.0431 0.0
4.0 17.25 -0.3
4.0 17.25 0.0
4.0 17.25 2.45
4.0 17.25 2.67
4.0 17.2915 -0.22
4.0 17.2915 0.0
4.0 17.5 -0.3
4.0 17.5 0.0
4.0 17.5 2.45
4.0 17.5 2.67
4.0 17.54 -0.22
4.0 17.54 0.0
4.0 17.75 -0.3
4.0 17.75 0.0
4.0 17.75 2.45
4.0 17.75 2.67
4.0 17.7885 -0.22
4.0 17.7885 0.0
4.0 18.0 -0.3
4.0 18.0 0.0
4.0 18.0 2.45
4.0 18.0 2.67
4.0 18.0369 -0.22
4.0 18.0369 0.0
4.0 18.25 -0.3
4.0 18.25 0.0
4.0 18.25 2.45
4.0 18.25 2.67
4.0 18.2854 -0.22
4.0 18.2854 0.0
4.0 18.5 -0.3
4.0 18.5 0.0
4.0 18.5 2.45
4.0 18.5 2.67
4.0 18.5338 -0.22
4.0 18.5338 0.0
4.0 18.75 -0.3
4.0 18.75 0.0
4.0 18.75 2.45
4.0 18.75 2.67
4.0 18.7823 -0.22
4.0 18.7823 0.0
4.0 19.0 -0.3
4.0 19.0 0.0
4.0 19.0 2.45
4.0 19.0 2.67
4.0 19.0308 -0.22
4.0 19.0308 0.0
4.0 19.25 -0.3
4.0 19.25 0.0
4.0 19.25 2.45
4.0 19.25 2.67
4.0 19.2792 -0.22
4.0 19.2792 0.0
4.0 19.5 -0.3
4.0 19.5 0.0
4.0 19.5 2.45
4.0 19.5 2.67
4.0 19.5277 -0.22
4.0 19.5277 0.0
4.0 19.75 -0.3
4.0 19.75 0.0
4.0 19.75 2.45
4.0 19.75 2.67
4.0 19.7762 -0.22
4.0 19.7762 0.0
4.0 20.0 -0.3
4.0 20.0 0.0
4.0 20.0 2.45
4.0 20.0 2.67
4.0 20.0246 -0.22
4.0 20.0246 0.0
4.0 20.25 -0.3
4.0 20.25 0.0
4.0 20.25 2.45
4.0 20.25 2.67
4.0 20.2731 -0.22
4.0 20.2731 0.0
4.0 20.5 -0.3
4.0 20.5 0.0
4.0 20.5 2.45
4.0 20.5 2.67
4.0 20.5215 -0.22
4.0 20.5215 0.0
4.0 20.75 -0.3
4.0 20.75 0.0
4.0 20.75 2.45
4.0 20.75 2.67
4.0 20.77 -0.22
4.0 20.77 0.0
4.0 21.0 -0.3
4.0 21.0 0.0
4.0 21.0 2.45
4.0 21.0 2.67
4.0 21.0185 -0.22
4.0 21.0185 0.0
4.0 21.25 -0.3
4.0 21.25 0.0
4.0 21.25 2.45
4.0 21.25 2.67
4.0 21.2669 -0.22
4.0 21.2669 0.0
4.0 21.5 -0.3
4.0 21.5 0.0
4.0 21.5 2.45
4.0 21.5 2.67
4.0 21.5154 -0.22
4.0 21.5154 0.0
4.0 21.75 -0.3
4.0 21.75 0.0
4.0 21.75 2.45
4.0 21.75 2.67
4.0 21.7638 -0.22
4.0 21.7638 0.0
4.0 22.0 -0.3
4.0 22.0 0.0
4.0 22.0 2.45
4.0 22.0 2.67
4.0 22.0123 -0.22
4.0 22.0123 0.0
4.0 22.25 -0.3
4.0 22.25 0.0
4.0 22.25 2.45
4.0 22.25 2.67
4.0 22.2608 -0.22
4.0 22.2608 0.0
4.0 22.5 -0.3
4.0 22.5 0.0
4.0 22.5 2.45
4.0 22.5 2.67
4.0 22.5092 -0.22
4.0 22.5092 0.0
4.0 22.75 -0.3
4.0 22.75 0.0
4.0 22.75 2.45
4.0 22.75 2.67
4.0 22.7577 -0.22
4.0 22.7577 0.0
4.0 23.0 -0.3
4.0 23.0 0.0
4.0 23.0 2.45
4.0 23.0 2.67
4.0 23.0062 -0.22
4.0 23.0062 0.0
4.0 23.25 -0.3
4.0 23.25 0.0
4.0 23.25 2.45
4.0 23.25 2.67
4.0 23.2546 -0.22
4.0 23.2546 0.0
4.0 23.5 -0.3
4.0 23.5 0.0
4.0 23.5 2.45
4.0 23.5 2.67
4.0 23.5031 -0.22
4.0 23.5031 0.0
4.0 23.75 -0.3
4.0 23.75 0.0
4.0 23.75 2.45
4.0 23.75 2.67
4.0 23.7515 -0.22
4.0 23.7515 0.0
4.0 23.82 0.0
4.0 23.82 0.245
4.0 23.82 0.49
4.0 23.82 0.735
4.0 23.82 0.98
4.0 23.82 1.225
4.0 23.82 1.47
4.0 23.82 1.715
4.0 23.82 1.96
4.0 23.82 2.205
4.0 23.82 2.45
4.0 24.0 -0.3
4.0 24.0 -0.22
4.0 24.0 0.0
4.0 24.0 0.245
4.0 24.0 0.49
4.0 24.0 0.735
4.0 24.0 0.98
4.0 24.0 1.225
4.0 24.0 1.47
4.0 24.0 1.715
4.0 24.0 1.96
4.0 24.0 2.205
4.0 24.0 2.45
4.0 24.0 2.67
4.0 24.25 -0.3
4.0 24.25 0.0
4.0 24.5 -0.3
4.0 24.5 0.0
4.0 24.75 -0.3
4.0 24.75 0.0
4.0 25.0 -0.3
4.0 25.0 -0.15
4.0 25.0 0.0
4.0125 0.0 0.0
4.0125 0.0 0.245
4.0125 0.0 0.49
4.0125 0.0 0.735
4.0125 0.0 0.98
4.0125 0.0 1.225
4.0125 0.0 1.47
4.0125 0.0 1.715
4.0125 0.0 1.96
4.0125 0.0 2.205
4.0125 0.0 2.45
4.0125 0.18 0.0
4.0125 0.18 0.245
4.0125 0.18 0.49
4.0125 0.18 0.735
4.0125 0.18 0.98
4.0125 0.18 1.225
4.0125 0.18 1.47
4.0125 0.18 1.715
4.0125 0.18 1.96
4.0125 0.18 2.205
4.0125 0.18 2.45
4.05 1.25 0.0
4.05 1.25 0.245
4.05 1.25 0.49
4.05 1.25 0.735
4.05 1.25 0.98
4.05 1.25 1.225
4.05 1.25 1.47
4.05 1.25 1.715
4.05 1.25 1.96
4.05 1.25 2.205
4.05 1.25 2.45
4.05 1.43 0.0
4.05 1.43 0.245
4.05 1.43 0.49
4.05 1.43 0.735
4.05 1.43 0.98
4.05 1.43 1.225
4.05 1.43 1.47
4.05 1.43 1.715
4.05 1.43 1.96
4.05 1.43 2.205
4.05 1.43 2.45
4.05 1.4955 0.0
4.05 1.4955 0.245
4.05 1.4955 0.49
4.05 1.4955 0.735
4.05 1.4955 0.98
4.05 1.4955 1.225
4.05 1.4955 1.47
4.05 1.4955 1.715
4.05 1.4955 1.96
4.05 1.4955 2.205
4.05 1.4955 2.45
4.05 1.7409 0.0
4.05 1.7409 0.245
4.05 1.7409 0.49
4.05 1.7409 0.735
4.05 1.7409 0.98
4.05 1.7409 1.225
4.05 1.7409 1.47
4.05 1.7409 1.715
4.05 1.7409 1.96
4.05 1.7409 2.205
4.05 1.7409 2.45
4.05 1.9864 0.0
4.05 1.9864 0.245
4.05 1.9864 0.49
4.05 1.9864 0.735
4.05 1.9864 0.98
4.05 1.9864 1.225
4.05 1.9864 1.47
4.05 1.9864 1.715
4.05 1.9864 1.96
4.05 1.9864 2.205
4.05 1.9864 2.45
4.05 2.2318 0.0
4.05 2.2318 0.245
4.05 2.2318 0.49
4.05 2.2318 0.735
4.05 2.2318 0.98
4.05 2.2318 1.225
4.05 2.2318 1.47
4.05 2.2318 1.715
4.05 2.2318 1.96
4.05 2.2318 2.205
4.05 2.2318 2.45
4.05 2.4773 0.0
4.05 2.4773 0.245
4.05 2.4773 0.49
4.05 2.4773 0.735
4.05 2.4773 0.98
4.05 2.4773 1.225
4.05 2.4773 1.47
4.05 2.4773 1.715
4.05 2.4773 1.96
4.05 2.4773 2.205
4.05 2.4773 2.45
4.05 2.7227 0.0
4.05 2.7227 0.245
4.05 2.7227 0.49
4.05 2.7227 0.735
4.05 2.7227 0.98
4.05 2.7227 1.225
4.05 2.7227 1.47
4.05 2.7227 1.715
4.05 2.7227 1.96
4.05 2.7227 2.205
4.05 2.7227 2.45
4.05 2.9682 0.0
4.05 2.9682 0.245
4.05 2.9682 0.49
4.05 2.9682 0.735
4.05 2.9682 0.98
4.05 2.9682 1.225
4.05 2.9682 1.47
4.05 2.9682 1.715
4.05 2.9682 1.96
4.05 2.9682 2.205
4.05 2.9682 2.45
4.05 3.2136 0.0
4.05 3.2136 0.245
4.05 3.2136 0.49
4.05 3.2136 0.735
4.05 3.2136 0.98
4.05 3.2136 1.225
4.05 3.2136 1.47
4.05 3.2136 1.715
4.05 3.2136 1.96
4.05 3.2136 2.205
4.05 3.2136 2.45
4.05 3.4591 0.0
4.05 3.4591 0.245
4.05 3.4591 0.49
4.05 3.4591 0.735
4.05 3.4591 0.98
4.05 3.4591 1.225
4.05 3.4591 1.47
4.05 3.4591 1.715
4.05 3.4591 1.96
4.05 3.4591 2.205
4.05 3.4591 2.45
4.05 3.7045 0.0
4.05 3.7045 0.245
4.05 3.7045 0.49
4.05 3.7045 0.735
4.05 3.7045 0.98
4.05 3.7045 1.225
4.05 3.7045 1.47
4.05 3.7045 1.715
4.05 3.7045 1.96
4.05 3.7045 2.205
4.05 3.7045 2.45
4.05 3.77 0.0
4.05 3.77 0.245
4.05 3.77 0.49
4.05 3.77 0.735
4.05 3.77 0.98
4.05 3.77 1.225
4.05 3.77 1.47
4.05 3.77 1.715
4.05 3.77 1.96
4.05 3.77 2.205
4.05 3.77 2.45
4.05 3.95 0.0
4.05 3.95 0.245
4.05 3.95 0.49
4.05 3.95 0.735
4.05 3.95 0.98
4.05 3.95 1.225
4.05 3.95 1.47
4.05 3.95 1.715
4.05 3.95 1.96
4.05 3.95 2.205
4.05 3.95 2.45
4.14 0.0 -0.22
4.14 0.0 0.0
4.14 0.2453 -0.22
4.14 0.2453 0.0
4.14 0.4906 -0.22
4.14 0.4906 0.0
4.14 0.7359 -0.22
4.14 0.7359 0.0
4.14 0.9813 -0.22
4.14 0.9813 0.0
4.14 1.2266 -0.22
4.14 1.2266 0.0
4.14 1.4719 -0.22
4.14 1.4719 0.0
4.14 1.7172 -0.22
4.14 1.7172 0.0
4.14 1.9625 -0.22
4.14 1.9625 0.0
4.14 2.2078 -0.22
4.14 2.2078 0.0
4.14 2.4531 -0.22
4.14 2.4531 0.0
4.14 2.6984 -0.22
4.14 2.6984 0.0
4.14 2.9437 -0.22
4.14 2.9437 0.0
4.14 3.1891 -0.22
4.14 3.1891 0.0
4.14 3.4344 -0.22
4.14 3.4344 0.0
4.14 3.6797 -0.22
4.14 3.6797 0.0
4.14 3.925 -0.22
4.14 3.925 0.0
4.14 4.1703 -0.22
4.14 4.1703 0.0
4.14 4.4156 -0.22
4.14 4.4156 0.0
4.14 4.6609 -0.22
4.14 4.6609 0.0
4.14 4.9062 -0.22
4.14 4.9062 0.0
4.14 5.1516 -0.22
4.14 5.1516 0.0
4.14 5.3969 -0.22
4.14 5.3969 0.0
4.14 5.6422 -0.22
4.14 5.6422 0.0
4.14 5.8875 -0.22
4.14 5.8875 0.0
4.14 6.1328 -0.22
4.14 6.1328 0.0
4.14 6.3781 -0.22
4.14 6.3781 0.0
4.14 6.6234 -0.22
4.14 6.6234 0.0
4.14 6.8687 -0.22
4.14 6.8687 0.0
4.14 7.1141 -0.22
4.14 7.1141 0.0
4.14 7.3594 -0.22
4.14 7.3594 0.0
4.14 7.6047 -0.22
4.14 7.6047 0.0
4.14 7.85 -0.22
4.14 7.85 0.0
4.25 -1.0 -0.3
4.25 -1.0 -0.15
4.25 -1.0 0.0
4.25 -0.75 -0.3
4.25 -0.75 0.0
4.25 -0.5 -0.3
4.25 -0.5 0.0
4.25 -0.25 -0.3
4.25 -0.25 0.0
4.25 0.0 -0.3
4.25 0.0 0.0
4.25 0.0 2.45
4.25 0.0 2.67
4.25 0.25 -0.3
4.25 0.25 0.0
4.25 0.25 2.45
4.25 0.25 2.67
4.25 0.5 -0.3
4.25 0.5 0.0
4.25 0.5 2.45
4.25 0.5 2.67
4.25 0.75 -0.3
4.25 0.75 0.0
4.25 0.75 2.45
4.25 0.75 2.67
4.25 1.0 -0.3
4.25 1.0 0.0
4.25 1.0 2.45
4.25 1.0 2.67
4.25 1.25 -0.3
4.25 1.25 0.0
4.25 1.25 2.45
4.25 1.25 2.67
4.25 1.5 -0.3
4.25 1.5 0.0
4.25 1.5 2.45
4.25 1.5 2.67
4.25 1.75 -0.3
4.25 1.75 0.0
4.25 1.75 2.45
4.25 1.75 2.67
4.25 2.0 -0.3
4.25 2.0 0.0
4.25 2.0 2.45
4.25 2.0 2.67
4.25 2.25 -0.3
4.25 2.25 0.0
4.25 2.25 2.45
4.25 2.25 2.67
4.25 2.5 -0.3
4.25 2.5 0.0
4.25 2.5 2.45
4.25 2.5 2.67
4.25 2.75 -0.3
4.25 2.75 0.0
4.25 2.75 2.45
4.25 2.75 2.67
4.25 3.0 -0.3
4.25 3.0 0.0
4.25 3.0 2.45
4.25 3.0 2.67
4.25 3.25 -0.3
4.25 3.25 0.0
4.25 3.25 2.45
4.25 3.25 2.67
4.25 3.5 -0.3
4.25 3.5 0.0
4.25 3.5 2.45
4.25 3.5 2.67
4.25 3.75 -0.3
4.25 3.75 0.0
4.25 3.75 2.45
4.25 3.75 2.67
4.25 4.0 -0.3
4.25 4.0 0.0
4.25 4.0 2.45
4.25 4.0 2.67
4.25 4.25 -0.3
4.25 4.25 0.0
4.25 4.25 2.45
4.25 4.25 2.67
4.25 4.5 -0.3
4.25 4.5 0.0
4.25 4.5 2.45
4.25 4.5 2.67
4.25 4.75 -0.3
4.25 4.75 0.0
4.25 4.75 2.45
4.25 4.75 2.67
4.25 5.0 -0.3
4.25 5.0 0.0
4.25 5.0 2.45
4.25 5.0 2.67
4.25 5.25 -0.3
4.25 5.25 0.0
4.25 5.25 2.45
4.25 5.25 2.67
4.25 5.5 -0.3
4.25 5.5 0.0
4.25 5.5 2.45
4.25 5.5 2.67
4.25 5.75 -0.3
4.25 5.75 0.0
4.25 5.75 2.45
4.25 5.75 2.67
4.25 6.0 -0.3
4.25 6.0 0.0
4.25 6.0 2.45
4.25 6.0 2.67
4.25 6.25 -0.3
4.25 6.25 0.0
4.25 6.25 2.45
4.25 6.25 2.67
4.25 6.5 -0.3
4.25 6.5 0.0
4.25 6.5 2.45
4.25 6.5 2.67
4.25 6.75 -0.3
4.25 6.75 0.0
4.25 6.75 2.45
4.25 6.75 2.67
4.25 7.0 -0.3
4.25 7.0 0.0
4.25 7.0 2.45
4.25 7.0 2.67
4.25 7.25 -0.3
4.25 7.25 0.0
4.25 7.25 2.45
4.25 7.25 2.67
4.25 7.5 -0.3
4.25 7.5 0.0
4.25 7.5 2.45
4.25 7.5 2.67
4.25 7.75 -0.3
4.25 7.75 0.0
4.25 7.75 2.45
4.25 7.75 2.67
4.25 7.85 -0.22
4.25 7.85 0.0
4.25 8.0 -0.3
4.25 8.0 0.0
4.25 8.0 2.45
4.25 8.0 2.67
4.25 8.0985 -0.22
4.25 8.0985 0.0
4.25 8.25 -0.3
4.25 8.25 0.0
4.25 8.25 2.45
4.25 8.25 2.67
4.25 8.3469 -0.22
4.25 8.3469 0.0
4.25 8.5 -0.3
4.25 8.5 0.0
4.25 8.5 2.45
4.25 8.5 2.67
4.25 8.5954 -0.22
4.25 8.5954 0.0
4.25 8.75 -0.3
4.25 8.75 0.0
4.25 8.75 2.45
4.25 8.75 2.67
4.25 8.8438 -0.22
4.25 8.8438 0.0
4.25 9.0 -0.3
4.25 9.0 0.0
4.25 9.0 2.45
4.25 9.0 2.67
4.25 9.0923 -0.22
4.25 9.0923 0.0
4.25 9.25 -0.3
4.25 9.25 0.0
4.25 9.25 2.45
4.25 9.25 2.67
4.25 9.3408 -0.22
4.25 9.3408 0.0
4.25 9.5 -0.3
4.25 9.5 0.0
4.25 9.5 2.45
4.25 9.5 2.67
4.25 9.5892 -0.22
4.25 9.5892 0.0
4.25 9.75 -0.3
4.25 9.75 0.0
4.25 9.75 2.45
4.25 9.75 2.67
4.25 9.8377 -0.22
4.25 9.8377 0.0
4.25 10.0 -0.3
4.25 10.0 0.0
4.25 10.0 2.45
4.25 10.0 2.67
4.25 10.0862 -0.22
4.25 10.0862 0.0
4.25 10.25 -0.3
4.25 10.25 0.0
4.25 10.25 2.45
4.25 10.25 2.67
4.25 10.3346 -0.22
4.25 10.3346 0.0
4.25 10.5 -0.3
4.25 10.5 0.0
4.25 10.5 2.45
4.25 10.5 2.67
4.25 10.5831 -0.22
4.25 10.5831 0.0
4.25 10.75 -0.3
4.25 10.75 0.0
4.25 10.75 2.45
4.25 10.75 2.67
4.25 10.8315 -0.22
4.25 10.8315 0.0
4.25 11.0 -0.3
4.25 11.0 0.0
4.25 11.0 2.45
4.25 11.0 2.67
4.25 11.08 -0.22
4.25 11.08 0.0
4.25 11.25 -0.3
4.25 11.25 0.0
4.25 11.25 2.45
4.25 11.25 2.67
4.25 11.3285 -0.22
4.25 11.3285 0.0
4.25 11.5 -0.3
4.25 11.5 0.0
4.25 11.5 2.45
4.25 11.5 2.67
4.25 11.5769 -0.22
4.25 11.5769 0.0
4.25 11.75 -0.3
4.25 11.75 0.0
4.25 11.75 2.45
4.25 11.75 2.67
4.25 11.8254 -0.22
4.25 11.8254 0.0
4.25 12.0 -0.3
4.25 12.0 0.0
4.25 12.0 2.45
4.25 12.0 2.67
4.25 12.0738 -0.22
4.25 12.0738 0.0
4.25 12.25 -0.3
4.25 12.25 0.0
4.25 12.25 2.45
4.25 12.25 2.67
4.25 12.3223 -0.22
4.25 12.3223 0.0
4.25 12.5 -0.3
4.25 12.5 0.0
4.25 12.5 2.45
4.25 12.5 2.67
4.25 12.5708 -0.22
4.25 12.5708 0.0
4.25 12.75 -0.3
4.25 12.75 0.0
4.25 12.75 2.45
4.25 12.75 2.67
4.25 12.8192 -0.22
4.25 12.8192 0.0
4.25 13.0 -0.3
4.25 13.0 0.0
4.25 13.0 2.45
4.25 13.0 2.67
4.25 13.0677 -0.22
4.25 13.0677 0.0
4.25 13.25 -0.3
4.25 13.25 0.0
4.25 13.25 2.45
4.25 13.25 2.67
4.25 13.3162 -0.22
4.25 13.3162 0.0
4.25 13.5 -0.3
4.25 13.5 0.0
4.25 13.5 2.45
4.25 13.5 2.67
4.25 13.5646 -0.22
4.25 13.5646 0.0
4.25 13.75 -0.3
4.25 13.75 0.0
4.25 13.75 2.45
4.25 13.75 2.67
4.25 13.8131 -0.22
4.25 13.8131 0.0
4.25 14.0 -0.3
4.25 14.0 0.0
4.25 14.0 2.45
4.25 14.0 2.67
4.25 14.0615 -0.22
4.25 14.0615 0.0
4.25 14.25 -0.3
4.25 14.25 0.0
4.25 14.25 2.45
4.25 14.25 2.67
4.25 14.31 -0.22
4.25 14.31 0.0
4.25 14.5 -0.3
4.25 14.5 0.0
4.25 14.5 2.45
4.25 14.5 2.67
4.25 14.5585 -0.22
4.25 14.5585 0.0
4.25 14.75 -0.3
4.25 14.75 0.0
4.25 14.75 2.45
4.25 14.75 2.67
4.25 14.8069 -0.22
4.25 14.8069 0.0
4.25 15.0 -0.3
4.25 15.0 0.0
4.25 15.0 2.45
4.25 15.0 2.67
4.25 15.0554 -0.22
4.25 15.0554 0.0
4.25 15.25 -0.3
4.25 15.25 0.0
4.25 15.25 2.45
4.25 15.25 2.67
4.25 15.3038 -0.22
4.25 15.3038 0.0
4.25 15.5 -0.3
4.25 15.5 0.0
4.25 15.5 2.45
4.25 15.5 2.67
4.25 15.5523 -0.22
4.25 15.5523 0.0
4.25 15.75 -0.3
4.25 15.75 0.0
4.25 15.75 2.45
4.25 15.75 2.67
4.25 15.8008 -0.22
4.25 15.8008 0.0
4.25 16.0 -0.3
4.25 16.0 0.0
4.25 16.0 2.45
4.25 16.0 2.67
4.25 16.0492 -0.22
4.25 16.0492 0.0
4.25 16.25 -0.3
4.25 16.25 0.0
4.25 16.25 2.45
4.25 16.25 2.67
4.25 16.2977 -0.22
4.25 16.2977 0.0
4.25 16.5 -0.3
4.25 16.5 0.0
4.25 16.5 2.45
4.25 16.5 2.67
4.25 16.5462 -0.22
4.25 16.5462 0.0
4.25 16.75 -0.3
4.25 16.75 0.0
4.25 16.75 2.45
4.25 16.75 2.67
4.25 16.7946 -0.22
4.25 16.7946 0.0
4.25 17.0 -0.3
4.25 17.0 0.0
4.25 17.0 2.45
4.25 17.0 2.67
4.25 17.0431 -0.22
4.25 17.0431 0.0
4.25 17.25 -0.3
4.25 17.25 0.0
4.25 17.25 2.45
4.25 17.25 2.67
4.25 17.2915 -0.22
4.25 17.2915 0.0
4.25 17.5 -0.3
4.25 17.5 0.0
4.25 17.5 2.45
4.25 17.5 2.67
4.25 17.54 -0.22
4.25 17.54 0.0
4.25 17.75 -0.3
4.25 17.75 0.0
4.25 17.75 2.45
4.25 17.75 2.67
4.25 17.7885 -0.22
4.25 17.7885 0.0
4.25 18.0 -0.3
4.25 18.0 0.0
4.25 18.0 2.45
4.25 18.0 2.67
4.25 18.0369 -0.22
4.25 18.0369 0.0
4.25 18.25 -0.3
4.25 18.25 0.0
4.25 18.25 2.45
4.25 18.25 2.67
4.25 18.2854 -0.22
4.25 18.2854 0.0
4.25 18.5 -0.3
4.25 18.5 0.0
4.25 18.5 2.45
4.25 18.5 2.67
4.25 18.5338 -0.22
4.25 18.5338 0.0
4.25 18.75 -0.3
4.25 18.75 0.0
4.25 18.75 2.45
4.25 18.75 2.67
4.25 18.7823 -0.22
4.25 18.7823 0.0
4.25 19.0 -0.3
4.25 19.0 0.0
4.25 19.0 2.45
4.25 19.0 2.67
4.25 19.0308 -0.22
4.25 19.0308 0.0
4.25 19.25 -0.3
4.25 19.25 0.0
4.25 19.25 2.45
4.25 19.25 2.67
4.25 19.2792 -0.22
4.25 19.2792 0.0
4.25 19.5 -0.3
4.25 19.5 0.0
4.25 19.5 2.45
4.25 19.5 2.67
4.25 19.5277 -0.22
4.25 19.5277 0.0
4.25 19.75 -0.3
4.25 19.75 0.0
4.25 19.75 2.45
4.25 19.75 2.67
4.25 19.7762 -0.22
4.25 19.7762 0.0
4.25 20.0 -0.3
4.25 20.0 0.0
4.25 20.0 2.45
4.25 20.0 2.67
4.25 20.0246 -0.22
4.25 20.0246 0.0
4.25 20.25 -0.3
4.25 20.25 0.0
4.25 20.25 2.45
4.25 20.25 2.67
4.25 20.2731 -0.22
4.25 20.2731 0.0
4.25 20.5 -0.3
4.25 20.5 0.0
4.25 20.5 2.45
4.25 20.5 2.67
4.25 20.5215 -0.22
4.25 20.5215 0.0
4.25 20.75 -0.3
4.25 20.75 0.0
4.25 20.75 2.45
4.25 20.75 2.67
4.25 20.77 -0.22
4.25 20.77 0.0
4.25 21.0 -0.3
4.25 21.0 0.0
4.25 21.0 2.45
4.25 21.0 2.67
4.25 21.0185 -0.22
4.25 21.0185 0.0
4.25 21.25 -0.3
4.25 21.25 0.0
4.25 21.25 2.45
4.25 21.25 2.67
4.25 21.2669 -0.22
4.25 21.2669 0.0
4.25 21.5 -0.3
4.25 21.5 0.0
4.25 21.5 2.45
4.25 21.5 2.67
4.25 21.5154 -0.22
4.25 21.5154 0.0
4.25 21.75 -0.3
4.25 21.75 0.0
4.25 21.75 2.45
4.25 21.75 2.67
4.25 21.7638 -0.22
4.25 21.7638 0.0
4.25 22.0 -0.3
4.25 22.0 0.0
4.25 22.0 2.45
4.25 22.0 2.67
4.25 22.0123 -0.22
4.25 22.0123 0.0
4.25 22.25 -0.3
4.25 22.25 0.0
4.25 22.25 2.45
4.25 22.25 2.67
4.25 22.2608 -0.22
4.25 22.2608 0.0
4.25 22.5 -0.3
4.25 22.5 0.0
4.25 22.5 2.45
4.25 22.5 2.67
4.25 22.5092 -0.22
4.25 22.5092 0.0
4.25 22.75 -0.3
4.25 22.75 0.0
4.25 22.75 2.45
4.25 22.75 2.67
4.25 22.7577 -0.22
4.25 22.7577 0.0
4.25 23.0 -0.3
4.25 23.0 0.0
4.25 23.0 2.45
4.25 23.0 2.67
4.25 23.0062 -0.22
4.25 23.0062 0.0
4.25 23.25 -0.3
4.25 23.25 0.0
4.25 23.25 2.45
4.25 23.25 2.67
4.25 23.2546 -0.22
4.25 23.2546 0.0
4.25 23.5 -0.3
4.25 23.5 0.0
4.25 23.5 2.45
4.25 23.5 2.67
4.25 23.5031 -0.22
4.25 23.5031 0.0
4.25 23.75 -0.3
4.25 23.75 0.0
4.25 23.75 2.45
4.25 23.75 2.67
4.25 23.7515 -0.22
4.25 23.7515 0.0
4.25 23.82 0.0
4.25 23.82 0.245
4.25 23.82 0.49
4.25 23.82 0.735
4.25 23.82 0.98
4.25 23.82 1.225
4.25 23.82 1.47
4.25 23.82 1.715
4.25 23.82 1.96
4.25 23.82 2.205
4.25 23.82 2.45
4.25 24.0 -0.3
4.25 24.0 -0.22
4.25 24.0 0.0
4.25 24.0 0.245
4.25 24.0 0.49
4.25 24.0 0.735
4.25 24.0 0.98
4.25 24.0 1.225
4.25 24.0 1.47
4.25 24.0 1.715
4.25 24.0 1.96
4.25 24.0 2.205
4.25 24.0 2.45
4.25 24.0 2.67
4.25 24.25 -0.3
4.25 24.25 0.0
4.25 24.5 -0.3
4.25 24.5 0.0
4.25 24.75 -0.3
4.25 24.75 0.0
4.25 25.0 -0.3
4.25 25.0 -0.15
4.25 25.0 0.0
4.2619 0.0 0.0
4.2619 0.0 0.245
4.2619 0.0 0.49
4.2619 0.0 0.735
4.2619 0.0 0.98
4.2619 0.0 1.225
4.2619 0.0 1.47
4.2619 0.0 1.715
4.2619 0.0 1.96
4.2619 0.0 2.205
4.2619 0.0 2.45
4.2619 0.18 0.0
4.2619 0.18 0.245
4.2619 0.18 0.49
4.2619 0.18 0.735
4.2619 0.18 0.98
4.2619 0.18 1.225
4.2619 0.18 1.47
4.2619 0.18 1.715
4.2619 0.18 1.96
4.2619 0.18 2.205
4.2619 0.18 2.45
4.383 0.0 -0.22
4.383 0.0 0.0
4.383 0.2453 -0.22
4.383 0.2453 0.0
4.383 0.4906 -0.22
4.383 0.4906 0.0
4.383 0.7359 -0.22
4.383 0.7359 0.0
4.383 0.9813 -0.22
4.383 0.9813 0.0
4.383 1.2266 -0.22
4.383 1.2266 0.0
4.383 1.4719 -0.22
4.383 1.4719 0.0
4.383 1.7172 -0.22
4.383 1.7172 0.0
4.383 1.9625 -0.22
4.383 1.9625 0.0
4.383 2.2078 -0.22
4.383 2.2078 0.0
4.383 2.4531 -0.22
4.383 2.4531 0.0
4.383 2.6984 -0.22
4.383 2.6984 0.0
4.383 2.9437 -0.22
4.383 2.9437 0.0
4.383 3.1891 -0.22
4.383 3.1891 0.0
4.383 3.4344 -0.22
4.383 3.4344 0.0
4.383 3.6797 -0.22
4.383 3.6797 0.0
4.383 3.925 -0.22
4.383 3.925 0.0
4.383 4.1703 -0.22
4.383 4.1703 0.0
4.383 4.4156 -0.22
4.383 4.4156 0.0
4.383 4.6609 -0.22
4.383 4.6609 0.0
4.383 4.9062 -0.22
4.383 4.9062 0.0
4.383 5.1516 -0.22
4.383 5.1516 0.0
4.383 5.3969 -0.22
4.383 5.3969 0.0
4.383 5.6422 -0.22
4.383 5.6422 0.0
4.383 5.8875 -0.22
4.383 5.8875 0.0
4.383 6.1328 -0.22
4.383 6.1328 0.0
4.383 6.3781 -0.22
4.383 6.3781 0.0
4.383 6.6234 -0.22
4.383 6.6234 0.0
4.383 6.8687 -0.22
4.383 6.8687 0.0
4.383 7.1141 -0.22
4.383 7.1141 0.0
4.383 7.3594 -0.22
4.383 7.3594 0.0
4.383 7.6047 -0.22
4.383 7.6047 0.0
4.383 7.85 -0.22
4.383 7.85 0.0
4.5 -1.0 -0.3
4.5 -1.0 -0.15
4.5 -1.0 0.0
4.5 -0.75 -0.3
4.5 -0.75 0.0
4.5 -0.5 -0.3
4.5 -0.5 0.0
4.5 -0.25 -0.3
4.5 -0.25 0.0
4.5 0.0 -0.3
4.5 0.0 0.0
4.5 0.0 2.45
4.5 0.0 2.67
4.5 0.25 -0.3
4.5 0.25 0.0
4.5 0.25 2.45
4.5 0.25 2.67
4.5 0.5 -0.3
4.5 0.5 0.0
4.5 0.5 2.45
4.5 0.5 2.67
4.5 0.75 -0.3
4.5 0.75 0.0
4.5 0.75 2.45
4.5 0.75 2.67
4.5 1.0 -0.3
4.5 1.0 0.0
4.5 1.0 2.45
4.5 1.0 2.67
4.5 1.25 -0.3
4.5 1.25 0.0
4.5 1.25 2.45
4.5 1.25 2.67
4.5 1.5 -0.3
4.5 1.5 0.0
4.5 1.5 2.45
4.5 1.5 2.67
4.5 1.75 -0.3
4.5 1.75 0.0
4.5 1.75 2.45
4.5 1.75 2.67
4.5 2.0 -0.3
4.5 2.0 0.0
4.5 2.0 2.45
4.5 2.0 2.67
4.5 2.25 -0.3
4.5 2.25 0.0
4.5 2.25 2.45
4.5 2.25 2.67
4.5 2.5 -0.3
4.5 2.5 0.0
4.5 2.5 2.45
4.5 2.5 2.67
4.5 2.75 -0.3
4.5 2.75 0.0
4.5 2.75 2.45
4.5 2.75 2.67
4.5 3.0 -0.3
4.5 3.0 0.0
4.5 3.0 2.45
4.5 3.0 2.67
4.5 3.25 -0.3
4.5 3.25 0.0
4.5 3.25 2.45
4.5 3.25 2.67
4.5 3.5 -0.3
4.5 3.5 0.0
4.5 3.5 2.45
4.5 3.5 2.67
4.5 3.75 -0.3
4.5 3.75 0.0
4.5 3.75 2.45
4.5 3.75 2.67
4.5 4.0 -0.3
4.5 4.0 0.0
4.5 4.0 2.45
4.5 4.0 2.67
4.5 4.25 -0.3
4.5 4.25 0.0
4.5 4.25 2.45
4.5 4.25 2.67
4.5 4.5 -0.3
4.5 4.5 0.0
4.5 4.5 2.45
4.5 4.5 2.67
4.5 4.75 -0.3
4.5 4.75 0.0
4.5 4.75 2.45
4.5 4.75 2.67
4.5 5.0 -0.3
4.5 5.0 0.0
4.5 5.0 2.45
4.5 5.0 2.67
4.5 5.25 -0.3
4.5 5.25 0.0
4.5 5.25 2.45
4.5 5.25 2.67
4.5 5.5 -0.3
4.5 5.5 0.0
4.5 5.5 2.45
4.5 5.5 2.67
4.5 5.75 -0.3
4.5 5.75 0.0
4.5 5.75 2.45
4.5 5.75 2.67
4.5 6.0 -0.3
4.5 6.0 0.0
4.5 6.0 2.45
4.5 6.0 2.67
4.5 6.25 -0.3
4.5 6.25 0.0
4.5 6.25 2.45
4.5 6.25 2.67
4.5 6.5 -0.3
4.5 6.5 0.0
4.5 6.5 2.45
4.5 6.5 2.67
4.5 6.75 -0.3
4.5 6.75 0.0
4.5 6.75 2.45
4.5 6.75 2.67
4.5 7.0 -0.3
4.5 7.0 0.0
4.5 7.0 2.45
4.5 7.0 2.67
4.5 7.25 -0.3
4.5 7.25 0.0
4.5 7.25 2.45
4.5 7.25 2.67
4.5 7.5 -0.3
4.5 7.5 0.0
4.5 7.5 2.45
4.5 7.5 2.67
4.5 7.75 -0.3
4.5 7.75 0.0
4.5 7.75 2.45
4.5 7.75 2.67
4.5 7.85 -0.22
4.5 7.85 0.0
4.5 8.0 -0.3
4.5 8.0 0.0
4.5 8.0 2.45
4.5 8.0 2.67
4.5 8.0985 -0.22
4.5 8.0985 0.0
4.5 8.25 -0.3
4.5 8.25 0.0
4.5 8.25 2.45
4.5 8.25 2.67
4.5 8.3469 -0.22
4.5 8.3469 0.0
4.5 8.5 -0.3
4.5 8.5 0.0
4.5 8.5 2.45
4.5 8.5 2.67
4.5 8.5954 -0.22
4.5 8.5954 0.0
4.5 8.75 -0.3
4.5 8.75 0.0
4.5 8.75 2.45
4.5 8.75 2.67
4.5 8.8438 -0.22
4.5 8.8438 0.0
4.5 9.0 -0.3
4.5 9.0 0.0
4.5 9.0 2.45
4.5 9.0 2.67
4.5 9.0923 -0.22
4.5 9.0923 0.0
4.5 9.25 -0.3
4.5 9.25 0.0
4.5 9.25 2.45
4.5 9.25 2.67
4.5 9.3408 -0.22
4.5 9.3408 0.0
4.5 9.5 -0.3
4.5 9.5 0.0
4.5 9.5 2.45
4.5 9.5 2.67
4.5 9.5892 -0.22
4.5 9.5892 0.0
4.5 9.75 -0.3
4.5 9.75 0.0
4.5 9.75 2.45
4.5 9.75 2.67
4.5 9.8377 -0.22
4.5 9.8377 0.0
4.5 10.0 -0.3
4.5 10.0 0.0
4.5 10.0 2.45
4.5 10.0 2.67
4.5 10.0862 -0.22
4.5 10.0862 0.0
4.5 10.25 -0.3
4.5 10.25 0.0
4.5 10.25 2.45
4.5 10.25 2.67
4.5 10.3346 -0.22
4.5 10.3346 0.0
4.5 10.5 -0.3
4.5 10.5 0.0
4.5 10.5 2.45
4.5 10.5 2.67
4.5 10.5831 -0.22
4.5 10.5831 0.0
4.5 10.75 -0.3
4.5 10.75 0.0
4.5 10.75 2.45
4.5 10.75 2.67
4.5 10.8315 -0.22
4.5 10.8315 0.0
4.5 11.0 -0.3
4.5 11.0 0.0
4.5 11.0 2.45
4.5 11.0 2.67
4.5 11.08 -0.22
4.5 11.08 0.0
4.5 11.25 -0.3
4.5 11.25 0.0
4.5 11.25 2.45
4.5 11.25 2.67
4.5 11.3285 -0.22
4.5 11.3285 0.0
4.5 11.5 -0.3
4.5 11.5 0.0
4.5 11.5 2.45
4.5 11.5 2.67
4.5 11.5769 -0.22
4.5 11.5769 0.0
4.5 11.75 -0.3
4.5 11.75 0.0
4.5 11.75 2.45
4.5 11.75 2.67
4.5 11.8254 -0.22
4.5 11.8254 0.0
4.5 12.0 -0.3
4.5 12.0 0.0
4.5 12.0 2.45
4.5 12.0 2.67
4.5 12.0738 -0.22
4.5 12.0738 0.0
4.5 12.25 -0.3
4.5 12.25 0.0
4.5 12.25 2.45
4.5 12.25 2.67
4.5 12.3223 -0.22
4.5 12.3223 0.0
4.5 12.5 -0.3
4.5 12.5 0.0
4.5 12.5 2.45
4.5 12.5 2.67
4.5 12.5708 -0.22
4.5 12.5708 0.0
4.5 12.75 -0.3
4.5 12.75 0.0
4.5 12.75 2.45
4.5 12.75 2.67
4.5 12.8192 -0.22
4.5 12.8192 0.0
4.5 13.0 -0.3
4.5 13.0 0.0
4.5 13.0 2.45
4.5 13.0 2.67
4.5 13.0677 -0.22
4.5 13.0677 0.0
4.5 13.25 -0.3
4.5 13.25 0.0
4.5 13.25 2.45
4.5 13.25 2.67
4.5 13.3162 -0.22
4.5 13.3162 0.0
4.5 13.5 -0.3
4.5 13.5 0.0
4.5 13.5 2.45
4.5 13.5 2.67
4.5 13.5646 -0.22
4.5 13.5646 0.0
4.5 13.75 -0.3
4.5 13.75 0.0
4.5 13.75 2.45
4.5 13.75 2.67
4.5 13.8131 -0.22
4.5 13.8131 0.0
4.5 14.0 -0.3
4.5 14.0 0.0
4.5 14.0 2.45
4.5 14.0 2.67
4.5 14.0615 -0.22
4.5 14.0615 0.0
4.5 14.25 -0.3
4.5 14.25 0.0
4.5 14.25 2.45
4.5 14.25 2.67
4.5 14.31 -0.22
4.5 14.31 0.0
4.5 14.5 -0.3
4.5 14.5 0.0
4.5 14.5 2.45
4.5 14.5 2.67
4.5 14.5585 -0.22
4.5 14.5585 0.0
4.5 14.75 -0.3
4.5 14.75 0.0
4.5 14.75 2.45
4.5 14.75 2.67
4.5 14.8069 -0.22
4.5 14.8069 0.0
4.5 15.0 -0.3
4.5 15.0 0.0
4.5 15.0 2.45
4.5 15.0 2.67
4.5 15.0554 -0.22
4.5 15.0554 0.0
4.5 15.25 -0.3
4.5 15.25 0.0
4.5 15.25 2.45
4.5 15.25 2.67
4.5 15.3038 -0.22
4.5 15.3038 0.0
4.5 15.5 -0.3
4.5 15.5 0.0
4.5 15.5 2.45
4.5 15.5 2.67
4.5 15.5523 -0.22
4.5 15.5523 0.0
4.5 15.75 -0.3
4.5 15.75 0.0
4.5 15.75 2.45
4.5 15.75 2.67
4.5 15.8008 -0.22
4.5 15.8008 0.0
4.5 16.0 -0.3
4.5 16.0 0.0
4.5 16.0 2.45
4.5 16.0 2.67
4.5 16.0492 -0.22
4.5 16.0492 0.0
4.5 16.25 -0.3
4.5 16.25 0.0
4.5 16.25 2.45
4.5 16.25 2.67
4.5 16.2977 -0.22
4.5 16.2977 0.0
4.5 16.5 -0.3
4.5 16.5 0.0
4.5 16.5 2.45
4.5 16.5 2.67
4.5 16.5462 -0.22
4.5 16.5462 0.0
4.5 16.75 -0.3
4.5 16.75 0.0
4.5 16.75 2.45
4.5 16.75 2.67
4.5 16.7946 -0.22
4.5 16.7946 0.0
4.5 17.0 -0.3
4.5 17.0 0.0
4.5 17.0 2.45
4.5 17.0 2.67
4.5 17.0431 -0.22
4.5 17.0431 0.0
4.5 17.25 -0.3
4.5 17.25 0.0
4.5 17.25 2.45
4.5 17.25 2.67
4.5 17.2915 -0.22
4.5 17.2915 0.0
4.5 17.5 -0.3
4.5 17.5 0.0
4.5 17.5 2.45
4.5 17.5 2.67
4.5 17.54 -0.22
4.5 17.54 0.0
4.5 17.75 -0.3
4.5 17.75 0.0
4.5 17.75 2.45
4.5 17.75 2.67
4.5 17.7885 -0.22
4.5 17.7885 0.0
4.5 18.0 -0.3
4.5 18.0 0.0
4.5 18.0 2.45
4.5 18.0 2.67
4.5 18.0369 -0.22
4.5 18.0369 0.0
4.5 18.25 -0.3
4.5 18.25 0.0
4.5 18.25 2.45
4.5 18.25 2.67
4.5 18.2854 -0.22
4.5 18.2854 0.0
4.5 18.5 -0.3
4.5 18.5 0.0
4.5 18.5 2.45
4.5 18.5 2.67
4.5 18.5338 -0.22
4.5 18.5338 0.0
4.5 18.75 -0.3
4.5 18.75 0.0
4.5 18.75 2.45
4.5 18.75 2.67
4.5 18.7823 -0.22
4.5 18.7823 0.0
4.5 19.0 -0.3
4.5 19.0 0.0
4.5 19.0 2.45
4.5 19.0 2.67
4.5 19.0308 -0.22
4.5 19.0308 0.0
4.5 19.25 -0.3
4.5 19.25 0.0
4.5 19.25 2.45
4.5 19.25 2.67
4.5 19.2792 -0.22
4.5 19.2792 0.0
4.5 19.5 -0.3
4.5 19.5 0.0
4.5 19.5 2.45
4.5 19.5 2.67
4.5 19.5277 -0.22
4.5 19.5277 0.0
4.5 19.75 -0.3
4.5 19.75 0.0
4.5 19.75 2.45
4.5 19.75 2.67
4.5 19.7762 -0.22
4.5 19.7762 0.0
4.5 20.0 -0.3
4.5 20.0 0.0
4.5 20.0 2.45
4.5 20.0 2.67
4.5 20.0246 -0.22
4.5 20.0246 0.0
4.5 20.25 -0.3
4.5 20.25 0.0
4.5 20.25 2.45
4.5 20.25 2.67
4.5 20.2731 -0.22
4.5 20.2731 0.0
4.5 20.5 -0.3
4.5 20.5 0.0
4.5 20.5 2.45
4.5 20.5 2.67
4.5 20.5215 -0.22
4.5 20.5215 0.0
4.5 20.75 -0.3
4.5 20.75 0.0
4.5 20.75 2.45
4.5 20.75 2.67
4.5 20.77 -0.22
4.5 20.77 0.0
4.5 21.0 -0.3
4.5 21.0 0.0
4.5 21.0 2.45
4.5 21.0 2.67
4.5 21.0185 -0.22
4.5 21.0185 0.0
4.5 21.25 -0.3
4.5 21.25 0.0
4.5 21.25 2.45
4.5 21.25 2.67
4.5 21.2669 -0.22
4.5 21.2669 0.0
4.5 21.5 -0.3
4.5 21.5 0.0
4.5 21.5 2.45
4.5 21.5 2.67
4.5 21.5154 -0.22
4.5 21.5154 0.0
4.5 21.75 -0.3
4.5 21.75 0.0
4.5 21.75 2.45
4.5 21.75 2.67
4.5 21.7638 -0.22
4.5 21.7638 0.0
4.5 22.0 -0.3
4.5 22.0 0.0
4.5 22.0 2.45
4.5 22.0 2.67
4.5 22.0123 -0.22
4.5 22.0123 0.0
4.5 22.25 -0.3
4.5 22.25 0.0
4.5 22.25 2.45
4.5 22.25 2.67
4.5 22.2608 -0.22
4.5 22.2608 0.0
4.5 22.5 -0.3
4.5 22.5 0.0
4.5 22.5 2.45
4.5 22.5 2.67
4.5 22.5092 -0.22
4.5 22.5092 0.0
4.5 22.75 -0.3
4.5 22.75 0.0
4.5 22.75 2.45
4.5 22.75 2.67
4.5 22.7577 -0.22
4.5 22.7577 0.0
4.5 23.0 -0.3
4.5 23.0 0.0
4.5 23.0 2.45
4.5 23.0 2.67
4.5 23.0062 -0.22
4.5 23.0062 0.0
4.5 23.25 -0.3
4.5 23.25 0.0
4.5 23.25 2.45
4.5 23.25 2.67
4.5 23.2546 -0.22
4.5 23.2546 0.0
4.5 23.5 -0.3
4.5 23.5 0.0
4.5 23.5 2.45
4.5 23.5 2.67
4.5 23.5031 -0.22
4.5 23.5031 0.0
4.5 23.75 -0.3
4.5 23.75 0.0
4.5 23.75 2.45
4.5 23.75 2.67
4.5 23.7515 -0.22
4.5 23.7515 0.0
4.5 23.82 0.0
4.5 23.82 0.245
4.5 23.82 0.49
4.5 23.82 0.735
4.5 23.82 0.98
4.5 23.82 1.225
4.5 23.82 1.47
4.5 23.82 1.715
4.5 23.82 1.96
4.5 23.82 2.205
4.5 23.82 2.45
4.5 24.0 -0.3
4.5 24.0 -0.22
4.5 24.0 0.0
4.5 24.0 0.245
4.5 24.0 0.49
4.5 24.0 0.735
4.5 24.0 0.98
4.5 24.0 1.225
4.5 24.0 1.47
4.5 24.0 1.715
4.5 24.0 1.96
4.5 24.0 2.205
4.5 24.0 2.45
4.5 24.0 2.67
4.5 24.25 -0.3
4.5 24.25 0.0
4.5 24.5 -0.3
4.5 24.5 0.0
4.5 24.75 -0.3
4.5 24.75 0.0
4.5 25.0 -0.3
4.5 25.0 -0.15
4.5 25.0 0.0
4.5112 0.0 0.0
4.5112 0.0 0.245
4.5112 0.0 0.49
4.5112 0.0 0.735
4.5112 0.0 0.98
4.5112 0.0 1.225
4.5112 0.0 1.47
4.5112 0.0 1.715
4.5112 0.0 1.96
4.5112 0.0 2.205
4.5112 0.0 2.45
4.5112 0.18 0.0
4.5112 0.18 0.245
4.5112 0.18 0.49
4.5112 0.18 0.735
4.5112 0.18 0.98
4.5112 0.18 1.225
4.5112 0.18 1.47
4.5112 0.18 1.715
4.5112 0.18 1.96
4.5112 0.18 2.205
4.5112 0.18 2.45
4.626 0.0 -0.22
4.626 0.0 0.0
4.626 0.2453 -0.22
4.626 0.2453 0.0
4.626 0.4906 -0.22
4.626 0.4906 0.0
4.626 0.7359 -0.22
4.626 0.7359 0.0
4.626 0.9813 -0.22
4.626 0.9813 0.0
4.626 1.2266 -0.22
4.626 1.2266 0.0
4.626 1.4719 -0.22
4.626 1.4719 0.0
4.626 1.7172 -0.22
4.626 1.7172 0.0
4.626 1.9625 -0.22
4.626 1.9625 0.0
4.626 2.2078 -0.22
4.626 2.2078 0.0
4.626 2.4531 -0.22
4.626 2.4531 0.0
4.626 2.6984 -0.22
4.626 2.6984 0.0
4.626 2.9437 -0.22
4.626 2.9437 0.0
4.626 3.1891 -0.22
4.626 3.1891 0.0
4.626 3.4344 -0.22
4.626 3.4344 0.0
4.626 3.6797 -0.22
4.626 3.6797 0.0
4.626 3.925 -0.22
4.626 3.925 0.0
4.626 4.1703 -0.22
4.626 4.1703 0.0
4.626 4.4156 -0.22
4.626 4.4156 0.0
4.626 4.6609 -0.22
4.626 4.6609 0.0
4.626 4.9062 -0.22
4.626 4.9062 0.0
4.626 5.1516 -0.22
4.626 5.1516 0.0
4.626 5.3969 -0.22
4.626 5.3969 0.0
4.626 5.6422 -0.22
4.626 5.6422 0.0
4.626 5.8875 -0.22
4.626 5.8875 0.0
4.626 6.1328 -0.22
4.626 6.1328 0.0
4.626 6.3781 -0.22
4.626 6.3781 0.0
4.626 6.6234 -0.22
4.626 6.6234 0.0
4.626 6.8687 -0.22
4.626 6.8687 0.0
4.626 7.1141 -0.22
4.626 7.1141 0.0
4.626 7.3594 -0.22
4.626 7.3594 0.0
4.626 7.6047 -0.22
4.626 7.6047 0.0
4.626 7.85 -0.22
4.626 7.85 0.0
4.75 -1.0 -0.3
4.75 -1.0 -0.15
4.75 -1.0 0.0
4.75 -0.75 -0.3
4.75 -0.75 0.0
4.75 -0.5 -0.3
4.75 -0.5 0.0
4.75 -0.25 -0.3
4.75 -0.25 0.0
4.75 0.0 -0.3
4.75 0.0 0.0
4.75 0.0 2.45
4.75 0.0 2.67
4.75 0.25 -0.3
4.75 0.25 0.0
4.75 0.25 2.45
4.75 0.25 2.67
4.75 0.5 -0.3
4.75 0.5 0.0
4.75 0.5 2.45
4.75 0.5 2.67
4.75 0.75 -0.3
4.75 0.75 0.0
4.75 0.75 2.45
4.75 0.75 2.67
4.75 1.0 -0.3
4.75 1.0 0.0
4.75 1.0 2.45
4.75 1.0 2.67
4.75 1.25 -0.3
4.75 1.25 0.0
4.75 1.25 2.45
4.75 1.25 2.67
4.75 1.5 -0.3
4.75 1.5 0.0
4.75 1.5 2.45
4.75 1.5 2.67
4.75 1.75 -0.3
4.75 1.75 0.0
4.75 1.75 2.45
4.75 1.75 2.67
4.75 2.0 -0.3
4.75 2.0 0.0
4.75 2.0 2.45
4.75 2.0 2.67
4.75 2.25 -0.3
4.75 2.25 0.0
4.75 2.25 2.45
4.75 2.25 2.67
4.75 2.5 -0.3
4.75 2.5 0.0
4.75 2.5 2.45
4.75 2.5 2.67
4.75 2.75 -0.3
4.75 2.75 0.0
4.75 2.75 2.45
4.75 2.75 2.67
4.75 3.0 -0.3
4.75 3.0 0.0
4.75 3.0 2.45
4.75 3.0 2.67
4.75 3.25 -0.3
4.75 3.25 0.0
4.75 3.25 2.45
4.75 3.25 2.67
4.75 3.5 -0.3
4.75 3.5 0.0
4.75 3.5 2.45
4.75 3.5 2.67
4.75 3.75 -0.3
4.75 3.75 0.0
4.75 3.75 2.45
4.75 3.75 2.67
4.75 4.0 -0.3
4.75 4.0 0.0
4.75 4.0 2.45
4.75 4.0 2.67
4.75 4.25 -0.3
4.75 4.25 0.0
4.75 4.25 2.45
4.75 4.25 2.67
4.75 4.5 -0.3
4.75 4.5 0.0
4.75 4.5 2.45
4.75 4.5 2.67
4.75 4.75 -0.3
4.75 4.75 0.0
4.75 4.75 2.45
4.75 4.75 2.67
4.75 5.0 -0.3
4.75 5.0 0.0
4.75 5.0 2.45
4.75 5.0 2.67
4.75 5.25 -0.3
4.75 5.25 0.0
4.75 5.25 2.45
4.75 5.25 2.67
4.75 5.5 -0.3
4.75 5.5 0.0
4.75 5.5 2.45
4.75 5.5 2.67
4.75 5.75 -0.3
4.75 5.75 0.0
4.75 5.75 2.45
4.75 5.75 2.67
4.75 6.0 -0.3
4.75 6.0 0.0
4.75 6.0 2.45
4.75 6.0 2.67
4.75 6.25 -0.3
4.75 6.25 0.0
4.75 6.25 2.45
4.75 6.25 2.67
4.75 6.5 -0.3
4.75 6.5 0.0
4.75 6.5 2.45
4.75 6.5 2.67
4.75 6.75 -0.3
4.75 6.75 0.0
4.75 6.75 2.45
4.75 6.75 2.67
4.75 7.0 -0.3
4.75 7.0 0.0
4.75 7.0 2.45
4.75 7.0 2.67
4.75 7.25 -0.3
4.75 7.25 0.0
4.75 7.25 2.45
4.75 7.25 2.67
4.75 7.5 -0.3
4.75 7.5 0.0
4.75 7.5 2.45
4.75 7.5 2.67
4.75 7.75 -0.3
4.75 7.75 0.0
4.75 7.75 2.45
4.75 7.75 2.67
4.75 7.85 -0.22
4.75 7.85 0.0
4.75 8.0 -0.3
4.75 8.0 0.0
4.75 8.0 2.45
4.75 8.0 2.67
4.75 8.0985 -0.22
4.75 8.0985 0.0
4.75 8.25 -0.3
4.75 8.25 0.0
4.75 8.25 2.45
4.75 8.25 2.67
4.75 8.3469 -0.22
4.75 8.3469 0.0
4.75 8.5 -0.3
4.75 8.5 0.0
4.75 8.5 2.45
4.75 8.5 2.67
4.75 8.5954 -0.22
4.75 8.5954 0.0
4.75 8.75 -0.3
4.75 8.75 0.0
4.75 8.75 2.45
4.75 8.75 2.67
4.75 8.8438 -0.22
4.75 8.8438 0.0
4.75 9.0 -0.3
4.75 9.0 0.0
4.75 9.0 2.45
4.75 9.0 2.67
4.75 9.0923 -0.22
4.75 9.0923 0.0
4.75 9.25 -0.3
4.75 9.25 0.0
4.75 9.25 2.45
4.75 9.25 2.67
4.75 9.3408 -0.22
4.75 9.3408 0.0
4.75 9.5 -0.3
4.75 9.5 0.0
4.75 9.5 2.45
4.75 9.5 2.67
4.75 9.5892 -0.22
4.75 9.5892 0.0
4.75 9.75 -0.3
4.75 9.75 0.0
4.75 9.75 2.45
4.75 9.75 2.67
4.75 9.8377 -0.22
4.75 9.8377 0.0
4.75 10.0 -0.3
4.75 10.0 0.0
4.75 10.0 2.45
4.75 10.0 2.67
4.75 10.0862 -0.22
4.75 10.0862 0.0
4.75 10.25 -0.3
4.75 10.25 0.0
4.75 10.25 2.45
4.75 10.25 2.67
4.75 10.3346 -0.22
4.75 10.3346 0.0
4.75 10.5 -0.3
4.75 10.5 0.0
4.75 10.5 2.45
4.75 10.5 2.67
4.75 10.5831 -0.22
4.75 10.5831 0.0
4.75 10.75 -0.3
4.75 10.75 0.0
4.75 10.75 2.45
4.75 10.75 2.67
4.75 10.8315 -0.22
4.75 10.8315 0.0
4.75 11.0 -0.3
4.75 11.0 0.0
4.75 11.0 2.45
4.75 11.0 2.67
4.75 11.08 -0.22
4.75 11.08 0.0
4.75 11.25 -0.3
4.75 11.25 0.0
4.75 11.25 2.45
4.75 11.25 2.67
4.75 11.3285 -0.22
4.75 11.3285 0.0
4.75 11.5 -0.3
4.75 11.5 0.0
4.75 11.5 2.45
4.75 11.5 2.67
4.75 11.5769 -0.22
4.75 11.5769 0.0
4.75 11.75 -0.3
4.75 11.75 0.0
4.75 11.75 2.45
4.75 11.75 2.67
4.75 11.8254 -0.22
4.75 11.8254 0.0
4.75 12.0 -0.3
4.75 12.0 0.0
4.75 12.0 2.45
4.75 12.0 2.67
4.75 12.0738 -0.22
4.75 12.0738 0.0
4.75 12.25 -0.3
4.75 12.25 0.0
4.75 12.25 2.45
4.75 12.25 2.67
4.75 12.3223 -0.22
4.75 12.3223 0.0
4.75 12.5 -0.3
4.75 12.5 0.0
4.75 12.5 2.45
4.75 12.5 2.67
4.75 12.5708 -0.22
4.75 12.5708 0.0
4.75 12.75 -0.3
4.75 12.75 0.0
4.75 12.75 2.45
4.75 12.75 2.67
4.75 12.8192 -0.22
4.75 12.8192 0.0
4.75 13.0 -0.3
4.75 13.0 0.0
4.75 13.0 2.45
4.75 13.0 2.67
4.75 13.0677 -0.22
4.75 13.0677 0.0
4.75 13.25 -0.3
4.75 13.25 0.0
4.75 13.25 2.45
4.75 13.25 2.67
4.75 13.3162 -0.22
4.75 13.3162 0.0
4.75 13.5 -0.3
4.75 13.5 0.0
4.75 13.5 2.45
4.75 13.5 2.67
4.75 13.5646 -0.22
4.75 13.5646 0.0
4.75 13.75 -0.3
4.75 13.75 0.0
4.75 13.75 2.45
4.75 13.75 2.67
4.75 13.8131 -0.22
4.75 13.8131 0.0
4.75 14.0 -0.3
4.75 14.0 0.0
4.75 14.0 2.45
4.75 14.0 2.67
4.75 14.0615 -0.22
4.75 14.0615 0.0
4.75 14.25 -0.3
4.75 14.25 0.0
4.75 14.25 2.45
4.75 14.25 2.67
4.75 14.31 -0.22
4.75 14.31 0.0
4.75 14.5 -0.3
4.75 14.5 0.0
4.75 14.5 2.45
4.75 14.5 2.67
4.75 14.5585 -0.22
4.75 14.5585 0.0
4.75 14.75 -0.3
4.75 14.75 0.0
4.75 14.75 2.45
4.75 14.75 2.67
4.75 14.8069 -0.22
4.75 14.8069 0.0
4.75 15.0 -0.3
4.75 15.0 0.0
4.75 15.0 2.45
4.75 15.0 2.67
4.75 15.0554 -0.22
4.75 15.0554 0.0
4.75 15.25 -0.3
4.75 15.25 0.0
4.75 15.25 2.45
4.75 15.25 2.67
4.75 15.3038 -0.22
4.75 15.3038 0.0
4.75 15.5 -0.3
4.75 15.5 0.0
4.75 15.5 2.45
4.75 15.5 2.67
4.75 15.5523 -0.22
4.75 15.5523 0.0
4.75 15.75 -0.3
4.75 15.75 0.0
4.75 15.75 2.45
4.75 15.75 2.67
4.75 15.8008 -0.22
4.75 15.8008 0.0
4.75 16.0 -0.3
4.75 16.0 0.0
4.75 16.0 2.45
4.75 16.0 2.67
4.75 16.0492 -0.22
4.75 16.0492 0.0
4.75 16.25 -0.3
4.75 16.25 0.0
4.75 16.25 2.45
4.75 16.25 2.67
4.75 16.2977 -0.22
4.75 16.2977 0.0
4.75 16.5 -0.3
4.75 16.5 0.0
4.75 16.5 2.45
4.75 16.5 2.67
4.75 16.5462 -0.22
4.75 16.5462 0.0
4.75 16.75 -0.3
4.75 16.75 0.0
4.75 16.75 2.45
4.75 16.75 2.67
4.75 16.7946 -0.22
4.75 16.7946 0.0
4.75 17.0 -0.3
4.75 17.0 0.0
4.75 17.0 2.45
4.75 17.0 2.67
4.75 17.0431 -0.22
4.75 17.0431 0.0
4.75 17.25 -0.3
4.75 17.25 0.0
4.75 17.25 2.45
4.75 17.25 2.67
4.75 17.2915 -0.22
4.75 17.2915 0.0
4.75 17.5 -0.3
4.75 17.5 0.0
4.75 17.5 2.45
4.75 17.5 2.67
4.75 17.54 -0.22
4.75 17.54 0.0
4.75 17.75 -0.3
4.75 17.75 0.0
4.75 17.75 2.45
4.75 17.75 2.67
4.75 17.7885 -0.22
4.75 17.7885 0.0
4.75 18.0 -0.3
4.75 18.0 0.0
4.75 18.0 2.45
4.75 18.0 2.67
4.75 18.0369 -0.22
4.75 18.0369 0.0
4.75 18.25 -0.3
4.75 18.25 0.0
4.75 18.25 2.45
4.75 18.25 2.67
4.75 18.2854 -0.22
4.75 18.2854 0.0
4.75 18.5 -0.3
4.75 18.5 0.0
4.75 18.5 2.45
4.75 18.5 2.67
4.75 18.5338 -0.22
4.75 18.5338 0.0
4.75 18.75 -0.3
4.75 18.75 0.0
4.75 18.75 2.45
4.75 18.75 2.67
4.75 18.7823 -0.22
4.75 18.7823 0.0
4.75 19.0 -0.3
4.75 19.0 0.0
4.75 19.0 2.45
4.75 19.0 2.67
4.75 19.0308 -0.22
4.75 19.0308 0.0
4.75 19.25 -0.3
4.75 19.25 0.0
4.75 19.25 2.45
4.75 19.25 2.67
4.75 19.2792 -0.22
4.75 19.2792 0.0
4.75 19.5 -0.3
4.75 19.5 0.0
4.75 19.5 2.45
4.75 19.5 2.67
4.75 19.5277 -0.22
4.75 19.5277 0.0
4.75 19.75 -0.3
4.75 19.75 0.0
4.75 19.75 2.45
4.75 19.75 2.67
4.75 19.7762 -0.22
4.75 19.7762 0.0
4.75 20.0 -0.3
4.75 20.0 0.0
4.75 20.0 2.45
4.75 20.0 2.67
4.75 20.0246 -0.22
4.75 20.0246 0.0
4.75 20.25 -0.3
4.75 20.25 0.0
4.75 20.25 2.45
4.75 20.25 2.67
4.75 20.2731 -0.22
4.75 20.2731 0.0
4.75 20.5 -0.3
4.75 20.5 0.0
4.75 20.5 2.45
4.75 20.5 2.67
4.75 20.5215 -0.22
4.75 20.5215 0.0
4.75 20.75 -0.3
4.75 20.75 0.0
4.75 20.75 2.45
4.75 20.75 2.67
4.75 20.77 -0.22
4.75 20.77 0.0
4.75 21.0 -0.3
4.75 21.0 0.0
4.75 21.0 2.45
4.75 21.0 2.67
4.75 21.0185 -0.22
4.75 21.0185 0.0
4.75 21.25 -0.3
4.75 21.25 0.0
4.75 21.25 2.45
4.75 21.25 2.67
4.75 21.2669 -0.22
4.75 21.2669 0.0
4.75 21.5 -0.3
4.75 21.5 0.0
4.75 21.5 2.45
4.75 21.5 2.67
4.75 21.5154 -0.22
4.75 21.5154 0.0
4.75 21.75 -0.3
4.75 21.75 0.0
4.75 21.75 2.45
4.75 21.75 2.67
4.75 21.7638 -0.22
4.75 21.7638 0.0
4.75 22.0 -0.3
4.75 22.0 0.0
4.75 22.0 2.45
4.75 22.0 2.67
4.75 22.0123 -0.22
4.75 22.0123 0.0
4.75 22.25 -0.3
4.75 22.25 0.0
4.75 22.25 2.45
4.75 22.25 2.67
4.75 22.2608 -0.22
4.75 22.2608 0.0
4.75 22.5 -0.3
4.75 22.5 0.0
4.75 22.5 2.45
4.75 22.5 2.67
4.75 22.5092 -0.22
4.75 22.5092 0.0
4.75 22.75 -0.3
4.75 22.75 0.0
4.75 22.75 2.45
4.75 22.75 2.67
4.75 22.7577 -0.22
4.75 22.7577 0.0
4.75 23.0 -0.3
4.75 23.0 0.0
4.75 23.0 2.45
4.75 23.0 2.67
4.75 23.0062 -0.22
4.75 23.0062 0.0
4.75 23.25 -0.3
4.75 23.25 0.0
4.75 23.25 2.45
4.75 23.25 2.67
4.75 23.2546 -0.22
4.75 23.2546 0.0
4.75 23.5 -0.3
4.75 23.5 0.0
4.75 23.5 2.45
4.75 23.5 2.67
4.75 23.5031 -0.22
4.75 23.5031 0.0
4.75 23.75 -0.3
4.75 23.75 0.0
4.75 23.75 2.45
4.75 23.75 2.67
4.75 23.7515 -0.22
4.75 23.7515 0.0
4.75 23.82 0.0
4.75 23.82 0.245
4.75 23.82 0.49
4.75 23.82 0.735
4.75 23.82 0.98
4.75 23.82 1.225
4.75 23.82 1.47
4.75 23.82 1.715
4.75 23.82 1.96
4.75 23.82 2.205
4.75 23.82 2.45
4.75 24.0 -0.3
4.75 24.0 -0.22
4.75 24.0 0.0
4.75 24.0 0.245
4.75 24.0 0.49
4.75 24.0 0.735
4.75 24.0 0.98
4.75 24.0 1.225
4.75 24.0 1.47
4.75 24.0 1.715
4.75 24.0 1.96
4.75 24.0 2.205
4.75 24.0 2.45
4.75 24.0 2.67
4.75 24.25 -0.3
4.75 24.25 0.0
4.75 24.5 -0.3
4.75 24.5 0.0
4.75 24.75 -0.3
4.75 24.75 0.0
4.75 25.0 -0.3
4.75 25.0 -0.15
4.75 25.0 0.0
4.7606 0.0 0.0
4.7606 0.0 0.245
4.7606 0.0 0.49
4.7606 0.0 0.735
4.7606 0.0 0.98
4.7606 0.0 1.225
4.7606 0.0 1.47
4.7606 0.0 1.715
4.7606 0.0 1.96
4.7606 0.0 2.205
4.7606 0.0 2.45
4.7606 0.18 0.0
4.7606 0.18 0.245
4.7606 0.18 0.49
4.7606 0.18 0.735
4.7606 0.18 0.98
4.7606 0.18 1.225
4.7606 0.18 1.47
4.7606 0.18 1.715
4.7606 0.18 1.96
4.7606 0.18 2.205
4.7606 0.18 2.45
4.869 0.0 -0.22
4.869 0.0 0.0
4.869 0.2453 -0.22
4.869 0.2453 0.0
4.869 0.4906 -0.22
4.869 0.4906 0.0
4.869 0.7359 -0.22
4.869 0.7359 0.0
4.869 0.9813 -0.22
4.869 0.9813 0.0
4.869 1.2266 -0.22
4.869 1.2266 0.0
4.869 1.4719 -0.22
4.869 1.4719 0.0
4.869 1.7172 -0.22
4.869 1.7172 0.0
4.869 1.9625 -0.22
4.869 1.9625 0.0
4.869 2.2078 -0.22
4.869 2.2078 0.0
4.869 2.4531 -0.22
4.869 2.4531 0.0
4.869 2.6984 -0.22
4.869 2.6984 0.0
4.869 2.9437 -0.22
4.869 2.9437 0.0
4.869 3.1891 -0.22
4.869 3.1891 0.0
4.869 3.4344 -0.22
4.869 3.4344 0.0
4.869 3.6797 -0.22
4.869 3.6797 0.0
4.869 3.925 -0.22
4.869 3.925 0.0
4.869 4.1703 -0.22
4.869 4.1703 0.0
4.869 4.4156 -0.22
4.869 4.4156 0.0
4.869 4.6609 -0.22
4.869 4.6609 0.0
4.869 4.9062 -0.22
4.869 4.9062 0.0
4.869 5.1516 -0.22
4.869 5.1516 0.0
4.869 5.3969 -0.22
4.869 5.3969 0.0
4.869 5.6422 -0.22
4.869 5.6422 0.0
4.869 5.8875 -0.22
4.869 5.8875 0.0
4.869 6.1328 -0.22
4.869 6.1328 0.0
4.869 6.3781 -0.22
4.869 6.3781 0.0
4.869 6.6234 -0.22
4.869 6.6234 0.0
4.869 6.8687 -0.22
4.869 6.8687 0.0
4.869 7.1141 -0.22
4.869 7.1141 0.0
4.869 7.3594 -0.22
4.869 7.3594 0.0
4.869 7.6047 -0.22
4.869 7.6047 0.0
4.869 7.85 -0.22
4.869 7.85 0.0
5.0 -1.0 -0.3
5.0 -1.0 -0.15
5.0 -1.0 0.0
5.0 -0.75 -0.3
5.0 -0.75 0.0
5.0 -0.5 -0.3
5.0 -0.5 0.0
5.0 -0.25 -0.3
5.0 -0.25 0.0
5.0 0.0 -0.3
5.0 0.0 0.0
5.0 0.0 2.45
5.0 0.0 2.67
5.0 0.25 -0.3
5.0 0.25 0.0
5.0 0.25 2.45
5.0 0.25 2.67
5.0 0.5 -0.3
5.0 0.5 0.0
5.0 0.5 2.45
5.0 0.5 2.67
5.0 0.75 -0.3
5.0 0.75 0.0
5.0 0.75 2.45
5.0 0.75 2.67
5.0 1.0 -0.3
5.0 1.0 0.0
5.0 1.0 2.45
5.0 1.0 2.67
5.0 1.25 -0.3
5.0 1.25 0.0
5.0 1.25 2.45
5.0 1.25 2.67
5.0 1.5 -0.3
5.0 1.5 0.0
5.0 1.5 2.45
5.0 1.5 2.67
5.0 1.75 -0.3
5.0 1.75 0.0
5.0 1.75 2.45
5.0 1.75 2.67
5.0 2.0 -0.3
5.0 2.0 0.0
5.0 2.0 2.45
5.0 2.0 2.67
5.0 2.25 -0.3
5.0 2.25 0.0
5.0 2.25 2.45
5.0 2.25 2.67
5.0 2.5 -0.3
5.0 2.5 0.0
5.0 2.5 2.45
5.0 2.5 2.67
5.0 2.75 -0.3
5.0 2.75 0.0
5.0 2.75 2.45
5.0 2.75 2.67
5.0 3.0 -0.3
5.0 3.0 0.0
5.0 3.0 2.45
5.0 3.0 2.67
5.0 3.25 -0.3
5.0 3.25 0.0
5.0 3.25 2.45
5.0 3.25 2.67
5.0 3.5 -0.3
5.0 3.5 0.0
5.0 3.5 2.45
5.0 3.5 2.67
5.0 3.75 -0.3
5.0 3.75 0.0
5.0 3.75 2.45
5.0 3.75 2.67
5.0 4.0 -0.3
5.0 4.0 0.0
5.0 4.0 2.45
5.0 4.0 2.67
5.0 4.25 -0.3
5.0 4.25 0.0
5.0 4.25 2.45
5.0 4.25 2.67
5.0 4.5 -0.3
5.0 4.5 0.0
5.0 4.5 2.45
5.0 4.5 2.67
5.0 4.75 -0.3
5.0 4.75 0.0
5.0 4.75 2.45
5.0 4.75 2.67
5.0 5.0 -0.3
5.0 5.0 0.0
5.0 5.0 2.45
5.0 5.0 2.67
5.0 5.25 -0.3
5.0 5.25 0.0
5.0 5.25 2.45
5.0 5.25 2.67
5.0 5.5 -0.3
5.0 5.5 0.0
5.0 5.5 2.45
5.0 5.5 2.67
5.0 5.75 -0.3
5.0 5.75 0.0
5.0 5.75 2.45
5.0 5.75 2.67
5.0 6.0 -0.3
5.0 6.0 0.0
5.0 6.0 2.45
5.0 6.0 2.67
5.0 6.25 -0.3
5.0 6.25 0.0
5.0 6.25 2.45
5.0 6.25 2.67
5.0 6.5 -0.3
5.0 6.5 0.0
5.0 6.5 2.45
5.0 6.5 2.67
5.0 6.75 -0.3
5.0 6.75 0.0
5.0 6.75 2.45
5.0 6.75 2.67
5.0 7.0 -0.3
5.0 7.0 0.0
5.0 7.0 2.45
5.0 7.0 2.67
5.0 7.25 -0.3
5.0 7.25 0.0
5.0 7.25 2.45
5.0 7.25 2.67
5.0 7.5 -0.3
5.0 7.5 0.0
5.0 7.5 2.45
5.0 7.5 2.67
5.0 7.75 -0.3
5.0 7.75 0.0
5.0 7.75 2.45
5.0 7.75 2.67
5.0 7.85 -0.22
5.0 7.85 0.0
5.0 8.0 -0.3
5.0 8.0 0.0
5.0 8.0 2.45
5.0 8.0 2.67
5.0 8.0985 -0.22
5.0 8.0985 0.0
5.0 8.25 -0.3
5.0 8.25 0.0
5.0 8.25 2.45
5.0 8.25 2.67
5.0 8.3469 -0.22
5.0 8.3469 0.0
5.0 8.5 -0.3
5.0 8.5 0.0
5.0 8.5 2.45
5.0 8.5 2.67
5.0 8.5954 -0.22
5.0 8.5954 0.0
5.0 8.75 -0.3
5.0 8.75 0.0
5.0 8.75 2.45
5.0 8.75 2.67
5.0 8.8438 -0.22
5.0 8.8438 0.0
5.0 9.0 -0.3
5.0 9.0 0.0
5.0 9.0 2.45
5.0 9.0 2.67
5.0 9.0923 -0.22
5.0 9.0923 0.0
5.0 9.25 -0.3
5.0 9.25 0.0
5.0 9.25 2.45
5.0 9.25 2.67
5.0 9.3408 -0.22
5.0 9.3408 0.0
5.0 9.5 -0.3
5.0 9.5 0.0
5.0 9.5 2.45
5.0 9.5 2.67
5.0 9.5892 -0.22
5.0 9.5892 0.0
5.0 9.75 -0.3
5.0 9.75 0.0
5.0 9.75 2.45
5.0 9.75 2.67
5.0 9.8377 -0.22
5.0 9.8377 0.0
5.0 10.0 -0.3
5.0 10.0 0.0
5.0 10.0 2.45
5.0 10.0 2.67
5.0 10.0862 -0.22
5.0 10.0862 0.0
5.0 10.25 -0.3
5.0 10.25 0.0
5.0 10.25 2.45
5.0 10.25 2.67
5.0 10.3346 -0.22
5.0 10.3346 0.0
5.0 10.5 -0.3
5.0 10.5 0.0
5.0 10.5 2.45
5.0 10.5 2.67
5.0 10.5831 -0.22
5.0 10.5831 0.0
5.0 10.75 -0.3
5.0 10.75 0.0
5.0 10.75 2.45
5.0 10.75 2.67
5.0 10.8315 -0.22
5.0 10.8315 0.0
5.0 11.0 -0.3
5.0 11.0 0.0
5.0 11.0 2.45
5.0 11.0 2.67
5.0 11.08 -0.22
5.0 11.08 0.0
5.0 11.25 -0.3
5.0 11.25 0.0
5.0 11.25 2.45
5.0 11.25 2.67
5.0 11.3285 -0.22
5.0 11.3285 0.0
5.0 11.5 -0.3
5.0 11.5 0.0
5.0 11.5 2.45
5.0 11.5 2.67
5.0 11.5769 -0.22
5.0 11.5769 0.0
5.0 11.75 -0.3
5.0 11.75 0.0
5.0 11.75 2.45
5.0 11.75 2.67
5.0 11.8254 -0.22
5.0 11.8254 0.0
5.0 12.0 -0.3
5.0 12.0 0.0
5.0 12.0 2.45
5.0 12.0 2.67
5.0 12.0738 -0.22
5.0 12.0738 0.0
5.0 12.25 -0.3
5.0 12.25 0.0
5.0 12.25 2.45
5.0 12.25 2.67
5.0 12.3223 -0.22
5.0 12.3223 0.0
5.0 12.5 -0.3
5.0 12.5 0.0
5.0 12.5 2.45
5.0 12.5 2.67
5.0 12.5708 -0.22
5.0 12.5708 0.0
5.0 12.75 -0.3
5.0 12.75 0.0
5.0 12.75 2.45
5.0 12.75 2.67
5.0 12.8192 -0.22
5.0 12.8192 0.0
5.0 13.0 -0.3
5.0 13.0 0.0
5.0 13.0 2.45
5.0 13.0 2.67
5.0 13.0677 -0.22
5.0 13.0677 0.0
5.0 13.25 -0.3
5.0 13.25 0.0
5.0 13.25 2.45
5.0 13.25 2.67
5.0 13.3162 -0.22
5.0 13.3162 0.0
5.0 13.5 -0.3
5.0 13.5 0.0
5.0 13.5 2.45
5.0 13.5 2.67
5.0 13.5646 -0.22
5.0 13.5646 0.0
5.0 13.75 -0.3
5.0 13.75 0.0
5.0 13.75 2.45
5.0 13.75 2.67
5.0 13.8131 -0.22
5.0 13.8131 0.0
5.0 14.0 -0.3
5.0 14.0 0.0
5.0 14.0 2.45
5.0 14.0 2.67
5.0 14.0615 -0.22
5.0 14.0615 0.0
5.0 14.25 -0.3
5.0 14.25 0.0
5.0 14.25 2.45
5.0 14.25 2.67
5.0 14.31 -0.22
5.0 14.31 0.0
5.0 14.5 -0.3
5.0 14.5 0.0
5.0 14.5 2.45
5.0 14.5 2.67
5.0 14.5585 -0.22
5.0 14.5585 0.0
5.0 14.75 -0.3
5.0 14.75 0.0
5.0 14.75 2.45
5.0 14.75 2.67
5.0 14.8069 -0.22
5.0 14.8069 0.0
5.0 15.0 -0.3
5.0 15.0 0.0
5.0 15.0 2.45
5.0 15.0 2.67
5.0 15.0554 -0.22
5.0 15.0554 0.0
5.0 15.25 -0.3
5.0 15.25 0.0
5.0 15.25 2.45
5.0 15.25 2.67
5.0 15.3038 -0.22
5.0 15.3038 0.0
5.0 15.5 -0.3
5.0 15.5 0.0
5.0 15.5 2.45
5.0 15.5 2.67
5.0 15.5523 -0.22
5.0 15.5523 0.0
5.0 15.75 -0.3
5.0 15.75 0.0
5.0 15.75 2.45
5.0 15.75 2.67
5.0 15.8008 -0.22
5.0 15.8008 0.0
5.0 16.0 -0.3
5.0 16.0 0.0
5.0 16.0 2.45
5.0 16.0 2.67
5.0 16.0492 -0.22
5.0 16.0492 0.0
5.0 16.25 -0.3
5.0 16.25 0.0
5.0 16.25 2.45
5.0 16.25 2.67
5.0 16.2977 -0.22
5.0 16.2977 0.0
5.0 16.5 -0.3
5.0 16.5 0.0
5.0 16.5 2.45
5.0 16.5 2.67
5.0 16.5462 -0.22
5.0 16.5462 0.0
5.0 16.75 -0.3
5.0 16.75 0.0
5.0 16.75 2.45
5.0 16.75 2.67
5.0 16.7946 -0.22
5.0 16.7946 0.0
5.0 17.0 -0.3
5.0 17.0 0.0
5.0 17.0 2.45
5.0 17.0 2.67
5.0 17.0431 -0.22
5.0 17.0431 0.0
5.0 17.25 -0.3
5.0 17.25 0.0
5.0 17.25 2.45
5.0 17.25 2.67
5.0 17.2915 -0.22
5.0 17.2915 0.0
5.0 17.5 -0.3
5.0 17.5 0.0
5.0 17.5 2.45
5.0 17.5 2.67
5.0 17.54 -0.22
5.0 17.54 0.0
5.0 17.75 -0.3
5.0 17.75 0.0
5.0 17.75 2.45
5.0 17.75 2.67
5.0 17.7885 -0.22
5.0 17.7885 0.0
5.0 18.0 -0.3
5.0 18.0 0.0
5.0 18.0 2.45
5.0 18.0 2.67
5.0 18.0369 -0.22
5.0 18.0369 0.0
5.0 18.25 -0.3
5.0 18.25 0.0
5.0 18.25 2.45
5.0 18.25 2.67
5.0 18.2854 -0.22
5.0 18.2854 0.0
5.0 18.5 -0.3
5.0 18.5 0.0
5.0 18.5 2.45
5.0 18.5 2.67
5.0 18.5338 -0.22
5.0 18.5338 0.0
5.0 18.75 -0.3
5.0 18.75 0.0
5.0 18.75 2.45
5.0 18.75 2.67
5.0 18.7823 -0.22
5.0 18.7823 0.0
5.0 19.0 -0.3
5.0 19.0 0.0
5.0 19.0 2.45
5.0 19.0 2.67
5.0 19.0308 -0.22
5.0 19.0308 0.0
5.0 19.25 -0.3
5.0 19.25 0.0
5.0 19.25 2.45
5.0 19.25 2.67
5.0 19.2792 -0.22
5.0 19.2792 0.0
5.0 19.5 -0.3
5.0 19.5 0.0
5.0 19.5 2.45
5.0 19.5 2.67
5.0 19.5277 -0.22
5.0 19.5277 0.0
5.0 19.75 -0.3
5.0 19.75 0.0
5.0 19.75 2.45
5.0 19.75 2.67
5.0 19.7762 -0.22
5.0 19.7762 0.0
5.0 20.0 -0.3
5.0 20.0 0.0
5.0 20.0 2.45
5.0 20.0 2.67
5.0 20.0246 -0.22
5.0 20.0246 0.0
5.0 20.25 -0.3
5.0 20.25 0.0
5.0 20.25 2.45
5.0 20.25 2.67
5.0 20.2731 -0.22
5.0 20.2731 0.0
5.0 20.5 -0.3
5.0 20.5 0.0
5.0 20.5 2.45
5.0 20.5 2.67
5.0 20.5215 -0.22
5.0 20.5215 0.0
5.0 20.75 -0.3
5.0 20.75 0.0
5.0 20.75 2.45
5.0 20.75 2.67
5.0 20.77 -0.22
5.0 20.77 0.0
5.0 21.0 -0.3
5.0 21.0 0.0
5.0 21.0 2.45
5.0 21.0 2.67
5.0 21.0185 -0.22
5.0 21.0185 0.0
5.0 21.25 -0.3
5.0 21.25 0.0
5.0 21.25 2.45
5.0 21.25 2.67
5.0 21.2669 -0.22
5.0 21.2669 0.0
5.0 21.5 -0.3
5.0 21.5 0.0
5.0 21.5 2.45
5.0 21.5 2.67
5.0 21.5154 -0.22
5.0 21.5154 0.0
5.0 21.75 -0.3
5.0 21.75 0.0
5.0 21.75 2.45
5.0 21.75 2.67
5.0 21.7638 -0.22
5.0 21.7638 0.0
5.0 22.0 -0.3
5.0 22.0 0.0
5.0 22.0 2.45
5.0 22.0 2.67
5.0 22.0123 -0.22
5.0 22.0123 0.0
5.0 22.25 -0.3
5.0 22.25 0.0
5.0 22.25 2.45
5.0 22.25 2.67
5.0 22.2608 -0.22
5.0 22.2608 0.0
5.0 22.5 -0.3
5.0 22.5 0.0
5.0 22.5 2.45
5.0 22.5 2.67
5.0 22.5092 -0.22
5.0 22.5092 0.0
5.0 22.75 -0.3
5.0 22.75 0.0
5.0 22.75 2.45
5.0 22.75 2.67
5.0 22.7577 -0.22
5.0 22.7577 0.0
5.0 23.0 -0.3
5.0 23.0 0.0
5.0 23.0 2.45
5.0 23.0 2.67
5.0 23.0062 -0.22
5.0 23.0062 0.0
5.0 23.25 -0.3
5.0 23.25 0.0
5.0 23.25 2.45
5.0 23.25 2.67
5.0 23.2546 -0.22
5.0 23.2546 0.0
5.0 23.5 -0.3
5.0 23.5 0.0
5.0 23.5 2.45
5.0 23.5 2.67
5.0 23.5031 -0.22
5.0 23.5031 0.0
5.0 23.75 -0.3
5.0 23.75 0.0
5.0 23.75 2.45
5.0 23.75 2.67
5.0 23.7515 -0.22
5.0 23.7515 0.0
5.0 23.82 0.0
5.0 23.82 0.245
5.0 23.82 0.49
5.0 23.82 0.735
5.0 23.82 0.98
5.0 23.82 1.225
5.0 23.82 1.47
5.0 23.82 1.715
5.0 23.82 1.96
5.0 23.82 2.205
5.0 23.82 2.45
5.0 24.0 -0.3
5.0 24.0 -0.22
5.0 24.0 0.0
5.0 24.0 0.245
5.0 24.0 0.49
5.0 24.0 0.735
5.0 24.0 0.98
5.0 24.0 1.225
5.0 24.0 1.47
5.0 24.0 1.715
5.0 24.0 1.96
5.0 24.0 2.205
5.0 24.0 2.45
5.0 24.0 2.67
5.0 24.25 -0.3
5.0 24.25 0.0
5.0 24.5 -0.3
5.0 24.5 0.0
5.0 24.75 -0.3
5.0 24.75 0.0
5.0 25.0 -0.3
5.0 25.0 -0.15
5.0 25.0 0.0
5.01 0.0 0.0
5.01 0.0 0.245
5.01 0.0 0.49
5.01 0.0 0.735
5.01 0.0 0.98
5.01 0.0 1.225
5.01 0.0 1.47
5.01 0.0 1.715
5.01 0.0 1.96
5.01 0.0 2.205
5.01 0.0 2.45
5.01 0.18 0.0
5.01 0.18 0.245
5.01 0.18 0.49
5.01 0.18 0.735
5.01 0.18 0.98
5.01 0.18 1.225
5.01 0.18 1.47
5.01 0.18 1.715
5.01 0.18 1.96
5.01 0.18 2.205
5.01 0.18 2.45
5.112 0.0 -0.22
5.112 0.0 0.0
5.112 0.2453 -0.22
5.112 0.2453 0.0
5.112 0.4906 -0.22
5.112 0.4906 0.0
5.112 0.7359 -0.22
5.112 0.7359 0.0
5.112 0.9813 -0.22
5.112 0.9813 0.0
5.112 1.2266 -0.22
5.112 1.2266 0.0
5.112 1.4719 -0.22
5.112 1.4719 0.0
5.112 1.7172 -0.22
5.112 1.7172 0.0
5.112 1.9625 -0.22
5.112 1.9625 0.0
5.112 2.2078 -0.22
5.112 2.2078 0.0
5.112 2.4531 -0.22
5.112 2.4531 0.0
5.112 2.6984 -0.22
5.112 2.6984 0.0
5.112 2.9437 -0.22
5.112 2.9437 0.0
5.112 3.1891 -0.22
5.112 3.1891 0.0
5.112 3.4344 -0.22
5.112 3.4344 0.0
5.112 3.6797 -0.22
5.112 3.6797 0.0
5.112 3.925 -0.22
5.112 3.925 0.0
5.112 4.1703 -0.22
5.112 4.1703 0.0
5.112 4.4156 -0.22
5.112 4.4156 0.0
5.112 4.6609 -0.22
5.112 4.6609 0.0
5.112 4.9062 -0.22
5.112 4.9062 0.0
5.112 5.1516 -0.22
5.112 5.1516 0.0
5.112 5.3969 -0.22
5.112 5.3969 0.0
5.112 5.6422 -0.22
5.112 5.6422 0.0
5.112 5.8875 -0.22
5.112 5.8875 0.0
5.112 6.1328 -0.22
5.112 6.1328 0.0
5.112 6.3781 -0.22
5.112 6.3781 0.0
5.112 6.6234 -0.22
5.112 6.6234 0.0
5.112 6.8687 -0.22
5.112 6.8687 0.0
5.112 7.1141 -0.22
5.112 7.1141 0.0
5.112 7.3594 -0.22
5.112 7.3594 0.0
5.112 7.6047 -0.22
5.112 7.6047 0.0
5.112 7.85 -0.22
5.112 7.85 0.0
5.25 -1.0 -0.3
5.25 -1.0 -0.15
5.25 -1.0 0.0
5.25 -0.75 -0.3
5.25 -0.75 0.0
5.25 -0.5 -0.3
5.25 -0.5 0.0
5.25 -0.25 -0.3
5.25 -0.25 0.0
5.25 0.0 -0.3
5.25 0.0 0.0
5.25 0.0 2.45
5.25 0.0 2.67
5.25 0.25 -0.3
5.25 0.25 0.0
5.25 0.25 2.45
5.25 0.25 2.67
5.25 0.5 -0.3
5.25 0.5 0.0
5.25 0.5 2.45
5.25 0.5 2.67
5.25 0.75 -0.3
5.25 0.75 0.0
5.25 0.75 2.45
5.25 0.75 2.67
5.25 1.0 -0.3
5.25 1.0 0.0
5.25 1.0 2.45
5.25 1.0 2.67
5.25 1.25 -0.3
5.25 1.25 0.0
5.25 1.25 2.45
5.25 1.25 2.67
5.25 1.5 -0.3
5.25 1.5 0.0
5.25 1.5 2.45
5.25 1.5 2.67
5.25 1.75 -0.3
5.25 1.75 0.0
5.25 1.75 2.45
5.25 1.75 2.67
5.25 2.0 -0.3
5.25 2.0 0.0
5.25 2.0 2.45
5.25 2.0 2.67
5.25 2.25 -0.3
5.25 2.25 0.0
5.25 2.25 2.45
5.25 2.25 2.67
5.25 2.5 -0.3
5.25 2.5 0.0
5.25 2.5 2.45
5.25 2.5 2.67
5.25 2.75 -0.3
5.25 2.75 0.0
5.25 2.75 2.45
5.25 2.75 2.67
5.25 3.0 -0.3
5.25 3.0 0.0
5.25 3.0 2.45
5.25 3.0 2.67
5.25 3.25 -0.3
5.25 3.25 0.0
5.25 3.25 2.45
5.25 3.25 2.67
5.25 3.5 -0.3
5.25 3.5 0.0
5.25 3.5 2.45
5.25 3.5 2.67
5.25 3.75 -0.3
5.25 3.75 0.0
5.25 3.75 2.45
5.25 3.75 2.67
5.25 4.0 -0.3
5.25 4.0 0.0
5.25 4.0 2.45
5.25 4.0 2.67
5.25 4.25 -0.3
5.25 4.25 0.0
5.25 4.25 2.45
5.25 4.25 2.67
5.25 4.5 -0.3
5.25 4.5 0.0
5.25 4.5 2.45
5.25 4.5 2.67
5.25 4.75 -0.3
5.25 4.75 0.0
5.25 4.75 2.45
5.25 4.75 2.67
5.25 5.0 -0.3
5.25 5.0 0.0
5.25 5.0 2.45
5.25 5.0 2.67
5.25 5.25 -0.3
5.25 5.25 0.0
5.25 5.25 2.45
5.25 5.25 2.67
5.25 5.5 -0.3
5.25 5.5 0.0
5.25 5.5 2.45
5.25 5.5 2.67
5.25 5.75 -0.3
5.25 5.75 0.0
5.25 5.75 2.45
5.25 5.75 2.67
5.25 6.0 -0.3
5.25 6.0 0.0
5.25 6.0 2.45
5.25 6.0 2.67
5.25 6.25 -0.3
5.25 6.25 0.0
5.25 6.25 2.45
5.25 6.25 2.67
5.25 6.5 -0.3
5.25 6.5 0.0
5.25 6.5 2.45
5.25 6.5 2.67
5.25 6.75 -0.3
5.25 6.75 0.0
5.25 6.75 2.45
5.25 6.75 2.67
5.25 7.0 -0.3
5.25 7.0 0.0
5.25 7.0 2.45
5.25 7.0 2.67
5.25 7.25 -0.3
5.25 7.25 0.0
5.25 7.25 2.45
5.25 7.25 2.67
5.25 7.5 -0.3
5.25 7.5 0.0
5.25 7.5 2.45
5.25 7.5 2.67
5.25 7.75 -0.3
5.25 7.75 0.0
5.25 7.75 2.45
5.25 7.75 2.67
5.25 7.85 -0.22
5.25 7.85 0.0
5.25 8.0 -0.3
5.25 8.0 0.0
5.25 8.0 2.45
5.25 8.0 2.67
5.25 8.0985 -0.22
5.25 8.0985 0.0
5.25 8.25 -0.3
5.25 8.25 0.0
5.25 8.25 2.45
5.25 8.25 2.67
5.25 8.3469 -0.22
5.25 8.3469 0.0
5.25 8.5 -0.3
5.25 8.5 0.0
5.25 8.5 2.45
5.25 8.5 2.67
5.25 8.5954 -0.22
5.25 8.5954 0.0
5.25 8.75 -0.3
5.25 8.75 0.0
5.25 8.75 2.45
5.25 8.75 2.67
5.25 8.8438 -0.22
5.25 8.8438 0.0
5.25 9.0 -0.3
5.25 9.0 0.0
5.25 9.0 2.45
5.25 9.0 2.67
5.25 9.0923 -0.22
5.25 9.0923 0.0
5.25 9.25 -0.3
5.25 9.25 0.0
5.25 9.25 2.45
5.25 9.25 2.67
5.25 9.3408 -0.22
5.25 9.3408 0.0
5.25 9.5 -0.3
5.25 9.5 0.0
5.25 9.5 2.45
5.25 9.5 2.67
5.25 9.5892 -0.22
5.25 9.5892 0.0
5.25 9.75 -0.3
5.25 9.75 0.0
5.25 9.75 2.45
5.25 9.75 2.67
5.25 9.8377 -0.22
5.25 9.8377 0.0
5.25 10.0 -0.3
5.25 10.0 0.0
5.25 10.0 2.45
5.25 10.0 2.67
5.25 10.0862 -0.22
5.25 10.0862 0.0
5.25 10.25 -0.3
5.25 10.25 0.0
5.25 10.25 2.45
5.25 10.25 2.67
5.25 10.3346 -0.22
5.25 10.3346 0.0
5.25 10.5 -0.3
5.25 10.5 0.0
5.25 10.5 2.45
5.25 10.5 2.67
5.25 10.5831 -0.22
5.25 10.5831 0.0
5.25 10.75 -0.3
5.25 10.75 0.0
5.25 10.75 2.45
5.25 10.75 2.67
5.25 10.8315 -0.22
5.25 10.8315 0.0
5.25 11.0 -0.3
5.25 11.0 0.0
5.25 11.0 2.45
5.25 11.0 2.67
5.25 11.08 -0.22
5.25 11.08 0.0
5.25 11.25 -0.3
5.25 11.25 0.0
5.25 11.25 2.45
5.25 11.25 2.67
5.25 11.3285 -0.22
5.25 11.3285 0.0
5.25 11.5 -0.3
5.25 11.5 0.0
5.25 11.5 2.45
5.25 11.5 2.67
5.25 11.5769 -0.22
5.25 11.5769 0.0
5.25 11.75 -0.3
5.25 11.75 0.0
5.25 11.75 2.45
5.25 11.75 2.67
5.25 11.8254 -0.22
5.25 11.8254 0.0
5.25 12.0 -0.3
5.25 12.0 0.0
5.25 12.0 2.45
5.25 12.0 2.67
5.25 12.0738 -0.22
5.25 12.0738 0.0
5.25 12.25 -0.3
5.25 12.25 0.0
5.25 12.25 2.45
5.25 12.25 2.67
5.25 12.3223 -0.22
5.25 12.3223 0.0
5.25 12.5 -0.3
5.25 12.5 0.0
5.25 12.5 2.45
5.25 12.5 2.67
5.25 12.5708 -0.22
5.25 12.5708 0.0
5.25 12.75 -0.3
5.25 12.75 0.0
5.25 12.75 2.45
5.25 12.75 2.67
5.25 12.8192 -0.22
5.25 12.8192 0.0
5.25 13.0 -0.3
5.25 13.0 0.0
5.25 13.0 2.45
5.25 13.0 2.67
5.25 13.0677 -0.22
5.25 13.0677 0.0
5.25 13.25 -0.3
5.25 13.25 0.0
5.25 13.25 2.45
5.25 13.25 2.67
5.25 13.3162 -0.22
5.25 13.3162 0.0
5.25 13.5 -0.3
5.25 13.5 0.0
5.25 13.5 2.45
5.25 13.5 2.67
5.25 13.5646 -0.22
5.25 13.5646 0.0
5.25 13.75 -0.3
5.25 13.75 0.0
5.25 13.75 2.45
5.25 13.75 2.67
5.25 13.8131 -0.22
5.25 13.8131 0.0
5.25 14.0 -0.3
5.25 14.0 0.0
5.25 14.0 2.45
5.25 14.0 2.67
5.25 14.0615 -0.22
5.25 14.0615 0.0
5.25 14.25 -0.3
5.25 14.25 0.0
5.25 14.25 2.45
5.25 14.25 2.67
5.25 14.31 -0.22
5.25 14.31 0.0
5.25 14.5 -0.3
5.25 14.5 0.0
5.25 14.5 2.45
5.25 14.5 2.67
5.25 14.5585 -0.22
5.25 14.5585 0.0
5.25 14.75 -0.3
5.25 14.75 0.0
5.25 14.75 2.45
5.25 14.75 2.67
5.25 14.8069 -0.22
5.25 14.8069 0.0
5.25 15.0 -0.3
5.25 15.0 0.0
5.25 15.0 2.45
5.25 15.0 2.67
5.25 15.0554 -0.22
5.25 15.0554 0.0
5.25 15.25 -0.3
5.25 15.25 0.0
5.25 15.25 2.45
5.25 15.25 2.67
5.25 15.3038 -0.22
5.25 15.3038 0.0
5.25 15.5 -0.3
5.25 15.5 0.0
5.25 15.5 2.45
5.25 15.5 2.67
5.25 15.5523 -0.22
5.25 15.5523 0.0
5.25 15.75 -0.3
5.25 15.75 0.0
5.25 15.75 2.45
5.25 15.75 2.67
5.25 15.8008 -0.22
5.25 15.8008 0.0
5.25 16.0 -0.3
5.25 16.0 0.0
5.25 16.0 2.45
5.25 16.0 2.67
5.25 16.0492 -0.22
5.25 16.0492 0.0
5.25 16.25 -0.3
5.25 16.25 0.0
5.25 16.25 2.45
5.25 16.25 2.67
5.25 16.2977 -0.22
5.25 16.2977 0.0
5.25 16.5 -0.3
5.25 16.5 0.0
5.25 16.5 2.45
5.25 16.5 2.67
5.25 16.5462 -0.22
5.25 16.5462 0.0
5.25 16.75 -0.3
5.25 16.75 0.0
5.25 16.75 2.45
5.25 16.75 2.67
5.25 16.7946 -0.22
5.25 16.7946 0.0
5.25 17.0 -0.3
5.25 17.0 0.0
5.25 17.0 2.45
5.25 17.0 2.67
5.25 17.0431 -0.22
5.25 17.0431 0.0
5.25 17.25 -0.3
5.25 17.25 0.0
5.25 17.25 2.45
5.25 17.25 2.67
5.25 17.2915 -0.22
5.25 17.2915 0.0
5.25 17.5 -0.3
5.25 17.5 0.0
5.25 17.5 2.45
5.25 17.5 2.67
5.25 17.54 -0.22
5.25 17.54 0.0
5.25 17.75 -0.3
5.25 17.75 0.0
5.25 17.75 2.45
5.25 17.75 2.67
5.25 17.7885 -0.22
5.25 17.7885 0.0
5.25 18.0 -0.3
5.25 18.0 0.0
5.25 18.0 2.45
5.25 18.0 2.67
5.25 18.0369 -0.22
5.25 18.0369 0.0
5.25 18.25 -0.3
5.25 18.25 0.0
5.25 18.25 2.45
5.25 18.25 2.67
5.25 18.2854 -0.22
5.25 18.2854 0.0
5.25 18.5 -0.3
5.25 18.5 0.0
5.25 18.5 2.45
5.25 18.5 2.67
5.25 18.5338 -0.22
5.25 18.5338 0.0
5.25 18.75 -0.3
5.25 18.75 0.0
5.25 18.75 2.45
5.25 18.75 2.67
5.25 18.7823 -0.22
5.25 18.7823 0.0
5.25 19.0 -0.3
5.25 19.0 0.0
5.25 19.0 2.45
5.25 19.0 2.67
5.25 19.0308 -0.22
5.25 19.0308 0.0
5.25 19.25 -0.3
5.25 19.25 0.0
5.25 19.25 2.45
5.25 19.25 2.67
5.25 19.2792 -0.22
5.25 19.2792 0.0
5.25 19.5 -0.3
5.25 19.5 0.0
5.25 19.5 2.45
5.25 19.5 2.67
5.25 19.5277 -0.22
5.25 19.5277 0.0
5.25 19.75 -0.3
5.25 19.75 0.0
5.25 19.75 2.45
5.25 19.75 2.67
5.25 19.7762 -0.22
5.25 19.7762 0.0
5.25 20.0 -0.3
5.25 20.0 0.0
5.25 20.0 2.45
5.25 20.0 2.67
5.25 20.0246 -0.22
5.25 20.0246 0.0
5.25 20.25 -0.3
5.25 20.25 0.0
5.25 20.25 2.45
5.25 20.25 2.67
5.25 20.2731 -0.22
5.25 20.2731 0.0
5.25 20.5 -0.3
5.25 20.5 0.0
5.25 20.5 2.45
5.25 20.5 2.67
5.25 20.5215 -0.22
5.25 20.5215 0.0
5.25 20.75 -0.3
5.25 20.75 0.0
5.25 20.75 2.45
5.25 20.75 2.67
5.25 20.77 -0.22
5.25 20.77 0.0
5.25 21.0 -0.3
5.25 21.0 0.0
5.25 21.0 2.45
5.25 21.0 2.67
5.25 21.0185 -0.22
5.25 21.0185 0.0
5.25 21.25 -0.3
5.25 21.25 0.0
5.25 21.25 2.45
5.25 21.25 2.67
5.25 21.2669 -0.22
5.25 21.2669 0.0
5.25 21.5 -0.3
5.25 21.5 0.0
5.25 21.5 2.45
5.25 21.5 2.67
5.25 21.5154 -0.22
5.25 21.5154 0.0
5.25 21.75 -0.3
5.25 21.75 0.0
5.25 21.75 2.45
5.25 21.75 2.67
5.25 21.7638 -0.22
5.25 21.7638 0.0
5.25 22.0 -0.3
5.25 22.0 0.0
5.25 22.0 2.45
5.25 22.0 2.67
5.25 22.0123 -0.22
5.25 22.0123 0.0
5.25 22.25 -0.3
5.25 22.25 0.0
5.25 22.25 2.45
5.25 22.25 2.67
5.25 22.2608 -0.22
5.25 22.2608 0.0
5.25 22.5 -0.3
5.25 22.5 0.0
5.25 22.5 2.45
5.25 22.5 2.67
5.25 22.5092 -0.22
5.25 22.5092 0.0
5.25 22.75 -0.3
5.25 22.75 0.0
5.25 22.75 2.45
5.25 22.75 2.67
5.25 22.7577 -0.22
5.25 22.7577 0.0
5.25 23.0 -0.3
5.25 23.0 0.0
5.25 23.0 2.45
5.25 23.0 2.67
5.25 23.0062 -0.22
5.25 23.0062 0.0
5.25 23.25 -0.3
5.25 23.25 0.0
5.25 23.25 2.45
5.25 23.25 2.67
5.25 23.2546 -0.22
5.25 23.2546 0.0
5.25 23.5 -0.3
5.25 23.5 0.0
5.25 23.5 2.45
5.25 23.5 2.67
5.25 23.5031 -0.22
5.25 23.5031 0.0
5.25 23.75 -0.3
5.25 23.75 0.0
5.25 23.75 2.45
5.25 23.75 2.67
5.25 23.7515 -0.22
5.25 23.7515 0.0
5.25 23.82 0.0
5.25 23.82 0.245
5.25 23.82 0.49
5.25 23.82 0.735
5.25 23.82 0.98
5.25 23.82 1.225
5.25 23.82 1.47
5.25 23.82 1.715
5.25 23.82 1.96
5.25 23.82 2.205
5.25 23.82 2.45
5.25 24.0 -0.3
5.25 24.0 -0.22
5.25 24.0 0.0
5.25 24.0 0.245
5.25 24.0 0.49
5.25 24.0 0.735
5.25 24.0 0.98
5.25 24.0 1.225
5.25 24.0 1.47
5.25 24.0 1.715
5.25 24.0 1.96
5.25 24.0 2.205
5.25 24.0 2.45
5.25 24.0 2.67
5.25 24.25 -0.3
5.25 24.25 0.0
5.25 24.5 -0.3
5.25 24.5 0.0
5.25 24.75 -0.3
5.25 24.75 0.0
5.25 25.0 -0.3
5.25 25.0 -0.15
5.25 25.0 0.0
5.2594 0.0 0.0
5.2594 0.0 0.245
5.2594 0.0 0.49
5.2594 0.0 0.735
5.2594 0.0 0.98
5.2594 0.0 1.225
5.2594 0.0 1.47
5.2594 0.0 1.715
5.2594 0.0 1.96
5.2594 0.0 2.205
5.2594 0.0 2.45
5.2594 0.18 0.0
5.2594 0.18 0.245
5.2594 0.18 0.49
5.2594 0.18 0.735
5.2594 0.18 0.98
5.2594 0.18 1.225
5.2594 0.18 1.47
5.2594 0.18 1.715
5.2594 0.18 1.96
5.2594 0.18 2.205
5.2594 0.18 2.45
5.355 0.0 -0.22
5.355 0.0 0.0
5.355 0.2453 -0.22
5.355 0.2453 0.0
5.355 0.4906 -0.22
5.355 0.4906 0.0
5.355 0.7359 -0.22
5.355 0.7359 0.0
5.355 0.9813 -0.22
5.355 0.9813 0.0
5.355 1.2266 -0.22
5.355 1.2266 0.0
5.355 1.4719 -0.22
5.355 1.4719 0.0
5.355 1.7172 -0.22
5.355 1.7172 0.0
5.355 1.9625 -0.22
5.355 1.9625 0.0
5.355 2.2078 -0.22
5.355 2.2078 0.0
5.355 2.4531 -0.22
5.355 2.4531 0.0
5.355 2.6984 -0.22
5.355 2.6984 0.0
5.355 2.9437 -0.22
5.355 2.9437 0.0
5.355 3.1891 -0.22
5.355 3.1891 0.0
5.355 3.4344 -0.22
5.355 3.4344 0.0
5.355 3.6797 -0.22
5.355 3.6797 0.0
5.355 3.925 -0.22
5.355 3.925 0.0
5.355 4.1703 -0.22
5.355 4.1703 0.0
5.355 4.4156 -0.22
5.355 4.4156 0.0
5.355 4.6609 -0.22
5.355 4.6609 0.0
5.355 4.9062 -0.22
5.355 4.9062 0.0
5.355 5.1516 -0.22
5.355 5.1516 0.0
5.355 5.3969 -0.22
5.355 5.3969 0.0
5.355 5.6422 -0.22
5.355 5.6422 0.0
5.355 5.8875 -0.22
5.355 5.8875 0.0
5.355 6.1328 -0.22
5.355 6.1328 0.0
5.355 6.3781 -0.22
5.355 6.3781 0.0
5.355 6.6234 -0.22
5.355 6.6234 0.0
5.355 6.8687 -0.22
5.355 6.8687 0.0
5.355 7.1141 -0.22
5.355 7.1141 0.0
5.355 7.3594 -0.22
5.355 7.3594 0.0
5.355 7.6047 -0.22
5.355 7.6047 0.0
5.355 7.85 -0.22
5.355 7.85 0.0
5.5 -1.0 -0.3
5.5 -1.0 -0.15
5.5 -1.0 0.0
5.5 -0.75 -0.3
5.5 -0.75 0.0
5.5 -0.5 -0.3
5.5 -0.5 0.0
5.5 -0.25 -0.3
5.5 -0.25 0.0
5.5 0.0 -0.3
5.5 0.0 0.0
5.5 0.0 2.45
5.5 0.0 2.67
5.5 0.25 -0.3
5.5 0.25 0.0
5.5 0.25 2.45
5.5 0.25 2.67
5.5 0.5 -0.3
5.5 0.5 0.0
5.5 0.5 2.45
5.5 0.5 2.67
5.5 0.75 -0.3
5.5 0.75 0.0
5.5 0.75 2.45
5.5 0.75 2.67
5.5 1.0 -0.3
5.5 1.0 0.0
5.5 1.0 2.45
5.5 1.0 2.67
5.5 1.25 -0.3
5.5 1.25 0.0
5.5 1.25 2.45
5.5 1.25 2.67
5.5 1.5 -0.3
5.5 1.5 0.0
5.5 1.5 2.45
5.5 1.5 2.67
5.5 1.75 -0.3
5.5 1.75 0.0
5.5 1.75 2.45
5.5 1.75 2.67
5.5 2.0 -0.3
5.5 2.0 0.0
5.5 2.0 2.45
5.5 2.0 2.67
5.5 2.25 -0.3
5.5 2.25 0.0
5.5 2.25 2.45
5.5 2.25 2.67
5.5 2.5 -0.3
5.5 2.5 0.0
5.5 2.5 2.45
5.5 2.5 2.67
5.5 2.75 -0.3
5.5 2.75 0.0
5.5 2.75 2.45
5.5 2.75 2.67
5.5 3.0 -0.3
5.5 3.0 0.0
5.5 3.0 2.45
5.5 3.0 2.67
5.5 3.25 -0.3
5.5 3.25 0.0
5.5 3.25 2.45
5.5 3.25 2.67
5.5 3.5 -0.3
5.5 3.5 0.0
5.5 3.5 2.45
5.5 3.5 2.67
5.5 3.75 -0.3
5.5 3.75 0.0
5.5 3.75 2.45
5.5 3.75 2.67
5.5 4.0 -0.3
5.5 4.0 0.0
5.5 4.0 2.45
5.5 4.0 2.67
5.5 4.25 -0.3
5.5 4.25 0.0
5.5 4.25 2.45
5.5 4.25 2.67
5.5 4.5 -0.3
5.5 4.5 0.0
5.5 4.5 2.45
5.5 4.5 2.67
5.5 4.75 -0.3
5.5 4.75 0.0
5.5 4.75 2.45
5.5 4.75 2.67
5.5 5.0 -0.3
5.5 5.0 0.0
5.5 5.0 2.45
5.5 5.0 2.67
5.5 5.25 -0.3
5.5 5.25 0.0
5.5 5.25 2.45
5.5 5.25 2.67
5.5 5.5 -0.3
5.5 5.5 0.0
5.5 5.5 2.45
5.5 5.5 2.67
5.5 5.75 -0.3
5.5 5.75 0.0
5.5 5.75 2.45
5.5 5.75 2.67
5.5 6.0 -0.3
5.5 6.0 0.0
5.5 6.0 2.45
5.5 6.0 2.67
5.5 6.25 -0.3
5.5 6.25 0.0
5.5 6.25 2.45
5.5 6.25 2.67
5.5 6.5 -0.3
5.5 6.5 0.0
5.5 6.5 2.45
5.5 6.5 2.67
5.5 6.75 -0.3
5.5 6.75 0.0
5.5 6.75 2.45
5.5 6.75 2.67
5.5 7.0 -0.3
5.5 7.0 0.0
5.5 7.0 2.45
5.5 7.0 2.67
5.5 7.25 -0.3
5.5 7.25 0.0
5.5 7.25 2.45
5.5 7.25 2.67
5.5 7.5 -0.3
5.5 7.5 0.0
5.5 7.5 2.45
5.5 7.5 2.67
5.5 7.75 -0.3
5.5 7.75 0.0
5.5 7.75 2.45
5.5 7.75 2.67
5.5 7.85 -0.22
5.5 7.85 0.0
5.5 8.0 -0.3
5.5 8.0 0.0
5.5 8.0 2.45
5.5 8.0 2.67
5.5 8.0985 -0.22
5.5 8.0985 0.0
5.5 8.25 -0.3
5.5 8.25 0.0
5.5 8.25 2.45
5.5 8.25 2.67
5.5 8.3469 -0.22
5.5 8.3469 0.0
5.5 8.5 -0.3
5.5 8.5 0.0
5.5 8.5 2.45
5.5 8.5 2.67
5.5 8.5954 -0.22
5.5 8.5954 0.0
5.5 8.75 -0.3
5.5 8.75 0.0
5.5 8.75 2.45
5.5 8.75 2.67
5.5 8.8438 -0.22
5.5 8.8438 0.0
5.5 9.0 -0.3
5.5 9.0 0.0
5.5 9.0 2.45
5.5 9.0 2.67
5.5 9.0923 -0.22
5.5 9.0923 0.0
5.5 9.25 -0.3
5.5 9.25 0.0
5.5 9.25 2.45
5.5 9.25 2.67
5.5 9.3408 -0.22
5.5 9.3408 0.0
5.5 9.5 -0.3
5.5 9.5 0.0
5.5 9.5 2.45
5.5 9.5 2.67
5.5 9.5892 -0.22
5.5 9.5892 0.0
5.5 9.75 -0.3
5.5 9.75 0.0
5.5 9.75 2.45
5.5 9.75 2.67
5.5 9.8377 -0.22
5.5 9.8377 0.0
5.5 10.0 -0.3
5.5 10.0 0.0
5.5 10.0 2.45
5.5 10.0 2.67
5.5 10.0862 -0.22
5.5 10.0862 0.0
5.5 10.25 -0.3
5.5 10.25 0.0
5.5 10.25 2.45
5.5 10.25 2.67
5.5 10.3346 -0.22
5.5 10.3346 0.0
5.5 10.5 -0.3
5.5 10.5 0.0
5.5 10.5 2.45
5.5 10.5 2.67
5.5 10.5831 -0.22
5.5 10.5831 0.0
5.5 10.75 -0.3
5.5 10.75 0.0
5.5 10.75 2.45
5.5 10.75 2.67
5.5 10.8315 -0.22
5.5 10.8315 0.0
5.5 11.0 -0.3
5.5 11.0 0.0
5.5 11.0 2.45
5.5 11.0 2.67
5.5 11.08 -0.22
5.5 11.08 0.0
5.5 11.25 -0.3
5.5 11.25 0.0
5.5 11.25 2.45
5.5 11.25 2.67
5.5 11.3285 -0.22
5.5 11.3285 0.0
5.5 11.5 -0.3
5.5 11.5 0.0
5.5 11.5 2.45
5.5 11.5 2.67
5.5 11.5769 -0.22
5.5 11.5769 0.0
5.5 11.75 -0.3
5.5 11.75 0.0
5.5 11.75 2.45
5.5 11.75 2.67
5.5 11.8254 -0.22
5.5 11.8254 0.0
5.5 12.0 -0.3
5.5 12.0 0.0
5.5 12.0 2.45
5.5 12.0 2.67
5.5 12.0738 -0.22
5.5 12.0738 0.0
5.5 12.25 -0.3
5.5 12.25 0.0
5.5 12.25 2.45
5.5 12.25 2.67
5.5 12.3223 -0.22
5.5 12.3223 0.0
5.5 12.5 -0.3
5.5 12.5 0.0
5.5 12.5 2.45
5.5 12.5 2.67
5.5 12.5708 -0.22
5.5 12.5708 0.0
5.5 12.75 -0.3
5.5 12.75 0.0
5.5 12.75 2.45
5.5 12.75 2.67
5.5 12.8192 -0.22
5.5 12.8192 0.0
5.5 13.0 -0.3
5.5 13.0 0.0
5.5 13.0 2.45
5.5 13.0 2.67
5.5 13.0677 -0.22
5.5 13.0677 0.0
5.5 13.25 -0.3
5.5 13.25 0.0
5.5 13.25 2.45
5.5 13.25 2.67
5.5 13.3162 -0.22
5.5 13.3162 0.0
5.5 13.5 -0.3
5.5 13.5 0.0
5.5 13.5 2.45
5.5 13.5 2.67
5.5 13.5646 -0.22
5.5 13.5646 0.0
5.5 13.75 -0.3
5.5 13.75 0.0
5.5 13.75 2.45
5.5 13.75 2.67
5.5 13.8131 -0.22
5.5 13.8131 0.0
5.5 14.0 -0.3
5.5 14.0 0.0
5.5 14.0 2.45
5.5 14.0 2.67
5.5 14.0615 -0.22
5.5 14.0615 0.0
5.5 14.25 -0.3
5.5 14.25 0.0
5.5 14.25 2.45
5.5 14.25 2.67
5.5 14.31 -0.22
5.5 14.31 0.0
5.5 14.5 -0.3
5.5 14.5 0.0
5.5 14.5 2.45
5.5 14.5 2.67
5.5 14.5585 -0.22
5.5 14.5585 0.0
5.5 14.75 -0.3
5.5 14.75 0.0
5.5 14.75 2.45
5.5 14.75 2.67
5.5 14.8069 -0.22
5.5 14.8069 0.0
5.5 15.0 -0.3
5.5 15.0 0.0
5.5 15.0 2.45
5.5 15.0 2.67
5.5 15.0554 -0.22
5.5 15.0554 0.0
5.5 15.25 -0.3
5.5 15.25 0.0
5.5 15.25 2.45
5.5 15.25 2.67
5.5 15.3038 -0.22
5.5 15.3038 0.0
5.5 15.5 -0.3
5.5 15.5 0.0
5.5 15.5 2.45
5.5 15.5 2.67
5.5 15.5523 -0.22
5.5 15.5523 0.0
5.5 15.75 -0.3
5.5 15.75 0.0
5.5 15.75 2.45
5.5 15.75 2.67
5.5 15.8008 -0.22
5.5 15.8008 0.0
5.5 16.0 -0.3
5.5 16.0 0.0
5.5 16.0 2.45
5.5 16.0 2.67
5.5 16.0492 -0.22
5.5 16.0492 0.0
5.5 16.25 -0.3
5.5 16.25 0.0
5.5 16.25 2.45
5.5 16.25 2.67
5.5 16.2977 -0.22
5.5 16.2977 0.0
5.5 16.5 -0.3
5.5 16.5 0.0
5.5 16.5 2.45
5.5 16.5 2.67
5.5 16.5462 -0.22
5.5 16.5462 0.0
5.5 16.75 -0.3
5.5 16.75 0.0
5.5 16.75 2.45
5.5 16.75 2.67
5.5 16.7946 -0.22
5.5 16.7946 0.0
5.5 17.0 -0.3
5.5 17.0 0.0
5.5 17.0 2.45
5.5 17.0 2.67
5.5 17.0431 -0.22
5.5 17.0431 0.0
5.5 17.25 -0.3
5.5 17.25 0.0
5.5 17.25 2.45
5.5 17.25 2.67
5.5 17.2915 -0.22
5.5 17.2915 0.0
5.5 17.5 -0.3
5.5 17.5 0.0
5.5 17.5 2.45
5.5 17.5 2.67
5.5 17.54 -0.22
5.5 17.54 0.0
5.5 17.75 -0.3
5.5 17.75 0.0
5.5 17.75 2.45
5.5 17.75 2.67
5.5 17.7885 -0.22
5.5 17.7885 0.0
5.5 18.0 -0.3
5.5 18.0 0.0
5.5 18.0 2.45
5.5 18.0 2.67
5.5 18.0369 -0.22
5.5 18.0369 0.0
5.5 18.25 -0.3
5.5 18.25 0.0
5.5 18.25 2.45
5.5 18.25 2.67
5.5 18.2854 -0.22
5.5 18.2854 0.0
5.5 18.5 -0.3
5.5 18.5 0.0
5.5 18.5 2.45
5.5 18.5 2.67
5.5 18.5338 -0.22
5.5 18.5338 0.0
5.5 18.75 -0.3
5.5 18.75 0.0
5.5 18.75 2.45
5.5 18.75 2.67
5.5 18.7823 -0.22
5.5 18.7823 0.0
5.5 19.0 -0.3
5.5 19.0 0.0
5.5 19.0 2.45
5.5 19.0 2.67
5.5 19.0308 -0.22
5.5 19.0308 0.0
5.5 19.25 -0.3
5.5 19.25 0.0
5.5 19.25 2.45
5.5 19.25 2.67
5.5 19.2792 -0.22
5.5 19.2792 0.0
5.5 19.5 -0.3
5.5 19.5 0.0
5.5 19.5 2.45
5.5 19.5 2.67
5.5 19.5277 -0.22
5.5 19.5277 0.0
5.5 19.75 -0.3
5.5 19.75 0.0
5.5 19.75 2.45
5.5 19.75 2.67
5.5 19.7762 -0.22
5.5 19.7762 0.0
5.5 20.0 -0.3
5.5 20.0 0.0
5.5 20.0 2.45
5.5 20.0 2.67
5.5 20.0246 -0.22
5.5 20.0246 0.0
5.5 20.25 -0.3
5.5 20.25 0.0
5.5 20.25 2.45
5.5 20.25 2.67
5.5 20.2731 -0.22
5.5 20.2731 0.0
5.5 20.5 -0.3
5.5 20.5 0.0
5.5 20.5 2.45
5.5 20.5 2.67
5.5 20.5215 -0.22
5.5 20.5215 0.0
5.5 20.75 -0.3
5.5 20.75 0.0
5.5 20.75 2.45
5.5 20.75 2.67
5.5 20.77 -0.22
5.5 20.77 0.0
5.5 21.0 -0.3
5.5 21.0 0.0
5.5 21.0 2.45
5.5 21.0 2.67
5.5 21.0185 -0.22
5.5 21.0185 0.0
5.5 21.25 -0.3
5.5 21.25 0.0
5.5 21.25 2.45
5.5 21.25 2.67
5.5 21.2669 -0.22
5.5 21.2669 0.0
5.5 21.5 -0.3
5.5 21.5 0.0
5.5 21.5 2.45
5.5 21.5 2.67
5.5 21.5154 -0.22
5.5 21.5154 0.0
5.5 21.75 -0.3
5.5 21.75 0.0
5.5 21.75 2.45
5.5 21.75 2.67
5.5 21.7638 -0.22
5.5 21.7638 0.0
5.5 22.0 -0.3
5.5 22.0 0.0
5.5 22.0 2.45
5.5 22.0 2.67
5.5 22.0123 -0.22
5.5 22.0123 0.0
5.5 22.25 -0.3
5.5 22.25 0.0
5.5 22.25 2.45
5.5 22.25 2.67
5.5 22.2608 -0.22
5.5 22.2608 0.0
5.5 22.5 -0.3
5.5 22.5 0.0
5.5 22.5 2.45
5.5 22.5 2.67
5.5 22.5092 -0.22
5.5 22.5092 0.0
5.5 22.75 -0.3
5.5 22.75 0.0
5.5 22.75 2.45
5.5 22.75 2.67
5.5 22.7577 -0.22
5.5 22.7577 0.0
5.5 23.0 -0.3
5.5 23.0 0.0
5.5 23.0 2.45
5.5 23.0 2.67
5.5 23.0062 -0.22
5.5 23.0062 0.0
5.5 23.25 -0.3
5.5 23.25 0.0
5.5 23.25 2.45
5.5 23.25 2.67
5.5 23.2546 -0.22
5.5 23.2546 0.0
5.5 23.5 -0.3
5.5 23.5 0.0
5.5 23.5 2.45
5.5 23.5 2.67
5.5 23.5031 -0.22
5.5 23.5031 0.0
5.5 23.75 -0.3
5.5 23.75 0.0
5.5 23.75 2.45
5.5 23.75 2.67
5.5 23.7515 -0.22
5.5 23.7515 0.0
5.5 23.82 0.0
5.5 23.82 0.245
5.5 23.82 0.49
5.5 23.82 0.735
5.5 23.82 0.98
5.5 23.82 1.225
5.5 23.82 1.47
5.5 23.82 1.715
5.5 23.82 1.96
5.5 23.82 2.205
5.5 23.82 2.45
5.5 24.0 -0.3
5.5 24.0 -0.22
5.5 24.0 0.0
5.5 24.0 0.245
5.5 24.0 0.49
5.5 24.0 0.735
5.5 24.0 0.98
5.5 24.0 1.225
5.5 24.0 1.47
5.5 24.0 1.715
5.5 24.0 1.96
5.5 24.0 2.205
5.5 24.0 2.45
5.5 24.0 2.67
5.5 24.25 -0.3
5.5 24.25 0.0
5.5 24.5 -0.3
5.5 24.5 0.0
5.5 24.75 -0.3
5.5 24.75 0.0
5.5 25.0 -0.3
5.5 25.0 -0.15
5.5 25.0 0.0
5.5088 0.0 0.0
5.5088 0.0 0.245
5.5088 0.0 0.49
5.5088 0.0 0.735
5.5088 0.0 0.98
5.5088 0.0 1.225
5.5088 0.0 1.47
5.5088 0.0 1.715
5.5088 0.0 1.96
5.5088 0.0 2.205
5.5088 0.0 2.45
5.5088 0.18 0.0
5.5088 0.18 0.245
5.5088 0.18 0.49
5.5088 0.18 0.735
5.5088 0.18 0.98
5.5088 0.18 1.225
5.5088 0.18 1.47
5.5088 0.18 1.715
5.5088 0.18 1.96
5.5088 0.18 2.205
5.5088 0.18 2.45
5.598 0.0 -0.22
5.598 0.0 0.0
5.598 0.2453 -0.22
5.598 0.2453 0.0
5.598 0.4906 -0.22
5.598 0.4906 0.0
5.598 0.7359 -0.22
5.598 0.7359 0.0
5.598 0.9813 -0.22
5.598 0.9813 0.0
5.598 1.2266 -0.22
5.598 1.2266 0.0
5.598 1.4719 -0.22
5.598 1.4719 0.0
5.598 1.7172 -0.22
5.598 1.7172 0.0
5.598 1.9625 -0.22
5.598 1.9625 0.0
5.598 2.2078 -0.22
5.598 2.2078 0.0
5.598 2.4531 -0.22
5.598 2.4531 0.0
5.598 2.6984 -0.22
5.598 2.6984 0.0
5.598 2.9437 -0.22
5.598 2.9437 0.0
5.598 3.1891 -0.22
5.598 3.1891 0.0
5.598 3.4344 -0.22
5.598 3.4344 0.0
5.598 3.6797 -0.22
5.598 3.6797 0.0
5.598 3.925 -0.22
5.598 3.925 0.0
5.598 4.1703 -0.22
5.598 4.1703 0.0
5.598 4.4156 -0.22
5.598 4.4156 0.0
5.598 4.6609 -0.22
5.598 4.6609 0.0
5.598 4.9062 -0.22
5.598 4.9062 0.0
5.598 5.1516 -0.22
5.598 5.1516 0.0
5.598 5.3969 -0.22
5.598 5.3969 0.0
5.598 5.6422 -0.22
5.598 5.6422 0.0
5.598 5.8875 -0.22
5.598 5.8875 0.0
5.598 6.1328 -0.22
5.598 6.1328 0.0
5.598 6.3781 -0.22
5.598 6.3781 0.0
5.598 6.6234 -0.22
5.598 6.6234 0.0
5.598 6.8687 -0.22
5.598 6.8687 0.0
5.598 7.1141 -0.22
5.598 7.1141 0.0
5.598 7.3594 -0.22
5.598 7.3594 0.0
5.598 7.6047 -0.22
5.598 7.6047 0.0
5.598 7.85 -0.22
5.598 7.85 0.0
5.75 -1.0 -0.3
5.75 -1.0 -0.15
5.75 -1.0 0.0
5.75 -0.75 -0.3
5.75 -0.75 0.0
5.75 -0.5 -0.3
5.75 -0.5 0.0
5.75 -0.25 -0.3
5.75 -0.25 0.0
5.75 0.0 -0.3
5.75 0.0 0.0
5.75 0.0 2.45
5.75 0.0 2.67
5.75 0.25 -0.3
5.75 0.25 0.0
5.75 0.25 2.45
5.75 0.25 2.67
5.75 0.5 -0.3
5.75 0.5 0.0
5.75 0.5 2.45
5.75 0.5 2.67
5.75 0.75 -0.3
5.75 0.75 0.0
5.75 0.75 2.45
5.75 0.75 2.67
5.75 1.0 -0.3
5.75 1.0 0.0
5.75 1.0 2.45
5.75 1.0 2.67
5.75 1.25 -0.3
5.75 1.25 0.0
5.75 1.25 2.45
5.75 1.25 2.67
5.75 1.5 -0.3
5.75 1.5 0.0
5.75 1.5 2.45
5.75 1.5 2.67
5.75 1.75 -0.3
5.75 1.75 0.0
5.75 1.75 2.45
5.75 1.75 2.67
5.75 2.0 -0.3
5.75 2.0 0.0
5.75 2.0 2.45
5.75 2.0 2.67
5.75 2.25 -0.3
5.75 2.25 0.0
5.75 2.25 2.45
5.75 2.25 2.67
5.75 2.5 -0.3
5.75 2.5 0.0
5.75 2.5 2.45
5.75 2.5 2.67
5.75 2.75 -0.3
5.75 2.75 0.0
5.75 2.75 2.45
5.75 2.75 2.67
5.75 3.0 -0.3
5.75 3.0 0.0
5.75 3.0 2.45
5.75 3.0 2.67
5.75 3.25 -0.3
5.75 3.25 0.0
5.75 3.25 2.45
5.75 3.25 2.67
5.75 3.5 -0.3
5.75 3.5 0.0
5.75 3.5 2.45
5.75 3.5 2.67
5.75 3.75 -0.3
5.75 3.75 0.0
5.75 3.75 2.45
5.75 3.75 2.67
5.75 4.0 -0.3
5.75 4.0 0.0
5.75 4.0 2.45
5.75 4.0 2.67
5.75 4.25 -0.3
5.75 4.25 0.0
5.75 4.25 2.45
5.75 4.25 2.67
5.75 4.5 -0.3
5.75 4.5 0.0
5.75 4.5 2.45
5.75 4.5 2.67
5.75 4.75 -0.3
5.75 4.75 0.0
5.75 4.75 2.45
5.75 4.75 2.67
5.75 5.0 -0.3
5.75 5.0 0.0
5.75 5.0 2.45
5.75 5.0 2.67
5.75 5.25 -0.3
5.75 5.25 0.0
5.75 5.25 2.45
5.75 5.25 2.67
5.75 5.5 -0.3
5.75 5.5 0.0
5.75 5.5 2.45
5.75 5.5 2.67
5.75 5.75 -0.3
5.75 5.75 0.0
5.75 5.75 2.45
5.75 5.75 2.67
5.75 6.0 -0.3
5.75 6.0 0.0
5.75 6.0 2.45
5.75 6.0 2.67
5.75 6.25 -0.3
5.75 6.25 0.0
5.75 6.25 2.45
5.75 6.25 2.67
5.75 6.5 -0.3
5.75 6.5 0.0
5.75 6.5 2.45
5.75 6.5 2.67
5.75 6.75 -0.3
5.75 6.75 0.0
5.75 6.75 2.45
5.75 6.75 2.67
5.75 7.0 -0.3
5.75 7.0 0.0
5.75 7.0 2.45
5.75 7.0 2.67
5.75 7.25 -0.3
5.75 7.25 0.0
5.75 7.25 2.45
5.75 7.25 2.67
5.75 7.5 -0.3
5.75 7.5 0.0
5.75 7.5 2.45
5.75 7.5 2.67
5.75 7.75 -0.3
5.75 7.75 0.0
5.75 7.75 2.45
5.75 7.75 2.67
5.75 7.85 -0.22
5.75 7.85 0.0
5.75 8.0 -0.3
5.75 8.0 0.0
5.75 8.0 2.45
5.75 8.0 2.67
5.75 8.0985 -0.22
5.75 8.0985 0.0
5.75 8.25 -0.3
5.75 8.25 0.0
5.75 8.25 2.45
5.75 8.25 2.67
5.75 8.3469 -0.22
5.75 8.3469 0.0
5.75 8.5 -0.3
5.75 8.5 0.0
5.75 8.5 2.45
5.75 8.5 2.67
5.75 8.5954 -0.22
5.75 8.5954 0.0
5.75 8.75 -0.3
5.75 8.75 0.0
5.75 8.75 2.45
5.75 8.75 2.67
5.75 8.8438 -0.22
5.75 8.8438 0.0
5.75 9.0 -0.3
5.75 9.0 0.0
5.75 9.0 2.45
5.75 9.0 2.67
5.75 9.0923 -0.22
5.75 9.0923 0.0
5.75 9.25 -0.3
5.75 9.25 0.0
5.75 9.25 2.45
5.75 9.25 2.67
5.75 9.3408 -0.22
5.75 9.3408 0.0
5.75 9.5 -0.3
5.75 9.5 0.0
5.75 9.5 2.45
5.75 9.5 2.67
5.75 9.5892 -0.22
5.75 9.5892 0.0
5.75 9.75 -0.3
5.75 9.75 0.0
5.75 9.75 2.45
5.75 9.75 2.67
5.75 9.8377 -0.22
5.75 9.8377 0.0
5.75 10.0 -0.3
5.75 10.0 0.0
5.75 10.0 2.45
5.75 10.0 2.67
5.75 10.0862 -0.22
5.75 10.0862 0.0
5.75 10.25 -0.3
5.75 10.25 0.0
5.75 10.25 2.45
5.75 10.25 2.67
5.75 10.3346 -0.22
5.75 10.3346 0.0
5.75 10.5 -0.3
5.75 10.5 0.0
5.75 10.5 2.45
5.75 10.5 2.67
5.75 10.5831 -0.22
5.75 10.5831 0.0
5.75 10.75 -0.3
5.75 10.75 0.0
5.75 10.75 2.45
5.75 10.75 2.67
5.75 10.8315 -0.22
5.75 10.8315 0.0
5.75 11.0 -0.3
5.75 11.0 0.0
5.75 11.0 2.45
5.75 11.0 2.67
5.75 11.08 -0.22
5.75 11.08 0.0
5.75 11.25 -0.3
5.75 11.25 0.0
5.75 11.25 2.45
5.75 11.25 2.67
5.75 11.3285 -0.22
5.75 11.3285 0.0
5.75 11.5 -0.3
5.75 11.5 0.0
5.75 11.5 2.45
5.75 11.5 2.67
5.75 11.5769 -0.22
5.75 11.5769 0.0
5.75 11.75 -0.3
5.75 11.75 0.0
5.75 11.75 2.45
5.75 11.75 2.67
5.75 11.8254 -0.22
5.75 11.8254 0.0
5.75 12.0 -0.3
5.75 12.0 0.0
5.75 12.0 2.45
5.75 12.0 2.67
5.75 12.0738 -0.22
5.75 12.0738 0.0
5.75 12.25 -0.3
5.75 12.25 0.0
5.75 12.25 2.45
5.75 12.25 2.67
5.75 12.3223 -0.22
5.75 12.3223 0.0
5.75 12.5 -0.3
5.75 12.5 0.0
5.75 12.5 2.45
5.75 12.5 2.67
5.75 12.5708 -0.22
5.75 12.5708 0.0
5.75 12.75 -0.3
5.75 12.75 0.0
5.75 12.75 2.45
5.75 12.75 2.67
5.75 12.8192 -0.22
5.75 12.8192 0.0
5.75 13.0 -0.3
5.75 13.0 0.0
5.75 13.0 2.45
5.75 13.0 2.67
5.75 13.0677 -0.22
5.75 13.0677 0.0
5.75 13.25 -0.3
5.75 13.25 0.0
5.75 13.25 2.45
5.75 13.25 2.67
5.75 13.3162 -0.22
5.75 13.3162 0.0
5.75 13.5 -0.3
5.75 13.5 0.0
5.75 13.5 2.45
5.75 13.5 2.67
5.75 13.5646 -0.22
5.75 13.5646 0.0
5.75 13.75 -0.3
5.75 13.75 0.0
5.75 13.75 2.45
5.75 13.75 2.67
5.75 13.8131 -0.22
5.75 13.8131 0.0
5.75 14.0 -0.3
5.75 14.0 0.0
5.75 14.0 2.45
5.75 14.0 2.67
5.75 14.0615 -0.22
5.75 14.0615 0.0
5.75 14.25 -0.3
5.75 14.25 0.0
5.75 14.25 2.45
5.75 14.25 2.67
5.75 14.31 -0.22
5.75 14.31 0.0
5.75 14.5 -0.3
5.75 14.5 0.0
5.75 14.5 2.45
5.75 14.5 2.67
5.75 14.5585 -0.22
5.75 14.5585 0.0
5.75 14.75 -0.3
5.75 14.75 0.0
5.75 14.75 2.45
5.75 14.75 2.67
5.75 14.8069 -0.22
5.75 14.8069 0.0
5.75 15.0 -0.3
5.75 15.0 0.0
5.75 15.0 2.45
5.75 15.0 2.67
5.75 15.0554 -0.22
5.75 15.0554 0.0
5.75 15.25 -0.3
5.75 15.25 0.0
5.75 15.25 2.45
5.75 15.25 2.67
5.75 15.3038 -0.22
5.75 15.3038 0.0
5.75 15.5 -0.3
5.75 15.5 0.0
5.75 15.5 2.45
5.75 15.5 2.67
5.75 15.5523 -0.22
5.75 15.5523 0.0
5.75 15.75 -0.3
5.75 15.75 0.0
5.75 15.75 2.45
5.75 15.75 2.67
5.75 15.8008 -0.22
5.75 15.8008 0.0
5.75 16.0 -0.3
5.75 16.0 0.0
5.75 16.0 2.45
5.75 16.0 2.67
5.75 16.0492 -0.22
5.75 16.0492 0.0
5.75 16.25 -0.3
5.75 16.25 0.0
5.75 16.25 2.45
5.75 16.25 2.67
5.75 16.2977 -0.22
5.75 16.2977 0.0
5.75 16.5 -0.3
5.75 16.5 0.0
5.75 16.5 2.45
5.75 16.5 2.67
5.75 16.5462 -0.22
5.75 16.5462 0.0
5.75 16.75 -0.3
5.75 16.75 0.0
5.75 16.75 2.45
5.75 16.75 2.67
5.75 16.7946 -0.22
5.75 16.7946 0.0
5.75 17.0 -0.3
5.75 17.0 0.0
5.75 17.0 2.45
5.75 17.0 2.67
5.75 17.0431 -0.22
5.75 17.0431 0.0
5.75 17.25 -0.3
5.75 17.25 0.0
5.75 17.25 2.45
5.75 17.25 2.67
5.75 17.2915 -0.22
5.75 17.2915 0.0
5.75 17.5 -0.3
5.75 17.5 0.0
5.75 17.5 2.45
5.75 17.5 2.67
5.75 17.54 -0.22
5.75 17.54 0.0
5.75 17.75 -0.3
5.75 17.75 0.0
5.75 17.75 2.45
5.75 17.75 2.67
5.75 17.7885 -0.22
5.75 17.7885 0.0
5.75 18.0 -0.3
5.75 18.0 0.0
5.75 18.0 2.45
5.75 18.0 2.67
5.75 18.0369 -0.22
5.75 18.0369 0.0
5.75 18.25 -0.3
5.75 18.25 0.0
5.75 18.25 2.45
5.75 18.25 2.67
5.75 18.2854 -0.22
5.75 18.2854 0.0
5.75 18.5 -0.3
5.75 18.5 0.0
5.75 18.5 2.45
5.75 18.5 2.67
5.75 18.5338 -0.22
5.75 18.5338 0.0
5.75 18.75 -0.3
5.75 18.75 0.0
5.75 18.75 2.45
5.75 18.75 2.67
5.75 18.7823 -0.22
5.75 18.7823 0.0
5.75 19.0 -0.3
5.75 19.0 0.0
5.75 19.0 2.45
5.75 19.0 2.67
5.75 19.0308 -0.22
5.75 19.0308 0.0
5.75 19.25 -0.3
5.75 19.25 0.0
5.75 19.25 2.45
5.75 19.25 2.67
5.75 19.2792 -0.22
5.75 19.2792 0.0
5.75 19.5 -0.3
5.75 19.5 0.0
5.75 19.5 2.45
5.75 19.5 2.67
5.75 19.5277 -0.22
5.75 19.5277 0.0
5.75 19.75 -0.3
5.75 19.75 0.0
5.75 19.75 2.45
5.75 19.75 2.67
5.75 19.7762 -0.22
5.75 19.7762 0.0
5.75 20.0 -0.3
5.75 20.0 0.0
5.75 20.0 2.45
5.75 20.0 2.67
5.75 20.0246 -0.22
5.75 20.0246 0.0
5.75 20.25 -0.3
5.75 20.25 0.0
5.75 20.25 2.45
5.75 20.25 2.67
5.75 20.2731 -0.22
5.75 20.2731 0.0
5.75 20.5 -0.3
5.75 20.5 0.0
5.75 20.5 2.45
5.75 20.5 2.67
5.75 20.5215 -0.22
5.75 20.5215 0.0
5.75 20.75 -0.3
5.75 20.75 0.0
5.75 20.75 2.45
5.75 20.75 2.67
5.75 20.77 -0.22
5.75 20.77 0.0
5.75 21.0 -0.3
5.75 21.0 0.0
5.75 21.0 2.45
5.75 21.0 2.67
5.75 21.0185 -0.22
5.75 21.0185 0.0
5.75 21.25 -0.3
5.75 21.25 0.0
5.75 21.25 2.45
5.75 21.25 2.67
5.75 21.2669 -0.22
5.75 21.2669 0.0
5.75 21.5 -0.3
5.75 21.5 0.0
5.75 21.5 2.45
5.75 21.5 2.67
5.75 21.5154 -0.22
5.75 21.5154 0.0
5.75 21.75 -0.3
5.75 21.75 0.0
5.75 21.75 2.45
5.75 21.75 2.67
5.75 21.7638 -0.22
5.75 21.7638 0.0
5.75 22.0 -0.3
5.75 22.0 0.0
5.75 22.0 2.45
5.75 22.0 2.67
5.75 22.0123 -0.22
5.75 22.0123 0.0
5.75 22.25 -0.3
5.75 22.25 0.0
5.75 22.25 2.45
5.75 22.25 2.67
5.75 22.2608 -0.22
5.75 22.2608 0.0
5.75 22.5 -0.3
5.75 22.5 0.0
5.75 22.5 2.45
5.75 22.5 2.67
5.75 22.5092 -0.22
5.75 22.5092 0.0
5.75 22.75 -0.3
5.75 22.75 0.0
5.75 22.75 2.45
5.75 22.75 2.67
5.75 22.7577 -0.22
5.75 22.7577 0.0
5.75 23.0 -0.3
5.75 23.0 0.0
5.75 23.0 2.45
5.75 23.0 2.67
5.75 23.0062 -0.22
5.75 23.0062 0.0
5.75 23.25 -0.3
5.75 23.25 0.0
5.75 23.25 2.45
5.75 23.25 2.67
5.75 23.2546 -0.22
5.75 23.2546 0.0
5.75 23.5 -0.3
5.75 23.5 0.0
5.75 23.5 2.45
5.75 23.5 2.67
5.75 23.5031 -0.22
5.75 23.5031 0.0
5.75 23.75 -0.3
5.75 23.75 0.0
5.75 23.75 2.45
5.75 23.75 2.67
5.75 23.7515 -0.22
5.75 23.7515 0.0
5.75 23.82 0.0
5.75 23.82 0.245
5.75 23.82 0.49
5.75 23.82 0.735
5.75 23.82 0.98
5.75 23.82 1.225
5.75 23.82 1.47
5.75 23.82 1.715
5.75 23.82 1.96
5.75 23.82 2.205
5.75 23.82 2.45
5.75 24.0 -0.3
5.75 24.0 -0.22
5.75 24.0 0.0
5.75 24.0 0.245
5.75 24.0 0.49
5.75 24.0 0.735
5.75 24.0 0.98
5.75 24.0 1.225
5.75 24.0 1.47
5.75 24.0 1.715
5.75 24.0 1.96
5.75 24.0 2.205
5.75 24.0 2.45
5.75 24.0 2.67
5.75 24.25 -0.3
5.75 24.25 0.0
5.75 24.5 -0.3
5.75 24.5 0.0
5.75 24.75 -0.3
5.75 24.75 0.0
5.75 25.0 -0.3
5.75 25.0 -0.15
5.75 25.0 0.0
5.7581 0.0 0.0
5.7581 0.0 0.245
5.7581 0.0 0.49
5.7581 0.0 0.735
5.7581 0.0 0.98
5.7581 0.0 1.225
5.7581 0.0 1.47
5.7581 0.0 1.715
5.7581 0.0 1.96
5.7581 0.0 2.205
5.7581 0.0 2.45
5.7581 0.18 0.0
5.7581 0.18 0.245
5.7581 0.18 0.49
5.7581 0.18 0.735
5.7581 0.18 0.98
5.7581 0.18 1.225
5.7581 0.18 1.47
5.7581 0.18 1.715
5.7581 0.18 1.96
5.7581 0.18 2.205
5.7581 0.18 2.45
5.841 0.0 -0.22
5.841 0.0 0.0
5.841 0.2453 -0.22
5.841 0.2453 0.0
5.841 0.4906 -0.22
5.841 0.4906 0.0
5.841 0.7359 -0.22
5.841 0.7359 0.0
5.841 0.9813 -0.22
5.841 0.9813 0.0
5.841 1.2266 -0.22
5.841 1.2266 0.0
5.841 1.4719 -0.22
5.841 1.4719 0.0
5.841 1.7172 -0.22
5.841 1.7172 0.0
5.841 1.9625 -0.22
5.841 1.9625 0.0
5.841 2.2078 -0.22
5.841 2.2078 0.0
5.841 2.4531 -0.22
5.841 2.4531 0.0
5.841 2.6984 -0.22
5.841 2.6984 0.0
5.841 2.9437 -0.22
5.841 2.9437 0.0
5.841 3.1891 -0.22
5.841 3.1891 0.0
5.841 3.4344 -0.22
5.841 3.4344 0.0
5.841 3.6797 -0.22
5.841 3.6797 0.0
5.841 3.925 -0.22
5.841 3.925 0.0
5.841 4.1703 -0.22
5.841 4.1703 0.0
5.841 4.4156 -0.22
5.841 4.4156 0.0
5.841 4.6609 -0.22
5.841 4.6609 0.0
5.841 4.9062 -0.22
5.841 4.9062 0.0
5.841 5.1516 -0.22
5.841 5.1516 0.0
5.841 5.3969 -0.22
5.841 5.3969 0.0
5.841 5.6422 -0.22
5.841 5.6422 0.0
5.841 5.8875 -0.22
5.841 5.8875 0.0
5.841 6.1328 -0.22
5.841 6.1328 0.0
5.841 6.3781 -0.22
5.841 6.3781 0.0
5.841 6.6234 -0.22
5.841 6.6234 0.0
5.841 6.8687 -0.22
5.841 6.8687 0.0
5.841 7.1141 -0.22
5.841 7.1141 0.0
5.841 7.3594 -0.22
5.841 7.3594 0.0
5.841 7.6047 -0.22
5.841 7.6047 0.0
5.841 7.85 -0.22
5.841 7.85 0.0
6.0 -1.0 -0.3
6.0 -1.0 -0.15
6.0 -1.0 0.0
6.0 -0.75 -0.3
6.0 -0.75 0.0
6.0 -0.5 -0.3
6.0 -0.5 0.0
6.0 -0.25 -0.3
6.0 -0.25 0.0
6.0 0.0 -0.3
6.0 0.0 0.0
6.0 0.0 2.45
6.0 0.0 2.67
6.0 0.25 -0.3
6.0 0.25 0.0
6.0 0.25 2.45
6.0 0.25 2.67
6.0 0.5 -0.3
6.0 0.5 0.0
6.0 0.5 2.45
6.0 0.5 2.67
6.0 0.75 -0.3
6.0 0.75 0.0
6.0 0.75 2.45
6.0 0.75 2.67
6.0 1.0 -0.3
6.0 1.0 0.0
6.0 1.0 2.45
6.0 1.0 2.67
6.0 1.25 -0.3
6.0 1.25 0.0
6.0 1.25 2.45
6.0 1.25 2.67
6.0 1.5 -0.3
6.0 1.5 0.0
6.0 1.5 2.45
6.0 1.5 2.67
6.0 1.75 -0.3
6.0 1.75 0.0
6.0 1.75 2.45
6.0 1.75 2.67
6.0 2.0 -0.3
6.0 2.0 0.0
6.0 2.0 2.45
6.0 2.0 2.67
6.0 2.25 -0.3
6.0 2.25 0.0
6.0 2.25 2.45
6.0 2.25 2.67
6.0 2.5 -0.3
6.0 2.5 0.0
6.0 2.5 2.45
6.0 2.5 2.67
6.0 2.75 -0.3
6.0 2.75 0.0
6.0 2.75 2.45
6.0 2.75 2.67
6.0 3.0 -0.3
6.0 3.0 0.0
6.0 3.0 2.45
6.0 3.0 2.67
6.0 3.25 -0.3
6.0 3.25 0.0
6.0 3.25 2.45
6.0 3.25 2.67
6.0 3.5 -0.3
6.0 3.5 0.0
6.0 3.5 2.45
6.0 3.5 2.67
6.0 3.75 -0.3
6.0 3.75 0.0
6.0 3.75 2.45
6.0 3.75 2.67
6.0 4.0 -0.3
6.0 4.0 0.0
6.0 4.0 2.45
6.0 4.0 2.67
6.0 4.25 -0.3
6.0 4.25 0.0
6.0 4.25 2.45
6.0 4.25 2.67
6.0 4.5 -0.3
6.0 4.5 0.0
6.0 4.5 2.45
6.0 4.5 2.67
6.0 4.75 -0.3
6.0 4.75 0.0
6.0 4.75 2.45
6.0 4.75 2.67
6.0 5.0 -0.3
6.0 5.0 0.0
6.0 5.0 2.45
6.0 5.0 2.67
6.0 5.25 -0.3
6.0 5.25 0.0
6.0 5.25 2.45
6.0 5.25 2.67
6.0 5.5 -0.3
6.0 5.5 0.0
6.0 5.5 2.45
6.0 5.5 2.67
6.0 5.75 -0.3
6.0 5.75 0.0
6.0 5.75 2.45
6.0 5.75 2.67
6.0 6.0 -0.3
6.0 6.0 0.0
6.0 6.0 2.45
6.0 6.0 2.67
6.0 6.25 -0.3
6.0 6.25 0.0
6.0 6.25 2.45
6.0 6.25 2.67
6.0 6.5 -0.3
6.0 6.5 0.0
6.0 6.5 2.45
6.0 6.5 2.67
6.0 6.75 -0.3
6.0 6.75 0.0
6.0 6.75 2.45
6.0 6.75 2.67
6.0 7.0 -0.3
6.0 7.0 0.0
6.0 7.0 2.45
6.0 7.0 2.67
6.0 7.25 -0.3
6.0 7.25 0.0
6.0 7.25 2.45
6.0 7.25 2.67
6.0 7.5 -0.3
6.0 7.5 0.0
6.0 7.5 2.45
6.0 7.5 2.67
6.0 7.75 -0.3
6.0 7.75 0.0
6.0 7.75 2.45
6.0 7.75 2.67
6.0 7.85 -0.22
6.0 7.85 0.0
6.0 8.0 -0.3
6.0 8.0 0.0
6.0 8.0 2.45
6.0 8.0 2.67
6.0 8.0985 -0.22
6.0 8.0985 0.0
6.0 8.25 -0.3
6.0 8.25 0.0
6.0 8.25 2.45
6.0 8.25 2.67
6.0 8.3469 -0.22
6.0 8.3469 0.0
6.0 8.5 -0.3
6.0 8.5 0.0
6.0 8.5 2.45
6.0 8.5 2.67
6.0 8.5954 -0.22
6.0 8.5954 0.0
6.0 8.75 -0.3
6.0 8.75 0.0
6.0 8.75 2.45
6.0 8.75 2.67
6.0 8.8438 -0.22
6.0 8.8438 0.0
6.0 9.0 -0.3
6.0 9.0 0.0
6.0 9.0 2.45
6.0 9.0 2.67
6.0 9.0923 -0.22
6.0 9.0923 0.0
6.0 9.25 -0.3
6.0 9.25 0.0
6.0 9.25 2.45
6.0 9.25 2.67
6.0 9.3408 -0.22
6.0 9.3408 0.0
6.0 9.5 -0.3
6.0 9.5 0.0
6.0 9.5 2.45
6.0 9.5 2.67
6.0 9.5892 -0.22
6.0 9.5892 0.0
6.0 9.75 -0.3
6.0 9.75 0.0
6.0 9.75 2.45
6.0 9.75 2.67
6.0 9.8377 -0.22
6.0 9.8377 0.0
6.0 10.0 -0.3
6.0 10.0 0.0
6.0 10.0 2.45
6.0 10.0 2.67
6.0 10.0862 -0.22
6.0 10.0862 0.0
6.0 10.25 -0.3
6.0 10.25 0.0
6.0 10.25 2.45
6.0 10.25 2.67
6.0 10.3346 -0.22
6.0 10.3346 0.0
6.0 10.5 -0.3
6.0 10.5 0.0
6.0 10.5 2.45
6.0 10.5 2.67
6.0 10.5831 -0.22
6.0 10.5831 0.0
6.0 10.75 -0.3
6.0 10.75 0.0
6.0 10.75 2.45
6.0 10.75 2.67
6.0 10.8315 -0.22
6.0 10.8315 0.0
6.0 11.0 -0.3
6.0 11.0 0.0
6.0 11.0 2.45
6.0 11.0 2.67
6.0 11.08 -0.22
6.0 11.08 0.0
6.0 11.25 -0.3
6.0 11.25 0.0
6.0 11.25 2.45
6.0 11.25 2.67
6.0 11.3285 -0.22
6.0 11.3285 0.0
6.0 11.5 -0.3
6.0 11.5 0.0
6.0 11.5 2.45
6.0 11.5 2.67
6.0 11.5769 -0.22
6.0 11.5769 0.0
6.0 11.75 -0.3
6.0 11.75 0.0
6.0 11.75 2.45
6.0 11.75 2.67
6.0 11.8254 -0.22
6.0 11.8254 0.0
6.0 12.0 -0.3
6.0 12.0 0.0
6.0 12.0 2.45
6.0 12.0 2.67
6.0 12.0738 -0.22
6.0 12.0738 0.0
6.0 12.25 -0.3
6.0 12.25 0.0
6.0 12.25 2.45
6.0 12.25 2.67
6.0 12.3223 -0.22
6.0 12.3223 0.0
6.0 12.5 -0.3
6.0 12.5 0.0
6.0 12.5 2.45
6.0 12.5 2.67
6.0 12.5708 -0.22
6.0 12.5708 0.0
6.0 12.75 -0.3
6.0 12.75 0.0
6.0 12.75 2.45
6.0 12.75 2.67
6.0 12.8192 -0.22
6.0 12.8192 0.0
6.0 13.0 -0.3
6.0 13.0 0.0
6.0 13.0 2.45
6.0 13.0 2.67
6.0 13.0677 -0.22
6.0 13.0677 0.0
6.0 13.25 -0.3
6.0 13.25 0.0
6.0 13.25 2.45
6.0 13.25 2.67
6.0 13.3162 -0.22
6.0 13.3162 0.0
6.0 13.5 -0.3
6.0 13.5 0.0
6.0 13.5 2.45
6.0 13.5 2.67
6.0 13.5646 -0.22
6.0 13.5646 0.0
6.0 13.75 -0.3
6.0 13.75 0.0
6.0 13.75 2.45
6.0 13.75 2.67
6.0 13.8131 -0.22
6.0 13.8131 0.0
6.0 14.0 -0.3
6.0 14.0 0.0
6.0 14.0 2.45
6.0 14.0 2.67
6.0 14.0615 -0.22
6.0 14.0615 0.0
6.0 14.25 -0.3
6.0 14.25 0.0
6.0 14.25 2.45
6.0 14.25 2.67
6.0 14.31 -0.22
6.0 14.31 0.0
6.0 14.5 -0.3
6.0 14.5 0.0
6.0 14.5 2.45
6.0 14.5 2.67
6.0 14.5585 -0.22
6.0 14.5585 0.0
6.0 14.75 -0.3
6.0 14.75 0.0
6.0 14.75 2.45
6.0 14.75 2.67
6.0 14.8069 -0.22
6.0 14.8069 0.0
6.0 15.0 -0.3
6.0 15.0 0.0
6.0 15.0 2.45
6.0 15.0 2.67
6.0 15.0554 -0.22
6.0 15.0554 0.0
6.0 15.25 -0.3
6.0 15.25 0.0
6.0 15.25 2.45
6.0 15.25 2.67
6.0 15.3038 -0.22
6.0 15.3038 0.0
6.0 15.5 -0.3
6.0 15.5 0.0
6.0 15.5 2.45
6.0 15.5 2.67
6.0 15.5523 -0.22
6.0 15.5523 0.0
6.0 15.75 -0.3
6.0 15.75 0.0
6.0 15.75 2.45
6.0 15.75 2.67
6.0 15.8008 -0.22
6.0 15.8008 0.0
6.0 16.0 -0.3
6.0 16.0 0.0
6.0 16.0 2.45
6.0 16.0 2.67
6.0 16.0492 -0.22
6.0 16.0492 0.0
6.0 16.25 -0.3
6.0 16.25 0.0
6.0 16.25 2.45
6.0 16.25 2.67
6.0 16.2977 -0.22
6.0 16.2977 0.0
6.0 16.5 -0.3
6.0 16.5 0.0
6.0 16.5 2.45
6.0 16.5 2.67
6.0 16.5462 -0.22
6.0 16.5462 0.0
6.0 16.75 -0.3
6.0 16.75 0.0
6.0 16.75 2.45
6.0 16.75 2.67
6.0 16.7946 -0.22
6.0 16.7946 0.0
6.0 17.0 -0.3
6.0 17.0 0.0
6.0 17.0 2.45
6.0 17.0 2.67
6.0 17.0431 -0.22
6.0 17.0431 0.0
6.0 17.25 -0.3
6.0 17.25 0.0
6.0 17.25 2.45
6.0 17.25 2.67
6.0 17.2915 -0.22
6.0 17.2915 0.0
6.0 17.5 -0.3
6.0 17.5 0.0
6.0 17.5 2.45
6.0 17.5 2.67
6.0 17.54 -0.22
6.0 17.54 0.0
6.0 17.75 -0.3
6.0 17.75 0.0
6.0 17.75 2.45
6.0 17.75 2.67
6.0 17.7885 -0.22
6.0 17.7885 0.0
6.0 18.0 -0.3
6.0 18.0 0.0
6.0 18.0 2.45
6.0 18.0 2.67
6.0 18.0369 -0.22
6.0 18.0369 0.0
6.0 18.25 -0.3
6.0 18.25 0.0
6.0 18.25 2.45
6.0 18.25 2.67
6.0 18.2854 -0.22
6.0 18.2854 0.0
6.0 18.5 -0.3
6.0 18.5 0.0
6.0 18.5 2.45
6.0 18.5 2.67
6.0 18.5338 -0.22
6.0 18.5338 0.0
6.0 18.75 -0.3
6.0 18.75 0.0
6.0 18.75 2.45
6.0 18.75 2.67
6.0 18.7823 -0.22
6.0 18.7823 0.0
6.0 19.0 -0.3
6.0 19.0 0.0
6.0 19.0 2.45
6.0 19.0 2.67
6.0 19.0308 -0.22
6.0 19.0308 0.0
6.0 19.25 -0.3
6.0 19.25 0.0
6.0 19.25 2.45
6.0 19.25 2.67
6.0 19.2792 -0.22
6.0 19.2792 0.0
6.0 19.5 -0.3
6.0 19.5 0.0
6.0 19.5 2.45
6.0 19.5 2.67
6.0 19.5277 -0.22
6.0 19.5277 0.0
6.0 19.75 -0.3
6.0 19.75 0.0
6.0 19.75 2.45
6.0 19.75 2.67
6.0 19.7762 -0.22
6.0 19.7762 0.0
6.0 20.0 -0.3
6.0 20.0 0.0
6.0 20.0 2.45
6.0 20.0 2.67
6.0 20.0246 -0.22
6.0 20.0246 0.0
6.0 20.25 -0.3
6.0 20.25 0.0
6.0 20.25 2.45
6.0 20.25 2.67
6.0 20.2731 -0.22
6.0 20.2731 0.0
6.0 20.5 -0.3
6.0 20.5 0.0
6.0 20.5 2.45
6.0 20.5 2.67
6.0 20.5215 -0.22
6.0 20.5215 0.0
6.0 20.75 -0.3
6.0 20.75 0.0
6.0 20.75 2.45
6.0 20.75 2.67
6.0 20.77 -0.22
6.0 20.77 0.0
6.0 21.0 -0.3
6.0 21.0 0.0
6.0 21.0 2.45
6.0 21.0 2.67
6.0 21.0185 -0.22
6.0 21.0185 0.0
6.0 21.25 -0.3
6.0 21.25 0.0
6.0 21.25 2.45
6.0 21.25 2.67
6.0 21.2669 -0.22
6.0 21.2669 0.0
6.0 21.5 -0.3
6.0 21.5 0.0
6.0 21.5 2.45
6.0 21.5 2.67
6.0 21.5154 -0.22
6.0 21.5154 0.0
6.0 21.75 -0.3
6.0 21.75 0.0
6.0 21.75 2.45
6.0 21.75 2.67
6.0 21.7638 -0.22
6.0 21.7638 0.0
6.0 22.0 -0.3
6.0 22.0 0.0
6.0 22.0 2.45
6.0 22.0 2.67
6.0 22.0123 -0.22
6.0 22.0123 0.0
6.0 22.25 -0.3
6.0 22.25 0.0
6.0 22.25 2.45
6.0 22.25 2.67
6.0 22.2608 -0.22
6.0 22.2608 0.0
6.0 22.5 -0.3
6.0 22.5 0.0
6.0 22.5 2.45
6.0 22.5 2.67
6.0 22.5092 -0.22
6.0 22.5092 0.0
6.0 22.75 -0.3
6.0 22.75 0.0
6.0 22.75 2.45
6.0 22.75 2.67
6.0 22.7577 -0.22
6.0 22.7577 0.0
6.0 23.0 -0.3
6.0 23.0 0.0
6.0 23.0 2.45
6.0 23.0 2.67
6.0 23.0062 -0.22
6.0 23.0062 0.0
6.0 23.25 -0.3
6.0 23.25 0.0
6.0 23.25 2.45
6.0 23.25 2.67
6.0 23.2546 -0.22
6.0 23.2546 0.0
6.0 23.5 -0.3
6.0 23.5 0.0
6.0 23.5 2.45
6.0 23.5 2.67
6.0 23.5031 -0.22
6.0 23.5031 0.0
6.0 23.75 -0.3
6.0 23.75 0.0
6.0 23.75 2.45
6.0 23.75 2.67
6.0 23.7515 -0.22
6.0 23.7515 0.0
6.0 23.82 0.0
6.0 23.82 0.245
6.0 23.82 0.49
6.0 23.82 0.735
6.0 23.82 0.98
6.0 23.82 1.225
6.0 23.82 1.47
6.0 23.82 1.715
6.0 23.82 1.96
6.0 23.82 2.205
6.0 23.82 2.45
6.0 24.0 -0.3
6.0 24.0 -0.22
6.0 24.0 0.0
6.0 24.0 0.245
6.0 24.0 0.49
6.0 24.0 0.735
6.0 24.0 0.98
6.0 24.0 1.225
6.0 24.0 1.47
6.0 24.0 1.715
6.0 24.0 1.96
6.0 24.0 2.205
6.0 24.0 2.45
6.0 24.0 2.67
6.0 24.25 -0.3
6.0 24.25 0.0
6.0 24.5 -0.3
6.0 24.5 0.0
6.0 24.75 -0.3
6.0 24.75 0.0
6.0 25.0 -0.3
6.0 25.0 -0.15
6.0 25.0 0.0
6.0075 0.0 0.0
6.0075 0.0 0.245
6.0075 0.0 0.49
6.0075 0.0 0.735
6.0075 0.0 0.98
6.0075 0.0 1.225
6.0075 0.0 1.47
6.0075 0.0 1.715
6.0075 0.0 1.96
6.0075 0.0 2.205
6.0075 0.0 2.45
6.0075 0.18 0.0
6.0075 0.18 0.245
6.0075 0.18 0.49
6.0075 0.18 0.735
6.0075 0.18 0.98
6.0075 0.18 1.225
6.0075 0.18 1.47
6.0075 0.18 1.715
6.0075 0.18 1.96
6.0075 0.18 2.205
6.0075 0.18 2.45
6.084 0.0 -0.22
6.084 0.0 0.0
6.084 0.2453 -0.22
6.084 0.2453 0.0
6.084 0.4906 -0.22
6.084 0.4906 0.0
6.084 0.7359 -0.22
6.084 0.7359 0.0
6.084 0.9813 -0.22
6.084 0.9813 0.0
6.084 1.2266 -0.22
6.084 1.2266 0.0
6.084 1.4719 -0.22
6.084 1.4719 0.0
6.084 1.7172 -0.22
6.084 1.7172 0.0
6.084 1.9625 -0.22
6.084 1.9625 0.0
6.084 2.2078 -0.22
6.084 2.2078 0.0
6.084 2.4531 -0.22
6.084 2.4531 0.0
6.084 2.6984 -0.22
6.084 2.6984 0.0
6.084 2.9437 -0.22
6.084 2.9437 0.0
6.084 3.1891 -0.22
6.084 3.1891 0.0
6.084 3.4344 -0.22
6.084 3.4344 0.0
6.084 3.6797 -0.22
6.084 3.6797 0.0
6.084 3.925 -0.22
6.084 3.925 0.0
6.084 4.1703 -0.22
6.084 4.1703 0.0
6.084 4.4156 -0.22
6.084 4.4156 0.0
6.084 4.6609 -0.22
6.084 4.6609 0.0
6.084 4.9062 -0.22
6.084 4.9062 0.0
6.084 5.1516 -0.22
6.084 5.1516 0.0
6.084 5.3969 -0.22
6.084 5.3969 0.0
6.084 5.6422 -0.22
6.084 5.6422 0.0
6.084 5.8875 -0.22
6.084 5.8875 0.0
6.084 6.1328 -0.22
6.084 6.1328 0.0
6.084 6.3781 -0.22
6.084 6.3781 0.0
6.084 6.6234 -0.22
6.084 6.6234 0.0
6.084 6.8687 -0.22
6.084 6.8687 0.0
6.084 7.1141 -0.22
6.084 7.1141 0.0
6.084 7.3594 -0.22
6.084 7.3594 0.0
6.084 7.6047 -0.22
6.084 7.6047 0.0
6.084 7.85 -0.22
6.084 7.85 0.0
6.25 -1.0 -0.3
6.25 -1.0 -0.15
6.25 -1.0 0.0
6.25 -0.75 -0.3
6.25 -0.75 0.0
6.25 -0.5 -0.3
6.25 -0.5 0.0
6.25 -0.25 -0.3
6.25 -0.25 0.0
6.25 0.0 -0.3
6.25 0.0 0.0
6.25 0.0 2.45
6.25 0.0 2.67
6.25 0.25 -0.3
6.25 0.25 0.0
6.25 0.25 2.45
6.25 0.25 2.67
6.25 0.5 -0.3
6.25 0.5 0.0
6.25 0.5 2.45
6.25 0.5 2.67
6.25 0.75 -0.3
6.25 0.75 0.0
6.25 0.75 2.45
6.25 0.75 2.67
6.25 1.0 -0.3
6.25 1.0 0.0
6.25 1.0 2.45
6.25 1.0 2.67
6.25 1.25 -0.3
6.25 1.25 0.0
6.25 1.25 2.45
6.25 1.25 2.67
6.25 1.5 -0.3
6.25 1.5 0.0
6.25 1.5 2.45
6.25 1.5 2.67
6.25 1.75 -0.3
6.25 1.75 0.0
6.25 1.75 2.45
6.25 1.75 2.67
6.25 2.0 -0.3
6.25 2.0 0.0
6.25 2.0 2.45
6.25 2.0 2.67
6.25 2.25 -0.3
6.25 2.25 0.0
6.25 2.25 2.45
6.25 2.25 2.67
6.25 2.5 -0.3
6.25 2.5 0.0
6.25 2.5 2.45
6.25 2.5 2.67
6.25 2.75 -0.3
6.25 2.75 0.0
6.25 2.75 2.45
6.25 2.75 2.67
6.25 3.0 -0.3
6.25 3.0 0.0
6.25 3.0 2.45
6.25 3.0 2.67
6.25 3.25 -0.3
6.25 3.25 0.0
6.25 3.25 2.45
6.25 3.25 2.67
6.25 3.5 -0.3
6.25 3.5 0.0
6.25 3.5 2.45
6.25 3.5 2.67
6.25 3.75 -0.3
6.25 3.75 0.0
6.25 3.75 2.45
6.25 3.75 2.67
6.25 4.0 -0.3
6.25 4.0 0.0
6.25 4.0 2.45
6.25 4.0 2.67
6.25 4.25 -0.3
6.25 4.25 0.0
6.25 4.25 2.45
6.25 4.25 2.67
6.25 4.5 -0.3
6.25 4.5 0.0
6.25 4.5 2.45
6.25 4.5 2.67
6.25 4.75 -0.3
6.25 4.75 0.0
6.25 4.75 2.45
6.25 4.75 2.67
6.25 5.0 -0.3
6.25 5.0 0.0
6.25 5.0 2.45
6.25 5.0 2.67
6.25 5.25 -0.3
6.25 5.25 0.0
6.25 5.25 2.45
6.25 5.25 2.67
6.25 5.5 -0.3
6.25 5.5 0.0
6.25 5.5 2.45
6.25 5.5 2.67
6.25 5.75 -0.3
6.25 5.75 0.0
6.25 5.75 2.45
6.25 5.75 2.67
6.25 6.0 -0.3
6.25 6.0 0.0
6.25 6.0 2.45
6.25 6.0 2.67
6.25 6.25 -0.3
6.25 6.25 0.0
6.25 6.25 2.45
6.25 6.25 2.67
6.25 6.5 -0.3
6.25 6.5 0.0
6.25 6.5 2.45
6.25 6.5 2.67
6.25 6.75 -0.3
6.25 6.75 0.0
6.25 6.75 2.45
6.25 6.75 2.67
6.25 7.0 -0.3
6.25 7.0 0.0
6.25 7.0 2.45
6.25 7.0 2.67
6.25 7.25 -0.3
6.25 7.25 0.0
6.25 7.25 2.45
6.25 7.25 2.67
6.25 7.5 -0.3
6.25 7.5 0.0
6.25 7.5 2.45
6.25 7.5 2.67
6.25 7.75 -0.3
6.25 7.75 0.0
6.25 7.75 2.45
6.25 7.75 2.67
6.25 7.85 -0.22
6.25 7.85 0.0
6.25 8.0 -0.3
6.25 8.0 0.0
6.25 8.0 2.45
6.25 8.0 2.67
6.25 8.0985 -0.22
6.25 8.0985 0.0
6.25 8.25 -0.3
6.25 8.25 0.0
6.25 8.25 2.45
6.25 8.25 2.67
6.25 8.3469 -0.22
6.25 8.3469 0.0
6.25 8.5 -0.3
6.25 8.5 0.0
6.25 8.5 2.45
6.25 8.5 2.67
6.25 8.5954 -0.22
6.25 8.5954 0.0
6.25 8.75 -0.3
6.25 8.75 0.0
6.25 8.75 2.45
6.25 8.75 2.67
6.25 8.8438 -0.22
6.25 8.8438 0.0
6.25 9.0 -0.3
6.25 9.0 0.0
6.25 9.0 2.45
6.25 9.0 2.67
6.25 9.0923 -0.22
6.25 9.0923 0.0
6.25 9.25 -0.3
6.25 9.25 0.0
6.25 9.25 2.45
6.25 9.25 2.67
6.25 9.3408 -0.22
6.25 9.3408 0.0
6.25 9.5 -0.3
6.25 9.5 0.0
6.25 9.5 2.45
6.25 9.5 2.67
6.25 9.5892 -0.22
6.25 9.5892 0.0
6.25 9.75 -0.3
6.25 9.75 0.0
6.25 9.75 2.45
6.25 9.75 2.67
6.25 9.8377 -0.22
6.25 9.8377 0.0
6.25 10.0 -0.3
6.25 10.0 0.0
6.25 10.0 2.45
6.25 10.0 2.67
6.25 10.0862 -0.22
6.25 10.0862 0.0
6.25 10.25 -0.3
6.25 10.25 0.0
6.25 10.25 2.45
6.25 10.25 2.67
6.25 10.3346 -0.22
6.25 10.3346 0.0
6.25 10.5 -0.3
6.25 10.5 0.0
6.25 10.5 2.45
6.25 10.5 2.67
6.25 10.5831 -0.22
6.25 10.5831 0.0
6.25 10.75 -0.3
6.25 10.75 0.0
6.25 10.75 2.45
6.25 10.75 2.67
6.25 10.8315 -0.22
6.25 10.8315 0.0
6.25 11.0 -0.3
6.25 11.0 0.0
6.25 11.0 2.45
6.25 11.0 2.67
6.25 11.08 -0.22
6.25 11.08 0.0
6.25 11.25 -0.3
6.25 11.25 0.0
6.25 11.25 2.45
6.25 11.25 2.67
6.25 11.3285 -0.22
6.25 11.3285 0.0
6.25 11.5 -0.3
6.25 11.5 0.0
6.25 11.5 2.45
6.25 11.5 2.67
6.25 11.5769 -0.22
6.25 11.5769 0.0
6.25 11.75 -0.3
6.25 11.75 0.0
6.25 11.75 2.45
6.25 11.75 2.67
6.25 11.8254 -0.22
6.25 11.8254 0.0
6.25 12.0 -0.3
6.25 12.0 0.0
6.25 12.0 2.45
6.25 12.0 2.67
6.25 12.0738 -0.22
6.25 12.0738 0.0
6.25 12.25 -0.3
6.25 12.25 0.0
6.25 12.25 2.45
6.25 12.25 2.67
6.25 12.3223 -0.22
6.25 12.3223 0.0
6.25 12.5 -0.3
6.25 12.5 0.0
6.25 12.5 2.45
6.25 12.5 2.67
6.25 12.5708 -0.22
6.25 12.5708 0.0
6.25 12.75 -0.3
6.25 12.75 0.0
6.25 12.75 2.45
6.25 12.75 2.67
6.25 12.8192 -0.22
6.25 12.8192 0.0
6.25 13.0 -0.3
6.25 13.0 0.0
6.25 13.0 2.45
6.25 13.0 2.67
6.25 13.0677 -0.22
6.25 13.0677 0.0
6.25 13.25 -0.3
6.25 13.25 0.0
6.25 13.25 2.45
6.25 13.25 2.67
6.25 13.3162 -0.22
6.25 13.3162 0.0
6.25 13.5 -0.3
6.25 13.5 0.0
6.25 13.5 2.45
6.25 13.5 2.67
6.25 13.5646 -0.22
6.25 13.5646 0.0
6.25 13.75 -0.3
6.25 13.75 0.0
6.25 13.75 2.45
6.25 13.75 2.67
6.25 13.8131 -0.22
6.25 13.8131 0.0
6.25 14.0 -0.3
6.25 14.0 0.0
6.25 14.0 2.45
6.25 14.0 2.67
6.25 14.0615 -0.22
6.25 14.0615 0.0
6.25 14.25 -0.3
6.25 14.25 0.0
6.25 14.25 2.45
6.25 14.25 2.67
6.25 14.31 -0.22
6.25 14.31 0.0
6.25 14.5 -0.3
6.25 14.5 0.0
6.25 14.5 2.45
6.25 14.5 2.67
6.25 14.5585 -0.22
6.25 14.5585 0.0
6.25 14.75 -0.3
6.25 14.75 0.0
6.25 14.75 2.45
6.25 14.75 2.67
6.25 14.8069 -0.22
6.25 14.8069 0.0
6.25 15.0 -0.3
6.25 15.0 0.0
6.25 15.0 2.45
6.25 15.0 2.67
6.25 15.0554 -0.22
6.25 15.0554 0.0
6.25 15.25 -0.3
6.25 15.25 0.0
6.25 15.25 2.45
6.25 15.25 2.67
6.25 15.3038 -0.22
6.25 15.3038 0.0
6.25 15.5 -0.3
6.25 15.5 0.0
6.25 15.5 2.45
6.25 15.5 2.67
6.25 15.5523 -0.22
6.25 15.5523 0.0
6.25 15.75 -0.3
6.25 15.75 0.0
6.25 15.75 2.45
6.25 15.75 2.67
6.25 15.8008 -0.22
6.25 15.8008 0.0
6.25 16.0 -0.3
6.25 16.0 0.0
6.25 16.0 2.45
6.25 16.0 2.67
6.25 16.0492 -0.22
6.25 16.0492 0.0
6.25 16.25 -0.3
6.25 16.25 0.0
6.25 16.25 2.45
6.25 16.25 2.67
6.25 16.2977 -0.22
6.25 16.2977 0.0
6.25 16.5 -0.3
6.25 16.5 0.0
6.25 16.5 2.45
6.25 16.5 2.67
6.25 16.5462 -0.22
6.25 16.5462 0.0
6.25 16.75 -0.3
6.25 16.75 0.0
6.25 16.75 2.45
6.25 16.75 2.67
6.25 16.7946 -0.22
6.25 16.7946 0.0
6.25 17.0 -0.3
6.25 17.0 0.0
6.25 17.0 2.45
6.25 17.0 2.67
6.25 17.0431 -0.22
6.25 17.0431 0.0
6.25 17.25 -0.3
6.25 17.25 0.0
6.25 17.25 2.45
6.25 17.25 2.67
6.25 17.2915 -0.22
6.25 17.2915 0.0
6.25 17.5 -0.3
6.25 17.5 0.0
6.25 17.5 2.45
6.25 17.5 2.67
6.25 17.54 -0.22
6.25 17.54 0.0
6.25 17.75 -0.3
6.25 17.75 0.0
6.25 17.75 2.45
6.25 17.75 2.67
6.25 17.7885 -0.22
6.25 17.7885 0.0
6.25 18.0 -0.3
6.25 18.0 0.0
6.25 18.0 2.45
6.25 18.0 2.67
6.25 18.0369 -0.22
6.25 18.0369 0.0
6.25 18.25 -0.3
6.25 18.25 0.0
6.25 18.25 2.45
6.25 18.25 2.67
6.25 18.2854 -0.22
6.25 18.2854 0.0
6.25 18.5 -0.3
6.25 18.5 0.0
6.25 18.5 2.45
6.25 18.5 2.67
6.25 18.5338 -0.22
6.25 18.5338 0.0
6.25 18.75 -0.3
6.25 18.75 0.0
6.25 18.75 2.45
6.25 18.75 2.67
6.25 18.7823 -0.22
6.25 18.7823 0.0
6.25 19.0 -0.3
6.25 19.0 0.0
6.25 19.0 2.45
6.25 19.0 2.67
6.25 19.0308 -0.22
6.25 19.0308 0.0
6.25 19.25 -0.3
6.25 19.25 0.0
6.25 19.25 2.45
6.25 19.25 2.67
6.25 19.2792 -0.22
6.25 19.2792 0.0
6.25 19.5 -0.3
6.25 19.5 0.0
6.25 19.5 2.45
6.25 19.5 2.67
6.25 19.5277 -0.22
6.25 19.5277 0.0
6.25 19.75 -0.3
6.25 19.75 0.0
6.25 19.75 2.45
6.25 19.75 2.67
6.25 19.7762 -0.22
6.25 19.7762 0.0
6.25 20.0 -0.3
6.25 20.0 0.0
6.25 20.0 2.45
6.25 20.0 2.67
6.25 20.0246 -0.22
6.25 20.0246 0.0
6.25 20.25 -0.3
6.25 20.25 0.0
6.25 20.25 2.45
6.25 20.25 2.67
6.25 20.2731 -0.22
6.25 20.2731 0.0
6.25 20.5 -0.3
6.25 20.5 0.0
6.25 20.5 2.45
6.25 20.5 2.67
6.25 20.5215 -0.22
6.25 20.5215 0.0
6.25 20.75 -0.3
6.25 20.75 0.0
6.25 20.75 2.45
6.25 20.75 2.67
6.25 20.77 -0.22
6.25 20.77 0.0
6.25 21.0 -0.3
6.25 21.0 0.0
6.25 21.0 2.45
6.25 21.0 2.67
6.25 21.0185 -0.22
6.25 21.0185 0.0
6.25 21.25 -0.3
6.25 21.25 0.0
6.25 21.25 2.45
6.25 21.25 2.67
6.25 21.2669 -0.22
6.25 21.2669 0.0
6.25 21.5 -0.3
6.25 21.5 0.0
6.25 21.5 2.45
6.25 21.5 2.67
6.25 21.5154 -0.22
6.25 21.5154 0.0
6.25 21.75 -0.3
6.25 21.75 0.0
6.25 21.75 2.45
6.25 21.75 2.67
6.25 21.7638 -0.22
6.25 21.7638 0.0
6.25 22.0 -0.3
6.25 22.0 0.0
6.25 22.0 2.45
6.25 22.0 2.67
6.25 22.0123 -0.22
6.25 22.0123 0.0
6.25 22.25 -0.3
6.25 22.25 0.0
6.25 22.25 2.45
6.25 22.25 2.67
6.25 22.2608 -0.22
6.25 22.2608 0.0
6.25 22.5 -0.3
6.25 22.5 0.0
6.25 22.5 2.45
6.25 22.5 2.67
6.25 22.5092 -0.22
6.25 22.5092 0.0
6.25 22.75 -0.3
6.25 22.75 0.0
6.25 22.75 2.45
6.25 22.75 2.67
6.25 22.7577 -0.22
6.25 22.7577 0.0
6.25 23.0 -0.3
6.25 23.0 0.0
6.25 23.0 2.45
6.25 23.0 2.67
6.25 23.0062 -0.22
6.25 23.0062 0.0
6.25 23.25 -0.3
6.25 23.25 0.0
6.25 23.25 2.45
6.25 23.25 2.67
6.25 23.2546 -0.22
6.25 23.2546 0.0
6.25 23.5 -0.3
6.25 23.5 0.0
6.25 23.5 2.45
6.25 23.5 2.67
6.25 23.5031 -0.22
6.25 23.5031 0.0
6.25 23.75 -0.3
6.25 23.75 0.0
6.25 23.75 2.45
6.25 23.75 2.67
6.25 23.7515 -0.22
6.25 23.7515 0.0
6.25 23.82 0.0
6.25 23.82 0.245
6.25 23.82 0.49
6.25 23.82 0.735
6.25 23.82 0.98
6.25 23.82 1.225
6.25 23.82 1.47
6.25 23.82 1.715
6.25 23.82 1.96
6.25 23.82 2.205
6.25 23.82 2.45
6.25 24.0 -0.3
6.25 24.0 -0.22
6.25 24.0 0.0
6.25 24.0 0.245
6.25 24.0 0.49
6.25 24.0 0.735
6.25 24.0 0.98
6.25 24.0 1.225
6.25 24.0 1.47
6.25 24.0 1.715
6.25 24.0 1.96
6.25 24.0 2.205
6.25 24.0 2.45
6.25 24.0 2.67
6.25 24.25 -0.3
6.25 24.25 0.0
6.25 24.5 -0.3
6.25 24.5 0.0
6.25 24.75 -0.3
6.25 24.75 0.0
6.25 25.0 -0.3
6.25 25.0 -0.15
6.25 25.0 0.0
6.2569 0.0 0.0
6.2569 0.0 0.245
6.2569 0.0 0.49
6.2569 0.0 0.735
6.2569 0.0 0.98
6.2569 0.0 1.225
6.2569 0.0 1.47
6.2569 0.0 1.715
6.2569 0.0 1.96
6.2569 0.0 2.205
6.2569 0.0 2.45
6.2569 0.18 0.0
6.2569 0.18 0.245
6.2569 0.18 0.49
6.2569 0.18 0.735
6.2569 0.18 0.98
6.2569 0.18 1.225
6.2569 0.18 1.47
6.2569 0.18 1.715
6.2569 0.18 1.96
6.2569 0.18 2.205
6.2569 0.18 2.45
6.327 0.0 -0.22
6.327 0.0 0.0
6.327 0.2453 -0.22
6.327 0.2453 0.0
6.327 0.4906 -0.22
6.327 0.4906 0.0
6.327 0.7359 -0.22
6.327 0.7359 0.0
6.327 0.9813 -0.22
6.327 0.9813 0.0
6.327 1.2266 -0.22
6.327 1.2266 0.0
6.327 1.4719 -0.22
6.327 1.4719 0.0
6.327 1.7172 -0.22
6.327 1.7172 0.0
6.327 1.9625 -0.22
6.327 1.9625 0.0
6.327 2.2078 -0.22
6.327 2.2078 0.0
6.327 2.4531 -0.22
6.327 2.4531 0.0
6.327 2.6984 -0.22
6.327 2.6984 0.0
6.327 2.9437 -0.22
6.327 2.9437 0.0
6.327 3.1891 -0.22
6.327 3.1891 0.0
6.327 3.4344 -0.22
6.327 3.4344 0.0
6.327 3.6797 -0.22
6.327 3.6797 0.0
6.327 3.925 -0.22
6.327 3.925 0.0
6.327 4.1703 -0.22
6.327 4.1703 0.0
6.327 4.4156 -0.22
6.327 4.4156 0.0
6.327 4.6609 -0.22
6.327 4.6609 0.0
6.327 4.9062 -0.22
6.327 4.9062 0.0
6.327 5.1516 -0.22
6.327 5.1516 0.0
6.327 5.3969 -0.22
6.327 5.3969 0.0
6.327 5.6422 -0.22
6.327 5.6422 0.0
6.327 5.8875 -0.22
6.327 5.8875 0.0
6.327 6.1328 -0.22
6.327 6.1328 0.0
6.327 6.3781 -0.22
6.327 6.3781 0.0
6.327 6.6234 -0.22
6.327 6.6234 0.0
6.327 6.8687 -0.22
6.327 6.8687 0.0
6.327 7.1141 -0.22
6.327 7.1141 0.0
6.327 7.3594 -0.22
6.327 7.3594 0.0
6.327 7.6047 -0.22
6.327 7.6047 0.0
6.327 7.85 -0.22
6.327 7.85 0.0
6.5 -1.0 -0.3
6.5 -1.0 -0.15
6.5 -1.0 0.0
6.5 -0.75 -0.3
6.5 -0.75 0.0
6.5 -0.5 -0.3
6.5 -0.5 0.0
6.5 -0.25 -0.3
6.5 -0.25 0.0
6.5 0.0 -0.3
6.5 0.0 0.0
6.5 0.0 2.45
6.5 0.0 2.67
6.5 0.25 -0.3
6.5 0.25 0.0
6.5 0.25 2.45
6.5 0.25 2.67
6.5 0.5 -0.3
6.5 0.5 0.0
6.5 0.5 2.45
6.5 0.5 2.67
6.5 0.75 -0.3
6.5 0.75 0.0
6.5 0.75 2.45
6.5 0.75 2.67
6.5 1.0 -0.3
6.5 1.0 0.0
6.5 1.0 2.45
6.5 1.0 2.67
6.5 1.25 -0.3
6.5 1.25 0.0
6.5 1.25 2.45
6.5 1.25 2.67
6.5 1.5 -0.3
6.5 1.5 0.0
6.5 1.5 2.45
6.5 1.5 2.67
6.5 1.75 -0.3
6.5 1.75 0.0
6.5 1.75 2.45
6.5 1.75 2.67
6.5 2.0 -0.3
6.5 2.0 0.0
6.5 2.0 2.45
6.5 2.0 2.67
6.5 2.25 -0.3
6.5 2.25 0.0
6.5 2.25 2.45
6.5 2.25 2.67
6.5 2.5 -0.3
6.5 2.5 0.0
6.5 2.5 2.45
6.5 2.5 2.67
6.5 2.75 -0.3
6.5 2.75 0.0
6.5 2.75 2.45
6.5 2.75 2.67
6.5 3.0 -0.3
6.5 3.0 0.0
6.5 3.0 2.45
6.5 3.0 2.67
6.5 3.25 -0.3
6.5 3.25 0.0
6.5 3.25 2.45
6.5 3.25 2.67
6.5 3.5 -0.3
6.5 3.5 0.0
6.5 3.5 2.45
6.5 3.5 2.67
6.5 3.75 -0.3
6.5 3.75 0.0
6.5 3.75 2.45
6.5 3.75 2.67
6.5 4.0 -0.3
6.5 4.0 0.0
6.5 4.0 2.45
6.5 4.0 2.67
6.5 4.25 -0.3
6.5 4.25 0.0
6.5 4.25 2.45
6.5 4.25 2.67
6.5 4.5 -0.3
6.5 4.5 0.0
6.5 4.5 2.45
6.5 4.5 2.67
6.5 4.75 -0.3
6.5 4.75 0.0
6.5 4.75 2.45
6.5 4.75 2.67
6.5 5.0 -0.3
6.5 5.0 0.0
6.5 5.0 2.45
6.5 5.0 2.67
6.5 5.25 -0.3
6.5 5.25 0.0
6.5 5.25 2.45
6.5 5.25 2.67
6.5 5.5 -0.3
6.5 5.5 0.0
6.5 5.5 2.45
6.5 5.5 2.67
6.5 5.75 -0.3
6.5 5.75 0.0
6.5 5.75 2.45
6.5 5.75 2.67
6.5 6.0 -0.3
6.5 6.0 0.0
6.5 6.0 2.45
6.5 6.0 2.67
6.5 6.25 -0.3
6.5 6.25 0.0
6.5 6.25 2.45
6.5 6.25 2.67
6.5 6.5 -0.3
6.5 6.5 0.0
6.5 6.5 2.45
6.5 6.5 2.67
6.5 6.75 -0.3
6.5 6.75 0.0
6.5 6.75 2.45
6.5 6.75 2.67
6.5 7.0 -0.3
6.5 7.0 0.0
6.5 7.0 2.45
6.5 7.0 2.67
6.5 7.25 -0.3
6.5 7.25 0.0
6.5 7.25 2.45
6.5 7.25 2.67
6.5 7.5 -0.3
6.5 7.5 0.0
6.5 7.5 2.45
6.5 7.5 2.67
6.5 7.75 -0.3
6.5 7.75 0.0
6.5 7.75 2.45
6.5 7.75 2.67
6.5 7.85 -0.22
6.5 7.85 0.0
6.5 8.0 -0.3
6.5 8.0 0.0
6.5 8.0 2.45
6.5 8.0 2.67
6.5 8.0985 -0.22
6.5 8.0985 0.0
6.5 8.25 -0.3
6.5 8.25 0.0
6.5 8.25 2.45
6.5 8.25 2.67
6.5 8.3469 -0.22
6.5 8.3469 0.0
6.5 8.5 -0.3
6.5 8.5 0.0
6.5 8.5 2.45
6.5 8.5 2.67
6.5 8.5954 -0.22
6.5 8.5954 0.0
6.5 8.75 -0.3
6.5 8.75 0.0
6.5 8.75 2.45
6.5 8.75 2.67
6.5 8.8438 -0.22
6.5 8.8438 0.0
6.5 9.0 -0.3
6.5 9.0 0.0
6.5 9.0 2.45
6.5 9.0 2.67
6.5 9.0923 -0.22
6.5 9.0923 0.0
6.5 9.25 -0.3
6.5 9.25 0.0
6.5 9.25 2.45
6.5 9.25 2.67
6.5 9.3408 -0.22
6.5 9.3408 0.0
6.5 9.5 -0.3
6.5 9.5 0.0
6.5 9.5 2.45
6.5 9.5 2.67
6.5 9.5892 -0.22
6.5 9.5892 0.0
6.5 9.75 -0.3
6.5 9.75 0.0
6.5 9.75 2.45
6.5 9.75 2.67
6.5 9.8377 -0.22
6.5 9.8377 0.0
6.5 10.0 -0.3
6.5 10.0 0.0
6.5 10.0 2.45
6.5 10.0 2.67
6.5 10.0862 -0.22
6.5 10.0862 0.0
6.5 10.25 -0.3
6.5 10.25 0.0
6.5 10.25 2.45
6.5 10.25 2.67
6.5 10.3346 -0.22
6.5 10.3346 0.0
6.5 10.5 -0.3
6.5 10.5 0.0
6.5 10.5 2.45
6.5 10.5 2.67
6.5 10.5831 -0.22
6.5 10.5831 0.0
6.5 10.75 -0.3
6.5 10.75 0.0
6.5 10.75 2.45
6.5 10.75 2.67
6.5 10.8315 -0.22
6.5 10.8315 0.0
6.5 11.0 -0.3
6.5 11.0 0.0
6.5 11.0 2.45
6.5 11.0 2.67
6.5 11.08 -0.22
6.5 11.08 0.0
6.5 11.25 -0.3
6.5 11.25 0.0
6.5 11.25 2.45
6.5 11.25 2.67
6.5 11.3285 -0.22
6.5 11.3285 0.0
6.5 11.5 -0.3
6.5 11.5 0.0
6.5 11.5 2.45
6.5 11.5 2.67
6.5 11.5769 -0.22
6.5 11.5769 0.0
6.5 11.75 -0.3
6.5 11.75 0.0
6.5 11.75 2.45
6.5 11.75 2.67
6.5 11.8254 -0.22
6.5 11.8254 0.0
6.5 12.0 -0.3
6.5 12.0 0.0
6.5 12.0 2.45
6.5 12.0 2.67
6.5 12.0738 -0.22
6.5 12.0738 0.0
6.5 12.25 -0.3
6.5 12.25 0.0
6.5 12.25 2.45
6.5 12.25 2.67
6.5 12.3223 -0.22
6.5 12.3223 0.0
6.5 12.5 -0.3
6.5 12.5 0.0
6.5 12.5 2.45
6.5 12.5 2.67
6.5 12.5708 -0.22
6.5 12.5708 0.0
6.5 12.75 -0.3
6.5 12.75 0.0
6.5 12.75 2.45
6.5 12.75 2.67
6.5 12.8192 -0.22
6.5 12.8192 0.0
6.5 13.0 -0.3
6.5 13.0 0.0
6.5 13.0 2.45
6.5 13.0 2.67
6.5 13.0677 -0.22
6.5 13.0677 0.0
6.5 13.25 -0.3
6.5 13.25 0.0
6.5 13.25 2.45
6.5 13.25 2.67
6.5 13.3162 -0.22
6.5 13.3162 0.0
6.5 13.5 -0.3
6.5 13.5 0.0
6.5 13.5 2.45
6.5 13.5 2.67
6.5 13.5646 -0.22
6.5 13.5646 0.0
6.5 13.75 -0.3
6.5 13.75 0.0
6.5 13.75 2.45
6.5 13.75 2.67
6.5 13.8131 -0.22
6.5 13.8131 0.0
6.5 14.0 -0.3
6.5 14.0 0.0
6.5 14.0 2.45
6.5 14.0 2.67
6.5 14.0615 -0.22
6.5 14.0615 0.0
6.5 14.25 -0.3
6.5 14.25 0.0
6.5 14.25 2.45
6.5 14.25 2.67
6.5 14.31 -0.22
6.5 14.31 0.0
6.5 14.5 -0.3
6.5 14.5 0.0
6.5 14.5 2.45
6.5 14.5 2.67
6.5 14.5585 -0.22
6.5 14.5585 0.0
6.5 14.75 -0.3
6.5 14.75 0.0
6.5 14.75 2.45
6.5 14.75 2.67
6.5 14.8069 -0.22
6.5 14.8069 0.0
6.5 15.0 -0.3
6.5 15.0 0.0
6.5 15.0 2.45
6.5 15.0 2.67
6.5 15.0554 -0.22
6.5 15.0554 0.0
6.5 15.25 -0.3
6.5 15.25 0.0
6.5 15.25 2.45
6.5 15.25 2.67
6.5 15.3038 -0.22
6.5 15.3038 0.0
6.5 15.5 -0.3
6.5 15.5 0.0
6.5 15.5 2.45
6.5 15.5 2.67
6.5 15.5523 -0.22
6.5 15.5523 0.0
6.5 15.75 -0.3
6.5 15.75 0.0
6.5 15.75 2.45
6.5 15.75 2.67
6.5 15.8008 -0.22
6.5 15.8008 0.0
6.5 16.0 -0.3
6.5 16.0 0.0
6.5 16.0 2.45
6.5 16.0 2.67
6.5 16.0492 -0.22
6.5 16.0492 0.0
6.5 16.25 -0.3
6.5 16.25 0.0
6.5 16.25 2.45
6.5 16.25 2.67
6.5 16.2977 -0.22
6.5 16.2977 0.0
6.5 16.5 -0.3
6.5 16.5 0.0
6.5 16.5 2.45
6.5 16.5 2.67
6.5 16.5462 -0.22
6.5 16.5462 0.0
6.5 16.75 -0.3
6.5 16.75 0.0
6.5 16.75 2.45
6.5 16.75 2.67
6.5 16.7946 -0.22
6.5 16.7946 0.0
6.5 17.0 -0.3
6.5 17.0 0.0
6.5 17.0 2.45
6.5 17.0 2.67
6.5 17.0431 -0.22
6.5 17.0431 0.0
6.5 17.25 -0.3
6.5 17.25 0.0
6.5 17.25 2.45
6.5 17.25 2.67
6.5 17.2915 -0.22
6.5 17.2915 0.0
6.5 17.5 -0.3
6.5 17.5 0.0
6.5 17.5 2.45
6.5 17.5 2.67
6.5 17.54 -0.22
6.5 17.54 0.0
6.5 17.75 -0.3
6.5 17.75 0.0
6.5 17.75 2.45
6.5 17.75 2.67
6.5 17.7885 -0.22
6.5 17.7885 0.0
6.5 18.0 -0.3
6.5 18.0 0.0
6.5 18.0 2.45
6.5 18.0 2.67
6.5 18.0369 -0.22
6.5 18.0369 0.0
6.5 18.25 -0.3
6.5 18.25 0.0
6.5 18.25 2.45
6.5 18.25 2.67
6.5 18.2854 -0.22
6.5 18.2854 0.0
6.5 18.5 -0.3
6.5 18.5 0.0
6.5 18.5 2.45
6.5 18.5 2.67
6.5 18.5338 -0.22
6.5 18.5338 0.0
6.5 18.75 -0.3
6.5 18.75 0.0
6.5 18.75 2.45
6.5 18.75 2.67
6.5 18.7823 -0.22
6.5 18.7823 0.0
6.5 19.0 -0.3
6.5 19.0 0.0
6.5 19.0 2.45
6.5 19.0 2.67
6.5 19.0308 -0.22
6.5 19.0308 0.0
6.5 19.25 -0.3
6.5 19.25 0.0
6.5 19.25 2.45
6.5 19.25 2.67
6.5 19.2792 -0.22
6.5 19.2792 0.0
6.5 19.5 -0.3
6.5 19.5 0.0
6.5 19.5 2.45
6.5 19.5 2.67
6.5 19.5277 -0.22
6.5 19.5277 0.0
6.5 19.75 -0.3
6.5 19.75 0.0
6.5 19.75 2.45
6.5 19.75 2.67
6.5 19.7762 -0.22
6.5 19.7762 0.0
6.5 20.0 -0.3
6.5 20.0 0.0
6.5 20.0 2.45
6.5 20.0 2.67
6.5 20.0246 -0.22
6.5 20.0246 0.0
6.5 20.25 -0.3
6.5 20.25 0.0
6.5 20.25 2.45
6.5 20.25 2.67
6.5 20.2731 -0.22
6.5 20.2731 0.0
6.5 20.5 -0.3
6.5 20.5 0.0
6.5 20.5 2.45
6.5 20.5 2.67
6.5 20.5215 -0.22
6.5 20.5215 0.0
6.5 20.75 -0.3
6.5 20.75 0.0
6.5 20.75 2.45
6.5 20.75 2.67
6.5 20.77 -0.22
6.5 20.77 0.0
6.5 21.0 -0.3
6.5 21.0 0.0
6.5 21.0 2.45
6.5 21.0 2.67
6.5 21.0185 -0.22
6.5 21.0185 0.0
6.5 21.25 -0.3
6.5 21.25 0.0
6.5 21.25 2.45
6.5 21.25 2.67
6.5 21.2669 -0.22
6.5 21.2669 0.0
6.5 21.5 -0.3
6.5 21.5 0.0
6.5 21.5 2.45
6.5 21.5 2.67
6.5 21.5154 -0.22
6.5 21.5154 0.0
6.5 21.75 -0.3
6.5 21.75 0.0
6.5 21.75 2.45
6.5 21.75 2.67
6.5 21.7638 -0.22
6.5 21.7638 0.0
6.5 22.0 -0.3
6.5 22.0 0.0
6.5 22.0 2.45
6.5 22.0 2.67
6.5 22.0123 -0.22
6.5 22.0123 0.0
6.5 22.25 -0.3
6.5 22.25 0.0
6.5 22.25 2.45
6.5 22.25 2.67
6.5 22.2608 -0.22
6.5 22.2608 0.0
6.5 22.5 -0.3
6.5 22.5 0.0
6.5 22.5 2.45
6.5 22.5 2.67
6.5 22.5092 -0.22
6.5 22.5092 0.0
6.5 22.75 -0.3
6.5 22.75 0.0
6.5 22.75 2.45
6.5 22.75 2.67
6.5 22.7577 -0.22
6.5 22.7577 0.0
6.5 23.0 -0.3
6.5 23.0 0.0
6.5 23.0 2.45
6.5 23.0 2.67
6.5 23.0062 -0.22
6.5 23.0062 0.0
6.5 23.25 -0.3
6.5 23.25 0.0
6.5 23.25 2.45
6.5 23.25 2.67
6.5 23.2546 -0.22
6.5 23.2546 0.0
6.5 23.5 -0.3
6.5 23.5 0.0
6.5 23.5 2.45
6.5 23.5 2.67
6.5 23.5031 -0.22
6.5 23.5031 0.0
6.5 23.75 -0.3
6.5 23.75 0.0
6.5 23.75 2.45
6.5 23.75 2.67
6.5 23.7515 -0.22
6.5 23.7515 0.0
6.5 23.82 0.0
6.5 23.82 0.245
6.5 23.82 0.49
6.5 23.82 0.735
6.5 23.82 0.98
6.5 23.82 1.225
6.5 23.82 1.47
6.5 23.82 1.715
6.5 23.82 1.96
6.5 23.82 2.205
6.5 23.82 2.45
6.5 24.0 -0.3
6.5 24.0 -0.22
6.5 24.0 0.0
6.5 24.0 0.245
6.5 24.0 0.49
6.5 24.0 0.735
6.5 24.0 0.98
6.5 24.0 1.225
6.5 24.0 1.47
6.5 24.0 1.715
6.5 24.0 1.96
6.5 24.0 2.205
6.5 24.0 2.45
6.5 24.0 2.67
6.5 24.25 -0.3
6.5 24.25 0.0
6.5 24.5 -0.3
6.5 24.5 0.0
6.5 24.75 -0.3
6.5 24.75 0.0
6.5 25.0 -0.3
6.5 25.0 -0.15
6.5 25.0 0.0
6.5062 0.0 0.0
6.5062 0.0 0.245
6.5062 0.0 0.49
6.5062 0.0 0.735
6.5062 0.0 0.98
6.5062 0.0 1.225
6.5062 0.0 1.47
6.5062 0.0 1.715
6.5062 0.0 1.96
6.5062 0.0 2.205
6.5062 0.0 2.45
6.5062 0.18 0.0
6.5062 0.18 0.245
6.5062 0.18 0.49
6.5062 0.18 0.735
6.5062 0.18 0.98
6.5062 0.18 1.225
6.5062 0.18 1.47
6.5062 0.18 1.715
6.5062 0.18 1.96
6.5062 0.18 2.205
6.5062 0.18 2.45
6.57 0.0 -0.22
6.57 0.0 0.0
6.57 0.2453 -0.22
6.57 0.2453 0.0
6.57 0.4906 -0.22
6.57 0.4906 0.0
6.57 0.7359 -0.22
6.57 0.7359 0.0
6.57 0.9813 -0.22
6.57 0.9813 0.0
6.57 1.2266 -0.22
6.57 1.2266 0.0
6.57 1.4719 -0.22
6.57 1.4719 0.0
6.57 1.7172 -0.22
6.57 1.7172 0.0
6.57 1.9625 -0.22
6.57 1.9625 0.0
6.57 2.2078 -0.22
6.57 2.2078 0.0
6.57 2.4531 -0.22
6.57 2.4531 0.0
6.57 2.6984 -0.22
6.57 2.6984 0.0
6.57 2.9437 -0.22
6.57 2.9437 0.0
6.57 3.1891 -0.22
6.57 3.1891 0.0
6.57 3.4344 -0.22
6.57 3.4344 0.0
6.57 3.6797 -0.22
6.57 3.6797 0.0
6.57 3.925 -0.22
6.57 3.925 0.0
6.57 4.1703 -0.22
6.57 4.1703 0.0
6.57 4.4156 -0.22
6.57 4.4156 0.0
6.57 4.6609 -0.22
6.57 4.6609 0.0
6.57 4.9062 -0.22
6.57 4.9062 0.0
6.57 5.1516 -0.22
6.57 5.1516 0.0
6.57 5.3969 -0.22
6.57 5.3969 0.0
6.57 5.6422 -0.22
6.57 5.6422 0.0
6.57 5.8875 -0.22
6.57 5.8875 0.0
6.57 6.1328 -0.22
6.57 6.1328 0.0
6.57 6.3781 -0.22
6.57 6.3781 0.0
6.57 6.6234 -0.22
6.57 6.6234 0.0
6.57 6.8687 -0.22
6.57 6.8687 0.0
6.57 7.1141 -0.22
6.57 7.1141 0.0
6.57 7.3594 -0.22
6.57 7.3594 0.0
6.57 7.6047 -0.22
6.57 7.6047 0.0
6.57 7.85 -0.22
6.57 7.85 0.0
6.75 -1.0 -0.3
6.75 -1.0 -0.15
6.75 -1.0 0.0
6.75 -0.75 -0.3
6.75 -0.75 0.0
6.75 -0.5 -0.3
6.75 -0.5 0.0
6.75 -0.25 -0.3
6.75 -0.25 0.0
6.75 0.0 -0.3
6.75 0.0 0.0
6.75 0.0 2.45
6.75 0.0 2.67
6.75 0.25 -0.3
6.75 0.25 0.0
6.75 0.25 2.45
6.75 0.25 2.67
6.75 0.5 -0.3
6.75 0.5 0.0
6.75 0.5 2.45
6.75 0.5 2.67
6.75 0.75 -0.3
6.75 0.75 0.0
6.75 0.75 2.45
6.75 0.75 2.67
6.75 1.0 -0.3
6.75 1.0 0.0
6.75 1.0 2.45
6.75 1.0 2.67
6.75 1.25 -0.3
6.75 1.25 0.0
6.75 1.25 2.45
6.75 1.25 2.67
6.75 1.5 -0.3
6.75 1.5 0.0
6.75 1.5 2.45
6.75 1.5 2.67
6.75 1.75 -0.3
6.75 1.75 0.0
6.75 1.75 2.45
6.75 1.75 2.67
6.75 2.0 -0.3
6.75 2.0 0.0
6.75 2.0 2.45
6.75 2.0 2.67
6.75 2.25 -0.3
6.75 2.25 0.0
6.75 2.25 2.45
6.75 2.25 2.67
6.75 2.5 -0.3
6.75 2.5 0.0
6.75 2.5 2.45
6.75 2.5 2.67
6.75 2.75 -0.3
6.75 2.75 0.0
6.75 2.75 2.45
6.75 2.75 2.67
6.75 3.0 -0.3
6.75 3.0 0.0
6.75 3.0 2.45
6.75 3.0 2.67
6.75 3.25 -0.3
6.75 3.25 0.0
6.75 3.25 2.45
6.75 3.25 2.67
6.75 3.5 -0.3
6.75 3.5 0.0
6.75 3.5 2.45
6.75 3.5 2.67
6.75 3.75 -0.3
6.75 3.75 0.0
6.75 3.75 2.45
6.75 3.75 2.67
6.75 4.0 -0.3
6.75 4.0 0.0
6.75 4.0 2.45
6.75 4.0 2.67
6.75 4.25 -0.3
6.75 4.25 0.0
6.75 4.25 2.45
6.75 4.25 2.67
6.75 4.5 -0.3
6.75 4.5 0.0
6.75 4.5 2.45
6.75 4.5 2.67
6.75 4.75 -0.3
6.75 4.75 0.0
6.75 4.75 2.45
6.75 4.75 2.67
6.75 5.0 -0.3
6.75 5.0 0.0
6.75 5.0 2.45
6.75 5.0 2.67
6.75 5.25 -0.3
6.75 5.25 0.0
6.75 5.25 2.45
6.75 5.25 2.67
6.75 5.5 -0.3
6.75 5.5 0.0
6.75 5.5 2.45
6.75 5.5 2.67
6.75 5.75 -0.3
6.75 5.75 0.0
6.75 5.75 2.45
6.75 5.75 2.67
6.75 6.0 -0.3
6.75 6.0 0.0
6.75 6.0 2.45
6.75 6.0 2.67
6.75 6.25 -0.3
6.75 6.25 0.0
6.75 6.25 2.45
6.75 6.25 2.67
6.75 6.5 -0.3
6.75 6.5 0.0
6.75 6.5 2.45
6.75 6.5 2.67
6.75 6.75 -0.3
6.75 6.75 0.0
6.75 6.75 2.45
6.75 6.75 2.67
6.75 7.0 -0.3
6.75 7.0 0.0
6.75 7.0 2.45
6.75 7.0 2.67
6.75 7.25 -0.3
6.75 7.25 0.0
6.75 7.25 2.45
6.75 7.25 2.67
6.75 7.5 -0.3
6.75 7.5 0.0
6.75 7.5 2.45
6.75 7.5 2.67
6.75 7.75 -0.3
6.75 7.75 0.0
6.75 7.75 2.45
6.75 7.75 2.67
6.75 7.85 -0.22
6.75 7.85 0.0
6.75 8.0 -0.3
6.75 8.0 0.0
6.75 8.0 2.45
6.75 8.0 2.67
6.75 8.0985 -0.22
6.75 8.0985 0.0
6.75 8.25 -0.3
6.75 8.25 0.0
6.75 8.25 2.45
6.75 8.25 2.67
6.75 8.3469 -0.22
6.75 8.3469 0.0
6.75 8.5 -0.3
6.75 8.5 0.0
6.75 8.5 2.45
6.75 8.5 2.67
6.75 8.5954 -0.22
6.75 8.5954 0.0
6.75 8.75 -0.3
6.75 8.75 0.0
6.75 8.75 2.45
6.75 8.75 2.67
6.75 8.8438 -0.22
6.75 8.8438 0.0
6.75 9.0 -0.3
6.75 9.0 0.0
6.75 9.0 2.45
6.75 9.0 2.67
6.75 9.0923 -0.22
6.75 9.0923 0.0
6.75 9.25 -0.3
6.75 9.25 0.0
6.75 9.25 2.45
6.75 9.25 2.67
6.75 9.3408 -0.22
6.75 9.3408 0.0
6.75 9.5 -0.3
6.75 9.5 0.0
6.75 9.5 2.45
6.75 9.5 2.67
6.75 9.5892 -0.22
6.75 9.5892 0.0
6.75 9.75 -0.3
6.75 9.75 0.0
6.75 9.75 2.45
6.75 9.75 2.67
6.75 9.8377 -0.22
6.75 9.8377 0.0
6.75 10.0 -0.3
6.75 10.0 0.0
6.75 10.0 2.45
6.75 10.0 2.67
6.75 10.0862 -0.22
6.75 10.0862 0.0
6.75 10.25 -0.3
6.75 10.25 0.0
6.75 10.25 2.45
6.75 10.25 2.67
6.75 10.3346 -0.22
6.75 10.3346 0.0
6.75 10.5 -0.3
6.75 10.5 0.0
6.75 10.5 2.45
6.75 10.5 2.67
6.75 10.5831 -0.22
6.75 10.5831 0.0
6.75 10.75 -0.3
6.75 10.75 0.0
6.75 10.75 2.45
6.75 10.75 2.67
6.75 10.8315 -0.22
6.75 10.8315 0.0
6.75 11.0 -0.3
6.75 11.0 0.0
6.75 11.0 2.45
6.75 11.0 2.67
6.75 11.08 -0.22
6.75 11.08 0.0
6.75 11.25 -0.3
6.75 11.25 0.0
6.75 11.25 2.45
6.75 11.25 2.67
6.75 11.3285 -0.22
6.75 11.3285 0.0
6.75 11.5 -0.3
6.75 11.5 0.0
6.75 11.5 2.45
6.75 11.5 2.67
6.75 11.5769 -0.22
6.75 11.5769 0.0
6.75 11.75 -0.3
6.75 11.75 0.0
6.75 11.75 2.45
6.75 11.75 2.67
6.75 11.8254 -0.22
6.75 11.8254 0.0
6.75 12.0 -0.3
6.75 12.0 0.0
6.75 12.0 2.45
6.75 12.0 2.67
6.75 12.0738 -0.22
6.75 12.0738 0.0
6.75 12.25 -0.3
6.75 12.25 0.0
6.75 12.25 2.45
6.75 12.25 2.67
6.75 12.3223 -0.22
6.75 12.3223 0.0
6.75 12.5 -0.3
6.75 12.5 0.0
6.75 12.5 2.45
6.75 12.5 2.67
6.75 12.5708 -0.22
6.75 12.5708 0.0
6.75 12.75 -0.3
6.75 12.75 0.0
6.75 12.75 2.45
6.75 12.75 2.67
6.75 12.8192 -0.22
6.75 12.8192 0.0
6.75 13.0 -0.3
6.75 13.0 0.0
6.75 13.0 2.45
6.75 13.0 2.67
6.75 13.0677 -0.22
6.75 13.0677 0.0
6.75 13.25 -0.3
6.75 13.25 0.0
6.75 13.25 2.45
6.75 13.25 2.67
6.75 13.3162 -0.22
6.75 13.3162 0.0
6.75 13.5 -0.3
6.75 13.5 0.0
6.75 13.5 2.45
6.75 13.5 2.67
6.75 13.5646 -0.22
6.75 13.5646 0.0
6.75 13.75 -0.3
6.75 13.75 0.0
6.75 13.75 2.45
6.75 13.75 2.67
6.75 13.8131 -0.22
6.75 13.8131 0.0
6.75 14.0 -0.3
6.75 14.0 0.0
6.75 14.0 2.45
6.75 14.0 2.67
6.75 14.0615 -0.22
6.75 14.0615 0.0
6.75 14.25 -0.3
6.75 14.25 0.0
6.75 14.25 2.45
6.75 14.25 2.67
6.75 14.31 -0.22
6.75 14.31 0.0
6.75 14.5 -0.3
6.75 14.5 0.0
6.75 14.5 2.45
6.75 14.5 2.67
6.75 14.5585 -0.22
6.75 14.5585 0.0
6.75 14.75 -0.3
6.75 14.75 0.0
6.75 14.75 2.45
6.75 14.75 2.67
6.75 14.8069 -0.22
6.75 14.8069 0.0
6.75 15.0 -0.3
6.75 15.0 0.0
6.75 15.0 2.45
6.75 15.0 2.67
6.75 15.0554 -0.22
6.75 15.0554 0.0
6.75 15.25 -0.3
6.75 15.25 0.0
6.75 15.25 2.45
6.75 15.25 2.67
6.75 15.3038 -0.22
6.75 15.3038 0.0
6.75 15.5 -0.3
6.75 15.5 0.0
6.75 15.5 2.45
6.75 15.5 2.67
6.75 15.5523 -0.22
6.75 15.5523 0.0
6.75 15.75 -0.3
6.75 15.75 0.0
6.75 15.75 2.45
6.75 15.75 2.67
6.75 15.8008 -0.22
6.75 15.8008 0.0
6.75 16.0 -0.3
6.75 16.0 0.0
6.75 16.0 2.45
6.75 16.0 2.67
6.75 16.0492 -0.22
6.75 16.0492 0.0
6.75 16.25 -0.3
6.75 16.25 0.0
6.75 16.25 2.45
6.75 16.25 2.67
6.75 16.2977 -0.22
6.75 16.2977 0.0
6.75 16.5 -0.3
6.75 16.5 0.0
6.75 16.5 2.45
6.75 16.5 2.67
6.75 16.5462 -0.22
6.75 16.5462 0.0
6.75 16.75 -0.3
6.75 16.75 0.0
6.75 16.75 2.45
6.75 16.75 2.67
6.75 16.7946 -0.22
6.75 16.7946 0.0
6.75 17.0 -0.3
6.75 17.0 0.0
6.75 17.0 2.45
6.75 17.0 2.67
6.75 17.0431 -0.22
6.75 17.0431 0.0
6.75 17.25 -0.3
6.75 17.25 0.0
6.75 17.25 2.45
6.75 17.25 2.67
6.75 17.2915 -0.22
6.75 17.2915 0.0
6.75 17.5 -0.3
6.75 17.5 0.0
6.75 17.5 2.45
6.75 17.5 2.67
6.75 17.54 -0.22
6.75 17.54 0.0
6.75 17.75 -0.3
6.75 17.75 0.0
6.75 17.75 2.45
6.75 17.75 2.67
6.75 17.7885 -0.22
6.75 17.7885 0.0
6.75 18.0 -0.3
6.75 18.0 0.0
6.75 18.0 2.45
6.75 18.0 2.67
6.75 18.0369 -0.22
6.75 18.0369 0.0
6.75 18.25 -0.3
6.75 18.25 0.0
6.75 18.25 2.45
6.75 18.25 2.67
6.75 18.2854 -0.22
6.75 18.2854 0.0
6.75 18.5 -0.3
6.75 18.5 0.0
6.75 18.5 2.45
6.75 18.5 2.67
6.75 18.5338 -0.22
6.75 18.5338 0.0
6.75 18.75 -0.3
6.75 18.75 0.0
6.75 18.75 2.45
6.75 18.75 2.67
6.75 18.7823 -0.22
6.75 18.7823 0.0
6.75 19.0 -0.3
6.75 19.0 0.0
6.75 19.0 2.45
6.75 19.0 2.67
6.75 19.0308 -0.22
6.75 19.0308 0.0
6.75 19.25 -0.3
6.75 19.25 0.0
6.75 19.25 2.45
6.75 19.25 2.67
6.75 19.2792 -0.22
6.75 19.2792 0.0
6.75 19.5 -0.3
6.75 19.5 0.0
6.75 19.5 2.45
6.75 19.5 2.67
6.75 19.5277 -0.22
6.75 19.5277 0.0
6.75 19.75 -0.3
6.75 19.75 0.0
6.75 19.75 2.45
6.75 19.75 2.67
6.75 19.7762 -0.22
6.75 19.7762 0.0
6.75 20.0 -0.3
6.75 20.0 0.0
6.75 20.0 2.45
6.75 20.0 2.67
6.75 20.0246 -0.22
6.75 20.0246 0.0
6.75 20.25 -0.3
6.75 20.25 0.0
6.75 20.25 2.45
6.75 20.25 2.67
6.75 20.2731 -0.22
6.75 20.2731 0.0
6.75 20.5 -0.3
6.75 20.5 0.0
6.75 20.5 2.45
6.75 20.5 2.67
6.75 20.5215 -0.22
6.75 20.5215 0.0
6.75 20.75 -0.3
6.75 20.75 0.0
6.75 20.75 2.45
6.75 20.75 2.67
6.75 20.77 -0.22
6.75 20.77 0.0
6.75 21.0 -0.3
6.75 21.0 0.0
6.75 21.0 2.45
6.75 21.0 2.67
6.75 21.0185 -0.22
6.75 21.0185 0.0
6.75 21.25 -0.3
6.75 21.25 0.0
6.75 21.25 2.45
6.75 21.25 2.67
6.75 21.2669 -0.22
6.75 21.2669 0.0
6.75 21.5 -0.3
6.75 21.5 0.0
6.75 21.5 2.45
6.75 21.5 2.67
6.75 21.5154 -0.22
6.75 21.5154 0.0
6.75 21.75 -0.3
6.75 21.75 0.0
6.75 21.75 2.45
6.75 21.75 2.67
6.75 21.7638 -0.22
6.75 21.7638 0.0
6.75 22.0 -0.3
6.75 22.0 0.0
6.75 22.0 2.45
6.75 22.0 2.67
6.75 22.0123 -0.22
6.75 22.0123 0.0
6.75 22.25 -0.3
6.75 22.25 0.0
6.75 22.25 2.45
6.75 22.25 2.67
6.75 22.2608 -0.22
6.75 22.2608 0.0
6.75 22.5 -0.3
6.75 22.5 0.0
6.75 22.5 2.45
6.75 22.5 2.67
6.75 22.5092 -0.22
6.75 22.5092 0.0
6.75 22.75 -0.3
6.75 22.75 0.0
6.75 22.75 2.45
6.75 22.75 2.67
6.75 22.7577 -0.22
6.75 22.7577 0.0
6.75 23.0 -0.3
6.75 23.0 0.0
6.75 23.0 2.45
6.75 23.0 2.67
6.75 23.0062 -0.22
6.75 23.0062 0.0
6.75 23.25 -0.3
6.75 23.25 0.0
6.75 23.25 2.45
6.75 23.25 2.67
6.75 23.2546 -0.22
6.75 23.2546 0.0
6.75 23.5 -0.3
6.75 23.5 0.0
6.75 23.5 2.45
6.75 23.5 2.67
6.75 23.5031 -0.22
6.75 23.5031 0.0
6.75 23.75 -0.3
6.75 23.75 0.0
6.75 23.75 2.45
6.75 23.75 2.67
6.75 23.7515 -0.22
6.75 23.7515 0.0
6.75 23.82 0.0
6.75 23.82 0.245
6.75 23.82 0.49
6.75 23.82 0.735
6.75 23.82 0.98
6.75 23.82 1.225
6.75 23.82 1.47
6.75 23.82 1.715
6.75 23.82 1.96
6.75 23.82 2.205
6.75 23.82 2.45
6.75 24.0 -0.3
6.75 24.0 -0.22
6.75 24.0 0.0
6.75 24.0 0.245
6.75 24.0 0.49
6.75 24.0 0.735
6.75 24.0 0.98
6.75 24.0 1.225
6.75 24.0 1.47
6.75 24.0 1.715
6.75 24.0 1.96
6.75 24.0 2.205
6.75 24.0 2.45
6.75 24.0 2.67
6.75 24.25 -0.3
6.75 24.25 0.0
6.75 24.5 -0.3
6.75 24.5 0.0
6.75 24.75 -0.3
6.75 24.75 0.0
6.75 25.0 -0.3
6.75 25.0 -0.15
6.75 25.0 0.0
6.7556 0.0 0.0
6.7556 0.0 0.245
6.7556 0.0 0.49
6.7556 0.0 0.735
6.7556 0.0 0.98
6.7556 0.0 1.225
6.7556 0.0 1.47
6.7556 0.0 1.715
6.7556 0.0 1.96
6.7556 0.0 2.205
6.7556 0.0 2.45
6.7556 0.18 0.0
6.7556 0.18 0.245
6.7556 0.18 0.49
6.7556 0.18 0.735
6.7556 0.18 0.98
6.7556 0.18 1.225
6.7556 0.18 1.47
6.7556 0.18 1.715
6.7556 0.18 1.96
6.7556 0.18 2.205
6.7556 0.18 2.45
6.813 0.0 -0.22
6.813 0.0 0.0
6.813 0.2453 -0.22
6.813 0.2453 0.0
6.813 0.4906 -0.22
6.813 0.4906 0.0
6.813 0.7359 -0.22
6.813 0.7359 0.0
6.813 0.9813 -0.22
6.813 0.9813 0.0
6.813 1.2266 -0.22
6.813 1.2266 0.0
6.813 1.4719 -0.22
6.813 1.4719 0.0
6.813 1.7172 -0.22
6.813 1.7172 0.0
6.813 1.9625 -0.22
6.813 1.9625 0.0
6.813 2.2078 -0.22
6.813 2.2078 0.0
6.813 2.4531 -0.22
6.813 2.4531 0.0
6.813 2.6984 -0.22
6.813 2.6984 0.0
6.813 2.9437 -0.22
6.813 2.9437 0.0
6.813 3.1891 -0.22
6.813 3.1891 0.0
6.813 3.4344 -0.22
6.813 3.4344 0.0
6.813 3.6797 -0.22
6.813 3.6797 0.0
6.813 3.925 -0.22
6.813 3.925 0.0
6.813 4.1703 -0.22
6.813 4.1703 0.0
6.813 4.4156 -0.22
6.813 4.4156 0.0
6.813 4.6609 -0.22
6.813 4.6609 0.0
6.813 4.9062 -0.22
6.813 4.9062 0.0
6.813 5.1516 -0.22
6.813 5.1516 0.0
6.813 5.3969 -0.22
6.813 5.3969 0.0
6.813 5.6422 -0.22
6.813 5.6422 0.0
6.813 5.8875 -0.22
6.813 5.8875 0.0
6.813 6.1328 -0.22
6.813 6.1328 0.0
6.813 6.3781 -0.22
6.813 6.3781 0.0
6.813 6.6234 -0.22
6.813 6.6234 0.0
6.813 6.8687 -0.22
6.813 6.8687 0.0
6.813 7.1141 -0.22
6.813 7.1141 0.0
6.813 7.3594 -0.22
6.813 7.3594 0.0
6.813 7.6047 -0.22
6.813 7.6047 0.0
6.813 7.85 -0.22
6.813 7.85 0.0
7.0 -1.0 -0.3
7.0 -1.0 -0.15
7.0 -1.0 0.0
7.0 -0.75 -0.3
7.0 -0.75 0.0
7.0 -0.5 -0.3
7.0 -0.5 0.0
7.0 -0.25 -0.3
7.0 -0.25 0.0
7.0 0.0 -0.3
7.0 0.0 0.0
7.0 0.0 2.45
7.0 0.0 2.67
7.0 0.25 -0.3
7.0 0.25 0.0
7.0 0.25 2.45
7.0 0.25 2.67
7.0 0.5 -0.3
7.0 0.5 0.0
7.0 0.5 2.45
7.0 0.5 2.67
7.0 0.75 -0.3
7.0 0.75 0.0
7.0 0.75 2.45
7.0 0.75 2.67
7.0 1.0 -0.3
7.0 1.0 0.0
7.0 1.0 2.45
7.0 1.0 2.67
7.0 1.25 -0.3
7.0 1.25 0.0
7.0 1.25 2.45
7.0 1.25 2.67
7.0 1.5 -0.3
7.0 1.5 0.0
7.0 1.5 2.45
7.0 1.5 2.67
7.0 1.75 -0.3
7.0 1.75 0.0
7.0 1.75 2.45
7.0 1.75 2.67
7.0 2.0 -0.3
7.0 2.0 0.0
7.0 2.0 2.45
7.0 2.0 2.67
7.0 2.25 -0.3
7.0 2.25 0.0
7.0 2.25 2.45
7.0 2.25 2.67
7.0 2.5 -0.3
7.0 2.5 0.0
7.0 2.5 2.45
7.0 2.5 2.67
7.0 2.75 -0.3
7.0 2.75 0.0
7.0 2.75 2.45
7.0 2.75 2.67
7.0 3.0 -0.3
7.0 3.0 0.0
7.0 3.0 2.45
7.0 3.0 2.67
7.0 3.25 -0.3
7.0 3.25 0.0
7.0 3.25 2.45
7.0 3.25 2.67
7.0 3.5 -0.3
7.0 3.5 0.0
7.0 3.5 2.45
7.0 3.5 2.67
7.0 3.75 -0.3
7.0 3.75 0.0
7.0 3.75 2.45
7.0 3.75 2.67
7.0 4.0 -0.3
7.0 4.0 0.0
7.0 4.0 2.45
7.0 4.0 2.67
7.0 4.25 -0.3
7.0 4.25 0.0
7.0 4.25 2.45
7.0 4.25 2.67
7.0 4.5 -0.3
7.0 4.5 0.0
7.0 4.5 2.45
7.0 4.5 2.67
7.0 4.75 -0.3
7.0 4.75 0.0
7.0 4.75 2.45
7.0 4.75 2.67
7.0 5.0 -0.3
7.0 5.0 0.0
7.0 5.0 2.45
7.0 5.0 2.67
7.0 5.25 -0.3
7.0 5.25 0.0
7.0 5.25 2.45
7.0 5.25 2.67
7.0 5.5 -0.3
7.0 5.5 0.0
7.0 5.5 2.45
7.0 5.5 2.67
7.0 5.75 -0.3
7.0 5.75 0.0
7.0 5.75 2.45
7.0 5.75 2.67
7.0 6.0 -0.3
7.0 6.0 0.0
7.0 6.0 2.45
7.0 6.0 2.67
7.0 6.25 -0.3
7.0 6.25 0.0
7.0 6.25 2.45
7.0 6.25 2.67
7.0 6.5 -0.3
7.0 6.5 0.0
7.0 6.5 2.45
7.0 6.5 2.67
7.0 6.75 -0.3
7.0 6.75 0.0
7.0 6.75 2.45
7.0 6.75 2.67
7.0 7.0 -0.3
7.0 7.0 0.0
7.0 7.0 2.45
7.0 7.0 2.67
7.0 7.25 -0.3
7.0 7.25 0.0
7.0 7.25 2.45
7.0 7.25 2.67
7.0 7.5 -0.3
7.0 7.5 0.0
7.0 7.5 2.45
7.0 7.5 2.67
7.0 7.75 -0.3
7.0 7.75 0.0
7.0 7.75 2.45
7.0 7.75 2.67
7.0 7.85 -0.22
7.0 7.85 0.0
7.0 8.0 -0.3
7.0 8.0 0.0
7.0 8.0 2.45
7.0 8.0 2.67
7.0 8.0985 -0.22
7.0 8.0985 0.0
7.0 8.25 -0.3
7.0 8.25 0.0
7.0 8.25 2.45
7.0 8.25 2.67
7.0 8.3469 -0.22
7.0 8.3469 0.0
7.0 8.5 -0.3
7.0 8.5 0.0
7.0 8.5 2.45
7.0 8.5 2.67
7.0 8.5954 -0.22
7.0 8.5954 0.0
7.0 8.75 -0.3
7.0 8.75 0.0
7.0 8.75 2.45
7.0 8.75 2.67
7.0 8.8438 -0.22
7.0 8.8438 0.0
7.0 9.0 -0.3
7.0 9.0 0.0
7.0 9.0 2.45
7.0 9.0 2.67
7.0 9.0923 -0.22
7.0 9.0923 0.0
7.0 9.25 -0.3
7.0 9.25 0.0
7.0 9.25 2.45
7.0 9.25 2.67
7.0 9.3408 -0.22
7.0 9.3408 0.0
7.0 9.5 -0.3
7.0 9.5 0.0
7.0 9.5 2.45
7.0 9.5 2.67
7.0 9.5892 -0.22
7.0 9.5892 0.0
7.0 9.75 -0.3
7.0 9.75 0.0
7.0 9.75 2.45
7.0 9.75 2.67
7.0 9.8377 -0.22
7.0 9.8377 0.0
7.0 10.0 -0.3
7.0 10.0 0.0
7.0 10.0 2.45
7.0 10.0 2.67
7.0 10.0862 -0.22
7.0 10.0862 0.0
7.0 10.25 -0.3
7.0 10.25 0.0
7.0 10.25 2.45
7.0 10.25 2.67
7.0 10.3346 -0.22
7.0 10.3346 0.0
7.0 10.5 -0.3
7.0 10.5 0.0
7.0 10.5 2.45
7.0 10.5 2.67
7.0 10.5831 -0.22
7.0 10.5831 0.0
7.0 10.75 -0.3
7.0 10.75 0.0
7.0 10.75 2.45
7.0 10.75 2.67
7.0 10.8315 -0.22
7.0 10.8315 0.0
7.0 11.0 -0.3
7.0 11.0 0.0
7.0 11.0 2.45
7.0 11.0 2.67
7.0 11.08 -0.22
7.0 11.08 0.0
7.0 11.25 -0.3
7.0 11.25 0.0
7.0 11.25 2.45
7.0 11.25 2.67
7.0 11.3285 -0.22
7.0 11.3285 0.0
7.0 11.5 -0.3
7.0 11.5 0.0
7.0 11.5 2.45
7.0 11.5 2.67
7.0 11.5769 -0.22
7.0 11.5769 0.0
7.0 11.75 -0.3
7.0 11.75 0.0
7.0 11.75 2.45
7.0 11.75 2.67
7.0 11.8254 -0.22
7.0 11.8254 0.0
7.0 12.0 -0.3
7.0 12.0 0.0
7.0 12.0 2.45
7.0 12.0 2.67
7.0 12.0738 -0.22
7.0 12.0738 0.0
7.0 12.25 -0.3
7.0 12.25 0.0
7.0 12.25 2.45
7.0 12.25 2.67
7.0 12.3223 -0.22
7.0 12.3223 0.0
7.0 12.5 -0.3
7.0 12.5 0.0
7.0 12.5 2.45
7.0 12.5 2.67
7.0 12.5708 -0.22
7.0 12.5708 0.0
7.0 12.75 -0.3
7.0 12.75 0.0
7.0 12.75 2.45
7.0 12.75 2.67
7.0 12.8192 -0.22
7.0 12.8192 0.0
7.0 13.0 -0.3
7.0 13.0 0.0
7.0 13.0 2.45
7.0 13.0 2.67
7.0 13.0677 -0.22
7.0 13.0677 0.0
7.0 13.25 -0.3
7.0 13.25 0.0
7.0 13.25 2.45
7.0 13.25 2.67
7.0 13.3162 -0.22
7.0 13.3162 0.0
7.0 13.5 -0.3
7.0 13.5 0.0
7.0 13.5 2.45
7.0 13.5 2.67
7.0 13.5646 -0.22
7.0 13.5646 0.0
7.0 13.75 -0.3
7.0 13.75 0.0
7.0 13.75 2.45
7.0 13.75 2.67
7.0 13.8131 -0.22
7.0 13.8131 0.0
7.0 14.0 -0.3
7.0 14.0 0.0
7.0 14.0 2.45
7.0 14.0 2.67
7.0 14.0615 -0.22
7.0 14.0615 0.0
7.0 14.25 -0.3
7.0 14.25 0.0
7.0 14.25 2.45
7.0 14.25 2.67
7.0 14.31 -0.22
7.0 14.31 0.0
7.0 14.5 -0.3
7.0 14.5 0.0
7.0 14.5 2.45
7.0 14.5 2.67
7.0 14.5585 -0.22
7.0 14.5585 0.0
7.0 14.75 -0.3
7.0 14.75 0.0
7.0 14.75 2.45
7.0 14.75 2.67
7.0 14.8069 -0.22
7.0 14.8069 0.0
7.0 15.0 -0.3
7.0 15.0 0.0
7.0 15.0 2.45
7.0 15.0 2.67
7.0 15.0554 -0.22
7.0 15.0554 0.0
7.0 15.25 -0.3
7.0 15.25 0.0
7.0 15.25 2.45
7.0 15.25 2.67
7.0 15.3038 -0.22
7.0 15.3038 0.0
7.0 15.5 -0.3
7.0 15.5 0.0
7.0 15.5 2.45
7.0 15.5 2.67
7.0 15.5523 -0.22
7.0 15.5523 0.0
7.0 15.75 -0.3
7.0 15.75 0.0
7.0 15.75 2.45
7.0 15.75 2.67
7.0 15.8008 -0.22
7.0 15.8008 0.0
7.0 16.0 -0.3
7.0 16.0 0.0
7.0 16.0 2.45
7.0 16.0 2.67
7.0 16.0492 -0.22
7.0 16.0492 0.0
7.0 16.25 -0.3
7.0 16.25 0.0
7.0 16.25 2.45
7.0 16.25 2.67
7.0 16.2977 -0.22
7.0 16.2977 0.0
7.0 16.5 -0.3
7.0 16.5 0.0
7.0 16.5 2.45
7.0 16.5 2.67
7.0 16.5462 -0.22
7.0 16.5462 0.0
7.0 16.75 -0.3
7.0 16.75 0.0
7.0 16.75 2.45
7.0 16.75 2.67
7.0 16.7946 -0.22
7.0 16.7946 0.0
7.0 17.0 -0.3
7.0 17.0 0.0
7.0 17.0 2.45
7.0 17.0 2.67
7.0 17.0431 -0.22
7.0 17.0431 0.0
7.0 17.25 -0.3
7.0 17.25 0.0
7.0 17.25 2.45
7.0 17.25 2.67
7.0 17.2915 -0.22
7.0 17.2915 0.0
7.0 17.5 -0.3
7.0 17.5 0.0
7.0 17.5 2.45
7.0 17.5 2.67
7.0 17.54 -0.22
7.0 17.54 0.0
7.0 17.75 -0.3
7.0 17.75 0.0
7.0 17.75 2.45
7.0 17.75 2.67
7.0 17.7885 -0.22
7.0 17.7885 0.0
7.0 18.0 -0.3
7.0 18.0 0.0
7.0 18.0 2.45
7.0 18.0 2.67
7.0 18.0369 -0.22
7.0 18.0369 0.0
7.0 18.25 -0.3
7.0 18.25 0.0
7.0 18.25 2.45
7.0 18.25 2.67
7.0 18.2854 -0.22
7.0 18.2854 0.0
7.0 18.5 -0.3
7.0 18.5 0.0
7.0 18.5 2.45
7.0 18.5 2.67
7.0 18.5338 -0.22
7.0 18.5338 0.0
7.0 18.75 -0.3
7.0 18.75 0.0
7.0 18.75 2.45
7.0 18.75 2.67
7.0 18.7823 -0.22
7.0 18.7823 0.0
7.0 19.0 -0.3
7.0 19.0 0.0
7.0 19.0 2.45
7.0 19.0 2.67
7.0 19.0308 -0.22
7.0 19.0308 0.0
7.0 19.25 -0.3
7.0 19.25 0.0
7.0 19.25 2.45
7.0 19.25 2.67
7.0 19.2792 -0.22
7.0 19.2792 0.0
7.0 19.5 -0.3
7.0 19.5 0.0
7.0 19.5 2.45
7.0 19.5 2.67
7.0 19.5277 -0.22
7.0 19.5277 0.0
7.0 19.75 -0.3
7.0 19.75 0.0
7.0 19.75 2.45
7.0 19.75 2.67
7.0 19.7762 -0.22
7.0 19.7762 0.0
7.0 20.0 -0.3
7.0 20.0 0.0
7.0 20.0 2.45
7.0 20.0 2.67
7.0 20.0246 -0.22
7.0 20.0246 0.0
7.0 20.25 -0.3
7.0 20.25 0.0
7.0 20.25 2.45
7.0 20.25 2.67
7.0 20.2731 -0.22
7.0 20.2731 0.0
7.0 20.5 -0.3
7.0 20.5 0.0
7.0 20.5 2.45
7.0 20.5 2.67
7.0 20.5215 -0.22
7.0 20.5215 0.0
7.0 20.75 -0.3
7.0 20.75 0.0
7.0 20.75 2.45
7.0 20.75 2.67
7.0 20.77 -0.22
7.0 20.77 0.0
7.0 21.0 -0.3
7.0 21.0 0.0
7.0 21.0 2.45
7.0 21.0 2.67
7.0 21.0185 -0.22
7.0 21.0185 0.0
7.0 21.25 -0.3
7.0 21.25 0.0
7.0 21.25 2.45
7.0 21.25 2.67
7.0 21.2669 -0.22
7.0 21.2669 0.0
7.0 21.5 -0.3
7.0 21.5 0.0
7.0 21.5 2.45
7.0 21.5 2.67
7.0 21.5154 -0.22
7.0 21.5154 0.0
7.0 21.75 -0.3
7.0 21.75 0.0
7.0 21.75 2.45
7.0 21.75 2.67
7.0 21.7638 -0.22
7.0 21.7638 0.0
7.0 22.0 -0.3
7.0 22.0 0.0
7.0 22.0 2.45
7.0 22.0 2.67
7.0 22.0123 -0.22
7.0 22.0123 0.0
7.0 22.25 -0.3
7.0 22.25 0.0
7.0 22.25 2.45
7.0 22.25 2.67
7.0 22.2608 -0.22
7.0 22.2608 0.0
7.0 22.5 -0.3
7.0 22.5 0.0
7.0 22.5 2.45
7.0 22.5 2.67
7.0 22.5092 -0.22
7.0 22.5092 0.0
7.0 22.75 -0.3
7.0 22.75 0.0
7.0 22.75 2.45
7.0 22.75 2.67
7.0 22.7577 -0.22
7.0 22.7577 0.0
7.0 23.0 -0.3
7.0 23.0 0.0
7.0 23.0 2.45
7.0 23.0 2.67
7.0 23.0062 -0.22
7.0 23.0062 0.0
7.0 23.25 -0.3
7.0 23.25 0.0
7.0 23.25 2.45
7.0 23.25 2.67
7.0 23.2546 -0.22
7.0 23.2546 0.0
7.0 23.5 -0.3
7.0 23.5 0.0
7.0 23.5 2.45
7.0 23.5 2.67
7.0 23.5031 -0.22
7.0 23.5031 0.0
7.0 23.75 -0.3
7.0 23.75 0.0
7.0 23.75 2.45
7.0 23.75 2.67
7.0 23.7515 -0.22
7.0 23.7515 0.0
7.0 23.82 0.0
7.0 23.82 0.245
7.0 23.82 0.49
7.0 23.82 0.735
7.0 23.82 0.98
7.0 23.82 1.225
7.0 23.82 1.47
7.0 23.82 1.715
7.0 23.82 1.96
7.0 23.82 2.205
7.0 23.82 2.45
7.0 24.0 -0.3
7.0 24.0 -0.22
7.0 24.0 0.0
7.0 24.0 0.245
7.0 24.0 0.49
7.0 24.0 0.735
7.0 24.0 0.98
7.0 24.0 1.225
7.0 24.0 1.47
7.0 24.0 1.715
7.0 24.0 1.96
7.0 24.0 2.205
7.0 24.0 2.45
7.0 24.0 2.67
7.0 24.25 -0.3
7.0 24.25 0.0
7.0 24.5 -0.3
7.0 24.5 0.0
7.0 24.75 -0.3
7.0 24.75 0.0
7.0 25.0 -0.3
7.0 25.0 -0.15
7.0 25.0 0.0
7.005 0.0 0.0
7.005 0.0 0.245
7.005 0.0 0.49
7.005 0.0 0.735
7.005 0.0 0.98
7.005 0.0 1.225
7.005 0.0 1.47
7.005 0.0 1.715
7.005 0.0 1.96
7.005 0.0 2.205
7.005 0.0 2.45
7.005 0.18 0.0
7.005 0.18 0.245
7.005 0.18 0.49
7.005 0.18 0.735
7.005 0.18 0.98
7.005 0.18 1.225
7.005 0.18 1.47
7.005 0.18 1.715
7.005 0.18 1.96
7.005 0.18 2.205
7.005 0.18 2.45
7.056 0.0 -0.22
7.056 0.0 0.0
7.056 0.2453 -0.22
7.056 0.2453 0.0
7.056 0.4906 -0.22
7.056 0.4906 0.0
7.056 0.7359 -0.22
7.056 0.7359 0.0
7.056 0.9813 -0.22
7.056 0.9813 0.0
7.056 1.2266 -0.22
7.056 1.2266 0.0
7.056 1.4719 -0.22
7.056 1.4719 0.0
7.056 1.7172 -0.22
7.056 1.7172 0.0
7.056 1.9625 -0.22
7.056 1.9625 0.0
7.056 2.2078 -0.22
7.056 2.2078 0.0
7.056 2.4531 -0.22
7.056 2.4531 0.0
7.056 2.6984 -0.22
7.056 2.6984 0.0
7.056 2.9437 -0.22
7.056 2.9437 0.0
7.056 3.1891 -0.22
7.056 3.1891 0.0
7.056 3.4344 -0.22
7.056 3.4344 0.0
7.056 3.6797 -0.22
7.056 3.6797 0.0
7.056 3.925 -0.22
7.056 3.925 0.0
7.056 4.1703 -0.22
7.056 4.1703 0.0
7.056 4.4156 -0.22
7.056 4.4156 0.0
7.056 4.6609 -0.22
7.056 4.6609 0.0
7.056 4.9062 -0.22
7.056 4.9062 0.0
7.056 5.1516 -0.22
7.056 5.1516 0.0
7.056 5.3969 -0.22
7.056 5.3969 0.0
7.056 5.6422 -0.22
7.056 5.6422 0.0
7.056 5.8875 -0.22
7.056 5.8875 0.0
7.056 6.1328 -0.22
7.056 6.1328 0.0
7.056 6.3781 -0.22
7.056 6.3781 0.0
7.056 6.6234 -0.22
7.056 6.6234 0.0
7.056 6.8687 -0.22
7.056 6.8687 0.0
7.056 7.1141 -0.22
7.056 7.1141 0.0
7.056 7.3594 -0.22
7.056 7.3594 0.0
7.056 7.6047 -0.22
7.056 7.6047 0.0
7.056 7.85 -0.22
7.056 7.85 0.0
7.25 -1.0 -0.3
7.25 -1.0 -0.15
7.25 -1.0 0.0
7.25 -0.75 -0.3
7.25 -0.75 0.0
7.25 -0.5 -0.3
7.25 -0.5 0.0
7.25 -0.25 -0.3
7.25 -0.25 0.0
7.25 0.0 -0.3
7.25 0.0 0.0
7.25 0.0 2.45
7.25 0.0 2.67
7.25 0.25 -0.3
7.25 0.25 0.0
7.25 0.25 2.45
7.25 0.25 2.67
7.25 0.5 -0.3
7.25 0.5 0.0
7.25 0.5 2.45
7.25 0.5 2.67
7.25 0.75 -0.3
7.25 0.75 0.0
7.25 0.75 2.45
7.25 0.75 2.67
7.25 1.0 -0.3
7.25 1.0 0.0
7.25 1.0 2.45
7.25 1.0 2.67
7.25 1.25 -0.3
7.25 1.25 0.0
7.25 1.25 2.45
7.25 1.25 2.67
7.25 1.5 -0.3
7.25 1.5 0.0
7.25 1.5 2.45
7.25 1.5 2.67
7.25 1.75 -0.3
7.25 1.75 0.0
7.25 1.75 2.45
7.25 1.75 2.67
7.25 2.0 -0.3
7.25 2.0 0.0
7.25 2.0 2.45
7.25 2.0 2.67
7.25 2.25 -0.3
7.25 2.25 0.0
7.25 2.25 2.45
7.25 2.25 2.67
7.25 2.5 -0.3
7.25 2.5 0.0
7.25 2.5 2.45
7.25 2.5 2.67
7.25 2.75 -0.3
7.25 2.75 0.0
7.25 2.75 2.45
7.25 2.75 2.67
7.25 3.0 -0.3
7.25 3.0 0.0
7.25 3.0 2.45
7.25 3.0 2.67
7.25 3.25 -0.3
7.25 3.25 0.0
7.25 3.25 2.45
7.25 3.25 2.67
7.25 3.5 -0.3
7.25 3.5 0.0
7.25 3.5 2.45
7.25 3.5 2.67
7.25 3.75 -0.3
7.25 3.75 0.0
7.25 3.75 2.45
7.25 3.75 2.67
7.25 4.0 -0.3
7.25 4.0 0.0
7.25 4.0 2.45
7.25 4.0 2.67
7.25 4.25 -0.3
7.25 4.25 0.0
7.25 4.25 2.45
7.25 4.25 2.67
7.25 4.5 -0.3
7.25 4.5 0.0
7.25 4.5 2.45
7.25 4.5 2.67
7.25 4.75 -0.3
7.25 4.75 0.0
7.25 4.75 2.45
7.25 4.75 2.67
7.25 5.0 -0.3
7.25 5.0 0.0
7.25 5.0 2.45
7.25 5.0 2.67
7.25 5.25 -0.3
7.25 5.25 0.0
7.25 5.25 2.45
7.25 5.25 2.67
7.25 5.5 -0.3
7.25 5.5 0.0
7.25 5.5 2.45
7.25 5.5 2.67
7.25 5.75 -0.3
7.25 5.75 0.0
7.25 5.75 2.45
7.25 5.75 2.67
7.25 6.0 -0.3
7.25 6.0 0.0
7.25 6.0 2.45
7.25 6.0 2.67
7.25 6.25 -0.3
7.25 6.25 0.0
7.25 6.25 2.45
7.25 6.25 2.67
7.25 6.5 -0.3
7.25 6.5 0.0
7.25 6.5 2.45
7.25 6.5 2.67
7.25 6.75 -0.3
7.25 6.75 0.0
7.25 6.75 2.45
7.25 6.75 2.67
7.25 7.0 -0.3
7.25 7.0 0.0
7.25 7.0 2.45
7.25 7.0 2.67
7.25 7.25 -0.3
7.25 7.25 0.0
7.25 7.25 2.45
7.25 7.25 2.67
7.25 7.5 -0.3
7.25 7.5 0.0
7.25 7.5 2.45
7.25 7.5 2.67
7.25 7.75 -0.3
7.25 7.75 0.0
7.25 7.75 2.45
7.25 7.75 2.67
7.25 7.85 -0.22
7.25 7.85 0.0
7.25 8.0 -0.3
7.25 8.0 0.0
7.25 8.0 2.45
7.25 8.0 2.67
7.25 8.0985 -0.22
7.25 8.0985 0.0
7.25 8.25 -0.3
7.25 8.25 0.0
7.25 8.25 2.45
7.25 8.25 2.67
7.25 8.3469 -0.22
7.25 8.3469 0.0
7.25 8.5 -0.3
7.25 8.5 0.0
7.25 8.5 2.45
7.25 8.5 2.67
7.25 8.5954 -0.22
7.25 8.5954 0.0
7.25 8.75 -0.3
7.25 8.75 0.0
7.25 8.75 2.45
7.25 8.75 2.67
7.25 8.8438 -0.22
7.25 8.8438 0.0
7.25 9.0 -0.3
7.25 9.0 0.0
7.25 9.0 2.45
7.25 9.0 2.67
7.25 9.0923 -0.22
7.25 9.0923 0.0
7.25 9.25 -0.3
7.25 9.25 0.0
7.25 9.25 2.45
7.25 9.25 2.67
7.25 9.3408 -0.22
7.25 9.3408 0.0
7.25 9.5 -0.3
7.25 9.5 0.0
7.25 9.5 2.45
7.25 9.5 2.67
7.25 9.5892 -0.22
7.25 9.5892 0.0
7.25 9.75 -0.3
7.25 9.75 0.0
7.25 9.75 2.45
7.25 9.75 2.67
7.25 9.8377 -0.22
7.25 9.8377 0.0
7.25 10.0 -0.3
7.25 10.0 0.0
7.25 10.0 2.45
7.25 10.0 2.67
7.25 10.0862 -0.22
7.25 10.0862 0.0
7.25 10.25 -0.3
7.25 10.25 0.0
7.25 10.25 2.45
7.25 10.25 2.67
7.25 10.3346 -0.22
7.25 10.3346 0.0
7.25 10.5 -0.3
7.25 10.5 0.0
7.25 10.5 2.45
7.25 10.5 2.67
7.25 10.5831 -0.22
7.25 10.5831 0.0
7.25 10.75 -0.3
7.25 10.75 0.0
7.25 10.75 2.45
7.25 10.75 2.67
7.25 10.8315 -0.22
7.25 10.8315 0.0
7.25 11.0 -0.3
7.25 11.0 0.0
7.25 11.0 2.45
7.25 11.0 2.67
7.25 11.08 -0.22
7.25 11.08 0.0
7.25 11.25 -0.3
7.25 11.25 0.0
7.25 11.25 2.45
7.25 11.25 2.67
7.25 11.3285 -0.22
7.25 11.3285 0.0
7.25 11.5 -0.3
7.25 11.5 0.0
7.25 11.5 2.45
7.25 11.5 2.67
7.25 11.5769 -0.22
7.25 11.5769 0.0
7.25 11.75 -0.3
7.25 11.75 0.0
7.25 11.75 2.45
7.25 11.75 2.67
7.25 11.8254 -0.22
7.25 11.8254 0.0
7.25 12.0 -0.3
7.25 12.0 0.0
7.25 12.0 2.45
7.25 12.0 2.67
7.25 12.0738 -0.22
7.25 12.0738 0.0
7.25 12.25 -0.3
7.25 12.25 0.0
7.25 12.25 2.45
7.25 12.25 2.67
7.25 12.3223 -0.22
7.25 12.3223 0.0
7.25 12.5 -0.3
7.25 12.5 0.0
7.25 12.5 2.45
7.25 12.5 2.67
7.25 12.5708 -0.22
7.25 12.5708 0.0
7.25 12.75 -0.3
7.25 12.75 0.0
7.25 12.75 2.45
7.25 12.75 2.67
7.25 12.8192 -0.22
7.25 12.8192 0.0
7.25 13.0 -0.3
7.25 13.0 0.0
7.25 13.0 2.45
7.25 13.0 2.67
7.25 13.0677 -0.22
7.25 13.0677 0.0
7.25 13.25 -0.3
7.25 13.25 0.0
7.25 13.25 2.45
7.25 13.25 2.67
7.25 13.3162 -0.22
7.25 13.3162 0.0
7.25 13.5 -0.3
7.25 13.5 0.0
7.25 13.5 2.45
7.25 13.5 2.67
7.25 13.5646 -0.22
7.25 13.5646 0.0
7.25 13.75 -0.3
7.25 13.75 0.0
7.25 13.75 2.45
7.25 13.75 2.67
7.25 13.8131 -0.22
7.25 13.8131 0.0
7.25 14.0 -0.3
7.25 14.0 0.0
7.25 14.0 2.45
7.25 14.0 2.67
7.25 14.0615 -0.22
7.25 14.0615 0.0
7.25 14.25 -0.3
7.25 14.25 0.0
7.25 14.25 2.45
7.25 14.25 2.67
7.25 14.31 -0.22
7.25 14.31 0.0
7.25 14.5 -0.3
7.25 14.5 0.0
7.25 14.5 2.45
7.25 14.5 2.67
7.25 14.5585 -0.22
7.25 14.5585 0.0
7.25 14.75 -0.3
7.25 14.75 0.0
7.25 14.75 2.45
7.25 14.75 2.67
7.25 14.8069 -0.22
7.25 14.8069 0.0
7.25 15.0 -0.3
7.25 15.0 0.0
7.25 15.0 2.45
7.25 15.0 2.67
7.25 15.0554 -0.22
7.25 15.0554 0.0
7.25 15.25 -0.3
7.25 15.25 0.0
7.25 15.25 2.45
7.25 15.25 2.67
7.25 15.3038 -0.22
7.25 15.3038 0.0
7.25 15.5 -0.3
7.25 15.5 0.0
7.25 15.5 2.45
7.25 15.5 2.67
7.25 15.5523 -0.22
7.25 15.5523 0.0
7.25 15.75 -0.3
7.25 15.75 0.0
7.25 15.75 2.45
7.25 15.75 2.67
7.25 15.8008 -0.22
7.25 15.8008 0.0
7.25 16.0 -0.3
7.25 16.0 0.0
7.25 16.0 2.45
7.25 16.0 2.67
7.25 16.0492 -0.22
7.25 16.0492 0.0
7.25 16.25 -0.3
7.25 16.25 0.0
7.25 16.25 2.45
7.25 16.25 2.67
7.25 16.2977 -0.22
7.25 16.2977 0.0
7.25 16.5 -0.3
7.25 16.5 0.0
7.25 16.5 2.45
7.25 16.5 2.67
7.25 16.5462 -0.22
7.25 16.5462 0.0
7.25 16.75 -0.3
7.25 16.75 0.0
7.25 16.75 2.45
7.25 16.75 2.67
7.25 16.7946 -0.22
7.25 16.7946 0.0
7.25 17.0 -0.3
7.25 17.0 0.0
7.25 17.0 2.45
7.25 17.0 2.67
7.25 17.0431 -0.22
7.25 17.0431 0.0
7.25 17.25 -0.3
7.25 17.25 0.0
7.25 17.25 2.45
7.25 17.25 2.67
7.25 17.2915 -0.22
7.25 17.2915 0.0
7.25 17.5 -0.3
7.25 17.5 0.0
7.25 17.5 2.45
7.25 17.5 2.67
7.25 17.54 -0.22
7.25 17.54 0.0
7.25 17.75 -0.3
7.25 17.75 0.0
7.25 17.75 2.45
7.25 17.75 2.67
7.25 17.7885 -0.22
7.25 17.7885 0.0
7.25 18.0 -0.3
7.25 18.0 0.0
7.25 18.0 2.45
7.25 18.0 2.67
7.25 18.0369 -0.22
7.25 18.0369 0.0
7.25 18.25 -0.3
7.25 18.25 0.0
7.25 18.25 2.45
7.25 18.25 2.67
7.25 18.2854 -0.22
7.25 18.2854 0.0
7.25 18.5 -0.3
7.25 18.5 0.0
7.25 18.5 2.45
7.25 18.5 2.67
7.25 18.5338 -0.22
7.25 18.5338 0.0
7.25 18.75 -0.3
7.25 18.75 0.0
7.25 18.75 2.45
7.25 18.75 2.67
7.25 18.7823 -0.22
7.25 18.7823 0.0
7.25 19.0 -0.3
7.25 19.0 0.0
7.25 19.0 2.45
7.25 19.0 2.67
7.25 19.0308 -0.22
7.25 19.0308 0.0
7.25 19.25 -0.3
7.25 19.25 0.0
7.25 19.25 2.45
7.25 19.25 2.67
7.25 19.2792 -0.22
7.25 19.2792 0.0
7.25 19.5 -0.3
7.25 19.5 0.0
7.25 19.5 2.45
7.25 19.5 2.67
7.25 19.5277 -0.22
7.25 19.5277 0.0
7.25 19.75 -0.3
7.25 19.75 0.0
7.25 19.75 2.45
7.25 19.75 2.67
7.25 19.7762 -0.22
7.25 19.7762 0.0
7.25 20.0 -0.3
7.25 20.0 0.0
7.25 20.0 2.45
7.25 20.0 2.67
7.25 20.0246 -0.22
7.25 20.0246 0.0
7.25 20.25 -0.3
7.25 20.25 0.0
7.25 20.25 2.45
7.25 20.25 2.67
7.25 20.2731 -0.22
7.25 20.2731 0.0
7.25 20.5 -0.3
7.25 20.5 0.0
7.25 20.5 2.45
7.25 20.5 2.67
7.25 20.5215 -0.22
7.25 20.5215 0.0
7.25 20.75 -0.3
7.25 20.75 0.0
7.25 20.75 2.45
7.25 20.75 2.67
7.25 20.77 -0.22
7.25 20.77 0.0
7.25 21.0 -0.3
7.25 21.0 0.0
7.25 21.0 2.45
7.25 21.0 2.67
7.25 21.0185 -0.22
7.25 21.0185 0.0
7.25 21.25 -0.3
7.25 21.25 0.0
7.25 21.25 2.45
7.25 21.25 2.67
7.25 21.2669 -0.22
7.25 21.2669 0.0
7.25 21.5 -0.3
7.25 21.5 0.0
7.25 21.5 2.45
7.25 21.5 2.67
7.25 21.5154 -0.22
7.25 21.5154 0.0
7.25 21.75 -0.3
7.25 21.75 0.0
7.25 21.75 2.45
7.25 21.75 2.67
7.25 21.7638 -0.22
7.25 21.7638 0.0
7.25 22.0 -0.3
7.25 22.0 0.0
7.25 22.0 2.45
7.25 22.0 2.67
7.25 22.0123 -0.22
7.25 22.0123 0.0
7.25 22.25 -0.3
7.25 22.25 0.0
7.25 22.25 2.45
7.25 22.25 2.67
7.25 22.2608 -0.22
7.25 22.2608 0.0
7.25 22.5 -0.3
7.25 22.5 0.0
7.25 22.5 2.45
7.25 22.5 2.67
7.25 22.5092 -0.22
7.25 22.5092 0.0
7.25 22.75 -0.3
7.25 22.75 0.0
7.25 22.75 2.45
7.25 22.75 2.67
7.25 22.7577 -0.22
7.25 22.7577 0.0
7.25 23.0 -0.3
7.25 23.0 0.0
7.25 23.0 2.45
7.25 23.0 2.67
7.25 23.0062 -0.22
7.25 23.0062 0.0
7.25 23.25 -0.3
7.25 23.25 0.0
7.25 23.25 2.45
7.25 23.25 2.67
7.25 23.2546 -0.22
7.25 23.2546 0.0
7.25 23.5 -0.3
7.25 23.5 0.0
7.25 23.5 2.45
7.25 23.5 2.67
7.25 23.5031 -0.22
7.25 23.5031 0.0
7.25 23.75 -0.3
7.25 23.75 0.0
7.25 23.75 2.45
7.25 23.75 2.67
7.25 23.7515 -0.22
7.25 23.7515 0.0
7.25 23.82 0.0
7.25 23.82 0.245
7.25 23.82 0.49
7.25 23.82 0.735
7.25 23.82 0.98
7.25 23.82 1.225
7.25 23.82 1.47
7.25 23.82 1.715
7.25 23.82 1.96
7.25 23.82 2.205
7.25 23.82 2.45
7.25 24.0 -0.3
7.25 24.0 -0.22
7.25 24.0 0.0
7.25 24.0 0.245
7.25 24.0 0.49
7.25 24.0 0.735
7.25 24.0 0.98
7.25 24.0 1.225
7.25 24.0 1.47
7.25 24.0 1.715
7.25 24.0 1.96
7.25 24.0 2.205
7.25 24.0 2.45
7.25 24.0 2.67
7.25 24.25 -0.3
7.25 24.25 0.0
7.25 24.5 -0.3
7.25 24.5 0.0
7.25 24.75 -0.3
7.25 24.75 0.0
7.25 25.0 -0.3
7.25 25.0 -0.15
7.25 25.0 0.0
7.2544 0.0 0.0
7.2544 0.0 0.245
7.2544 0.0 0.49
7.2544 0.0 0.735
7.2544 0.0 0.98
7.2544 0.0 1.225
7.2544 0.0 1.47
7.2544 0.0 1.715
7.2544 0.0 1.96
7.2544 0.0 2.205
7.2544 0.0 2.45
7.2544 0.18 0.0
7.2544 0.18 0.245
7.2544 0.18 0.49
7.2544 0.18 0.735
7.2544 0.18 0.98
7.2544 0.18 1.225
7.2544 0.18 1.47
7.2544 0.18 1.715
7.2544 0.18 1.96
7.2544 0.18 2.205
7.2544 0.18 2.45
7.299 0.0 -0.22
7.299 0.0 0.0
7.299 0.2453 -0.22
7.299 0.2453 0.0
7.299 0.4906 -0.22
7.299 0.4906 0.0
7.299 0.7359 -0.22
7.299 0.7359 0.0
7.299 0.9813 -0.22
7.299 0.9813 0.0
7.299 1.2266 -0.22
7.299 1.2266 0.0
7.299 1.4719 -0.22
7.299 1.4719 0.0
7.299 1.7172 -0.22
7.299 1.7172 0.0
7.299 1.9625 -0.22
7.299 1.9625 0.0
7.299 2.2078 -0.22
7.299 2.2078 0.0
7.299 2.4531 -0.22
7.299 2.4531 0.0
7.299 2.6984 -0.22
7.299 2.6984 0.0
7.299 2.9437 -0.22
7.299 2.9437 0.0
7.299 3.1891 -0.22
7.299 3.1891 0.0
7.299 3.4344 -0.22
7.299 3.4344 0.0
7.299 3.6797 -0.22
7.299 3.6797 0.0
7.299 3.925 -0.22
7.299 3.925 0.0
7.299 4.1703 -0.22
7.299 4.1703 0.0
7.299 4.4156 -0.22
7.299 4.4156 0.0
7.299 4.6609 -0.22
7.299 4.6609 0.0
7.299 4.9062 -0.22
7.299 4.9062 0.0
7.299 5.1516 -0.22
7.299 5.1516 0.0
7.299 5.3969 -0.22
7.299 5.3969 0.0
7.299 5.6422 -0.22
7.299 5.6422 0.0
7.299 5.8875 -0.22
7.299 5.8875 0.0
7.299 6.1328 -0.22
7.299 6.1328 0.0
7.299 6.3781 -0.22
7.299 6.3781 0.0
7.299 6.6234 -0.22
7.299 6.6234 0.0
7.299 6.8687 -0.22
7.299 6.8687 0.0
7.299 7.1141 -0.22
7.299 7.1141 0.0
7.299 7.3594 -0.22
7.299 7.3594 0.0
7.299 7.6047 -0.22
7.299 7.6047 0.0
7.299 7.85 -0.22
7.299 7.85 0.0
7.5 -1.0 -0.3
7.5 -1.0 -0.15
7.5 -1.0 0.0
7.5 -0.75 -0.3
7.5 -0.75 0.0
7.5 -0.5 -0.3
7.5 -0.5 0.0
7.5 -0.25 -0.3
7.5 -0.25 0.0
7.5 0.0 -0.3
7.5 0.0 0.0
7.5 0.0 2.45
7.5 0.0 2.67
7.5 0.25 -0.3
7.5 0.25 0.0
7.5 0.25 2.45
7.5 0.25 2.67
7.5 0.5 -0.3
7.5 0.5 0.0
7.5 0.5 2.45
7.5 0.5 2.67
7.5 0.75 -0.3
7.5 0.75 0.0
7.5 0.75 2.45
7.5 0.75 2.67
7.5 1.0 -0.3
7.5 1.0 0.0
7.5 1.0 2.45
7.5 1.0 2.67
7.5 1.25 -0.3
7.5 1.25 0.0
7.5 1.25 2.45
7.5 1.25 2.67
7.5 1.5 -0.3
7.5 1.5 0.0
7.5 1.5 2.45
7.5 1.5 2.67
7.5 1.75 -0.3
7.5 1.75 0.0
7.5 1.75 2.45
7.5 1.75 2.67
7.5 2.0 -0.3
7.5 2.0 0.0
7.5 2.0 2.45
7.5 2.0 2.67
7.5 2.25 -0.3
7.5 2.25 0.0
7.5 2.25 2.45
7.5 2.25 2.67
7.5 2.5 -0.3
7.5 2.5 0.0
7.5 2.5 2.45
7.5 2.5 2.67
7.5 2.75 -0.3
7.5 2.75 0.0
7.5 2.75 2.45
7.5 2.75 2.67
7.5 3.0 -0.3
7.5 3.0 0.0
7.5 3.0 2.45
7.5 3.0 2.67
7.5 3.25 -0.3
7.5 3.25 0.0
7.5 3.25 2.45
7.5 3.25 2.67
7.5 3.5 -0.3
7.5 3.5 0.0
7.5 3.5 2.45
7.5 3.5 2.67
7.5 3.75 -0.3
7.5 3.75 0.0
7.5 3.75 2.45
7.5 3.75 2.67
7.5 4.0 -0.3
7.5 4.0 0.0
7.5 4.0 2.45
7.5 4.0 2.67
7.5 4.25 -0.3
7.5 4.25 0.0
7.5 4.25 2.45
7.5 4.25 2.67
7.5 4.5 -0.3
7.5 4.5 0.0
7.5 4.5 2.45
7.5 4.5 2.67
7.5 4.75 -0.3
7.5 4.75 0.0
7.5 4.75 2.45
7.5 4.75 2.67
7.5 5.0 -0.3
7.5 5.0 0.0
7.5 5.0 2.45
7.5 5.0 2.67
7.5 5.25 -0.3
7.5 5.25 0.0
7.5 5.25 2.45
7.5 5.25 2.67
7.5 5.5 -0.3
7.5 5.5 0.0
7.5 5.5 2.45
7.5 5.5 2.67
7.5 5.75 -0.3
7.5 5.75 0.0
7.5 5.75 2.45
7.5 5.75 2.67
7.5 6.0 -0.3
7.5 6.0 0.0
7.5 6.0 2.45
7.5 6.0 2.67
7.5 6.25 -0.3
7.5 6.25 0.0
7.5 6.25 2.45
7.5 6.25 2.67
7.5 6.5 -0.3
7.5 6.5 0.0
7.5 6.5 2.45
7.5 6.5 2.67
7.5 6.75 -0.3
7.5 6.75 0.0
7.5 6.75 2.45
7.5 6.75 2.67
7.5 7.0 -0.3
7.5 7.0 0.0
7.5 7.0 2.45
7.5 7.0 2.67
7.5 7.25 -0.3
7.5 7.25 0.0
7.5 7.25 2.45
7.5 7.25 2.67
7.5 7.5 -0.3
7.5 7.5 0.0
7.5 7.5 2.45
7.5 7.5 2.67
7.5 7.75 -0.3
7.5 7.75 0.0
7.5 7.75 2.45
7.5 7.75 2.67
7.5 7.85 -0.22
7.5 7.85 0.0
7.5 8.0 -0.3
7.5 8.0 0.0
7.5 8.0 2.45
7.5 8.0 2.67
7.5 8.0985 -0.22
7.5 8.0985 0.0
7.5 8.25 -0.3
7.5 8.25 0.0
7.5 8.25 2.45
7.5 8.25 2.67
7.5 8.3469 -0.22
7.5 8.3469 0.0
7.5 8.5 -0.3
7.5 8.5 0.0
7.5 8.5 2.45
7.5 8.5 2.67
7.5 8.5954 -0.22
7.5 8.5954 0.0
7.5 8.75 -0.3
7.5 8.75 0.0
7.5 8.75 2.45
7.5 8.75 2.67
7.5 8.8438 -0.22
7.5 8.8438 0.0
7.5 9.0 -0.3
7.5 9.0 0.0
7.5 9.0 2.45
7.5 9.0 2.67
7.5 9.0923 -0.22
7.5 9.0923 0.0
7.5 9.25 -0.3
7.5 9.25 0.0
7.5 9.25 2.45
7.5 9.25 2.67
7.5 9.3408 -0.22
7.5 9.3408 0.0
7.5 9.5 -0.3
7.5 9.5 0.0
7.5 9.5 2.45
7.5 9.5 2.67
7.5 9.5892 -0.22
7.5 9.5892 0.0
7.5 9.75 -0.3
7.5 9.75 0.0
7.5 9.75 2.45
7.5 9.75 2.67
7.5 9.8377 -0.22
7.5 9.8377 0.0
7.5 10.0 -0.3
7.5 10.0 0.0
7.5 10.0 2.45
7.5 10.0 2.67
7.5 10.0862 -0.22
7.5 10.0862 0.0
7.5 10.25 -0.3
7.5 10.25 0.0
7.5 10.25 2.45
7.5 10.25 2.67
7.5 10.3346 -0.22
7.5 10.3346 0.0
7.5 10.5 -0.3
7.5 10.5 0.0
7.5 10.5 2.45
7.5 10.5 2.67
7.5 10.5831 -0.22
7.5 10.5831 0.0
7.5 10.75 -0.3
7.5 10.75 0.0
7.5 10.75 2.45
7.5 10.75 2.67
7.5 10.8315 -0.22
7.5 10.8315 0.0
7.5 11.0 -0.3
7.5 11.0 0.0
7.5 11.0 2.45
7.5 11.0 2.67
7.5 11.08 -0.22
7.5 11.08 0.0
7.5 11.25 -0.3
7.5 11.25 0.0
7.5 11.25 2.45
7.5 11.25 2.67
7.5 11.3285 -0.22
7.5 11.3285 0.0
7.5 11.5 -0.3
7.5 11.5 0.0
7.5 11.5 2.45
7.5 11.5 2.67
7.5 11.5769 -0.22
7.5 11.5769 0.0
7.5 11.75 -0.3
7.5 11.75 0.0
7.5 11.75 2.45
7.5 11.75 2.67
7.5 11.8254 -0.22
7.5 11.8254 0.0
7.5 12.0 -0.3
7.5 12.0 0.0
7.5 12.0 2.45
7.5 12.0 2.67
7.5 12.0738 -0.22
7.5 12.0738 0.0
7.5 12.25 -0.3
7.5 12.25 0.0
7.5 12.25 2.45
7.5 12.25 2.67
7.5 12.3223 -0.22
7.5 12.3223 0.0
7.5 12.5 -0.3
7.5 12.5 0.0
7.5 12.5 2.45
7.5 12.5 2.67
7.5 12.5708 -0.22
7.5 12.5708 0.0
7.5 12.75 -0.3
7.5 12.75 0.0
7.5 12.75 2.45
7.5 12.75 2.67
7.5 12.8192 -0.22
7.5 12.8192 0.0
7.5 13.0 -0.3
7.5 13.0 0.0
7.5 13.0 2.45
7.5 13.0 2.67
7.5 13.0677 -0.22
7.5 13.0677 0.0
7.5 13.25 -0.3
7.5 13.25 0.0
7.5 13.25 2.45
7.5 13.25 2.67
7.5 13.3162 -0.22
7.5 13.3162 0.0
7.5 13.5 -0.3
7.5 13.5 0.0
7.5 13.5 2.45
7.5 13.5 2.67
7.5 13.5646 -0.22
7.5 13.5646 0.0
7.5 13.75 -0.3
7.5 13.75 0.0
7.5 13.75 2.45
7.5 13.75 2.67
7.5 13.8131 -0.22
7.5 13.8131 0.0
7.5 14.0 -0.3
7.5 14.0 0.0
7.5 14.0 2.45
7.5 14.0 2.67
7.5 14.0615 -0.22
7.5 14.0615 0.0
7.5 14.25 -0.3
7.5 14.25 0.0
7.5 14.25 2.45
7.5 14.25 2.67
7.5 14.31 -0.22
7.5 14.31 0.0
7.5 14.5 -0.3
7.5 14.5 0.0
7.5 14.5 2.45
7.5 14.5 2.67
7.5 14.5585 -0.22
7.5 14.5585 0.0
7.5 14.75 -0.3
7.5 14.75 0.0
7.5 14.75 2.45
7.5 14.75 2.67
7.5 14.8069 -0.22
7.5 14.8069 0.0
7.5 15.0 -0.3
7.5 15.0 0.0
7.5 15.0 2.45
7.5 15.0 2.67
7.5 15.0554 -0.22
7.5 15.0554 0.0
7.5 15.25 -0.3
7.5 15.25 0.0
7.5 15.25 2.45
7.5 15.25 2.67
7.5 15.3038 -0.22
7.5 15.3038 0.0
7.5 15.5 -0.3
7.5 15.5 0.0
7.5 15.5 2.45
7.5 15.5 2.67
7.5 15.5523 -0.22
7.5 15.5523 0.0
7.5 15.75 -0.3
7.5 15.75 0.0
7.5 15.75 2.45
7.5 15.75 2.67
7.5 15.8008 -0.22
7.5 15.8008 0.0
7.5 16.0 -0.3
7.5 16.0 0.0
7.5 16.0 2.45
7.5 16.0 2.67
7.5 16.0492 -0.22
7.5 16.0492 0.0
7.5 16.25 -0.3
7.5 16.25 0.0
7.5 16.25 2.45
7.5 16.25 2.67
7.5 16.2977 -0.22
7.5 16.2977 0.0
7.5 16.5 -0.3
7.5 16.5 0.0
7.5 16.5 2.45
7.5 16.5 2.67
7.5 16.5462 -0.22
7.5 16.5462 0.0
7.5 16.75 -0.3
7.5 16.75 0.0
7.5 16.75 2.45
7.5 16.75 2.67
7.5 16.7946 -0.22
7.5 16.7946 0.0
7.5 17.0 -0.3
7.5 17.0 0.0
7.5 17.0 2.45
7.5 17.0 2.67
7.5 17.0431 -0.22
7.5 17.0431 0.0
7.5 17.25 -0.3
7.5 17.25 0.0
7.5 17.25 2.45
7.5 17.25 2.67
7.5 17.2915 -0.22
7.5 17.2915 0.0
7.5 17.5 -0.3
7.5 17.5 0.0
7.5 17.5 2.45
7.5 17.5 2.67
7.5 17.54 -0.22
7.5 17.54 0.0
7.5 17.75 -0.3
7.5 17.75 0.0
7.5 17.75 2.45
7.5 17.75 2.67
7.5 17.7885 -0.22
7.5 17.7885 0.0
7.5 18.0 -0.3
7.5 18.0 0.0
7.5 18.0 2.45
7.5 18.0 2.67
7.5 18.0369 -0.22
7.5 18.0369 0.0
7.5 18.25 -0.3
7.5 18.25 0.0
7.5 18.25 2.45
7.5 18.25 2.67
7.5 18.2854 -0.22
7.5 18.2854 0.0
7.5 18.5 -0.3
7.5 18.5 0.0
7.5 18.5 2.45
7.5 18.5 2.67
7.5 18.5338 -0.22
7.5 18.5338 0.0
7.5 18.75 -0.3
7.5 18.75 0.0
7.5 18.75 2.45
7.5 18.75 2.67
7.5 18.7823 -0.22
7.5 18.7823 0.0
7.5 19.0 -0.3
7.5 19.0 0.0
7.5 19.0 2.45
7.5 19.0 2.67
7.5 19.0308 -0.22
7.5 19.0308 0.0
7.5 19.25 -0.3
7.5 19.25 0.0
7.5 19.25 2.45
7.5 19.25 2.67
7.5 19.2792 -0.22
7.5 19.2792 0.0
7.5 19.5 -0.3
7.5 19.5 0.0
7.5 19.5 2.45
7.5 19.5 2.67
7.5 19.5277 -0.22
7.5 19.5277 0.0
7.5 19.75 -0.3
7.5 19.75 0.0
7.5 19.75 2.45
7.5 19.75 2.67
7.5 19.7762 -0.22
7.5 19.7762 0.0
7.5 20.0 -0.3
7.5 20.0 0.0
7.5 20.0 2.45
7.5 20.0 2.67
7.5 20.0246 -0.22
7.5 20.0246 0.0
7.5 20.25 -0.3
7.5 20.25 0.0
7.5 20.25 2.45
7.5 20.25 2.67
7.5 20.2731 -0.22
7.5 20.2731 0.0
7.5 20.5 -0.3
7.5 20.5 0.0
7.5 20.5 2.45
7.5 20.5 2.67
7.5 20.5215 -0.22
7.5 20.5215 0.0
7.5 20.75 -0.3
7.5 20.75 0.0
7.5 20.75 2.45
7.5 20.75 2.67
7.5 20.77 -0.22
7.5 20.77 0.0
7.5 21.0 -0.3
7.5 21.0 0.0
7.5 21.0 2.45
7.5 21.0 2.67
7.5 21.0185 -0.22
7.5 21.0185 0.0
7.5 21.25 -0.3
7.5 21.25 0.0
7.5 21.25 2.45
7.5 21.25 2.67
7.5 21.2669 -0.22
7.5 21.2669 0.0
7.5 21.5 -0.3
7.5 21.5 0.0
7.5 21.5 2.45
7.5 21.5 2.67
7.5 21.5154 -0.22
7.5 21.5154 0.0
7.5 21.75 -0.3
7.5 21.75 0.0
7.5 21.75 2.45
7.5 21.75 2.67
7.5 21.7638 -0.22
7.5 21.7638 0.0
7.5 22.0 -0.3
7.5 22.0 0.0
7.5 22.0 2.45
7.5 22.0 2.67
7.5 22.0123 -0.22
7.5 22.0123 0.0
7.5 22.25 -0.3
7.5 22.25 0.0
7.5 22.25 2.45
7.5 22.25 2.67
7.5 22.2608 -0.22
7.5 22.2608 0.0
7.5 22.5 -0.3
7.5 22.5 0.0
7.5 22.5 2.45
7.5 22.5 2.67
7.5 22.5092 -0.22
7.5 22.5092 0.0
7.5 22.75 -0.3
7.5 22.75 0.0
7.5 22.75 2.45
7.5 22.75 2.67
7.5 22.7577 -0.22
7.5 22.7577 0.0
7.5 23.0 -0.3
7.5 23.0 0.0
7.5 23.0 2.45
7.5 23.0 2.67
7.5 23.0062 -0.22
7.5 23.0062 0.0
7.5 23.25 -0.3
7.5 23.25 0.0
7.5 23.25 2.45
7.5 23.25 2.67
7.5 23.2546 -0.22
7.5 23.2546 0.0
7.5 23.5 -0.3
7.5 23.5 0.0
7.5 23.5 2.45
7.5 23.5 2.67
7.5 23.5031 -0.22
7.5 23.5031 0.0
7.5 23.75 -0.3
7.5 23.75 0.0
7.5 23.75 2.45
7.5 23.75 2.67
7.5 23.7515 -0.22
7.5 23.7515 0.0
7.5 23.82 0.0
7.5 23.82 0.245
7.5 23.82 0.49
7.5 23.82 0.735
7.5 23.82 0.98
7.5 23.82 1.225
7.5 23.82 1.47
7.5 23.82 1.715
7.5 23.82 1.96
7.5 23.82 2.205
7.5 23.82 2.45
7.5 24.0 -0.3
7.5 24.0 -0.22
7.5 24.0 0.0
7.5 24.0 0.245
7.5 24.0 0.49
7.5 24.0 0.735
7.5 24.0 0.98
7.5 24.0 1.225
7.5 24.0 1.47
7.5 24.0 1.715
7.5 24.0 1.96
7.5 24.0 2.205
7.5 24.0 2.45
7.5 24.0 2.67
7.5 24.25 -0.3
7.5 24.25 0.0
7.5 24.5 -0.3
7.5 24.5 0.0
7.5 24.75 -0.3
7.5 24.75 0.0
7.5 25.0 -0.3
7.5 25.0 -0.15
7.5 25.0 0.0
7.5038 0.0 0.0
7.5038 0.0 0.245
7.5038 0.0 0.49
7.5038 0.0 0.735
7.5038 0.0 0.98
7.5038 0.0 1.225
7.5038 0.0 1.47
7.5038 0.0 1.715
7.5038 0.0 1.96
7.5038 0.0 2.205
7.5038 0.0 2.45
7.5038 0.18 0.0
7.5038 0.18 0.245
7.5038 0.18 0.49
7.5038 0.18 0.735
7.5038 0.18 0.98
7.5038 0.18 1.225
7.5038 0.18 1.47
7.5038 0.18 1.715
7.5038 0.18 1.96
7.5038 0.18 2.205
7.5038 0.18 2.45
7.542 0.0 -0.22
7.542 0.0 0.0
7.542 0.2453 -0.22
7.542 0.2453 0.0
7.542 0.4906 -0.22
7.542 0.4906 0.0
7.542 0.7359 -0.22
7.542 0.7359 0.0
7.542 0.9813 -0.22
7.542 0.9813 0.0
7.542 1.2266 -0.22
7.542 1.2266 0.0
7.542 1.4719 -0.22
7.542 1.4719 0.0
7.542 1.7172 -0.22
7.542 1.7172 0.0
7.542 1.9625 -0.22
7.542 1.9625 0.0
7.542 2.2078 -0.22
7.542 2.2078 0.0
7.542 2.4531 -0.22
7.542 2.4531 0.0
7.542 2.6984 -0.22
7.542 2.6984 0.0
7.542 2.9437 -0.22
7.542 2.9437 0.0
7.542 3.1891 -0.22
7.542 3.1891 0.0
7.542 3.4344 -0.22
7.542 3.4344 0.0
7.542 3.6797 -0.22
7.542 3.6797 0.0
7.542 3.925 -0.22
7.542 3.925 0.0
7.542 4.1703 -0.22
7.542 4.1703 0.0
7.542 4.4156 -0.22
7.542 4.4156 0.0
7.542 4.6609 -0.22
7.542 4.6609 0.0
7.542 4.9062 -0.22
7.542 4.9062 0.0
7.542 5.1516 -0.22
7.542 5.1516 0.0
7.542 5.3969 -0.22
7.542 5.3969 0.0
7.542 5.6422 -0.22
7.542 5.6422 0.0
7.542 5.8875 -0.22
7.542 5.8875 0.0
7.542 6.1328 -0.22
7.542 6.1328 0.0
7.542 6.3781 -0.22
7.542 6.3781 0.0
7.542 6.6234 -0.22
7.542 6.6234 0.0
7.542 6.8687 -0.22
7.542 6.8687 0.0
7.542 7.1141 -0.22
7.542 7.1141 0.0
7.542 7.3594 -0.22
7.542 7.3594 0.0
7.542 7.6047 -0.22
7.542 7.6047 0.0
7.542 7.85 -0.22
7.542 7.85 0.0
7.75 -1.0 -0.3
7.75 -1.0 -0.15
7.75 -1.0 0.0
7.75 -0.75 -0.3
7.75 -0.75 0.0
7.75 -0.5 -0.3
7.75 -0.5 0.0
7.75 -0.25 -0.3
7.75 -0.25 0.0
7.75 0.0 -0.3
7.75 0.0 0.0
7.75 0.0 2.45
7.75 0.0 2.67
7.75 0.25 -0.3
7.75 0.25 0.0
7.75 0.25 2.45
7.75 0.25 2.67
7.75 0.5 -0.3
7.75 0.5 0.0
7.75 0.5 2.45
7.75 0.5 2.67
7.75 0.75 -0.3
7.75 0.75 0.0
7.75 0.75 2.45
7.75 0.75 2.67
7.75 1.0 -0.3
7.75 1.0 0.0
7.75 1.0 2.45
7.75 1.0 2.67
7.75 1.25 -0.3
7.75 1.25 0.0
7.75 1.25 2.45
7.75 1.25 2.67
7.75 1.5 -0.3
7.75 1.5 0.0
7.75 1.5 2.45
7.75 1.5 2.67
7.75 1.75 -0.3
7.75 1.75 0.0
7.75 1.75 2.45
7.75 1.75 2.67
7.75 2.0 -0.3
7.75 2.0 0.0
7.75 2.0 2.45
7.75 2.0 2.67
7.75 2.25 -0.3
7.75 2.25 0.0
7.75 2.25 2.45
7.75 2.25 2.67
7.75 2.5 -0.3
7.75 2.5 0.0
7.75 2.5 2.45
7.75 2.5 2.67
7.75 2.75 -0.3
7.75 2.75 0.0
7.75 2.75 2.45
7.75 2.75 2.67
7.75 3.0 -0.3
7.75 3.0 0.0
7.75 3.0 2.45
7.75 3.0 2.67
7.75 3.25 -0.3
7.75 3.25 0.0
7.75 3.25 2.45
7.75 3.25 2.67
7.75 3.5 -0.3
7.75 3.5 0.0
7.75 3.5 2.45
7.75 3.5 2.67
7.75 3.75 -0.3
7.75 3.75 0.0
7.75 3.75 2.45
7.75 3.75 2.67
7.75 4.0 -0.3
7.75 4.0 0.0
7.75 4.0 2.45
7.75 4.0 2.67
7.75 4.25 -0.3
7.75 4.25 0.0
7.75 4.25 2.45
7.75 4.25 2.67
7.75 4.5 -0.3
7.75 4.5 0.0
7.75 4.5 2.45
7.75 4.5 2.67
7.75 4.75 -0.3
7.75 4.75 0.0
7.75 4.75 2.45
7.75 4.75 2.67
7.75 5.0 -0.3
7.75 5.0 0.0
7.75 5.0 2.45
7.75 5.0 2.67
7.75 5.25 -0.3
7.75 5.25 0.0
7.75 5.25 2.45
7.75 5.25 2.67
7.75 5.5 -0.3
7.75 5.5 0.0
7.75 5.5 2.45
7.75 5.5 2.67
7.75 5.75 -0.3
7.75 5.75 0.0
7.75 5.75 2.45
7.75 5.75 2.67
7.75 6.0 -0.3
7.75 6.0 0.0
7.75 6.0 2.45
7.75 6.0 2.67
7.75 6.25 -0.3
7.75 6.25 0.0
7.75 6.25 2.45
7.75 6.25 2.67
7.75 6.5 -0.3
7.75 6.5 0.0
7.75 6.5 2.45
7.75 6.5 2.67
7.75 6.75 -0.3
7.75 6.75 0.0
7.75 6.75 2.45
7.75 6.75 2.67
7.75 7.0 -0.3
7.75 7.0 0.0
7.75 7.0 2.45
7.75 7.0 2.67
7.75 7.25 -0.3
7.75 7.25 0.0
7.75 7.25 2.45
7.75 7.25 2.67
7.75 7.5 -0.3
7.75 7.5 0.0
7.75 7.5 2.45
7.75 7.5 2.67
7.75 7.75 -0.3
7.75 7.75 0.0
7.75 7.75 2.45
7.75 7.75 2.67
7.75 7.85 -0.22
7.75 7.85 0.0
7.75 8.0 -0.3
7.75 8.0 0.0
7.75 8.0 2.45
7.75 8.0 2.67
7.75 8.0985 -0.22
7.75 8.0985 0.0
7.75 8.25 -0.3
7.75 8.25 0.0
7.75 8.25 2.45
7.75 8.25 2.67
7.75 8.3469 -0.22
7.75 8.3469 0.0
7.75 8.5 -0.3
7.75 8.5 0.0
7.75 8.5 2.45
7.75 8.5 2.67
7.75 8.5954 -0.22
7.75 8.5954 0.0
7.75 8.75 -0.3
7.75 8.75 0.0
7.75 8.75 2.45
7.75 8.75 2.67
7.75 8.8438 -0.22
7.75 8.8438 0.0
7.75 9.0 -0.3
7.75 9.0 0.0
7.75 9.0 2.45
7.75 9.0 2.67
7.75 9.0923 -0.22
7.75 9.0923 0.0
7.75 9.25 -0.3
7.75 9.25 0.0
7.75 9.25 2.45
7.75 9.25 2.67
7.75 9.3408 -0.22
7.75 9.3408 0.0
7.75 9.5 -0.3
7.75 9.5 0.0
7.75 9.5 2.45
7.75 9.5 2.67
7.75 9.5892 -0.22
7.75 9.5892 0.0
7.75 9.75 -0.3
7.75 9.75 0.0
7.75 9.75 2.45
7.75 9.75 2.67
7.75 9.8377 -0.22
7.75 9.8377 0.0
7.75 10.0 -0.3
7.75 10.0 0.0
7.75 10.0 2.45
7.75 10.0 2.67
7.75 10.0862 -0.22
7.75 10.0862 0.0
7.75 10.25 -0.3
7.75 10.25 0.0
7.75 10.25 2.45
7.75 10.25 2.67
7.75 10.3346 -0.22
7.75 10.3346 0.0
7.75 10.5 -0.3
7.75 10.5 0.0
7.75 10.5 2.45
7.75 10.5 2.67
7.75 10.5831 -0.22
7.75 10.5831 0.0
7.75 10.75 -0.3
7.75 10.75 0.0
7.75 10.75 2.45
7.75 10.75 2.67
7.75 10.8315 -0.22
7.75 10.8315 0.0
7.75 11.0 -0.3
7.75 11.0 0.0
7.75 11.0 2.45
7.75 11.0 2.67
7.75 11.08 -0.22
7.75 11.08 0.0
7.75 11.25 -0.3
7.75 11.25 0.0
7.75 11.25 2.45
7.75 11.25 2.67
7.75 11.3285 -0.22
7.75 11.3285 0.0
7.75 11.5 -0.3
7.75 11.5 0.0
7.75 11.5 2.45
7.75 11.5 2.67
7.75 11.5769 -0.22
7.75 11.5769 0.0
7.75 11.75 -0.3
7.75 11.75 0.0
7.75 11.75 2.45
7.75 11.75 2.67
7.75 11.8254 -0.22
7.75 11.8254 0.0
7.75 12.0 -0.3
7.75 12.0 0.0
7.75 12.0 2.45
7.75 12.0 2.67
7.75 12.0738 -0.22
7.75 12.0738 0.0
7.75 12.25 -0.3
7.75 12.25 0.0
7.75 12.25 2.45
7.75 12.25 2.67
7.75 12.3223 -0.22
7.75 12.3223 0.0
7.75 12.5 -0.3
7.75 12.5 0.0
7.75 12.5 2.45
7.75 12.5 2.67
7.75 12.5708 -0.22
7.75 12.5708 0.0
7.75 12.75 -0.3
7.75 12.75 0.0
7.75 12.75 2.45
7.75 12.75 2.67
7.75 12.8192 -0.22
7.75 12.8192 0.0
7.75 13.0 -0.3
7.75 13.0 0.0
7.75 13.0 2.45
7.75 13.0 2.67
7.75 13.0677 -0.22
7.75 13.0677 0.0
7.75 13.25 -0.3
7.75 13.25 0.0
7.75 13.25 2.45
7.75 13.25 2.67
7.75 13.3162 -0.22
7.75 13.3162 0.0
7.75 13.5 -0.3
7.75 13.5 0.0
7.75 13.5 2.45
7.75 13.5 2.67
7.75 13.5646 -0.22
7.75 13.5646 0.0
7.75 13.75 -0.3
7.75 13.75 0.0
7.75 13.75 2.45
7.75 13.75 2.67
7.75 13.8131 -0.22
7.75 13.8131 0.0
7.75 14.0 -0.3
7.75 14.0 0.0
7.75 14.0 2.45
7.75 14.0 2.67
7.75 14.0615 -0.22
7.75 14.0615 0.0
7.75 14.25 -0.3
7.75 14.25 0.0
7.75 14.25 2.45
7.75 14.25 2.67
7.75 14.31 -0.22
7.75 14.31 0.0
7.75 14.5 -0.3
7.75 14.5 0.0
7.75 14.5 2.45
7.75 14.5 2.67
7.75 14.5585 -0.22
7.75 14.5585 0.0
7.75 14.75 -0.3
7.75 14.75 0.0
7.75 14.75 2.45
7.75 14.75 2.67
7.75 14.8069 -0.22
7.75 14.8069 0.0
7.75 15.0 -0.3
7.75 15.0 0.0
7.75 15.0 2.45
7.75 15.0 2.67
7.75 15.0554 -0.22
7.75 15.0554 0.0
7.75 15.25 -0.3
7.75 15.25 0.0
7.75 15.25 2.45
7.75 15.25 2.67
7.75 15.3038 -0.22
7.75 15.3038 0.0
7.75 15.5 -0.3
7.75 15.5 0.0
7.75 15.5 2.45
7.75 15.5 2.67
7.75 15.5523 -0.22
7.75 15.5523 0.0
7.75 15.75 -0.3
7.75 15.75 0.0
7.75 15.75 2.45
7.75 15.75 2.67
7.75 15.8008 -0.22
7.75 15.8008 0.0
7.75 16.0 -0.3
7.75 16.0 0.0
7.75 16.0 2.45
7.75 16.0 2.67
7.75 16.0492 -0.22
7.75 16.0492 0.0
7.75 16.25 -0.3
7.75 16.25 0.0
7.75 16.25 2.45
7.75 16.25 2.67
7.75 16.2977 -0.22
7.75 16.2977 0.0
7.75 16.5 -0.3
7.75 16.5 0.0
7.75 16.5 2.45
7.75 16.5 2.67
7.75 16.5462 -0.22
7.75 16.5462 0.0
7.75 16.75 -0.3
7.75 16.75 0.0
7.75 16.75 2.45
7.75 16.75 2.67
7.75 16.7946 -0.22
7.75 16.7946 0.0
7.75 17.0 -0.3
7.75 17.0 0.0
7.75 17.0 2.45
7.75 17.0 2.67
7.75 17.0431 -0.22
7.75 17.0431 0.0
7.75 17.25 -0.3
7.75 17.25 0.0
7.75 17.25 2.45
7.75 17.25 2.67
7.75 17.2915 -0.22
7.75 17.2915 0.0
7.75 17.5 -0.3
7.75 17.5 0.0
7.75 17.5 2.45
7.75 17.5 2.67
7.75 17.54 -0.22
7.75 17.54 0.0
7.75 17.75 -0.3
7.75 17.75 0.0
7.75 17.75 2.45
7.75 17.75 2.67
7.75 17.7885 -0.22
7.75 17.7885 0.0
7.75 18.0 -0.3
7.75 18.0 0.0
7.75 18.0 2.45
7.75 18.0 2.67
7.75 18.0369 -0.22
7.75 18.0369 0.0
7.75 18.25 -0.3
7.75 18.25 0.0
7.75 18.25 2.45
7.75 18.25 2.67
7.75 18.2854 -0.22
7.75 18.2854 0.0
7.75 18.5 -0.3
7.75 18.5 0.0
7.75 18.5 2.45
7.75 18.5 2.67
7.75 18.5338 -0.22
7.75 18.5338 0.0
7.75 18.75 -0.3
7.75 18.75 0.0
7.75 18.75 2.45
7.75 18.75 2.67
7.75 18.7823 -0.22
7.75 18.7823 0.0
7.75 19.0 -0.3
7.75 19.0 0.0
7.75 19.0 2.45
7.75 19.0 2.67
7.75 19.0308 -0.22
7.75 19.0308 0.0
7.75 19.25 -0.3
7.75 19.25 0.0
7.75 19.25 2.45
7.75 19.25 2.67
7.75 19.2792 -0.22
7.75 19.2792 0.0
7.75 19.5 -0.3
7.75 19.5 0.0
7.75 19.5 2.45
7.75 19.5 2.67
7.75 19.5277 -0.22
7.75 19.5277 0.0
7.75 19.75 -0.3
7.75 19.75 0.0
7.75 19.75 2.45
7.75 19.75 2.67
7.75 19.7762 -0.22
7.75 19.7762 0.0
7.75 20.0 -0.3
7.75 20.0 0.0
7.75 20.0 2.45
7.75 20.0 2.67
7.75 20.0246 -0.22
7.75 20.0246 0.0
7.75 20.25 -0.3
7.75 20.25 0.0
7.75 20.25 2.45
7.75 20.25 2.67
7.75 20.2731 -0.22
7.75 20.2731 0.0
7.75 20.5 -0.3
7.75 20.5 0.0
7.75 20.5 2.45
7.75 20.5 2.67
7.75 20.5215 -0.22
7.75 20.5215 0.0
7.75 20.75 -0.3
7.75 20.75 0.0
7.75 20.75 2.45
7.75 20.75 2.67
7.75 20.77 -0.22
7.75 20.77 0.0
7.75 21.0 -0.3
7.75 21.0 0.0
7.75 21.0 2.45
7.75 21.0 2.67
7.75 21.0185 -0.22
7.75 21.0185 0.0
7.75 21.25 -0.3
7.75 21.25 0.0
7.75 21.25 2.45
7.75 21.25 2.67
7.75 21.2669 -0.22
7.75 21.2669 0.0
7.75 21.5 -0.3
7.75 21.5 0.0
7.75 21.5 2.45
7.75 21.5 2.67
7.75 21.5154 -0.22
7.75 21.5154 0.0
7.75 21.75 -0.3
7.75 21.75 0.0
7.75 21.75 2.45
7.75 21.75 2.67
7.75 21.7638 -0.22
7.75 21.7638 0.0
7.75 22.0 -0.3
7.75 22.0 0.0
7.75 22.0 2.45
7.75 22.0 2.67
7.75 22.0123 -0.22
7.75 22.0123 0.0
7.75 22.25 -0.3
7.75 22.25 0.0
7.75 22.25 2.45
7.75 22.25 2.67
7.75 22.2608 -0.22
7.75 22.2608 0.0
7.75 22.5 -0.3
7.75 22.5 0.0
7.75 22.5 2.45
7.75 22.5 2.67
7.75 22.5092 -0.22
7.75 22.5092 0.0
7.75 22.75 -0.3
7.75 22.75 0.0
7.75 22.75 2.45
7.75 22.75 2.67
7.75 22.7577 -0.22
7.75 22.7577 0.0
7.75 23.0 -0.3
7.75 23.0 0.0
7.75 23.0 2.45
7.75 23.0 2.67
7.75 23.0062 -0.22
7.75 23.0062 0.0
7.75 23.25 -0.3
7.75 23.25 0.0
7.75 23.25 2.45
7.75 23.25 2.67
7.75 23.2546 -0.22
7.75 23.2546 0.0
7.75 23.5 -0.3
7.75 23.5 0.0
7.75 23.5 2.45
7.75 23.5 2.67
7.75 23.5031 -0.22
7.75 23.5031 0.0
7.75 23.75 -0.3
7.75 23.75 0.0
7.75 23.75 2.45
7.75 23.75 2.67
7.75 23.7515 -0.22
7.75 23.7515 0.0
7.75 23.82 0.0
7.75 23.82 0.245
7.75 23.82 0.49
7.75 23.82 0.735
7.75 23.82 0.98
7.75 23.82 1.225
7.75 23.82 1.47
7.75 23.82 1.715
7.75 23.82 1.96
7.75 23.82 2.205
7.75 23.82 2.45
7.75 24.0 -0.3
7.75 24.0 -0.22
7.75 24.0 0.0
7.75 24.0 0.245
7.75 24.0 0.49
7.75 24.0 0.735
7.75 24.0 0.98
7.75 24.0 1.225
7.75 24.0 1.47
7.75 24.0 1.715
7.75 24.0 1.96
7.75 24.0 2.205
7.75 24.0 2.45
7.75 24.0 2.67
7.75 24.25 -0.3
7.75 24.25 0.0
7.75 24.5 -0.3
7.75 24.5 0.0
7.75 24.75 -0.3
7.75 24.75 0.0
7.75 25.0 -0.3
7.75 25.0 -0.15
7.75 25.0 0.0
7.7531 0.0 0.0
7.7531 0.0 0.245
7.7531 0.0 0.49
7.7531 0.0 0.735
7.7531 0.0 0.98
7.7531 0.0 1.225
7.7531 0.0 1.47
7.7531 0.0 1.715
7.7531 0.0 1.96
7.7531 0.0 2.205
7.7531 0.0 2.45
7.7531 0.18 0.0
7.7531 0.18 0.245
7.7531 0.18 0.49
7.7531 0.18 0.735
7.7531 0.18 0.98
7.7531 0.18 1.225
7.7531 0.18 1.47
7.7531 0.18 1.715
7.7531 0.18 1.96
7.7531 0.18 2.205
7.7531 0.18 2.45
7.785 0.0 -0.22
7.785 0.0 0.0
7.785 0.2453 -0.22
7.785 0.2453 0.0
7.785 0.4906 -0.22
7.785 0.4906 0.0
7.785 0.7359 -0.22
7.785 0.7359 0.0
7.785 0.9813 -0.22
7.785 0.9813 0.0
7.785 1.2266 -0.22
7.785 1.2266 0.0
7.785 1.4719 -0.22
7.785 1.4719 0.0
7.785 1.7172 -0.22
7.785 1.7172 0.0
7.785 1.9625 -0.22
7.785 1.9625 0.0
7.785 2.2078 -0.22
7.785 2.2078 0.0
7.785 2.4531 -0.22
7.785 2.4531 0.0
7.785 2.6984 -0.22
7.785 2.6984 0.0
7.785 2.9437 -0.22
7.785 2.9437 0.0
7.785 3.1891 -0.22
7.785 3.1891 0.0
7.785 3.4344 -0.22
7.785 3.4344 0.0
7.785 3.6797 -0.22
7.785 3.6797 0.0
7.785 3.925 -0.22
7.785 3.925 0.0
7.785 4.1703 -0.22
7.785 4.1703 0.0
7.785 4.4156 -0.22
7.785 4.4156 0.0
7.785 4.6609 -0.22
7.785 4.6609 0.0
7.785 4.9062 -0.22
7.785 4.9062 0.0
7.785 5.1516 -0.22
7.785 5.1516 0.0
7.785 5.3969 -0.22
7.785 5.3969 0.0
7.785 5.6422 -0.22
7.785 5.6422 0.0
7.785 5.8875 -0.22
7.785 5.8875 0.0
7.785 6.1328 -0.22
7.785 6.1328 0.0
7.785 6.3781 -0.22
7.785 6.3781 0.0
7.785 6.6234 -0.22
7.785 6.6234 0.0
7.785 6.8687 -0.22
7.785 6.8687 0.0
7.785 7.1141 -0.22
7.785 7.1141 0.0
7.785 7.3594 -0.22
7.785 7.3594 0.0
7.785 7.6047 -0.22
7.785 7.6047 0.0
7.785 7.85 -0.22
7.785 7.85 0.0
8.0 -1.0 -0.3
8.0 -1.0 -0.15
8.0 -1.0 0.0
8.0 -0.75 -0.3
8.0 -0.75 0.0
8.0 -0.5 -0.3
8.0 -0.5 0.0
8.0 -0.25 -0.3
8.0 -0.25 0.0
8.0 0.0 -0.3
8.0 0.0 0.0
8.0 0.0 2.45
8.0 0.0 2.67
8.0 0.25 -0.3
8.0 0.25 0.0
8.0 0.25 2.45
8.0 0.25 2.67
8.0 0.5 -0.3
8.0 0.5 0.0
8.0 0.5 2.45
8.0 0.5 2.67
8.0 0.75 -0.3
8.0 0.75 0.0
8.0 0.75 2.45
8.0 0.75 2.67
8.0 1.0 -0.3
8.0 1.0 0.0
8.0 1.0 2.45
8.0 1.0 2.67
8.0 1.25 -0.3
8.0 1.25 0.0
8.0 1.25 2.45
8.0 1.25 2.67
8.0 1.5 -0.3
8.0 1.5 0.0
8.0 1.5 2.45
8.0 1.5 2.67
8.0 1.75 -0.3
8.0 1.75 0.0
8.0 1.75 2.45
8.0 1.75 2.67
8.0 2.0 -0.3
8.0 2.0 0.0
8.0 2.0 2.45
8.0 2.0 2.67
8.0 2.25 -0.3
8.0 2.25 0.0
8.0 2.25 2.45
8.0 2.25 2.67
8.0 2.5 -0.3
8.0 2.5 0.0
8.0 2.5 2.45
8.0 2.5 2.67
8.0 2.75 -0.3
8.0 2.75 0.0
8.0 2.75 2.45
8.0 2.75 2.67
8.0 3.0 -0.3
8.0 3.0 0.0
8.0 3.0 2.45
8.0 3.0 2.67
8.0 3.25 -0.3
8.0 3.25 0.0
8.0 3.25 2.45
8.0 3.25 2.67
8.0 3.5 -0.3
8.0 3.5 0.0
8.0 3.5 2.45
8.0 3.5 2.67
8.0 3.75 -0.3
8.0 3.75 0.0
8.0 3.75 2.45
8.0 3.75 2.67
8.0 4.0 -0.3
8.0 4.0 0.0
8.0 4.0 2.45
8.0 4.0 2.67
8.0 4.25 -0.3
8.0 4.25 0.0
8.0 4.25 2.45
8.0 4.25 2.67
8.0 4.5 -0.3
8.0 4.5 0.0
8.0 4.5 2.45
8.0 4.5 2.67
8.0 4.75 -0.3
8.0 4.75 0.0
8.0 4.75 2.45
8.0 4.75 2.67
8.0 5.0 -0.3
8.0 5.0 0.0
8.0 5.0 2.45
8.0 5.0 2.67
8.0 5.25 -0.3
8.0 5.25 0.0
8.0 5.25 2.45
8.0 5.25 2.67
8.0 5.5 -0.3
8.0 5.5 0.0
8.0 5.5 2.45
8.0 5.5 2.67
8.0 5.75 -0.3
8.0 5.75 0.0
8.0 5.75 2.45
8.0 5.75 2.67
8.0 6.0 -0.3
8.0 6.0 0.0
8.0 6.0 2.45
8.0 6.0 2.67
8.0 6.25 -0.3
8.0 6.25 0.0
8.0 6.25 2.45
8.0 6.25 2.67
8.0 6.5 -0.3
8.0 6.5 0.0
8.0 6.5 2.45
8.0 6.5 2.67
8.0 6.75 -0.3
8.0 6.75 0.0
8.0 6.75 2.45
8.0 6.75 2.67
8.0 7.0 -0.3
8.0 7.0 0.0
8.0 7.0 2.45
8.0 7.0 2.67
8.0 7.25 -0.3
8.0 7.25 0.0
8.0 7.25 2.45
8.0 7.25 2.67
8.0 7.5 -0.3
8.0 7.5 0.0
8.0 7.5 2.45
8.0 7.5 2.67
8.0 7.75 -0.3
8.0 7.75 0.0
8.0 7.75 2.45
8.0 7.75 2.67
8.0 7.85 -0.22
8.0 7.85 0.0
8.0 8.0 -0.3
8.0 8.0 0.0
8.0 8.0 2.45
8.0 8.0 2.67
8.0 8.0985 -0.22
8.0 8.0985 0.0
8.0 8.25 -0.3
8.0 8.25 0.0
8.0 8.25 2.45
8.0 8.25 2.67
8.0 8.3469 -0.22
8.0 8.3469 0.0
8.0 8.5 -0.3
8.0 8.5 0.0
8.0 8.5 2.45
8.0 8.5 2.67
8.0 8.5954 -0.22
8.0 8.5954 0.0
8.0 8.75 -0.3
8.0 8.75 0.0
8.0 8.75 2.45
8.0 8.75 2.67
8.0 8.8438 -0.22
8.0 8.8438 0.0
8.0 9.0 -0.3
8.0 9.0 0.0
8.0 9.0 2.45
8.0 9.0 2.67
8.0 9.0923 -0.22
8.0 9.0923 0.0
8.0 9.25 -0.3
8.0 9.25 0.0
8.0 9.25 2.45
8.0 9.25 2.67
8.0 9.3408 -0.22
8.0 9.3408 0.0
8.0 9.5 -0.3
8.0 9.5 0.0
8.0 9.5 2.45
8.0 9.5 2.67
8.0 9.5892 -0.22
8.0 9.5892 0.0
8.0 9.75 -0.3
8.0 9.75 0.0
8.0 9.75 2.45
8.0 9.75 2.67
8.0 9.8377 -0.22
8.0 9.8377 0.0
8.0 10.0 -0.3
8.0 10.0 0.0
8.0 10.0 2.45
8.0 10.0 2.67
8.0 10.0862 -0.22
8.0 10.0862 0.0
8.0 10.25 -0.3
8.0 10.25 0.0
8.0 10.25 2.45
8.0 10.25 2.67
8.0 10.3346 -0.22
8.0 10.3346 0.0
8.0 10.5 -0.3
8.0 10.5 0.0
8.0 10.5 2.45
8.0 10.5 2.67
8.0 10.5831 -0.22
8.0 10.5831 0.0
8.0 10.75 -0.3
8.0 10.75 0.0
8.0 10.75 2.45
8.0 10.75 2.67
8.0 10.8315 -0.22
8.0 10.8315 0.0
8.0 11.0 -0.3
8.0 11.0 0.0
8.0 11.0 2.45
8.0 11.0 2.67
8.0 11.08 -0.22
8.0 11.08 0.0
8.0 11.25 -0.3
8.0 11.25 0.0
8.0 11.25 2.45
8.0 11.25 2.67
8.0 11.3285 -0.22
8.0 11.3285 0.0
8.0 11.5 -0.3
8.0 11.5 0.0
8.0 11.5 2.45
8.0 11.5 2.67
8.0 11.5769 -0.22
8.0 11.5769 0.0
8.0 11.75 -0.3
8.0 11.75 0.0
8.0 11.75 2.45
8.0 11.75 2.67
8.0 11.8254 -0.22
8.0 11.8254 0.0
8.0 12.0 -0.3
8.0 12.0 0.0
8.0 12.0 2.45
8.0 12.0 2.67
8.0 12.0738 -0.22
8.0 12.0738 0.0
8.0 12.25 -0.3
8.0 12.25 0.0
8.0 12.25 2.45
8.0 12.25 2.67
8.0 12.3223 -0.22
8.0 12.3223 0.0
8.0 12.5 -0.3
8.0 12.5 0.0
8.0 12.5 2.45
8.0 12.5 2.67
8.0 12.5708 -0.22
8.0 12.5708 0.0
8.0 12.75 -0.3
8.0 12.75 0.0
8.0 12.75 2.45
8.0 12.75 2.67
8.0 12.8192 -0.22
8.0 12.8192 0.0
8.0 13.0 -0.3
8.0 13.0 0.0
8.0 13.0 2.45
8.0 13.0 2.67
8.0 13.0677 -0.22
8.0 13.0677 0.0
8.0 13.25 -0.3
8.0 13.25 0.0
8.0 13.25 2.45
8.0 13.25 2.67
8.0 13.3162 -0.22
8.0 13.3162 0.0
8.0 13.5 -0.3
8.0 13.5 0.0
8.0 13.5 2.45
8.0 13.5 2.67
8.0 13.5646 -0.22
8.0 13.5646 0.0
8.0 13.75 -0.3
8.0 13.75 0.0
8.0 13.75 2.45
8.0 13.75 2.67
8.0 13.8131 -0.22
8.0 13.8131 0.0
8.0 14.0 -0.3
8.0 14.0 0.0
8.0 14.0 2.45
8.0 14.0 2.67
8.0 14.0615 -0.22
8.0 14.0615 0.0
8.0 14.25 -0.3
8.0 14.25 0.0
8.0 14.25 2.45
8.0 14.25 2.67
8.0 14.31 -0.22
8.0 14.31 0.0
8.0 14.5 -0.3
8.0 14.5 0.0
8.0 14.5 2.45
8.0 14.5 2.67
8.0 14.5585 -0.22
8.0 14.5585 0.0
8.0 14.75 -0.3
8.0 14.75 0.0
8.0 14.75 2.45
8.0 14.75 2.67
8.0 14.8069 -0.22
8.0 14.8069 0.0
8.0 15.0 -0.3
8.0 15.0 0.0
8.0 15.0 2.45
8.0 15.0 2.67
8.0 15.0554 -0.22
8.0 15.0554 0.0
8.0 15.25 -0.3
8.0 15.25 0.0
8.0 15.25 2.45
8.0 15.25 2.67
8.0 15.3038 -0.22
8.0 15.3038 0.0
8.0 15.5 -0.3
8.0 15.5 0.0
8.0 15.5 2.45
8.0 15.5 2.67
8.0 15.5523 -0.22
8.0 15.5523 0.0
8.0 15.75 -0.3
8.0 15.75 0.0
8.0 15.75 2.45
8.0 15.75 2.67
8.0 15.8008 -0.22
8.0 15.8008 0.0
8.0 16.0 -0.3
8.0 16.0 0.0
8.0 16.0 2.45
8.0 16.0 2.67
8.0 16.0492 -0.22
8.0 16.0492 0.0
8.0 16.25 -0.3
8.0 16.25 0.0
8.0 16.25 2.45
8.0 16.25 2.67
8.0 16.2977 -0.22
8.0 16.2977 0.0
8.0 16.5 -0.3
8.0 16.5 0.0
8.0 16.5 2.45
8.0 16.5 2.67
8.0 16.5462 -0.22
8.0 16.5462 0.0
8.0 16.75 -0.3
8.0 16.75 0.0
8.0 16.75 2.45
8.0 16.75 2.67
8.0 16.7946 -0.22
8.0 16.7946 0.0
8.0 17.0 -0.3
8.0 17.0 0.0
8.0 17.0 2.45
8.0 17.0 2.67
8.0 17.0431 -0.22
8.0 17.0431 0.0
8.0 17.25 -0.3
8.0 17.25 0.0
8.0 17.25 2.45
8.0 17.25 2.67
8.0 17.2915 -0.22
8.0 17.2915 0.0
8.0 17.5 -0.3
8.0 17.5 0.0
8.0 17.5 2.45
8.0 17.5 2.67
8.0 17.54 -0.22
8.0 17.54 0.0
8.0 17.75 -0.3
8.0 17.75 0.0
8.0 17.75 2.45
8.0 17.75 2.67
8.0 17.7885 -0.22
8.0 17.7885 0.0
8.0 18.0 -0.3
8.0 18.0 0.0
8.0 18.0 2.45
8.0 18.0 2.67
8.0 18.0369 -0.22
8.0 18.0369 0.0
8.0 18.25 -0.3
8.0 18.25 0.0
8.0 18.25 2.45
8.0 18.25 2.67
8.0 18.2854 -0.22
8.0 18.2854 0.0
8.0 18.5 -0.3
8.0 18.5 0.0
8.0 18.5 2.45
8.0 18.5 2.67
8.0 18.5338 -0.22
8.0 18.5338 0.0
8.0 18.75 -0.3
8.0 18.75 0.0
8.0 18.75 2.45
8.0 18.75 2.67
8.0 18.7823 -0.22
8.0 18.7823 0.0
8.0 19.0 -0.3
8.0 19.0 0.0
8.0 19.0 2.45
8.0 19.0 2.67
8.0 19.0308 -0.22
8.0 19.0308 0.0
8.0 19.25 -0.3
8.0 19.25 0.0
8.0 19.25 2.45
8.0 19.25 2.67
8.0 19.2792 -0.22
8.0 19.2792 0.0
8.0 19.5 -0.3
8.0 19.5 0.0
8.0 19.5 2.45
8.0 19.5 2.67
8.0 19.5277 -0.22
8.0 19.5277 0.0
8.0 19.75 -0.3
8.0 19.75 0.0
8.0 19.75 2.45
8.0 19.75 2.67
8.0 19.7762 -0.22
8.0 19.7762 0.0
8.0 20.0 -0.3
8.0 20.0 0.0
8.0 20.0 2.45
8.0 20.0 2.67
8.0 20.0246 -0.22
8.0 20.0246 0.0
8.0 20.25 -0.3
8.0 20.25 0.0
8.0 20.25 2.45
8.0 20.25 2.67
8.0 20.2731 -0.22
8.0 20.2731 0.0
8.0 20.5 -0.3
8.0 20.5 0.0
8.0 20.5 2.45
8.0 20.5 2.67
8.0 20.5215 -0.22
8.0 20.5215 0.0
8.0 20.75 -0.3
8.0 20.75 0.0
8.0 20.75 2.45
8.0 20.75 2.67
8.0 20.77 -0.22
8.0 20.77 0.0
8.0 21.0 -0.3
8.0 21.0 0.0
8.0 21.0 2.45
8.0 21.0 2.67
8.0 21.0185 -0.22
8.0 21.0185 0.0
8.0 21.25 -0.3
8.0 21.25 0.0
8.0 21.25 2.45
8.0 21.25 2.67
8.0 21.2669 -0.22
8.0 21.2669 0.0
8.0 21.5 -0.3
8.0 21.5 0.0
8.0 21.5 2.45
8.0 21.5 2.67
8.0 21.5154 -0.22
8.0 21.5154 0.0
8.0 21.75 -0.3
8.0 21.75 0.0
8.0 21.75 2.45
8.0 21.75 2.67
8.0 21.7638 -0.22
8.0 21.7638 0.0
8.0 22.0 -0.3
8.0 22.0 0.0
8.0 22.0 2.45
8.0 22.0 2.67
8.0 22.0123 -0.22
8.0 22.0123 0.0
8.0 22.25 -0.3
8.0 22.25 0.0
8.0 22.25 2.45
8.0 22.25 2.67
8.0 22.2608 -0.22
8.0 22.2608 0.0
8.0 22.5 -0.3
8.0 22.5 0.0
8.0 22.5 2.45
8.0 22.5 2.67
8.0 22.5092 -0.22
8.0 22.5092 0.0
8.0 22.75 -0.3
8.0 22.75 0.0
8.0 22.75 2.45
8.0 22.75 2.67
8.0 22.7577 -0.22
8.0 22.7577 0.0
8.0 23.0 -0.3
8.0 23.0 0.0
8.0 23.0 2.45
8.0 23.0 2.67
8.0 23.0062 -0.22
8.0 23.0062 0.0
8.0 23.25 -0.3
8.0 23.25 0.0
8.0 23.25 2.45
8.0 23.25 2.67
8.0 23.2546 -0.22
8.0 23.2546 0.0
8.0 23.5 -0.3
8.0 23.5 0.0
8.0 23.5 2.45
8.0 23.5 2.67
8.0 23.5031 -0.22
8.0 23.5031 0.0
8.0 23.75 -0.3
8.0 23.75 0.0
8.0 23.75 2.45
8.0 23.75 2.67
8.0 23.7515 -0.22
8.0 23.7515 0.0
8.0 23.82 0.0
8.0 23.82 0.245
8.0 23.82 0.49
8.0 23.82 0.735
8.0 23.82 0.98
8.0 23.82 1.225
8.0 23.82 1.47
8.0 23.82 1.715
8.0 23.82 1.96
8.0 23.82 2.205
8.0 23.82 2.45
8.0 24.0 -0.3
8.0 24.0 -0.22
8.0 24.0 0.0
8.0 24.0 0.245
8.0 24.0 0.49
8.0 24.0 0.735
8.0 24.0 0.98
8.0 24.0 1.225
8.0 24.0 1.47
8.0 24.0 1.715
8.0 24.0 1.96
8.0 24.0 2.205
8.0 24.0 2.45
8.0 24.0 2.67
8.0 24.25 -0.3
8.0 24.25 0.0
8.0 24.5 -0.3
8.0 24.5 0.0
8.0 24.75 -0.3
8.0 24.75 0.0
8.0 25.0 -0.3
8.0 25.0 -0.15
8.0 25.0 0.0
8.0025 0.0 0.0
8.0025 0.0 0.245
8.0025 0.0 0.49
8.0025 0.0 0.735
8.0025 0.0 0.98
8.0025 0.0 1.225
8.0025 0.0 1.47
8.0025 0.0 1.715
8.0025 0.0 1.96
8.0025 0.0 2.205
8.0025 0.0 2.45
8.0025 0.18 0.0
8.0025 0.18 0.245
8.0025 0.18 0.49
8.0025 0.18 0.735
8.0025 0.18 0.98
8.0025 0.18 1.225
8.0025 0.18 1.47
8.0025 0.18 1.715
8.0025 0.18 1.96
8.0025 0.18 2.205
8.0025 0.18 2.45
8.028 0.0 -0.22
8.028 0.0 0.0
8.028 0.2453 -0.22
8.028 0.2453 0.0
8.028 0.4906 -0.22
8.028 0.4906 0.0
8.028 0.7359 -0.22
8.028 0.7359 0.0
8.028 0.9813 -0.22
8.028 0.9813 0.0
8.028 1.2266 -0.22
8.028 1.2266 0.0
8.028 1.4719 -0.22
8.028 1.4719 0.0
8.028 1.7172 -0.22
8.028 1.7172 0.0
8.028 1.9625 -0.22
8.028 1.9625 0.0
8.028 2.2078 -0.22
8.028 2.2078 0.0
8.028 2.4531 -0.22
8.028 2.4531 0.0
8.028 2.6984 -0.22
8.028 2.6984 0.0
8.028 2.9437 -0.22
8.028 2.9437 0.0
8.028 3.1891 -0.22
8.028 3.1891 0.0
8.028 3.4344 -0.22
8.028 3.4344 0.0
8.028 3.6797 -0.22
8.028 3.6797 0.0
8.028 3.925 -0.22
8.028 3.925 0.0
8.028 4.1703 -0.22
8.028 4.1703 0.0
8.028 4.4156 -0.22
8.028 4.4156 0.0
8.028 4.6609 -0.22
8.028 4.6609 0.0
8.028 4.9062 -0.22
8.028 4.9062 0.0
8.028 5.1516 -0.22
8.028 5.1516 0.0
8.028 5.3969 -0.22
8.028 5.3969 0.0
8.028 5.6422 -0.22
8.028 5.6422 0.0
8.028 5.8875 -0.22
8.028 5.8875 0.0
8.028 6.1328 -0.22
8.028 6.1328 0.0
8.028 6.3781 -0.22
8.028 6.3781 0.0
8.028 6.6234 -0.22
8.028 6.6234 0.0
8.028 6.8687 -0.22
8.028 6.8687 0.0
8.028 7.1141 -0.22
8.028 7.1141 0.0
8.028 7.3594 -0.22
8.028 7.3594 0.0
8.028 7.6047 -0.22
8.028 7.6047 0.0
8.028 7.85 -0.22
8.028 7.85 0.0
8.25 -1.0 -0.3
8.25 -1.0 -0.15
8.25 -1.0 0.0
8.25 -0.75 -0.3
8.25 -0.75 0.0
8.25 -0.5 -0.3
8.25 -0.5 0.0
8.25 -0.25 -0.3
8.25 -0.25 0.0
8.25 0.0 -0.3
8.25 0.0 0.0
8.25 0.0 2.45
8.25 0.0 2.67
8.25 0.25 -0.3
8.25 0.25 0.0
8.25 0.25 2.45
8.25 0.25 2.67
8.25 0.5 -0.3
8.25 0.5 0.0
8.25 0.5 2.45
8.25 0.5 2.67
8.25 0.75 -0.3
8.25 0.75 0.0
8.25 0.75 2.45
8.25 0.75 2.67
8.25 1.0 -0.3
8.25 1.0 0.0
8.25 1.0 2.45
8.25 1.0 2.67
8.25 1.25 -0.3
8.25 1.25 0.0
8.25 1.25 2.45
8.25 1.25 2.67
8.25 1.5 -0.3
8.25 1.5 0.0
8.25 1.5 2.45
8.25 1.5 2.67
8.25 1.75 -0.3
8.25 1.75 0.0
8.25 1.75 2.45
8.25 1.75 2.67
8.25 2.0 -0.3
8.25 2.0 0.0
8.25 2.0 2.45
8.25 2.0 2.67
8.25 2.25 -0.3
8.25 2.25 0.0
8.25 2.25 2.45
8.25 2.25 2.67
8.25 2.5 -0.3
8.25 2.5 0.0
8.25 2.5 2.45
8.25 2.5 2.67
8.25 2.75 -0.3
8.25 2.75 0.0
8.25 2.75 2.45
8.25 2.75 2.67
8.25 3.0 -0.3
8.25 3.0 0.0
8.25 3.0 2.45
8.25 3.0 2.67
8.25 3.25 -0.3
8.25 3.25 0.0
8.25 3.25 2.45
8.25 3.25 2.67
8.25 3.5 -0.3
8.25 3.5 0.0
8.25 3.5 2.45
8.25 3.5 2.67
8.25 3.75 -0.3
8.25 3.75 0.0
8.25 3.75 2.45
8.25 3.75 2.67
8.25 4.0 -0.3
8.25 4.0 0.0
8.25 4.0 2.45
8.25 4.0 2.67
8.25 4.25 -0.3
8.25 4.25 0.0
8.25 4.25 2.45
8.25 4.25 2.67
8.25 4.5 -0.3
8.25 4.5 0.0
8.25 4.5 2.45
8.25 4.5 2.67
8.25 4.75 -0.3
8.25 4.75 0.0
8.25 4.75 2.45
8.25 4.75 2.67
8.25 5.0 -0.3
8.25 5.0 0.0
8.25 5.0 2.45
8.25 5.0 2.67
8.25 5.25 -0.3
8.25 5.25 0.0
8.25 5.25 2.45
8.25 5.25 2.67
8.25 5.5 -0.3
8.25 5.5 0.0
8.25 5.5 2.45
8.25 5.5 2.67
8.25 5.75 -0.3
8.25 5.75 0.0
8.25 5.75 2.45
8.25 5.75 2.67
8.25 6.0 -0.3
8.25 6.0 0.0
8.25 6.0 2.45
8.25 6.0 2.67
8.25 6.25 -0.3
8.25 6.25 0.0
8.25 6.25 2.45
8.25 6.25 2.67
8.25 6.5 -0.3
8.25 6.5 0.0
8.25 6.5 2.45
8.25 6.5 2.67
8.25 6.75 -0.3
8.25 6.75 0.0
8.25 6.75 2.45
8.25 6.75 2.67
8.25 7.0 -0.3
8.25 7.0 0.0
8.25 7.0 2.45
8.25 7.0 2.67
8.25 7.25 -0.3
8.25 7.25 0.0
8.25 7.25 2.45
8.25 7.25 2.67
8.25 7.5 -0.3
8.25 7.5 0.0
8.25 7.5 2.45
8.25 7.5 2.67
8.25 7.75 -0.3
8.25 7.75 0.0
8.25 7.75 2.45
8.25 7.75 2.67
8.25 7.85 -0.22
8.25 7.85 0.0
8.25 8.0 -0.3
8.25 8.0 0.0
8.25 8.0 2.45
8.25 8.0 2.67
8.25 8.0985 -0.22
8.25 8.0985 0.0
8.25 8.25 -0.3
8.25 8.25 0.0
8.25 8.25 2.45
8.25 8.25 2.67
8.25 8.3469 -0.22
8.25 8.3469 0.0
8.25 8.5 -0.3
8.25 8.5 0.0
8.25 8.5 2.45
8.25 8.5 2.67
8.25 8.5954 -0.22
8.25 8.5954 0.0
8.25 8.75 -0.3
8.25 8.75 0.0
8.25 8.75 2.45
8.25 8.75 2.67
8.25 8.8438 -0.22
8.25 8.8438 0.0
8.25 9.0 -0.3
8.25 9.0 0.0
8.25 9.0 2.45
8.25 9.0 2.67
8.25 9.0923 -0.22
8.25 9.0923 0.0
8.25 9.25 -0.3
8.25 9.25 0.0
8.25 9.25 2.45
8.25 9.25 2.67
8.25 9.3408 -0.22
8.25 9.3408 0.0
8.25 9.5 -0.3
8.25 9.5 0.0
8.25 9.5 2.45
8.25 9.5 2.67
8.25 9.5892 -0.22
8.25 9.5892 0.0
8.25 9.75 -0.3
8.25 9.75 0.0
8.25 9.75 2.45
8.25 9.75 2.67
8.25 9.8377 -0.22
8.25 9.8377 0.0
8.25 10.0 -0.3
8.25 10.0 0.0
8.25 10.0 2.45
8.25 10.0 2.67
8.25 10.0862 -0.22
8.25 10.0862 0.0
8.25 10.25 -0.3
8.25 10.25 0.0
8.25 10.25 2.45
8.25 10.25 2.67
8.25 10.3346 -0.22
8.25 10.3346 0.0
8.25 10.5 -0.3
8.25 10.5 0.0
8.25 10.5 2.45
8.25 10.5 2.67
8.25 10.5831 -0.22
8.25 10.5831 0.0
8.25 10.75 -0.3
8.25 10.75 0.0
8.25 10.75 2.45
8.25 10.75 2.67
8.25 10.8315 -0.22
8.25 10.8315 0.0
8.25 11.0 -0.3
8.25 11.0 0.0
8.25 11.0 2.45
8.25 11.0 2.67
8.25 11.08 -0.22
8.25 11.08 0.0
8.25 11.25 -0.3
8.25 11.25 0.0
8.25 11.25 2.45
8.25 11.25 2.67
8.25 11.3285 -0.22
8.25 11.3285 0.0
8.25 11.5 -0.3
8.25 11.5 0.0
8.25 11.5 2.45
8.25 11.5 2.67
8.25 11.5769 -0.22
8.25 11.5769 0.0
8.25 11.75 -0.3
8.25 11.75 0.0
8.25 11.75 2.45
8.25 11.75 2.67
8.25 11.8254 -0.22
8.25 11.8254 0.0
8.25 12.0 -0.3
8.25 12.0 0.0
8.25 12.0 2.45
8.25 12.0 2.67
8.25 12.0738 -0.22
8.25 12.0738 0.0
8.25 12.25 -0.3
8.25 12.25 0.0
8.25 12.25 2.45
8.25 12.25 2.67
8.25 12.3223 -0.22
8.25 12.3223 0.0
8.25 12.5 -0.3
8.25 12.5 0.0
8.25 12.5 2.45
8.25 12.5 2.67
8.25 12.5708 -0.22
8.25 12.5708 0.0
8.25 12.75 -0.3
8.25 12.75 0.0
8.25 12.75 2.45
8.25 12.75 2.67
8.25 12.8192 -0.22
8.25 12.8192 0.0
8.25 13.0 -0.3
8.25 13.0 0.0
8.25 13.0 2.45
8.25 13.0 2.67
8.25 13.0677 -0.22
8.25 13.0677 0.0
8.25 13.25 -0.3
8.25 13.25 0.0
8.25 13.25 2.45
8.25 13.25 2.67
8.25 13.3162 -0.22
8.25 13.3162 0.0
8.25 13.5 -0.3
8.25 13.5 0.0
8.25 13.5 2.45
8.25 13.5 2.67
8.25 13.5646 -0.22
8.25 13.5646 0.0
8.25 13.75 -0.3
8.25 13.75 0.0
8.25 13.75 2.45
8.25 13.75 2.67
8.25 13.8131 -0.22
8.25 13.8131 0.0
8.25 14.0 -0.3
8.25 14.0 0.0
8.25 14.0 2.45
8.25 14.0 2.67
8.25 14.0615 -0.22
8.25 14.0615 0.0
8.25 14.25 -0.3
8.25 14.25 0.0
8.25 14.25 2.45
8.25 14.25 2.67
8.25 14.31 -0.22
8.25 14.31 0.0
8.25 14.5 -0.3
8.25 14.5 0.0
8.25 14.5 2.45
8.25 14.5 2.67
8.25 14.5585 -0.22
8.25 14.5585 0.0
8.25 14.75 -0.3
8.25 14.75 0.0
8.25 14.75 2.45
8.25 14.75 2.67
8.25 14.8069 -0.22
8.25 14.8069 0.0
8.25 15.0 -0.3
8.25 15.0 0.0
8.25 15.0 2.45
8.25 15.0 2.67
8.25 15.0554 -0.22
8.25 15.0554 0.0
8.25 15.25 -0.3
8.25 15.25 0.0
8.25 15.25 2.45
8.25 15.25 2.67
8.25 15.3038 -0.22
8.25 15.3038 0.0
8.25 15.5 -0.3
8.25 15.5 0.0
8.25 15.5 2.45
8.25 15.5 2.67
8.25 15.5523 -0.22
8.25 15.5523 0.0
8.25 15.75 -0.3
8.25 15.75 0.0
8.25 15.75 2.45
8.25 15.75 2.67
8.25 15.8008 -0.22
8.25 15.8008 0.0
8.25 16.0 -0.3
8.25 16.0 0.0
8.25 16.0 2.45
8.25 16.0 2.67
8.25 16.0492 -0.22
8.25 16.0492 0.0
8.25 16.25 -0.3
8.25 16.25 0.0
8.25 16.25 2.45
8.25 16.25 2.67
8.25 16.2977 -0.22
8.25 16.2977 0.0
8.25 16.5 -0.3
8.25 16.5 0.0
8.25 16.5 2.45
8.25 16.5 2.67
8.25 16.5462 -0.22
8.25 16.5462 0.0
8.25 16.75 -0.3
8.25 16.75 0.0
8.25 16.75 2.45
8.25 16.75 2.67
8.25 16.7946 -0.22
8.25 16.7946 0.0
8.25 17.0 -0.3
8.25 17.0 0.0
8.25 17.0 2.45
8.25 17.0 2.67
8.25 17.0431 -0.22
8.25 17.0431 0.0
8.25 17.25 -0.3
8.25 17.25 0.0
8.25 17.25 2.45
8.25 17.25 2.67
8.25 17.2915 -0.22
8.25 17.2915 0.0
8.25 17.5 -0.3
8.25 17.5 0.0
8.25 17.5 2.45
8.25 17.5 2.67
8.25 17.54 -0.22
8.25 17.54 0.0
8.25 17.75 -0.3
8.25 17.75 0.0
8.25 17.75 2.45
8.25 17.75 2.67
8.25 17.7885 -0.22
8.25 17.7885 0.0
8.25 18.0 -0.3
8.25 18.0 0.0
8.25 18.0 2.45
8.25 18.0 2.67
8.25 18.0369 -0.22
8.25 18.0369 0.0
8.25 18.25 -0.3
8.25 18.25 0.0
8.25 18.25 2.45
8.25 18.25 2.67
8.25 18.2854 -0.22
8.25 18.2854 0.0
8.25 18.5 -0.3
8.25 18.5 0.0
8.25 18.5 2.45
8.25 18.5 2.67
8.25 18.5338 -0.22
8.25 18.5338 0.0
8.25 18.75 -0.3
8.25 18.75 0.0
8.25 18.75 2.45
8.25 18.75 2.67
8.25 18.7823 -0.22
8.25 18.7823 0.0
8.25 19.0 -0.3
8.25 19.0 0.0
8.25 19.0 2.45
8.25 19.0 2.67
8.25 19.0308 -0.22
8.25 19.0308 0.0
8.25 19.25 -0.3
8.25 19.25 0.0
8.25 19.25 2.45
8.25 19.25 2.67
8.25 19.2792 -0.22
8.25 19.2792 0.0
8.25 19.5 -0.3
8.25 19.5 0.0
8.25 19.5 2.45
8.25 19.5 2.67
8.25 19.5277 -0.22
8.25 19.5277 0.0
8.25 19.75 -0.3
8.25 19.75 0.0
8.25 19.75 2.45
8.25 19.75 2.67
8.25 19.7762 -0.22
8.25 19.7762 0.0
8.25 20.0 -0.3
8.25 20.0 0.0
8.25 20.0 2.45
8.25 20.0 2.67
8.25 20.0246 -0.22
8.25 20.0246 0.0
8.25 20.25 -0.3
8.25 20.25 0.0
8.25 20.25 2.45
8.25 20.25 2.67
8.25 20.2731 -0.22
8.25 20.2731 0.0
8.25 20.5 -0.3
8.25 20.5 0.0
8.25 20.5 2.45
8.25 20.5 2.67
8.25 20.5215 -0.22
8.25 20.5215 0.0
8.25 20.75 -0.3
8.25 20.75 0.0
8.25 20.75 2.45
8.25 20.75 2.67
8.25 20.77 -0.22
8.25 20.77 0.0
8.25 21.0 -0.3
8.25 21.0 0.0
8.25 21.0 2.45
8.25 21.0 2.67
8.25 21.0185 -0.22
8.25 21.0185 0.0
8.25 21.25 -0.3
8.25 21.25 0.0
8.25 21.25 2.45
8.25 21.25 2.67
8.25 21.2669 -0.22
8.25 21.2669 0.0
8.25 21.5 -0.3
8.25 21.5 0.0
8.25 21.5 2.45
8.25 21.5 2.67
8.25 21.5154 -0.22
8.25 21.5154 0.0
8.25 21.75 -0.3
8.25 21.75 0.0
8.25 21.75 2.45
8.25 21.75 2.67
8.25 21.7638 -0.22
8.25 21.7638 0.0
8.25 22.0 -0.3
8.25 22.0 0.0
8.25 22.0 2.45
8.25 22.0 2.67
8.25 22.0123 -0.22
8.25 22.0123 0.0
8.25 22.25 -0.3
8.25 22.25 0.0
8.25 22.25 2.45
8.25 22.25 2.67
8.25 22.2608 -0.22
8.25 22.2608 0.0
8.25 22.5 -0.3
8.25 22.5 0.0
8.25 22.5 2.45
8.25 22.5 2.67
8.25 22.5092 -0.22
8.25 22.5092 0.0
8.25 22.75 -0.3
8.25 22.75 0.0
8.25 22.75 2.45
8.25 22.75 2.67
8.25 22.7577 -0.22
8.25 22.7577 0.0
8.25 23.0 -0.3
8.25 23.0 0.0
8.25 23.0 2.45
8.25 23.0 2.67
8.25 23.0062 -0.22
8.25 23.0062 0.0
8.25 23.25 -0.3
8.25 23.25 0.0
8.25 23.25 2.45
8.25 23.25 2.67
8.25 23.2546 -0.22
8.25 23.2546 0.0
8.25 23.5 -0.3
8.25 23.5 0.0
8.25 23.5 2.45
8.25 23.5 2.67
8.25 23.5031 -0.22
8.25 23.5031 0.0
8.25 23.75 -0.3
8.25 23.75 0.0
8.25 23.75 2.45
8.25 23.75 2.67
8.25 23.7515 -0.22
8.25 23.7515 0.0
8.25 23.82 0.0
8.25 23.82 0.245
8.25 23.82 0.49
8.25 23.82 0.735
8.25 23.82 0.98
8.25 23.82 1.225
8.25 23.82 1.47
8.25 23.82 1.715
8.25 23.82 1.96
8.25 23.82 2.205
8.25 23.82 2.45
8.25 24.0 -0.3
8.25 24.0 -0.22
8.25 24.0 0.0
8.25 24.0 0.245
8.25 24.0 0.49
8.25 24.0 0.735
8.25 24.0 0.98
8.25 24.0 1.225
8.25 24.0 1.47
8.25 24.0 1.715
8.25 24.0 1.96
8.25 24.0 2.205
8.25 24.0 2.45
8.25 24.0 2.67
8.25 24.25 -0.3
8.25 24.25 0.0
8.25 24.5 -0.3
8.25 24.5 0.0
8.25 24.75 -0.3
8.25 24.75 0.0
8.25 25.0 -0.3
8.25 25.0 -0.15
8.25 25.0 0.0
8.2519 0.0 0.0
8.2519 0.0 0.245
8.2519 0.0 0.49
8.2519 0.0 0.735
8.2519 0.0 0.98
8.2519 0.0 1.225
8.2519 0.0 1.47
8.2519 0.0 1.715
8.2519 0.0 1.96
8.2519 0.0 2.205
8.2519 0.0 2.45
8.2519 0.18 0.0
8.2519 0.18 0.245
8.2519 0.18 0.49
8.2519 0.18 0.735
8.2519 0.18 0.98
8.2519 0.18 1.225
8.2519 0.18 1.47
8.2519 0.18 1.715
8.2519 0.18 1.96
8.2519 0.18 2.205
8.2519 0.18 2.45
8.271 0.0 -0.22
8.271 0.0 0.0
8.271 0.2453 -0.22
8.271 0.2453 0.0
8.271 0.4906 -0.22
8.271 0.4906 0.0
8.271 0.7359 -0.22
8.271 0.7359 0.0
8.271 0.9813 -0.22
8.271 0.9813 0.0
8.271 1.2266 -0.22
8.271 1.2266 0.0
8.271 1.4719 -0.22
8.271 1.4719 0.0
8.271 1.7172 -0.22
8.271 1.7172 0.0
8.271 1.9625 -0.22
8.271 1.9625 0.0
8.271 2.2078 -0.22
8.271 2.2078 0.0
8.271 2.4531 -0.22
8.271 2.4531 0.0
8.271 2.6984 -0.22
8.271 2.6984 0.0
8.271 2.9437 -0.22
8.271 2.9437 0.0
8.271 3.1891 -0.22
8.271 3.1891 0.0
8.271 3.4344 -0.22
8.271 3.4344 0.0
8.271 3.6797 -0.22
8.271 3.6797 0.0
8.271 3.925 -0.22
8.271 3.925 0.0
8.271 4.1703 -0.22
8.271 4.1703 0.0
8.271 4.4156 -0.22
8.271 4.4156 0.0
8.271 4.6609 -0.22
8.271 4.6609 0.0
8.271 4.9062 -0.22
8.271 4.9062 0.0
8.271 5.1516 -0.22
8.271 5.1516 0.0
8.271 5.3969 -0.22
8.271 5.3969 0.0
8.271 5.6422 -0.22
8.271 5.6422 0.0
8.271 5.8875 -0.22
8.271 5.8875 0.0
8.271 6.1328 -0.22
8.271 6.1328 0.0
8.271 6.3781 -0.22
8.271 6.3781 0.0
8.271 6.6234 -0.22
8.271 6.6234 0.0
8.271 6.8687 -0.22
8.271 6.8687 0.0
8.271 7.1141 -0.22
8.271 7.1141 0.0
8.271 7.3594 -0.22
8.271 7.3594 0.0
8.271 7.6047 -0.22
8.271 7.6047 0.0
8.271 7.85 -0.22
8.271 7.85 0.0
8.5 -1.0 -0.3
8.5 -1.0 -0.15
8.5 -1.0 0.0
8.5 -0.75 -0.3
8.5 -0.75 0.0
8.5 -0.5 -0.3
8.5 -0.5 0.0
8.5 -0.25 -0.3
8.5 -0.25 0.0
8.5 0.0 -0.3
8.5 0.0 0.0
8.5 0.0 2.45
8.5 0.0 2.67
8.5 0.25 -0.3
8.5 0.25 0.0
8.5 0.25 2.45
8.5 0.25 2.67
8.5 0.5 -0.3
8.5 0.5 0.0
8.5 0.5 2.45
8.5 0.5 2.67
8.5 0.75 -0.3
8.5 0.75 0.0
8.5 0.75 2.45
8.5 0.75 2.67
8.5 1.0 -0.3
8.5 1.0 0.0
8.5 1.0 2.45
8.5 1.0 2.67
8.5 1.25 -0.3
8.5 1.25 0.0
8.5 1.25 2.45
8.5 1.25 2.67
8.5 1.5 -0.3
8.5 1.5 0.0
8.5 1.5 2.45
8.5 1.5 2.67
8.5 1.75 -0.3
8.5 1.75 0.0
8.5 1.75 2.45
8.5 1.75 2.67
8.5 2.0 -0.3
8.5 2.0 0.0
8.5 2.0 2.45
8.5 2.0 2.67
8.5 2.25 -0.3
8.5 2.25 0.0
8.5 2.25 2.45
8.5 2.25 2.67
8.5 2.5 -0.3
8.5 2.5 0.0
8.5 2.5 2.45
8.5 2.5 2.67
8.5 2.75 -0.3
8.5 2.75 0.0
8.5 2.75 2.45
8.5 2.75 2.67
8.5 3.0 -0.3
8.5 3.0 0.0
8.5 3.0 2.45
8.5 3.0 2.67
8.5 3.25 -0.3
8.5 3.25 0.0
8.5 3.25 2.45
8.5 3.25 2.67
8.5 3.5 -0.3
8.5 3.5 0.0
8.5 3.5 2.45
8.5 3.5 2.67
8.5 3.75 -0.3
8.5 3.75 0.0
8.5 3.75 2.45
8.5 3.75 2.67
8.5 4.0 -0.3
8.5 4.0 0.0
8.5 4.0 2.45
8.5 4.0 2.67
8.5 4.25 -0.3
8.5 4.25 0.0
8.5 4.25 2.45
8.5 4.25 2.67
8.5 4.5 -0.3
8.5 4.5 0.0
8.5 4.5 2.45
8.5 4.5 2.67
8.5 4.75 -0.3
8.5 4.75 0.0
8.5 4.75 2.45
8.5 4.75 2.67
8.5 5.0 -0.3
8.5 5.0 0.0
8.5 5.0 2.45
8.5 5.0 2.67
8.5 5.25 -0.3
8.5 5.25 0.0
8.5 5.25 2.45
8.5 5.25 2.67
8.5 5.5 -0.3
8.5 5.5 0.0
8.5 5.5 2.45
8.5 5.5 2.67
8.5 5.75 -0.3
8.5 5.75 0.0
8.5 5.75 2.45
8.5 5.75 2.67
8.5 6.0 -0.3
8.5 6.0 0.0
8.5 6.0 2.45
8.5 6.0 2.67
8.5 6.25 -0.3
8.5 6.25 0.0
8.5 6.25 2.45
8.5 6.25 2.67
8.5 6.5 -0.3
8.5 6.5 0.0
8.5 6.5 2.45
8.5 6.5 2.67
8.5 6.75 -0.3
8.5 6.75 0.0
8.5 6.75 2.45
8.5 6.75 2.67
8.5 7.0 -0.3
8.5 7.0 0.0
8.5 7.0 2.45
8.5 7.0 2.67
8.5 7.25 -0.3
8.5 7.25 0.0
8.5 7.25 2.45
8.5 7.25 2.67
8.5 7.5 -0.3
8.5 7.5 0.0
8.5 7.5 2.45
8.5 7.5 2.67
8.5 7.75 -0.3
8.5 7.75 0.0
8.5 7.75 2.45
8.5 7.75 2.67
8.5 7.85 -0.22
8.5 7.85 0.0
8.5 8.0 -0.3
8.5 8.0 0.0
8.5 8.0 2.45
8.5 8.0 2.67
8.5 8.0985 -0.22
8.5 8.0985 0.0
8.5 8.25 -0.3
8.5 8.25 0.0
8.5 8.25 2.45
8.5 8.25 2.67
8.5 8.3469 -0.22
8.5 8.3469 0.0
8.5 8.5 -0.3
8.5 8.5 0.0
8.5 8.5 2.45
8.5 8.5 2.67
8.5 8.5954 -0.22
8.5 8.5954 0.0
8.5 8.75 -0.3
8.5 8.75 0.0
8.5 8.75 2.45
8.5 8.75 2.67
8.5 8.8438 -0.22
8.5 8.8438 0.0
8.5 9.0 -0.3
8.5 9.0 0.0
8.5 9.0 2.45
8.5 9.0 2.67
8.5 9.0923 -0.22
8.5 9.0923 0.0
8.5 9.25 -0.3
8.5 9.25 0.0
8.5 9.25 2.45
8.5 9.25 2.67
8.5 9.3408 -0.22
8.5 9.3408 0.0
8.5 9.5 -0.3
8.5 9.5 0.0
8.5 9.5 2.45
8.5 9.5 2.67
8.5 9.5892 -0.22
8.5 9.5892 0.0
8.5 9.75 -0.3
8.5 9.75 0.0
8.5 9.75 2.45
8.5 9.75 2.67
8.5 9.8377 -0.22
8.5 9.8377 0.0
8.5 10.0 -0.3
8.5 10.0 0.0
8.5 10.0 2.45
8.5 10.0 2.67
8.5 10.0862 -0.22
8.5 10.0862 0.0
8.5 10.25 -0.3
8.5 10.25 0.0
8.5 10.25 2.45
8.5 10.25 2.67
8.5 10.3346 -0.22
8.5 10.3346 0.0
8.5 10.5 -0.3
8.5 10.5 0.0
8.5 10.5 2.45
8.5 10.5 2.67
8.5 10.5831 -0.22
8.5 10.5831 0.0
8.5 10.75 -0.3
8.5 10.75 0.0
8.5 10.75 2.45
8.5 10.75 2.67
8.5 10.8315 -0.22
8.5 10.8315 0.0
8.5 11.0 -0.3
8.5 11.0 0.0
8.5 11.0 2.45
8.5 11.0 2.67
8.5 11.08 -0.22
8.5 11.08 0.0
8.5 11.25 -0.3
8.5 11.25 0.0
8.5 11.25 2.45
8.5 11.25 2.67
8.5 11.3285 -0.22
8.5 11.3285 0.0
8.5 11.5 -0.3
8.5 11.5 0.0
8.5 11.5 2.45
8.5 11.5 2.67
8.5 11.5769 -0.22
8.5 11.5769 0.0
8.5 11.75 -0.3
8.5 11.75 0.0
8.5 11.75 2.45
8.5 11.75 2.67
8.5 11.8254 -0.22
8.5 11.8254 0.0
8.5 12.0 -0.3
8.5 12.0 0.0
8.5 12.0 2.45
8.5 12.0 2.67
8.5 12.0738 -0.22
8.5 12.0738 0.0
8.5 12.25 -0.3
8.5 12.25 0.0
8.5 12.25 2.45
8.5 12.25 2.67
8.5 12.3223 -0.22
8.5 12.3223 0.0
8.5 12.5 -0.3
8.5 12.5 0.0
8.5 12.5 2.45
8.5 12.5 2.67
8.5 12.5708 -0.22
8.5 12.5708 0.0
8.5 12.75 -0.3
8.5 12.75 0.0
8.5 12.75 2.45
8.5 12.75 2.67
8.5 12.8192 -0.22
8.5 12.8192 0.0
8.5 13.0 -0.3
8.5 13.0 0.0
8.5 13.0 2.45
8.5 13.0 2.67
8.5 13.0677 -0.22
8.5 13.0677 0.0
8.5 13.25 -0.3
8.5 13.25 0.0
8.5 13.25 2.45
8.5 13.25 2.67
8.5 13.3162 -0.22
8.5 13.3162 0.0
8.5 13.5 -0.3
8.5 13.5 0.0
8.5 13.5 2.45
8.5 13.5 2.67
8.5 13.5646 -0.22
8.5 13.5646 0.0
8.5 13.75 -0.3
8.5 13.75 0.0
8.5 13.75 2.45
8.5 13.75 2.67
8.5 13.8131 -0.22
8.5 13.8131 0.0
8.5 14.0 -0.3
8.5 14.0 0.0
8.5 14.0 2.45
8.5 14.0 2.67
8.5 14.0615 -0.22
8.5 14.0615 0.0
8.5 14.25 -0.3
8.5 14.25 0.0
8.5 14.25 2.45
8.5 14.25 2.67
8.5 14.31 -0.22
8.5 14.31 0.0
8.5 14.5 -0.3
8.5 14.5 0.0
8.5 14.5 2.45
8.5 14.5 2.67
8.5 14.5585 -0.22
8.5 14.5585 0.0
8.5 14.75 -0.3
8.5 14.75 0.0
8.5 14.75 2.45
8.5 14.75 2.67
8.5 14.8069 -0.22
8.5 14.8069 0.0
8.5 15.0 -0.3
8.5 15.0 0.0
8.5 15.0 2.45
8.5 15.0 2.67
8.5 15.0554 -0.22
8.5 15.0554 0.0
8.5 15.25 -0.3
8.5 15.25 0.0
8.5 15.25 2.45
8.5 15.25 2.67
8.5 15.3038 -0.22
8.5 15.3038 0.0
8.5 15.5 -0.3
8.5 15.5 0.0
8.5 15.5 2.45
8.5 15.5 2.67
8.5 15.5523 -0.22
8.5 15.5523 0.0
8.5 15.75 -0.3
8.5 15.75 0.0
8.5 15.75 2.45
8.5 15.75 2.67
8.5 15.8008 -0.22
8.5 15.8008 0.0
8.5 16.0 -0.3
8.5 16.0 0.0
8.5 16.0 2.45
8.5 16.0 2.67
8.5 16.0492 -0.22
8.5 16.0492 0.0
8.5 16.25 -0.3
8.5 16.25 0.0
8.5 16.25 2.45
8.5 16.25 2.67
8.5 16.2977 -0.22
8.5 16.2977 0.0
8.5 16.5 -0.3
8.5 16.5 0.0
8.5 16.5 2.45
8.5 16.5 2.67
8.5 16.5462 -0.22
8.5 16.5462 0.0
8.5 16.75 -0.3
8.5 16.75 0.0
8.5 16.75 2.45
8.5 16.75 2.67
8.5 16.7946 -0.22
8.5 16.7946 0.0
8.5 17.0 -0.3
8.5 17.0 0.0
8.5 17.0 2.45
8.5 17.0 2.67
8.5 17.0431 -0.22
8.5 17.0431 0.0
8.5 17.25 -0.3
8.5 17.25 0.0
8.5 17.25 2.45
8.5 17.25 2.67
8.5 17.2915 -0.22
8.5 17.2915 0.0
8.5 17.5 -0.3
8.5 17.5 0.0
8.5 17.5 2.45
8.5 17.5 2.67
8.5 17.54 -0.22
8.5 17.54 0.0
8.5 17.75 -0.3
8.5 17.75 0.0
8.5 17.75 2.45
8.5 17.75 2.67
8.5 17.7885 -0.22
8.5 17.7885 0.0
8.5 18.0 -0.3
8.5 18.0 0.0
8.5 18.0 2.45
8.5 18.0 2.67
8.5 18.0369 -0.22
8.5 18.0369 0.0
8.5 18.25 -0.3
8.5 18.25 0.0
8.5 18.25 2.45
8.5 18.25 2.67
8.5 18.2854 -0.22
8.5 18.2854 0.0
8.5 18.5 -0.3
8.5 18.5 0.0
8.5 18.5 2.45
8.5 18.5 2.67
8.5 18.5338 -0.22
8.5 18.5338 0.0
8.5 18.75 -0.3
8.5 18.75 0.0
8.5 18.75 2.45
8.5 18.75 2.67
8.5 18.7823 -0.22
8.5 18.7823 0.0
8.5 19.0 -0.3
8.5 19.0 0.0
8.5 19.0 2.45
8.5 19.0 2.67
8.5 19.0308 -0.22
8.5 19.0308 0.0
8.5 19.25 -0.3
8.5 19.25 0.0
8.5 19.25 2.45
8.5 19.25 2.67
8.5 19.2792 -0.22
8.5 19.2792 0.0
8.5 19.5 -0.3
8.5 19.5 0.0
8.5 19.5 2.45
8.5 19.5 2.67
8.5 19.5277 -0.22
8.5 19.5277 0.0
8.5 19.75 -0.3
8.5 19.75 0.0
8.5 19.75 2.45
8.5 19.75 2.67
8.5 19.7762 -0.22
8.5 19.7762 0.0
8.5 20.0 -0.3
8.5 20.0 0.0
8.5 20.0 2.45
8.5 20.0 2.67
8.5 20.0246 -0.22
8.5 20.0246 0.0
8.5 20.25 -0.3
8.5 20.25 0.0
8.5 20.25 2.45
8.5 20.25 2.67
8.5 20.2731 -0.22
8.5 20.2731 0.0
8.5 20.5 -0.3
8.5 20.5 0.0
8.5 20.5 2.45
8.5 20.5 2.67
8.5 20.5215 -0.22
8.5 20.5215 0.0
8.5 20.75 -0.3
8.5 20.75 0.0
8.5 20.75 2.45
8.5 20.75 2.67
8.5 20.77 -0.22
8.5 20.77 0.0
8.5 21.0 -0.3
8.5 21.0 0.0
8.5 21.0 2.45
8.5 21.0 2.67
8.5 21.0185 -0.22
8.5 21.0185 0.0
8.5 21.25 -0.3
8.5 21.25 0.0
8.5 21.25 2.45
8.5 21.25 2.67
8.5 21.2669 -0.22
8.5 21.2669 0.0
8.5 21.5 -0.3
8.5 21.5 0.0
8.5 21.5 2.45
8.5 21.5 2.67
8.5 21.5154 -0.22
8.5 21.5154 0.0
8.5 21.75 -0.3
8.5 21.75 0.0
8.5 21.75 2.45
8.5 21.75 2.67
8.5 21.7638 -0.22
8.5 21.7638 0.0
8.5 22.0 -0.3
8.5 22.0 0.0
8.5 22.0 2.45
8.5 22.0 2.67
8.5 22.0123 -0.22
8.5 22.0123 0.0
8.5 22.25 -0.3
8.5 22.25 0.0
8.5 22.25 2.45
8.5 22.25 2.67
8.5 22.2608 -0.22
8.5 22.2608 0.0
8.5 22.5 -0.3
8.5 22.5 0.0
8.5 22.5 2.45
8.5 22.5 2.67
8.5 22.5092 -0.22
8.5 22.5092 0.0
8.5 22.75 -0.3
8.5 22.75 0.0
8.5 22.75 2.45
8.5 22.75 2.67
8.5 22.7577 -0.22
8.5 22.7577 0.0
8.5 23.0 -0.3
8.5 23.0 0.0
8.5 23.0 2.45
8.5 23.0 2.67
8.5 23.0062 -0.22
8.5 23.0062 0.0
8.5 23.25 -0.3
8.5 23.25 0.0
8.5 23.25 2.45
8.5 23.25 2.67
8.5 23.2546 -0.22
8.5 23.2546 0.0
8.5 23.5 -0.3
8.5 23.5 0.0
8.5 23.5 2.45
8.5 23.5 2.67
8.5 23.5031 -0.22
8.5 23.5031 0.0
8.5 23.75 -0.3
8.5 23.75 0.0
8.5 23.75 2.45
8.5 23.75 2.67
8.5 23.7515 -0.22
8.5 23.7515 0.0
8.5 23.82 0.0
8.5 23.82 0.245
8.5 23.82 0.49
8.5 23.82 0.735
8.5 23.82 0.98
8.5 23.82 1.225
8.5 23.82 1.47
8.5 23.82 1.715
8.5 23.82 1.96
8.5 23.82 2.205
8.5 23.82 2.45
8.5 24.0 -0.3
8.5 24.0 -0.22
8.5 24.0 0.0
8.5 24.0 0.245
8.5 24.0 0.49
8.5 24.0 0.735
8.5 24.0 0.98
8.5 24.0 1.225
8.5 24.0 1.47
8.5 24.0 1.715
8.5 24.0 1.96
8.5 24.0 2.205
8.5 24.0 2.45
8.5 24.0 2.67
8.5 24.25 -0.3
8.5 24.25 0.0
8.5 24.5 -0.3
8.5 24.5 0.0
8.5 24.75 -0.3
8.5 24.75 0.0
8.5 25.0 -0.3
8.5 25.0 -0.15
8.5 25.0 0.0
8.5012 0.0 0.0
8.5012 0.0 0.245
8.5012 0.0 0.49
8.5012 0.0 0.735
8.5012 0.0 0.98
8.5012 0.0 1.225
8.5012 0.0 1.47
8.5012 0.0 1.715
8.5012 0.0 1.96
8.5012 0.0 2.205
8.5012 0.0 2.45
8.5012 0.18 0.0
8.5012 0.18 0.245
8.5012 0.18 0.49
8.5012 0.18 0.735
8.5012 0.18 0.98
8.5012 0.18 1.225
8.5012 0.18 1.47
8.5012 0.18 1.715
8.5012 0.18 1.96
8.5012 0.18 2.205
8.5012 0.18 2.45
8.514 0.0 -0.22
8.514 0.0 0.0
8.514 0.2453 -0.22
8.514 0.2453 0.0
8.514 0.4906 -0.22
8.514 0.4906 0.0
8.514 0.7359 -0.22
8.514 0.7359 0.0
8.514 0.9813 -0.22
8.514 0.9813 0.0
8.514 1.2266 -0.22
8.514 1.2266 0.0
8.514 1.4719 -0.22
8.514 1.4719 0.0
8.514 1.7172 -0.22
8.514 1.7172 0.0
8.514 1.9625 -0.22
8.514 1.9625 0.0
8.514 2.2078 -0.22
8.514 2.2078 0.0
8.514 2.4531 -0.22
8.514 2.4531 0.0
8.514 2.6984 -0.22
8.514 2.6984 0.0
8.514 2.9437 -0.22
8.514 2.9437 0.0
8.514 3.1891 -0.22
8.514 3.1891 0.0
8.514 3.4344 -0.22
8.514 3.4344 0.0
8.514 3.6797 -0.22
8.514 3.6797 0.0
8.514 3.925 -0.22
8.514 3.925 0.0
8.514 4.1703 -0.22
8.514 4.1703 0.0
8.514 4.4156 -0.22
8.514 4.4156 0.0
8.514 4.6609 -0.22
8.514 4.6609 0.0
8.514 4.9062 -0.22
8.514 4.9062 0.0
8.514 5.1516 -0.22
8.514 5.1516 0.0
8.514 5.3969 -0.22
8.514 5.3969 0.0
8.514 5.6422 -0.22
8.514 5.6422 0.0
8.514 5.8875 -0.22
8.514 5.8875 0.0
8.514 6.1328 -0.22
8.514 6.1328 0.0
8.514 6.3781 -0.22
8.514 6.3781 0.0
8.514 6.6234 -0.22
8.514 6.6234 0.0
8.514 6.8687 -0.22
8.514 6.8687 0.0
8.514 7.1141 -0.22
8.514 7.1141 0.0
8.514 7.3594 -0.22
8.514 7.3594 0.0
8.514 7.6047 -0.22
8.514 7.6047 0.0
8.514 7.85 -0.22
8.514 7.85 0.0
8.75 -1.0 -0.3
8.75 -1.0 -0.15
8.75 -1.0 0.0
8.75 -0.75 -0.3
8.75 -0.75 0.0
8.75 -0.5 -0.3
8.75 -0.5 0.0
8.75 -0.25 -0.3
8.75 -0.25 0.0
8.75 0.0 -0.3
8.75 0.0 0.0
8.75 0.0 2.45
8.75 0.0 2.67
8.75 0.25 -0.3
8.75 0.25 0.0
8.75 0.25 2.45
8.75 0.25 2.67
8.75 0.5 -0.3
8.75 0.5 0.0
8.75 0.5 2.45
8.75 0.5 2.67
8.75 0.75 -0.3
8.75 0.75 0.0
8.75 0.75 2.45
8.75 0.75 2.67
8.75 1.0 -0.3
8.75 1.0 0.0
8.75 1.0 2.45
8.75 1.0 2.67
8.75 1.25 -0.3
8.75 1.25 0.0
8.75 1.25 2.45
8.75 1.25 2.67
8.75 1.5 -0.3
8.75 1.5 0.0
8.75 1.5 2.45
8.75 1.5 2.67
8.75 1.75 -0.3
8.75 1.75 0.0
8.75 1.75 2.45
8.75 1.75 2.67
8.75 2.0 -0.3
8.75 2.0 0.0
8.75 2.0 2.45
8.75 2.0 2.67
8.75 2.25 -0.3
8.75 2.25 0.0
8.75 2.25 2.45
8.75 2.25 2.67
8.75 2.5 -0.3
8.75 2.5 0.0
8.75 2.5 2.45
8.75 2.5 2.67
8.75 2.75 -0.3
8.75 2.75 0.0
8.75 2.75 2.45
8.75 2.75 2.67
8.75 3.0 -0.3
8.75 3.0 0.0
8.75 3.0 2.45
8.75 3.0 2.67
8.75 3.25 -0.3
8.75 3.25 0.0
8.75 3.25 2.45
8.75 3.25 2.67
8.75 3.5 -0.3
8.75 3.5 0.0
8.75 3.5 2.45
8.75 3.5 2.67
8.75 3.75 -0.3
8.75 3.75 0.0
8.75 3.75 2.45
8.75 3.75 2.67
8.75 4.0 -0.3
8.75 4.0 0.0
8.75 4.0 2.45
8.75 4.0 2.67
8.75 4.25 -0.3
8.75 4.25 0.0
8.75 4.25 2.45
8.75 4.25 2.67
8.75 4.5 -0.3
8.75 4.5 0.0
8.75 4.5 2.45
8.75 4.5 2.67
8.75 4.75 -0.3
8.75 4.75 0.0
8.75 4.75 2.45
8.75 4.75 2.67
8.75 5.0 -0.3
8.75 5.0 0.0
8.75 5.0 2.45
8.75 5.0 2.67
8.75 5.25 -0.3
8.75 5.25 0.0
8.75 5.25 2.45
8.75 5.25 2.67
8.75 5.5 -0.3
8.75 5.5 0.0
8.75 5.5 2.45
8.75 5.5 2.67
8.75 5.75 -0.3
8.75 5.75 0.0
8.75 5.75 2.45
8.75 5.75 2.67
8.75 6.0 -0.3
8.75 6.0 0.0
8.75 6.0 2.45
8.75 6.0 2.67
8.75 6.25 -0.3
8.75 6.25 0.0
8.75 6.25 2.45
8.75 6.25 2.67
8.75 6.5 -0.3
8.75 6.5 0.0
8.75 6.5 2.45
8.75 6.5 2.67
8.75 6.75 -0.3
8.75 6.75 0.0
8.75 6.75 2.45
8.75 6.75 2.67
8.75 7.0 -0.3
8.75 7.0 0.0
8.75 7.0 2.45
8.75 7.0 2.67
8.75 7.25 -0.3
8.75 7.25 0.0
8.75 7.25 2.45
8.75 7.25 2.67
8.75 7.5 -0.3
8.75 7.5 0.0
8.75 7.5 2.45
8.75 7.5 2.67
8.75 7.75 -0.3
8.75 7.75 0.0
8.75 7.75 2.45
8.75 7.75 2.67
8.75 7.85 -0.22
8.75 7.85 0.0
8.75 8.0 -0.3
8.75 8.0 0.0
8.75 8.0 2.45
8.75 8.0 2.67
8.75 8.0985 -0.22
8.75 8.0985 0.0
8.75 8.25 -0.3
8.75 8.25 0.0
8.75 8.25 2.45
8.75 8.25 2.67
8.75 8.3469 -0.22
8.75 8.3469 0.0
8.75 8.5 -0.3
8.75 8.5 0.0
8.75 8.5 2.45
8.75 8.5 2.67
8.75 8.5954 -0.22
8.75 8.5954 0.0
8.75 8.75 -0.3
8.75 8.75 0.0
8.75 8.75 2.45
8.75 8.75 2.67
8.75 8.8438 -0.22
8.75 8.8438 0.0
8.75 9.0 -0.3
8.75 9.0 0.0
8.75 9.0 2.45
8.75 9.0 2.67
8.75 9.0923 -0.22
8.75 9.0923 0.0
8.75 9.25 -0.3
8.75 9.25 0.0
8.75 9.25 2.45
8.75 9.25 2.67
8.75 9.3408 -0.22
8.75 9.3408 0.0
8.75 9.5 -0.3
8.75 9.5 0.0
8.75 9.5 2.45
8.75 9.5 2.67
8.75 9.5892 -0.22
8.75 9.5892 0.0
8.75 9.75 -0.3
8.75 9.75 0.0
8.75 9.75 2.45
8.75 9.75 2.67
8.75 9.8377 -0.22
8.75 9.8377 0.0
8.75 10.0 -0.3
8.75 10.0 0.0
8.75 10.0 2.45
8.75 10.0 2.67
8.75 10.0862 -0.22
8.75 10.0862 0.0
8.75 10.25 -0.3
8.75 10.25 0.0
8.75 10.25 2.45
8.75 10.25 2.67
8.75 10.3346 -0.22
8.75 10.3346 0.0
8.75 10.5 -0.3
8.75 10.5 0.0
8.75 10.5 2.45
8.75 10.5 2.67
8.75 10.5831 -0.22
8.75 10.5831 0.0
8.75 10.75 -0.3
8.75 10.75 0.0
8.75 10.75 2.45
8.75 10.75 2.67
8.75 10.8315 -0.22
8.75 10.8315 0.0
8.75 11.0 -0.3
8.75 11.0 0.0
8.75 11.0 2.45
8.75 11.0 2.67
8.75 11.08 -0.22
8.75 11.08 0.0
8.75 11.25 -0.3
8.75 11.25 0.0
8.75 11.25 2.45
8.75 11.25 2.67
8.75 11.3285 -0.22
8.75 11.3285 0.0
8.75 11.5 -0.3
8.75 11.5 0.0
8.75 11.5 2.45
8.75 11.5 2.67
8.75 11.5769 -0.22
8.75 11.5769 0.0
8.75 11.75 -0.3
8.75 11.75 0.0
8.75 11.75 2.45
8.75 11.75 2.67
8.75 11.8254 -0.22
8.75 11.8254 0.0
8.75 12.0 -0.3
8.75 12.0 0.0
8.75 12.0 2.45
8.75 12.0 2.67
8.75 12.0738 -0.22
8.75 12.0738 0.0
8.75 12.25 -0.3
8.75 12.25 0.0
8.75 12.25 2.45
8.75 12.25 2.67
8.75 12.3223 -0.22
8.75 12.3223 0.0
8.75 12.5 -0.3
8.75 12.5 0.0
8.75 12.5 2.45
8.75 12.5 2.67
8.75 12.5708 -0.22
8.75 12.5708 0.0
8.75 12.75 -0.3
8.75 12.75 0.0
8.75 12.75 2.45
8.75 12.75 2.67
8.75 12.8192 -0.22
8.75 12.8192 0.0
8.75 13.0 -0.3
8.75 13.0 0.0
8.75 13.0 2.45
8.75 13.0 2.67
8.75 13.0677 -0.22
8.75 13.0677 0.0
8.75 13.25 -0.3
8.75 13.25 0.0
8.75 13.25 2.45
8.75 13.25 2.67
8.75 13.3162 -0.22
8.75 13.3162 0.0
8.75 13.5 -0.3
8.75 13.5 0.0
8.75 13.5 2.45
8.75 13.5 2.67
8.75 13.5646 -0.22
8.75 13.5646 0.0
8.75 13.75 -0.3
8.75 13.75 0.0
8.75 13.75 2.45
8.75 13.75 2.67
8.75 13.8131 -0.22
8.75 13.8131 0.0
8.75 14.0 -0.3
8.75 14.0 0.0
8.75 14.0 2.45
8.75 14.0 2.67
8.75 14.0615 -0.22
8.75 14.0615 0.0
8.75 14.25 -0.3
8.75 14.25 0.0
8.75 14.25 2.45
8.75 14.25 2.67
8.75 14.31 -0.22
8.75 14.31 0.0
8.75 14.5 -0.3
8.75 14.5 0.0
8.75 14.5 2.45
8.75 14.5 2.67
8.75 14.5585 -0.22
8.75 14.5585 0.0
8.75 14.75 -0.3
8.75 14.75 0.0
8.75 14.75 2.45
8.75 14.75 2.67
8.75 14.8069 -0.22
8.75 14.8069 0.0
8.75 15.0 -0.3
8.75 15.0 0.0
8.75 15.0 2.45
8.75 15.0 2.67
8.75 15.0554 -0.22
8.75 15.0554 0.0
8.75 15.25 -0.3
8.75 15.25 0.0
8.75 15.25 2.45
8.75 15.25 2.67
8.75 15.3038 -0.22
8.75 15.3038 0.0
8.75 15.5 -0.3
8.75 15.5 0.0
8.75 15.5 2.45
8.75 15.5 2.67
8.75 15.5523 -0.22
8.75 15.5523 0.0
8.75 15.75 -0.3
8.75 15.75 0.0
8.75 15.75 2.45
8.75 15.75 2.67
8.75 15.8008 -0.22
8.75 15.8008 0.0
8.75 16.0 -0.3
8.75 16.0 0.0
8.75 16.0 2.45
8.75 16.0 2.67
8.75 16.0492 -0.22
8.75 16.0492 0.0
8.75 16.25 -0.3
8.75 16.25 0.0
8.75 16.25 2.45
8.75 16.25 2.67
8.75 16.2977 -0.22
8.75 16.2977 0.0
8.75 16.5 -0.3
8.75 16.5 0.0
8.75 16.5 2.45
8.75 16.5 2.67
8.75 16.5462 -0.22
8.75 16.5462 0.0
8.75 16.75 -0.3
8.75 16.75 0.0
8.75 16.75 2.45
8.75 16.75 2.67
8.75 16.7946 -0.22
8.75 16.7946 0.0
8.75 17.0 -0.3
8.75 17.0 0.0
8.75 17.0 2.45
8.75 17.0 2.67
8.75 17.0431 -0.22
8.75 17.0431 0.0
8.75 17.25 -0.3
8.75 17.25 0.0
8.75 17.25 2.45
8.75 17.25 2.67
8.75 17.2915 -0.22
8.75 17.2915 0.0
8.75 17.5 -0.3
8.75 17.5 0.0
8.75 17.5 2.45
8.75 17.5 2.67
8.75 17.54 -0.22
8.75 17.54 0.0
8.75 17.75 -0.3
8.75 17.75 0.0
8.75 17.75 2.45
8.75 17.75 2.67
8.75 17.7885 -0.22
8.75 17.7885 0.0
8.75 18.0 -0.3
8.75 18.0 0.0
8.75 18.0 2.45
8.75 18.0 2.67
8.75 18.0369 -0.22
8.75 18.0369 0.0
8.75 18.25 -0.3
8.75 18.25 0.0
8.75 18.25 2.45
8.75 18.25 2.67
8.75 18.2854 -0.22
8.75 18.2854 0.0
8.75 18.5 -0.3
8.75 18.5 0.0
8.75 18.5 2.45
8.75 18.5 2.67
8.75 18.5338 -0.22
8.75 18.5338 0.0
8.75 18.75 -0.3
8.75 18.75 0.0
8.75 18.75 2.45
8.75 18.75 2.67
8.75 18.7823 -0.22
8.75 18.7823 0.0
8.75 19.0 -0.3
8.75 19.0 0.0
8.75 19.0 2.45
8.75 19.0 2.67
8.75 19.0308 -0.22
8.75 19.0308 0.0
8.75 19.25 -0.3
8.75 19.25 0.0
8.75 19.25 2.45
8.75 19.25 2.67
8.75 19.2792 -0.22
8.75 19.2792 0.0
8.75 19.5 -0.3
8.75 19.5 0.0
8.75 19.5 2.45
8.75 19.5 2.67
8.75 19.5277 -0.22
8.75 19.5277 0.0
8.75 19.75 -0.3
8.75 19.75 0.0
8.75 19.75 2.45
8.75 19.75 2.67
8.75 19.7762 -0.22
8.75 19.7762 0.0
8.75 20.0 -0.3
8.75 20.0 0.0
8.75 20.0 2.45
8.75 20.0 2.67
8.75 20.0246 -0.22
8.75 20.0246 0.0
8.75 20.25 -0.3
8.75 20.25 0.0
8.75 20.25 2.45
8.75 20.25 2.67
8.75 20.2731 -0.22
8.75 20.2731 0.0
8.75 20.5 -0.3
8.75 20.5 0.0
8.75 20.5 2.45
8.75 20.5 2.67
8.75 20.5215 -0.22
8.75 20.5215 0.0
8.75 20.75 -0.3
8.75 20.75 0.0
8.75 20.75 2.45
8.75 20.75 2.67
8.75 20.77 -0.22
8.75 20.77 0.0
8.75 21.0 -0.3
8.75 21.0 0.0
8.75 21.0 2.45
8.75 21.0 2.67
8.75 21.0185 -0.22
8.75 21.0185 0.0
8.75 21.25 -0.3
8.75 21.25 0.0
8.75 21.25 2.45
8.75 21.25 2.67
8.75 21.2669 -0.22
8.75 21.2669 0.0
8.75 21.5 -0.3
8.75 21.5 0.0
8.75 21.5 2.45
8.75 21.5 2.67
8.75 21.5154 -0.22
8.75 21.5154 0.0
8.75 21.75 -0.3
8.75 21.75 0.0
8.75 21.75 2.45
8.75 21.75 2.67
8.75 21.7638 -0.22
8.75 21.7638 0.0
8.75 22.0 -0.3
8.75 22.0 0.0
8.75 22.0 2.45
8.75 22.0 2.67
8.75 22.0123 -0.22
8.75 22.0123 0.0
8.75 22.25 -0.3
8.75 22.25 0.0
8.75 22.25 2.45
8.75 22.25 2.67
8.75 22.2608 -0.22
8.75 22.2608 0.0
8.75 22.5 -0.3
8.75 22.5 0.0
8.75 22.5 2.45
8.75 22.5 2.67
8.75 22.5092 -0.22
8.75 22.5092 0.0
8.75 22.75 -0.3
8.75 22.75 0.0
8.75 22.75 2.45
8.75 22.75 2.67
8.75 22.7577 -0.22
8.75 22.7577 0.0
8.75 23.0 -0.3
8.75 23.0 0.0
8.75 23.0 2.45
8.75 23.0 2.67
8.75 23.0062 -0.22
8.75 23.0062 0.0
8.75 23.25 -0.3
8.75 23.25 0.0
8.75 23.25 2.45
8.75 23.25 2.67
8.75 23.2546 -0.22
8.75 23.2546 0.0
8.75 23.5 -0.3
8.75 23.5 0.0
8.75 23.5 2.45
8.75 23.5 2.67
8.75 23.5031 -0.22
8.75 23.5031 0.0
8.75 23.75 -0.3
8.75 23.75 0.0
8.75 23.75 2.45
8.75 23.75 2.67
8.75 23.7515 -0.22
8.75 23.7515 0.0
8.75 23.82 0.0
8.75 23.82 0.245
8.75 23.82 0.49
8.75 23.82 0.735
8.75 23.82 0.98
8.75 23.82 1.225
8.75 23.82 1.47
8.75 23.82 1.715
8.75 23.82 1.96
8.75 23.82 2.205
8.75 23.82 2.45
8.75 24.0 -0.3
8.75 24.0 -0.22
8.75 24.0 0.0
8.75 24.0 0.245
8.75 24.0 0.49
8.75 24.0 0.735
8.75 24.0 0.98
8.75 24.0 1.225
8.75 24.0 1.47
8.75 24.0 1.715
8.75 24.0 1.96
8.75 24.0 2.205
8.75 24.0 2.45
8.75 24.0 2.67
8.75 24.25 -0.3
8.75 24.25 0.0
8.75 24.5 -0.3
8.75 24.5 0.0
8.75 24.75 -0.3
8.75 24.75 0.0
8.75 25.0 -0.3
8.75 25.0 -0.15
8.75 25.0 0.0
8.7506 0.0 0.0
8.7506 0.0 0.245
8.7506 0.0 0.49
8.7506 0.0 0.735
8.7506 0.0 0.98
8.7506 0.0 1.225
8.7506 0.0 1.47
8.7506 0.0 1.715
8.7506 0.0 1.96
8.7506 0.0 2.205
8.7506 0.0 2.45
8.7506 0.18 0.0
8.7506 0.18 0.245
8.7506 0.18 0.49
8.7506 0.18 0.735
8.7506 0.18 0.98
8.7506 0.18 1.225
8.7506 0.18 1.47
8.7506 0.18 1.715
8.7506 0.18 1.96
8.7506 0.18 2.205
8.7506 0.18 2.45
8.757 0.0 -0.22
8.757 0.0 0.0
8.757 0.2453 -0.22
8.757 0.2453 0.0
8.757 0.4906 -0.22
8.757 0.4906 0.0
8.757 0.7359 -0.22
8.757 0.7359 0.0
8.757 0.9813 -0.22
8.757 0.9813 0.0
8.757 1.2266 -0.22
8.757 1.2266 0.0
8.757 1.4719 -0.22
8.757 1.4719 0.0
8.757 1.7172 -0.22
8.757 1.7172 0.0
8.757 1.9625 -0.22
8.757 1.9625 0.0
8.757 2.2078 -0.22
8.757 2.2078 0.0
8.757 2.4531 -0.22
8.757 2.4531 0.0
8.757 2.6984 -0.22
8.757 2.6984 0.0
8.757 2.9437 -0.22
8.757 2.9437 0.0
8.757 3.1891 -0.22
8.757 3.1891 0.0
8.757 3.4344 -0.22
8.757 3.4344 0.0
8.757 3.6797 -0.22
8.757 3.6797 0.0
8.757 3.925 -0.22
8.757 3.925 0.0
8.757 4.1703 -0.22
8.757 4.1703 0.0
8.757 4.4156 -0.22
8.757 4.4156 0.0
8.757 4.6609 -0.22
8.757 4.6609 0.0
8.757 4.9062 -0.22
8.757 4.9062 0.0
8.757 5.1516 -0.22
8.757 5.1516 0.0
8.757 5.3969 -0.22
8.757 5.3969 0.0
8.757 5.6422 -0.22
8.757 5.6422 0.0
8.757 5.8875 -0.22
8.757 5.8875 0.0
8.757 6.1328 -0.22
8.757 6.1328 0.0
8.757 6.3781 -0.22
8.757 6.3781 0.0
8.757 6.6234 -0.22
8.757 6.6234 0.0
8.757 6.8687 -0.22
8.757 6.8687 0.0
8.757 7.1141 -0.22
8.757 7.1141 0.0
8.757 7.3594 -0.22
8.757 7.3594 0.0
8.757 7.6047 -0.22
8.757 7.6047 0.0
8.757 7.85 -0.22
8.757 7.85 0.0
8.82 0.0 0.0
8.82 0.0 0.245
8.82 0.0 0.49
8.82 0.0 0.735
8.82 0.0 0.98
8.82 0.0 1.225
8.82 0.0 1.47
8.82 0.0 1.715
8.82 0.0 1.96
8.82 0.0 2.205
8.82 0.0 2.45
8.82 0.25 0.0
8.82 0.25 0.245
8.82 0.25 0.49
8.82 0.25 0.735
8.82 0.25 0.98
8.82 0.25 1.225
8.82 0.25 1.47
8.82 0.25 1.715
8.82 0.25 1.96
8.82 0.25 2.205
8.82 0.25 2.45
8.82 0.5 0.0
8.82 0.5 0.245
8.82 0.5 0.49
8.82 0.5 0.735
8.82 0.5 0.98
8.82 0.5 1.225
8.82 0.5 1.47
8.82 0.5 1.715
8.82 0.5 1.96
8.82 0.5 2.205
8.82 0.5 2.45
8.82 0.75 0.0
8.82 0.75 0.245
8.82 0.75 0.49
8.82 0.75 0.735
8.82 0.75 0.98
8.82 0.75 1.225
8.82 0.75 1.47
8.82 0.75 1.715
8.82 0.75 1.96
8.82 0.75 2.205
8.82 0.75 2.45
8.82 1.0 0.0
8.82 1.0 0.245
8.82 1.0 0.49
8.82 1.0 0.735
8.82 1.0 0.98
8.82 1.0 1.225
8.82 1.0 1.47
8.82 1.0 1.715
8.82 1.0 1.96
8.82 1.0 2.205
8.82 1.0 2.45
8.82 1.25 0.0
8.82 1.25 0.245
8.82 1.25 0.49
8.82 1.25 0.735
8.82 1.25 0.98
8.82 1.25 1.225
8.82 1.25 1.47
8.82 1.25 1.715
8.82 1.25 1.96
8.82 1.25 2.205
8.82 1.25 2.45
8.82 1.5 0.0
8.82 1.5 0.245
8.82 1.5 0.49
8.82 1.5 0.735
8.82 1.5 0.98
8.82 1.5 1.225
8.82 1.5 1.47
8.82 1.5 1.715
8.82 1.5 1.96
8.82 1.5 2.205
8.82 1.5 2.45
8.82 1.75 0.0
8.82 1.75 0.245
8.82 1.75 0.49
8.82 1.75 0.735
8.82 1.75 0.98
8.82 1.75 1.225
8.82 1.75 1.47
8.82 1.75 1.715
8.82 1.75 1.96
8.82 1.75 2.205
8.82 1.75 2.45
8.82 2.0 0.0
8.82 2.0 0.245
8.82 2.0 0.49
8.82 2.0 0.735
8.82 2.0 0.98
8.82 2.0 1.225
8.82 2.0 1.47
8.82 2.0 1.715
8.82 2.0 1.96
8.82 2.0 2.205
8.82 2.0 2.45
8.82 2.25 0.0
8.82 2.25 0.245
8.82 2.25 0.49
8.82 2.25 0.735
8.82 2.25 0.98
8.82 2.25 1.225
8.82 2.25 1.47
8.82 2.25 1.715
8.82 2.25 1.96
8.82 2.25 2.205
8.82 2.25 2.45
8.82 2.5 0.0
8.82 2.5 0.245
8.82 2.5 0.49
8.82 2.5 0.735
8.82 2.5 0.98
8.82 2.5 1.225
8.82 2.5 1.47
8.82 2.5 1.715
8.82 2.5 1.96
8.82 2.5 2.205
8.82 2.5 2.45
8.82 2.75 0.0
8.82 2.75 0.245
8.82 2.75 0.49
8.82 2.75 0.735
8.82 2.75 0.98
8.82 2.75 1.225
8.82 2.75 1.47
8.82 2.75 1.715
8.82 2.75 1.96
8.82 2.75 2.205
8.82 2.75 2.45
8.82 3.0 0.0
8.82 3.0 0.245
8.82 3.0 0.49
8.82 3.0 0.735
8.82 3.0 0.98
8.82 3.0 1.225
8.82 3.0 1.47
8.82 3.0 1.715
8.82 3.0 1.96
8.82 3.0 2.205
8.82 3.0 2.45
8.82 3.25 0.0
8.82 3.25 0.245
8.82 3.25 0.49
8.82 3.25 0.735
8.82 3.25 0.98
8.82 3.25 1.225
8.82 3.25 1.47
8.82 3.25 1.715
8.82 3.25 1.96
8.82 3.25 2.205
8.82 3.25 2.45
8.82 3.5 0.0
8.82 3.5 0.245
8.82 3.5 0.49
8.82 3.5 0.735
8.82 3.5 0.98
8.82 3.5 1.225
8.82 3.5 1.47
8.82 3.5 1.715
8.82 3.5 1.96
8.82 3.5 2.205
8.82 3.5 2.45
8.82 3.75 0.0
8.82 3.75 0.245
8.82 3.75 0.49
8.82 3.75 0.735
8.82 3.75 0.98
8.82 3.75 1.225
8.82 3.75 1.47
8.82 3.75 1.715
8.82 3.75 1.96
8.82 3.75 2.205
8.82 3.75 2.45
8.82 4.0 0.0
8.82 4.0 0.245
8.82 4.0 0.49
8.82 4.0 0.735
8.82 4.0 0.98
8.82 4.0 1.225
8.82 4.0 1.47
8.82 4.0 1.715
8.82 4.0 1.96
8.82 4.0 2.205
8.82 4.0 2.45
8.82 4.25 0.0
8.82 4.25 0.245
8.82 4.25 0.49
8.82 4.25 0.735
8.82 4.25 0.98
8.82 4.25 1.225
8.82 4.25 1.47
8.82 4.25 1.715
8.82 4.25 1.96
8.82 4.25 2.205
8.82 4.25 2.45
8.82 4.5 0.0
8.82 4.5 0.245
8.82 4.5 0.49
8.82 4.5 0.735
8.82 4.5 0.98
8.82 4.5 1.225
8.82 4.5 1.47
8.82 4.5 1.715
8.82 4.5 1.96
8.82 4.5 2.205
8.82 4.5 2.45
8.82 4.75 0.0
8.82 4.75 0.245
8.82 4.75 0.49
8.82 4.75 0.735
8.82 4.75 0.98
8.82 4.75 1.225
8.82 4.75 1.47
8.82 4.75 1.715
8.82 4.75 1.96
8.82 4.75 2.205
8.82 4.75 2.45
8.82 5.0 0.0
8.82 5.0 0.245
8.82 5.0 0.49
8.82 5.0 0.735
8.82 5.0 0.98
8.82 5.0 1.225
8.82 5.0 1.47
8.82 5.0 1.715
8.82 5.0 1.96
8.82 5.0 2.205
8.82 5.0 2.45
8.82 5.25 0.0
8.82 5.25 0.245
8.82 5.25 0.49
8.82 5.25 0.735
8.82 5.25 0.98
8.82 5.25 1.225
8.82 5.25 1.47
8.82 5.25 1.715
8.82 5.25 1.96
8.82 5.25 2.205
8.82 5.25 2.45
8.82 5.5 0.0
8.82 5.5 0.245
8.82 5.5 0.49
8.82 5.5 0.735
8.82 5.5 0.98
8.82 5.5 1.225
8.82 5.5 1.47
8.82 5.5 1.715
8.82 5.5 1.96
8.82 5.5 2.205
8.82 5.5 2.45
8.82 5.75 0.0
8.82 5.75 0.245
8.82 5.75 0.49
8.82 5.75 0.735
8.82 5.75 0.98
8.82 5.75 1.225
8.82 5.75 1.47
8.82 5.75 1.715
8.82 5.75 1.96
8.82 5.75 2.205
8.82 5.75 2.45
8.82 6.0 0.0
8.82 6.0 0.245
8.82 6.0 0.49
8.82 6.0 0.735
8.82 6.0 0.98
8.82 6.0 1.225
8.82 6.0 1.47
8.82 6.0 1.715
8.82 6.0 1.96
8.82 6.0 2.205
8.82 6.0 2.45
8.82 6.25 0.0
8.82 6.25 0.245
8.82 6.25 0.49
8.82 6.25 0.735
8.82 6.25 0.98
8.82 6.25 1.225
8.82 6.25 1.47
8.82 6.25 1.715
8.82 6.25 1.96
8.82 6.25 2.205
8.82 6.25 2.45
8.82 6.5 0.0
8.82 6.5 0.245
8.82 6.5 0.49
8.82 6.5 0.735
8.82 6.5 0.98
8.82 6.5 1.225
8.82 6.5 1.47
8.82 6.5 1.715
8.82 6.5 1.96
8.82 6.5 2.205
8.82 6.5 2.45
8.82 6.75 0.0
8.82 6.75 0.245
8.82 6.75 0.49
8.82 6.75 0.735
8.82 6.75 0.98
8.82 6.75 1.225
8.82 6.75 1.47
8.82 6.75 1.715
8.82 6.75 1.96
8.82 6.75 2.205
8.82 6.75 2.45
8.82 7.0 0.0
8.82 7.0 0.245
8.82 7.0 0.49
8.82 7.0 0.735
8.82 7.0 0.98
8.82 7.0 1.225
8.82 7.0 1.47
8.82 7.0 1.715
8.82 7.0 1.96
8.82 7.0 2.205
8.82 7.0 2.45
8.82 7.25 0.0
8.82 7.25 0.245
8.82 7.25 0.49
8.82 7.25 0.735
8.82 7.25 0.98
8.82 7.25 1.225
8.82 7.25 1.47
8.82 7.25 1.715
8.82 7.25 1.96
8.82 7.25 2.205
8.82 7.25 2.45
8.82 7.5 0.0
8.82 7.5 0.245
8.82 7.5 0.49
8.82 7.5 0.735
8.82 7.5 0.98
8.82 7.5 1.225
8.82 7.5 1.47
8.82 7.5 1.715
8.82 7.5 1.96
8.82 7.5 2.205
8.82 7.5 2.45
8.82 7.75 0.0
8.82 7.75 0.245
8.82 7.75 0.49
8.82 7.75 0.735
8.82 7.75 0.98
8.82 7.75 1.225
8.82 7.75 1.47
8.82 7.75 1.715
8.82 7.75 1.96
8.82 7.75 2.205
8.82 7.75 2.45
8.82 8.0 0.0
8.82 8.0 0.245
8.82 8.0 0.49
8.82 8.0 0.735
8.82 8.0 0.98
8.82 8.0 1.225
8.82 8.0 1.47
8.82 8.0 1.715
8.82 8.0 1.96
8.82 8.0 2.205
8.82 8.0 2.45
8.82 8.25 0.0
8.82 8.25 0.245
8.82 8.25 0.49
8.82 8.25 0.735
8.82 8.25 0.98
8.82 8.25 1.225
8.82 8.25 1.47
8.82 8.25 1.715
8.82 8.25 1.96
8.82 8.25 2.205
8.82 8.25 2.45
8.82 8.5 0.0
8.82 8.5 0.245
8.82 8.5 0.49
8.82 8.5 0.735
8.82 8.5 0.98
8.82 8.5 1.225
8.82 8.5 1.47
8.82 8.5 1.715
8.82 8.5 1.96
8.82 8.5 2.205
8.82 8.5 2.45
8.82 8.75 0.0
8.82 8.75 0.245
8.82 8.75 0.49
8.82 8.75 0.735
8.82 8.75 0.98
8.82 8.75 1.225
8.82 8.75 1.47
8.82 8.75 1.715
8.82 8.75 1.96
8.82 8.75 2.205
8.82 8.75 2.45
8.82 9.0 0.0
8.82 9.0 0.245
8.82 9.0 0.49
8.82 9.0 0.735
8.82 9.0 0.98
8.82 9.0 1.225
8.82 9.0 1.47
8.82 9.0 1.715
8.82 9.0 1.96
8.82 9.0 2.205
8.82 9.0 2.45
8.82 9.25 0.0
8.82 9.25 0.245
8.82 9.25 0.49
8.82 9.25 0.735
8.82 9.25 0.98
8.82 9.25 1.225
8.82 9.25 1.47
8.82 9.25 1.715
8.82 9.25 1.96
8.82 9.25 2.205
8.82 9.25 2.45
8.82 9.5 0.0
8.82 9.5 0.245
8.82 9.5 0.49
8.82 9.5 0.735
8.82 9.5 0.98
8.82 9.5 1.225
8.82 9.5 1.47
8.82 9.5 1.715
8.82 9.5 1.96
8.82 9.5 2.205
8.82 9.5 2.45
8.82 9.75 0.0
8.82 9.75 0.245
8.82 9.75 0.49
8.82 9.75 0.735
8.82 9.75 0.98
8.82 9.75 1.225
8.82 9.75 1.47
8.82 9.75 1.715
8.82 9.75 1.96
8.82 9.75 2.205
8.82 9.75 2.45
8.82 10.0 0.0
8.82 10.0 0.245
8.82 10.0 0.49
8.82 10.0 0.735
8.82 10.0 0.98
8.82 10.0 1.225
8.82 10.0 1.47
8.82 10.0 1.715
8.82 10.0 1.96
8.82 10.0 2.205
8.82 10.0 2.45
8.82 10.25 0.0
8.82 10.25 0.245
8.82 10.25 0.49
8.82 10.25 0.735
8.82 10.25 0.98
8.82 10.25 1.225
8.82 10.25 1.47
8.82 10.25 1.715
8.82 10.25 1.96
8.82 10.25 2.205
8.82 10.25 2.45
8.82 10.5 0.0
8.82 10.5 0.245
8.82 10.5 0.49
8.82 10.5 0.735
8.82 10.5 0.98
8.82 10.5 1.225
8.82 10.5 1.47
8.82 10.5 1.715
8.82 10.5 1.96
8.82 10.5 2.205
8.82 10.5 2.45
8.82 10.75 0.0
8.82 10.75 0.245
8.82 10.75 0.49
8.82 10.75 0.735
8.82 10.75 0.98
8.82 10.75 1.225
8.82 10.75 1.47
8.82 10.75 1.715
8.82 10.75 1.96
8.82 10.75 2.205
8.82 10.75 2.45
8.82 11.0 0.0
8.82 11.0 0.245
8.82 11.0 0.49
8.82 11.0 0.735
8.82 11.0 0.98
8.82 11.0 1.225
8.82 11.0 1.47
8.82 11.0 1.715
8.82 11.0 1.96
8.82 11.0 2.205
8.82 11.0 2.45
8.82 11.25 0.0
8.82 11.25 0.245
8.82 11.25 0.49
8.82 11.25 0.735
8.82 11.25 0.98
8.82 11.25 1.225
8.82 11.25 1.47
8.82 11.25 1.715
8.82 11.25 1.96
8.82 11.25 2.205
8.82 11.25 2.45
8.82 11.5 0.0
8.82 11.5 0.245
8.82 11.5 0.49
8.82 11.5 0.735
8.82 11.5 0.98
8.82 11.5 1.225
8.82 11.5 1.47
8.82 11.5 1.715
8.82 11.5 1.96
8.82 11.5 2.205
8.82 11.5 2.45
8.82 11.75 0.0
8.82 11.75 0.245
8.82 11.75 0.49
8.82 11.75 0.735
8.82 11.75 0.98
8.82 11.75 1.225
8.82 11.75 1.47
8.82 11.75 1.715
8.82 11.75 1.96
8.82 11.75 2.205
8.82 11.75 2.45
8.82 12.0 0.0
8.82 12.0 0.245
8.82 12.0 0.49
8.82 12.0 0.735
8.82 12.0 0.98
8.82 12.0 1.225
8.82 12.0 1.47
8.82 12.0 1.715
8.82 12.0 1.96
8.82 12.0 2.205
8.82 12.0 2.45
8.82 12.25 0.0
8.82 12.25 0.245
8.82 12.25 0.49
8.82 12.25 0.735
8.82 12.25 0.98
8.82 12.25 1.225
8.82 12.25 1.47
8.82 12.25 1.715
8.82 12.25 1.96
8.82 12.25 2.205
8.82 12.25 2.45
8.82 12.5 0.0
8.82 12.5 0.245
8.82 12.5 0.49
8.82 12.5 0.735
8.82 12.5 0.98
8.82 12.5 1.225
8.82 12.5 1.47
8.82 12.5 1.715
8.82 12.5 1.96
8.82 12.5 2.205
8.82 12.5 2.45
8.82 12.75 0.0
8.82 12.75 0.245
8.82 12.75 0.49
8.82 12.75 0.735
8.82 12.75 0.98
8.82 12.75 1.225
8.82 12.75 1.47
8.82 12.75 1.715
8.82 12.75 1.96
8.82 12.75 2.205
8.82 12.75 2.45
8.82 13.0 0.0
8.82 13.0 0.245
8.82 13.0 0.49
8.82 13.0 0.735
8.82 13.0 0.98
8.82 13.0 1.225
8.82 13.0 1.47
8.82 13.0 1.715
8.82 13.0 1.96
8.82 13.0 2.205
8.82 13.0 2.45
8.82 13.25 0.0
8.82 13.25 0.245
8.82 13.25 0.49
8.82 13.25 0.735
8.82 13.25 0.98
8.82 13.25 1.225
8.82 13.25 1.47
8.82 13.25 1.715
8.82 13.25 1.96
8.82 13.25 2.205
8.82 13.25 2.45
8.82 13.5 0.0
8.82 13.5 0.245
8.82 13.5 0.49
8.82 13.5 0.735
8.82 13.5 0.98
8.82 13.5 1.225
8.82 13.5 1.47
8.82 13.5 1.715
8.82 13.5 1.96
8.82 13.5 2.205
8.82 13.5 2.45
8.82 13.75 0.0
8.82 13.75 0.245
8.82 13.75 0.49
8.82 13.75 0.735
8.82 13.75 0.98
8.82 13.75 1.225
8.82 13.75 1.47
8.82 13.75 1.715
8.82 13.75 1.96
8.82 13.75 2.205
8.82 13.75 2.45
8.82 14.0 0.0
8.82 14.0 0.245
8.82 14.0 0.49
8.82 14.0 0.735
8.82 14.0 0.98
8.82 14.0 1.225
8.82 14.0 1.47
8.82 14.0 1.715
8.82 14.0 1.96
8.82 14.0 2.205
8.82 14.0 2.45
8.82 14.25 0.0
8.82 14.25 0.245
8.82 14.25 0.49
8.82 14.25 0.735
8.82 14.25 0.98
8.82 14.25 1.225
8.82 14.25 1.47
8.82 14.25 1.715
8.82 14.25 1.96
8.82 14.25 2.205
8.82 14.25 2.45
8.82 14.5 0.0
8.82 14.5 0.245
8.82 14.5 0.49
8.82 14.5 0.735
8.82 14.5 0.98
8.82 14.5 1.225
8.82 14.5 1.47
8.82 14.5 1.715
8.82 14.5 1.96
8.82 14.5 2.205
8.82 14.5 2.45
8.82 14.75 0.0
8.82 14.75 0.245
8.82 14.75 0.49
8.82 14.75 0.735
8.82 14.75 0.98
8.82 14.75 1.225
8.82 14.75 1.47
8.82 14.75 1.715
8.82 14.75 1.96
8.82 14.75 2.205
8.82 14.75 2.45
8.82 15.0 0.0
8.82 15.0 0.245
8.82 15.0 0.49
8.82 15.0 0.735
8.82 15.0 0.98
8.82 15.0 1.225
8.82 15.0 1.47
8.82 15.0 1.715
8.82 15.0 1.96
8.82 15.0 2.205
8.82 15.0 2.45
8.82 15.25 0.0
8.82 15.25 0.245
8.82 15.25 0.49
8.82 15.25 0.735
8.82 15.25 0.98
8.82 15.25 1.225
8.82 15.25 1.47
8.82 15.25 1.715
8.82 15.25 1.96
8.82 15.25 2.205
8.82 15.25 2.45
8.82 15.5 0.0
8.82 15.5 0.245
8.82 15.5 0.49
8.82 15.5 0.735
8.82 15.5 0.98
8.82 15.5 1.225
8.82 15.5 1.47
8.82 15.5 1.715
8.82 15.5 1.96
8.82 15.5 2.205
8.82 15.5 2.45
8.82 15.75 0.0
8.82 15.75 0.245
8.82 15.75 0.49
8.82 15.75 0.735
8.82 15.75 0.98
8.82 15.75 1.225
8.82 15.75 1.47
8.82 15.75 1.715
8.82 15.75 1.96
8.82 15.75 2.205
8.82 15.75 2.45
8.82 16.0 0.0
8.82 16.0 0.245
8.82 16.0 0.49
8.82 16.0 0.735
8.82 16.0 0.98
8.82 16.0 1.225
8.82 16.0 1.47
8.82 16.0 1.715
8.82 16.0 1.96
8.82 16.0 2.205
8.82 16.0 2.45
8.82 16.25 0.0
8.82 16.25 0.245
8.82 16.25 0.49
8.82 16.25 0.735
8.82 16.25 0.98
8.82 16.25 1.225
8.82 16.25 1.47
8.82 16.25 1.715
8.82 16.25 1.96
8.82 16.25 2.205
8.82 16.25 2.45
8.82 16.5 0.0
8.82 16.5 0.245
8.82 16.5 0.49
8.82 16.5 0.735
8.82 16.5 0.98
8.82 16.5 1.225
8.82 16.5 1.47
8.82 16.5 1.715
8.82 16.5 1.96
8.82 16.5 2.205
8.82 16.5 2.45
8.82 16.75 0.0
8.82 16.75 0.245
8.82 16.75 0.49
8.82 16.75 0.735
8.82 16.75 0.98
8.82 16.75 1.225
8.82 16.75 1.47
8.82 16.75 1.715
8.82 16.75 1.96
8.82 16.75 2.205
8.82 16.75 2.45
8.82 17.0 0.0
8.82 17.0 0.245
8.82 17.0 0.49
8.82 17.0 0.735
8.82 17.0 0.98
8.82 17.0 1.225
8.82 17.0 1.47
8.82 17.0 1.715
8.82 17.0 1.96
8.82 17.0 2.205
8.82 17.0 2.45
8.82 17.25 0.0
8.82 17.25 0.245
8.82 17.25 0.49
8.82 17.25 0.735
8.82 17.25 0.98
8.82 17.25 1.225
8.82 17.25 1.47
8.82 17.25 1.715
8.82 17.25 1.96
8.82 17.25 2.205
8.82 17.25 2.45
8.82 17.5 0.0
8.82 17.5 0.245
8.82 17.5 0.49
8.82 17.5 0.735
8.82 17.5 0.98
8.82 17.5 1.225
8.82 17.5 1.47
8.82 17.5 1.715
8.82 17.5 1.96
8.82 17.5 2.205
8.82 17.5 2.45
8.82 17.75 0.0
8.82 17.75 0.245
8.82 17.75 0.49
8.82 17.75 0.735
8.82 17.75 0.98
8.82 17.75 1.225
8.82 17.75 1.47
8.82 17.75 1.715
8.82 17.75 1.96
8.82 17.75 2.205
8.82 17.75 2.45
8.82 18.0 0.0
8.82 18.0 0.245
8.82 18.0 0.49
8.82 18.0 0.735
8.82 18.0 0.98
8.82 18.0 1.225
8.82 18.0 1.47
8.82 18.0 1.715
8.82 18.0 1.96
8.82 18.0 2.205
8.82 18.0 2.45
8.82 18.25 0.0
8.82 18.25 0.245
8.82 18.25 0.49
8.82 18.25 0.735
8.82 18.25 0.98
8.82 18.25 1.225
8.82 18.25 1.47
8.82 18.25 1.715
8.82 18.25 1.96
8.82 18.25 2.205
8.82 18.25 2.45
8.82 18.5 0.0
8.82 18.5 0.245
8.82 18.5 0.49
8.82 18.5 0.735
8.82 18.5 0.98
8.82 18.5 1.225
8.82 18.5 1.47
8.82 18.5 1.715
8.82 18.5 1.96
8.82 18.5 2.205
8.82 18.5 2.45
8.82 18.75 0.0
8.82 18.75 0.245
8.82 18.75 0.49
8.82 18.75 0.735
8.82 18.75 0.98
8.82 18.75 1.225
8.82 18.75 1.47
8.82 18.75 1.715
8.82 18.75 1.96
8.82 18.75 2.205
8.82 18.75 2.45
8.82 19.0 0.0
8.82 19.0 0.245
8.82 19.0 0.49
8.82 19.0 0.735
8.82 19.0 0.98
8.82 19.0 1.225
8.82 19.0 1.47
8.82 19.0 1.715
8.82 19.0 1.96
8.82 19.0 2.205
8.82 19.0 2.45
8.82 19.25 0.0
8.82 19.25 0.245
8.82 19.25 0.49
8.82 19.25 0.735
8.82 19.25 0.98
8.82 19.25 1.225
8.82 19.25 1.47
8.82 19.25 1.715
8.82 19.25 1.96
8.82 19.25 2.205
8.82 19.25 2.45
8.82 19.5 0.0
8.82 19.5 0.245
8.82 19.5 0.49
8.82 19.5 0.735
8.82 19.5 0.98
8.82 19.5 1.225
8.82 19.5 1.47
8.82 19.5 1.715
8.82 19.5 1.96
8.82 19.5 2.205
8.82 19.5 2.45
8.82 19.75 0.0
8.82 19.75 0.245
8.82 19.75 0.49
8.82 19.75 0.735
8.82 19.75 0.98
8.82 19.75 1.225
8.82 19.75 1.47
8.82 19.75 1.715
8.82 19.75 1.96
8.82 19.75 2.205
8.82 19.75 2.45
8.82 20.0 0.0
8.82 20.0 0.245
8.82 20.0 0.49
8.82 20.0 0.735
8.82 20.0 0.98
8.82 20.0 1.225
8.82 20.0 1.47
8.82 20.0 1.715
8.82 20.0 1.96
8.82 20.0 2.205
8.82 20.0 2.45
8.82 20.25 0.0
8.82 20.25 0.245
8.82 20.25 0.49
8.82 20.25 0.735
8.82 20.25 0.98
8.82 20.25 1.225
8.82 20.25 1.47
8.82 20.25 1.715
8.82 20.25 1.96
8.82 20.25 2.205
8.82 20.25 2.45
8.82 20.5 0.0
8.82 20.5 0.245
8.82 20.5 0.49
8.82 20.5 0.735
8.82 20.5 0.98
8.82 20.5 1.225
8.82 20.5 1.47
8.82 20.5 1.715
8.82 20.5 1.96
8.82 20.5 2.205
8.82 20.5 2.45
8.82 20.75 0.0
8.82 20.75 0.245
8.82 20.75 0.49
8.82 20.75 0.735
8.82 20.75 0.98
8.82 20.75 1.225
8.82 20.75 1.47
8.82 20.75 1.715
8.82 20.75 1.96
8.82 20.75 2.205
8.82 20.75 2.45
8.82 21.0 0.0
8.82 21.0 0.245
8.82 21.0 0.49
8.82 21.0 0.735
8.82 21.0 0.98
8.82 21.0 1.225
8.82 21.0 1.47
8.82 21.0 1.715
8.82 21.0 1.96
8.82 21.0 2.205
8.82 21.0 2.45
8.82 21.25 0.0
8.82 21.25 0.245
8.82 21.25 0.49
8.82 21.25 0.735
8.82 21.25 0.98
8.82 21.25 1.225
8.82 21.25 1.47
8.82 21.25 1.715
8.82 21.25 1.96
8.82 21.25 2.205
8.82 21.25 2.45
8.82 21.5 0.0
8.82 21.5 0.245
8.82 21.5 0.49
8.82 21.5 0.735
8.82 21.5 0.98
8.82 21.5 1.225
8.82 21.5 1.47
8.82 21.5 1.715
8.82 21.5 1.96
8.82 21.5 2.205
8.82 21.5 2.45
8.82 21.75 0.0
8.82 21.75 0.245
8.82 21.75 0.49
8.82 21.75 0.735
8.82 21.75 0.98
8.82 21.75 1.225
8.82 21.75 1.47
8.82 21.75 1.715
8.82 21.75 1.96
8.82 21.75 2.205
8.82 21.75 2.45
8.82 22.0 0.0
8.82 22.0 0.245
8.82 22.0 0.49
8.82 22.0 0.735
8.82 22.0 0.98
8.82 22.0 1.225
8.82 22.0 1.47
8.82 22.0 1.715
8.82 22.0 1.96
8.82 22.0 2.205
8.82 22.0 2.45
8.82 22.25 0.0
8.82 22.25 0.245
8.82 22.25 0.49
8.82 22.25 0.735
8.82 22.25 0.98
8.82 22.25 1.225
8.82 22.25 1.47
8.82 22.25 1.715
8.82 22.25 1.96
8.82 22.25 2.205
8.82 22.25 2.45
8.82 22.5 0.0
8.82 22.5 0.245
8.82 22.5 0.49
8.82 22.5 0.735
8.82 22.5 0.98
8.82 22.5 1.225
8.82 22.5 1.47
8.82 22.5 1.715
8.82 22.5 1.96
8.82 22.5 2.205
8.82 22.5 2.45
8.82 22.75 0.0
8.82 22.75 0.245
8.82 22.75 0.49
8.82 22.75 0.735
8.82 22.75 0.98
8.82 22.75 1.225
8.82 22.75 1.47
8.82 22.75 1.715
8.82 22.75 1.96
8.82 22.75 2.205
8.82 22.75 2.45
8.82 23.0 0.0
8.82 23.0 0.245
8.82 23.0 0.49
8.82 23.0 0.735
8.82 23.0 0.98
8.82 23.0 1.225
8.82 23.0 1.47
8.82 23.0 1.715
8.82 23.0 1.96
8.82 23.0 2.205
8.82 23.0 2.45
8.82 23.25 0.0
8.82 23.25 0.245
8.82 23.25 0.49
8.82 23.25 0.735
8.82 23.25 0.98
8.82 23.25 1.225
8.82 23.25 1.47
8.82 23.25 1.715
8.82 23.25 1.96
8.82 23.25 2.205
8.82 23.25 2.45
8.82 23.5 0.0
8.82 23.5 0.245
8.82 23.5 0.49
8.82 23.5 0.735
8.82 23.5 0.98
8.82 23.5 1.225
8.82 23.5 1.47
8.82 23.5 1.715
8.82 23.5 1.96
8.82 23.5 2.205
8.82 23.5 2.45
8.82 23.75 0.0
8.82 23.75 0.245
8.82 23.75 0.49
8.82 23.75 0.735
8.82 23.75 0.98
8.82 23.75 1.225
8.82 23.75 1.47
8.82 23.75 1.715
8.82 23.75 1.96
8.82 23.75 2.205
8.82 23.75 2.45
8.82 24.0 0.0
8.82 24.0 0.245
8.82 24.0 0.49
8.82 24.0 0.735
8.82 24.0 0.98
8.82 24.0 1.225
8.82 24.0 1.47
8.82 24.0 1.715
8.82 24.0 1.96
8.82 24.0 2.205
8.82 24.0 2.45
9.0 -1.0 -0.3
9.0 -1.0 -0.15
9.0 -1.0 0.0
9.0 -0.75 -0.3
9.0 -0.75 0.0
9.0 -0.5 -0.3
9.0 -0.5 0.0
9.0 -0.25 -0.3
9.0 -0.25 0.0
9.0 0.0 -0.3
9.0 0.0 -0.22
9.0 0.0 0.0
9.0 0.0 0.245
9.0 0.0 0.49
9.0 0.0 0.735
9.0 0.0 0.98
9.0 0.0 1.225
9.0 0.0 1.47
9.0 0.0 1.715
9.0 0.0 1.96
9.0 0.0 2.205
9.0 0.0 2.45
9.0 0.0 2.67
9.0 0.18 0.0
9.0 0.18 0.245
9.0 0.18 0.49
9.0 0.18 0.735
9.0 0.18 0.98
9.0 0.18 1.225
9.0 0.18 1.47
9.0 0.18 1.715
9.0 0.18 1.96
9.0 0.18 2.205
9.0 0.18 2.45
9.0 0.2453 -0.22
9.0 0.2453 0.0
9.0 0.25 -0.3
9.0 0.25 0.0
9.0 0.25 0.245
9.0 0.25 0.49
9.0 0.25 0.735
9.0 0.25 0.98
9.0 0.25 1.225
9.0 0.25 1.47
9.0 0.25 1.715
9.0 0.25 1.96
9.0 0.25 2.205
9.0 0.25 2.45
9.0 0.25 2.67
9.0 0.4906 -0.22
9.0 0.4906 0.0
9.0 0.5 -0.3
9.0 0.5 0.0
9.0 0.5 0.245
9.0 0.5 0.49
9.0 0.5 0.735
9.0 0.5 0.98
9.0 0.5 1.225
9.0 0.5 1.47
9.0 0.5 1.715
9.0 0.5 1.96
9.0 0.5 2.205
9.0 0.5 2.45
9.0 0.5 2.67
9.0 0.7359 -0.22
9.0 0.7359 0.0
9.0 0.75 -0.3
9.0 0.75 0.0
9.0 0.75 0.245
9.0 0.75 0.49
9.0 0.75 0.735
9.0 0.75 0.98
9.0 0.75 1.225
9.0 0.75 1.47
9.0 0.75 1.715
9.0 0.75 1.96
9.0 0.75 2.205
9.0 0.75 2.45
9.0 0.75 2.67
9.0 0.9813 -0.22
9.0 0.9813 0.0
9.0 1.0 -0.3
9.0 1.0 0.0
9.0 1.0 0.245
9.0 1.0 0.49
9.0 1.0 0.735
9.0 1.0 0.98
9.0 1.0 1.225
9.0 1.0 1.47
9.0 1.0 1.715
9.0 1.0 1.96
9.0 1.0 2.205
9.0 1.0 2.45
9.0 1.0 2.67
9.0 1.2266 -0.22
9.0 1.2266 0.0
9.0 1.25 -0.3
9.0 1.25 0.0
9.0 1.25 0.245
9.0 1.25 0.49
9.0 1.25 0.735
9.0 1.25 0.98
9.0 1.25 1.225
9.0 1.25 1.47
9.0 1.25 1.715
9.0 1.25 1.96
9.0 1.25 2.205
9.0 1.25 2.45
9.0 1.25 2.67
9.0 1.4719 -0.22
9.0 1.4719 0.0
9.0 1.5 -0.3
9.0 1.5 0.0
9.0 1.5 0.245
9.0 1.5 0.49
9.0 1.5 0.735
9.0 1.5 0.98
9.0 1.5 1.225
9.0 1.5 1.47
9.0 1.5 1.715
9.0 1.5 1.96
9.0 1.5 2.205
9.0 1.5 2.45
9.0 1.5 2.67
9.0 1.7172 -0.22
9.0 1.7172 0.0
9.0 1.75 -0.3
9.0 1.75 0.0
9.0 1.75 0.245
9.0 1.75 0.49
9.0 1.75 0.735
9.0 1.75 0.98
9.0 1.75 1.225
9.0 1.75 1.47
9.0 1.75 1.715
9.0 1.75 1.96
9.0 1.75 2.205
9.0 1.75 2.45
9.0 1.75 2.67
9.0 1.9625 -0.22
9.0 1.9625 0.0
9.0 2.0 -0.3
9.0 2.0 0.0
9.0 2.0 0.245
9.0 2.0 0.49
9.0 2.0 0.735
9.0 2.0 0.98
9.0 2.0 1.225
9.0 2.0 1.47
9.0 2.0 1.715
9.0 2.0 1.96
9.0 2.0 2.205
9.0 2.0 2.45
9.0 2.0 2.67
9.0 2.2078 -0.22
9.0 2.2078 0.0
9.0 2.25 -0.3
9.0 2.25 0.0
9.0 2.25 0.245
9.0 2.25 0.49
9.0 2.25 0.735
9.0 2.25 0.98
9.0 2.25 1.225
9.0 2.25 1.47
9.0 2.25 1.715
9.0 2.25 1.96
9.0 2.25 2.205
9.0 2.25 2.45
9.0 2.25 2.67
9.0 2.4531 -0.22
9.0 2.4531 0.0
9.0 2.5 -0.3
9.0 2.5 0.0
9.0 2.5 0.245
9.0 2.5 0.49
9.0 2.5 0.735
9.0 2.5 0.98
9.0 2.5 1.225
9.0 2.5 1.47
9.0 2.5 1.715
9.0 2.5 1.96
9.0 2.5 2.205
9.0 2.5 2.45
9.0 2.5 2.67
9.0 2.6984 -0.22
9.0 2.6984 0.0
9.0 2.75 -0.3
9.0 2.75 0.0
9.0 2.75 0.245
9.0 2.75 0.49
9.0 2.75 0.735
9.0 2.75 0.98
9.0 2.75 1.225
9.0 2.75 1.47
9.0 2.75 1.715
9.0 2.75 1.96
9.0 2.75 2.205
9.0 2.75 2.45
9.0 2.75 2.67
9.0 2.9437 -0.22
9.0 2.9437 0.0
9.0 3.0 -0.3
9.0 3.0 0.0
9.0 3.0 0.245
9.0 3.0 0.49
9.0 3.0 0.735
9.0 3.0 0.98
9.0 3.0 1.225
9.0 3.0 1.47
9.0 3.0 1.715
9.0 3.0 1.96
9.0 3.0 2.205
9.0 3.0 2.45
9.0 3.0 2.67
9.0 3.1891 -0.22
9.0 3.1891 0.0
9.0 3.25 -0.3
9.0 3.25 0.0
9.0 3.25 0.245
9.0 3.25 0.49
9.0 3.25 0.735
9.0 3.25 0.98
9.0 3.25 1.225
9.0 3.25 1.47
9.0 3.25 1.715
9.0 3.25 1.96
9.0 3.25 2.205
9.0 3.25 2.45
9.0 3.25 2.67
9.0 3.4344 -0.22
9.0 3.4344 0.0
9.0 3.5 -0.3
9.0 3.5 0.0
9.0 3.5 0.245
9.0 3.5 0.49
9.0 3.5 0.735
9.0 3.5 0.98
9.0 3.5 1.225
9.0 3.5 1.47
9.0 3.5 1.715
9.0 3.5 1.96
9.0 3.5 2.205
9.0 3.5 2.45
9.0 3.5 2.67
9.0 3.6797 -0.22
9.0 3.6797 0.0
9.0 3.75 -0.3
9.0 3.75 0.0
9.0 3.75 0.245
9.0 3.75 0.49
9.0 3.75 0.735
9.0 3.75 0.98
9.0 3.75 1.225
9.0 3.75 1.47
9.0 3.75 1.715
9.0 3.75 1.96
9.0 3.75 2.205
9.0 3.75 2.45
9.0 3.75 2.67
9.0 3.925 -0.22
9.0 3.925 0.0
9.0 4.0 -0.3
9.0 4.0 0.0
9.0 4.0 0.245
9.0 4.0 0.49
9.0 4.0 0.735
9.0 4.0 0.98
9.0 4.0 1.225
9.0 4.0 1.47
9.0 4.0 1.715
9.0 4.0 1.96
9.0 4.0 2.205
9.0 4.0 2.45
9.0 4.0 2.67
9.0 4.1703 -0.22
9.0 4.1703 0.0
9.0 4.25 -0.3
9.0 4.25 0.0
9.0 4.25 0.245
9.0 4.25 0.49
9.0 4.25 0.735
9.0 4.25 0.98
9.0 4.25 1.225
9.0 4.25 1.47
9.0 4.25 1.715
9.0 4.25 1.96
9.0 4.25 2.205
9.0 4.25 2.45
9.0 4.25 2.67
9.0 4.4156 -0.22
9.0 4.4156 0.0
9.0 4.5 -0.3
9.0 4.5 0.0
9.0 4.5 0.245
9.0 4.5 0.49
9.0 4.5 0.735
9.0 4.5 0.98
9.0 4.5 1.225
9.0 4.5 1.47
9.0 4.5 1.715
9.0 4.5 1.96
9.0 4.5 2.205
9.0 4.5 2.45
9.0 4.5 2.67
9.0 4.6609 -0.22
9.0 4.6609 0.0
9.0 4.75 -0.3
9.0 4.75 0.0
9.0 4.75 0.245
9.0 4.75 0.49
9.0 4.75 0.735
9.0 4.75 0.98
9.0 4.75 1.225
9.0 4.75 1.47
9.0 4.75 1.715
9.0 4.75 1.96
9.0 4.75 2.205
9.0 4.75 2.45
9.0 4.75 2.67
9.0 4.9062 -0.22
9.0 4.9062 0.0
9.0 5.0 -0.3
9.0 5.0 0.0
9.0 5.0 0.245
9.0 5.0 0.49
9.0 5.0 0.735
9.0 5.0 0.98
9.0 5.0 1.225
9.0 5.0 1.47
9.0 5.0 1.715
9.0 5.0 1.96
9.0 5.0 2.205
9.0 5.0 2.45
9.0 5.0 2.67
9.0 5.1516 -0.22
9.0 5.1516 0.0
9.0 5.25 -0.3
9.0 5.25 0.0
9.0 5.25 0.245
9.0 5.25 0.49
9.0 5.25 0.735
9.0 5.25 0.98
9.0 5.25 1.225
9.0 5.25 1.47
9.0 5.25 1.715
9.0 5.25 1.96
9.0 5.25 2.205
9.0 5.25 2.45
9.0 5.25 2.67
9.0 5.3969 -0.22
9.0 5.3969 0.0
9.0 5.5 -0.3
9.0 5.5 0.0
9.0 5.5 0.245
9.0 5.5 0.49
9.0 5.5 0.735
9.0 5.5 0.98
9.0 5.5 1.225
9.0 5.5 1.47
9.0 5.5 1.715
9.0 5.5 1.96
9.0 5.5 2.205
9.0 5.5 2.45
9.0 5.5 2.67
9.0 5.6422 -0.22
9.0 5.6422 0.0
9.0 5.75 -0.3
9.0 5.75 0.0
9.0 5.75 0.245
9.0 5.75 0.49
9.0 5.75 0.735
9.0 5.75 0.98
9.0 5.75 1.225
9.0 5.75 1.47
9.0 5.75 1.715
9.0 5.75 1.96
9.0 5.75 2.205
9.0 5.75 2.45
9.0 5.75 2.67
9.0 5.8875 -0.22
9.0 5.8875 0.0
9.0 6.0 -0.3
9.0 6.0 0.0
9.0 6.0 0.245
9.0 6.0 0.49
9.0 6.0 0.735
9.0 6.0 0.98
9.0 6.0 1.225
9.0 6.0 1.47
9.0 6.0 1.715
9.0 6.0 1.96
9.0 6.0 2.205
9.0 6.0 2.45
9.0 6.0 2.67
9.0 6.1328 -0.22
9.0 6.1328 0.0
9.0 6.25 -0.3
9.0 6.25 0.0
9.0 6.25 0.245
9.0 6.25 0.49
9.0 6.25 0.735
9.0 6.25 0.98
9.0 6.25 1.225
9.0 6.25 1.47
9.0 6.25 1.715
9.0 6.25 1.96
9.0 6.25 2.205
9.0 6.25 2.45
9.0 6.25 2.67
9.0 6.3781 -0.22
9.0 6.3781 0.0
9.0 6.5 -0.3
9.0 6.5 0.0
9.0 6.5 0.245
9.0 6.5 0.49
9.0 6.5 0.735
9.0 6.5 0.98
9.0 6.5 1.225
9.0 6.5 1.47
9.0 6.5 1.715
9.0 6.5 1.96
9.0 6.5 2.205
9.0 6.5 2.45
9.0 6.5 2.67
9.0 6.6234 -0.22
9.0 6.6234 0.0
9.0 6.75 -0.3
9.0 6.75 0.0
9.0 6.75 0.245
9.0 6.75 0.49
9.0 6.75 0.735
9.0 6.75 0.98
9.0 6.75 1.225
9.0 6.75 1.47
9.0 6.75 1.715
9.0 6.75 1.96
9.0 6.75 2.205
9.0 6.75 2.45
9.0 6.75 2.67
9.0 6.8687 -0.22
9.0 6.8687 0.0
9.0 7.0 -0.3
9.0 7.0 0.0
9.0 7.0 0.245
9.0 7.0 0.49
9.0 7.0 0.735
9.0 7.0 0.98
9.0 7.0 1.225
9.0 7.0 1.47
9.0 7.0 1.715
9.0 7.0 1.96
9.0 7.0 2.205
9.0 7.0 2.45
9.0 7.0 2.67
9.0 7.1141 -0.22
9.0 7.1141 0.0
9.0 7.25 -0.3
9.0 7.25 0.0
9.0 7.25 0.245
9.0 7.25 0.49
9.0 7.25 0.735
9.0 7.25 0.98
9.0 7.25 1.225
9.0 7.25 1.47
9.0 7.25 1.715
9.0 7.25 1.96
9.0 7.25 2.205
9.0 7.25 2.45
9.0 7.25 2.67
9.0 7.3594 -0.22
9.0 7.3594 0.0
9.0 7.5 -0.3
9.0 7.5 0.0
9.0 7.5 0.245
9.0 7.5 0.49
9.0 7.5 0.735
9.0 7.5 0.98
9.0 7.5 1.225
9.0 7.5 1.47
9.0 7.5 1.715
9.0 7.5 1.96
9.0 7.5 2.205
9.0 7.5 2.45
9.0 7.5 2.67
9.0 7.6047 -0.22
9.0 7.6047 0.0
9.0 7.75 -0.3
9.0 7.75 0.0
9.0 7.75 0.245
9.0 7.75 0.49
9.0 7.75 0.735
9.0 7.75 0.98
9.0 7.75 1.225
9.0 7.75 1.47
9.0 7.75 1.715
9.0 7.75 1.96
9.0 7.75 2.205
9.0 7.75 2.45
9.0 7.75 2.67
9.0 7.85 -0.22
9.0 7.85 0.0
9.0 8.0 -0.3
9.0 8.0 0.0
9.0 8.0 0.245
9.0 8.0 0.49
9.0 8.0 0.735
9.0 8.0 0.98
9.0 8.0 1.225
9.0 8.0 1.47
9.0 8.0 1.715
9.0 8.0 1.96
9.0 8.0 2.205
9.0 8.0 2.45
9.0 8.0 2.67
9.0 8.0985 -0.22
9.0 8.0985 0.0
9.0 8.25 -0.3
9.0 8.25 0.0
9.0 8.25 0.245
9.0 8.25 0.49
9.0 8.25 0.735
9.0 8.25 0.98
9.0 8.25 1.225
9.0 8.25 1.47
9.0 8.25 1.715
9.0 8.25 1.96
9.0 8.25 2.205
9.0 8.25 2.45
9.0 8.25 2.67
9.0 8.3469 -0.22
9.0 8.3469 0.0
9.0 8.5 -0.3
9.0 8.5 0.0
9.0 8.5 0.245
9.0 8.5 0.49
9.0 8.5 0.735
9.0 8.5 0.98
9.0 8.5 1.225
9.0 8.5 1.47
9.0 8.5 1.715
9.0 8.5 1.96
9.0 8.5 2.205
9.0 8.5 2.45
9.0 8.5 2.67
9.0 8.5954 -0.22
9.0 8.5954 0.0
9.0 8.75 -0.3
9.0 8.75 0.0
9.0 8.75 0.245
9.0 8.75 0.49
9.0 8.75 0.735
9.0 8.75 0.98
9.0 8.75 1.225
9.0 8.75 1.47
9.0 8.75 1.715
9.0 8.75 1.96
9.0 8.75 2.205
9.0 8.75 2.45
9.0 8.75 2.67
9.0 8.8438 -0.22
9.0 8.8438 0.0
9.0 9.0 -0.3
9.0 9.0 0.0
9.0 9.0 0.245
9.0 9.0 0.49
9.0 9.0 0.735
9.0 9.0 0.98
9.0 9.0 1.225
9.0 9.0 1.47
9.0 9.0 1.715
9.0 9.0 1.96
9.0 9.0 2.205
9.0 9.0 2.45
9.0 9.0 2.67
9.0 9.0923 -0.22
9.0 9.0923 0.0
9.0 9.25 -0.3
9.0 9.25 0.0
9.0 9.25 0.245
9.0 9.25 0.49
9.0 9.25 0.735
9.0 9.25 0.98
9.0 9.25 1.225
9.0 9.25 1.47
9.0 9.25 1.715
9.0 9.25 1.96
9.0 9.25 2.205
9.0 9.25 2.45
9.0 9.25 2.67
9.0 9.3408 -0.22
9.0 9.3408 0.0
9.0 9.5 -0.3
9.0 9.5 0.0
9.0 9.5 0.245
9.0 9.5 0.49
9.0 9.5 0.735
9.0 9.5 0.98
9.0 9.5 1.225
9.0 9.5 1.47
9.0 9.5 1.715
9.0 9.5 1.96
9.0 9.5 2.205
9.0 9.5 2.45
9.0 9.5 2.67
9.0 9.5892 -0.22
9.0 9.5892 0.0
9.0 9.75 -0.3
9.0 9.75 0.0
9.0 9.75 0.245
9.0 9.75 0.49
9.0 9.75 0.735
9.0 9.75 0.98
9.0 9.75 1.225
9.0 9.75 1.47
9.0 9.75 1.715
9.0 9.75 1.96
9.0 9.75 2.205
9.0 9.75 2.45
9.0 9.75 2.67
9.0 9.8377 -0.22
9.0 9.8377 0.0
9.0 10.0 -0.3
9.0 10.0 0.0
9.0 10.0 0.245
9.0 10.0 0.49
9.0 10.0 0.735
9.0 10.0 0.98
9.0 10.0 1.225
9.0 10.0 1.47
9.0 10.0 1.715
9.0 10.0 1.96
9.0 10.0 2.205
9.0 10.0 2.45
9.0 10.0 2.67
9.0 10.0862 -0.22
9.0 10.0862 0.0
9.0 10.25 -0.3
9.0 10.25 0.0
9.0 10.25 0.245
9.0 10.25 0.49
9.0 10.25 0.735
9.0 10.25 0.98
9.0 10.25 1.225
9.0 10.25 1.47
9.0 10.25 1.715
9.0 10.25 1.96
9.0 10.25 2.205
9.0 10.25 2.45
9.0 10.25 2.67
9.0 10.3346 -0.22
9.0 10.3346 0.0
9.0 10.5 -0.3
9.0 10.5 0.0
9.0 10.5 0.245
9.0 10.5 0.49
9.0 10.5 0.735
9.0 10.5 0.98
9.0 10.5 1.225
9.0 10.5 1.47
9.0 10.5 1.715
9.0 10.5 1.96
9.0 10.5 2.205
9.0 10.5 2.45
9.0 10.5 2.67
9.0 10.5831 -0.22
9.0 10.5831 0.0
9.0 10.75 -0.3
9.0 10.75 0.0
9.0 10.75 0.245
9.0 10.75 0.49
9.0 10.75 0.735
9.0 10.75 0.98
9.0 10.75 1.225
9.0 10.75 1.47
9.0 10.75 1.715
9.0 10.75 1.96
9.0 10.75 2.205
9.0 10.75 2.45
9.0 10.75 2.67
9.0 10.8315 -0.22
9.0 10.8315 0.0
9.0 11.0 -0.3
9.0 11.0 0.0
9.0 11.0 0.245
9.0 11.0 0.49
9.0 11.0 0.735
9.0 11.0 0.98
9.0 11.0 1.225
9.0 11.0 1.47
9.0 11.0 1.715
9.0 11.0 1.96
9.0 11.0 2.205
9.0 11.0 2.45
9.0 11.0 2.67
9.0 11.08 -0.22
9.0 11.08 0.0
9.0 11.25 -0.3
9.0 11.25 0.0
9.0 11.25 0.245
9.0 11.25 0.49
9.0 11.25 0.735
9.0 11.25 0.98
9.0 11.25 1.225
9.0 11.25 1.47
9.0 11.25 1.715
9.0 11.25 1.96
9.0 11.25 2.205
9.0 11.25 2.45
9.0 11.25 2.67
9.0 11.3285 -0.22
9.0 11.3285 0.0
9.0 11.5 -0.3
9.0 11.5 0.0
9.0 11.5 0.245
9.0 11.5 0.49
9.0 11.5 0.735
9.0 11.5 0.98
9.0 11.5 1.225
9.0 11.5 1.47
9.0 11.5 1.715
9.0 11.5 1.96
9.0 11.5 2.205
9.0 11.5 2.45
9.0 11.5 2.67
9.0 11.5769 -0.22
9.0 11.5769 0.0
9.0 11.75 -0.3
9.0 11.75 0.0
9.0 11.75 0.245
9.0 11.75 0.49
9.0 11.75 0.735
9.0 11.75 0.98
9.0 11.75 1.225
9.0 11.75 1.47
9.0 11.75 1.715
9.0 11.75 1.96
9.0 11.75 2.205
9.0 11.75 2.45
9.0 11.75 2.67
9.0 11.8254 -0.22
9.0 11.8254 0.0
9.0 12.0 -0.3
9.0 12.0 0.0
9.0 12.0 0.245
9.0 12.0 0.49
9.0 12.0 0.735
9.0 12.0 0.98
9.0 12.0 1.225
9.0 12.0 1.47
9.0 12.0 1.715
9.0 12.0 1.96
9.0 12.0 2.205
9.0 12.0 2.45
9.0 12.0 2.67
9.0 12.0738 -0.22
9.0 12.0738 0.0
9.0 12.25 -0.3
9.0 12.25 0.0
9.0 12.25 0.245
9.0 12.25 0.49
9.0 12.25 0.735
9.0 12.25 0.98
9.0 12.25 1.225
9.0 12.25 1.47
9.0 12.25 1.715
9.0 12.25 1.96
9.0 12.25 2.205
9.0 12.25 2.45
9.0 12.25 2.67
9.0 12.3223 -0.22
9.0 12.3223 0.0
9.0 12.5 -0.3
9.0 12.5 0.0
9.0 12.5 0.245
9.0 12.5 0.49
9.0 12.5 0.735
9.0 12.5 0.98
9.0 12.5 1.225
9.0 12.5 1.47
9.0 12.5 1.715
9.0 12.5 1.96
9.0 12.5 2.205
9.0 12.5 2.45
9.0 12.5 2.67
9.0 12.5708 -0.22
9.0 12.5708 0.0
9.0 12.75 -0.3
9.0 12.75 0.0
9.0 12.75 0.245
9.0 12.75 0.49
9.0 12.75 0.735
9.0 12.75 0.98
9.0 12.75 1.225
9.0 12.75 1.47
9.0 12.75 1.715
9.0 12.75 1.96
9.0 12.75 2.205
9.0 12.75 2.45
9.0 12.75 2.67
9.0 12.8192 -0.22
9.0 12.8192 0.0
9.0 13.0 -0.3
9.0 13.0 0.0
9.0 13.0 0.245
9.0 13.0 0.49
9.0 13.0 0.735
9.0 13.0 0.98
9.0 13.0 1.225
9.0 13.0 1.47
9.0 13.0 1.715
9.0 13.0 1.96
9.0 13.0 2.205
9.0 13.0 2.45
9.0 13.0 2.67
9.0 13.0677 -0.22
9.0 13.0677 0.0
9.0 13.25 -0.3
9.0 13.25 0.0
9.0 13.25 0.245
9.0 13.25 0.49
9.0 13.25 0.735
9.0 13.25 0.98
9.0 13.25 1.225
9.0 13.25 1.47
9.0 13.25 1.715
9.0 13.25 1.96
9.0 13.25 2.205
9.0 13.25 2.45
9.0 13.25 2.67
9.0 13.3162 -0.22
9.0 13.3162 0.0
9.0 13.5 -0.3
9.0 13.5 0.0
9.0 13.5 0.245
9.0 13.5 0.49
9.0 13.5 0.735
9.0 13.5 0.98
9.0 13.5 1.225
9.0 13.5 1.47
9.0 13.5 1.715
9.0 13.5 1.96
9.0 13.5 2.205
9.0 13.5 2.45
9.0 13.5 2.67
9.0 13.5646 -0.22
9.0 13.5646 0.0
9.0 13.75 -0.3
9.0 13.75 0.0
9.0 13.75 0.245
9.0 13.75 0.49
9.0 13.75 0.735
9.0 13.75 0.98
9.0 13.75 1.225
9.0 13.75 1.47
9.0 13.75 1.715
9.0 13.75 1.96
9.0 13.75 2.205
9.0 13.75 2.45
9.0 13.75 2.67
9.0 13.8131 -0.22
9.0 13.8131 0.0
9.0 14.0 -0.3
9.0 14.0 0.0
9.0 14.0 0.245
9.0 14.0 0.49
9.0 14.0 0.735
9.0 14.0 0.98
9.0 14.0 1.225
9.0 14.0 1.47
9.0 14.0 1.715
9.0 14.0 1.96
9.0 14.0 2.205
9.0 14.0 2.45
9.0 14.0 2.67
9.0 14.0615 -0.22
9.0 14.0615 0.0
9.0 14.25 -0.3
9.0 14.25 0.0
9.0 14.25 0.245
9.0 14.25 0.49
9.0 14.25 0.735
9.0 14.25 0.98
9.0 14.25 1.225
9.0 14.25 1.47
9.0 14.25 1.715
9.0 14.25 1.96
9.0 14.25 2.205
9.0 14.25 2.45
9.0 14.25 2.67
9.0 14.31 -0.22
9.0 14.31 0.0
9.0 14.5 -0.3
9.0 14.5 0.0
9.0 14.5 0.245
9.0 14.5 0.49
9.0 14.5 0.735
9.0 14.5 0.98
9.0 14.5 1.225
9.0 14.5 1.47
9.0 14.5 1.715
9.0 14.5 1.96
9.0 14.5 2.205
9.0 14.5 2.45
9.0 14.5 2.67
9.0 14.5585 -0.22
9.0 14.5585 0.0
9.0 14.75 -0.3
9.0 14.75 0.0
9.0 14.75 0.245
9.0 14.75 0.49
9.0 14.75 0.735
9.0 14.75 0.98
9.0 14.75 1.225
9.0 14.75 1.47
9.0 14.75 1.715
9.0 14.75 1.96
9.0 14.75 2.205
9.0 14.75 2.45
9.0 14.75 2.67
9.0 14.8069 -0.22
9.0 14.8069 0.0
9.0 15.0 -0.3
9.0 15.0 0.0
9.0 15.0 0.245
9.0 15.0 0.49
9.0 15.0 0.735
9.0 15.0 0.98
9.0 15.0 1.225
9.0 15.0 1.47
9.0 15.0 1.715
9.0 15.0 1.96
9.0 15.0 2.205
9.0 15.0 2.45
9.0 15.0 2.67
9.0 15.0554 -0.22
9.0 15.0554 0.0
9.0 15.25 -0.3
9.0 15.25 0.0
9.0 15.25 0.245
9.0 15.25 0.49
9.0 15.25 0.735
9.0 15.25 0.98
9.0 15.25 1.225
9.0 15.25 1.47
9.0 15.25 1.715
9.0 15.25 1.96
9.0 15.25 2.205
9.0 15.25 2.45
9.0 15.25 2.67
9.0 15.3038 -0.22
9.0 15.3038 0.0
9.0 15.5 -0.3
9.0 15.5 0.0
9.0 15.5 0.245
9.0 15.5 0.49
9.0 15.5 0.735
9.0 15.5 0.98
9.0 15.5 1.225
9.0 15.5 1.47
9.0 15.5 1.715
9.0 15.5 1.96
9.0 15.5 2.205
9.0 15.5 2.45
9.0 15.5 2.67
9.0 15.5523 -0.22
9.0 15.5523 0.0
9.0 15.75 -0.3
9.0 15.75 0.0
9.0 15.75 0.245
9.0 15.75 0.49
9.0 15.75 0.735
9.0 15.75 0.98
9.0 15.75 1.225
9.0 15.75 1.47
9.0 15.75 1.715
9.0 15.75 1.96
9.0 15.75 2.205
9.0 15.75 2.45
9.0 15.75 2.67
9.0 15.8008 -0.22
9.0 15.8008 0.0
9.0 16.0 -0.3
9.0 16.0 0.0
9.0 16.0 0.245
9.0 16.0 0.49
9.0 16.0 0.735
9.0 16.0 0.98
9.0 16.0 1.225
9.0 16.0 1.47
9.0 16.0 1.715
9.0 16.0 1.96
9.0 16.0 2.205
9.0 16.0 2.45
9.0 16.0 2.67
9.0 16.0492 -0.22
9.0 16.0492 0.0
9.0 16.25 -0.3
9.0 16.25 0.0
9.0 16.25 0.245
9.0 16.25 0.49
9.0 16.25 0.735
9.0 16.25 0.98
9.0 16.25 1.225
9.0 16.25 1.47
9.0 16.25 1.715
9.0 16.25 1.96
9.0 16.25 2.205
9.0 16.25 2.45
9.0 16.25 2.67
9.0 16.2977 -0.22
9.0 16.2977 0.0
9.0 16.5 -0.3
9.0 16.5 0.0
9.0 16.5 0.245
9.0 16.5 0.49
9.0 16.5 0.735
9.0 16.5 0.98
9.0 16.5 1.225
9.0 16.5 1.47
9.0 16.5 1.715
9.0 16.5 1.96
9.0 16.5 2.205
9.0 16.5 2.45
9.0 16.5 2.67
9.0 16.5462 -0.22
9.0 16.5462 0.0
9.0 16.75 -0.3
9.0 16.75 0.0
9.0 16.75 0.245
9.0 16.75 0.49
9.0 16.75 0.735
9.0 16.75 0.98
9.0 16.75 1.225
9.0 16.75 1.47
9.0 16.75 1.715
9.0 16.75 1.96
9.0 16.75 2.205
9.0 16.75 2.45
9.0 16.75 2.67
9.0 16.7946 -0.22
9.0 16.7946 0.0
9.0 17.0 -0.3
9.0 17.0 0.0
9.0 17.0 0.245
9.0 17.0 0.49
9.0 17.0 0.735
9.0 17.0 0.98
9.0 17.0 1.225
9.0 17.0 1.47
9.0 17.0 1.715
9.0 17.0 1.96
9.0 17.0 2.205
9.0 17.0 2.45
9.0 17.0 2.67
9.0 17.0431 -0.22
9.0 17.0431 0.0
9.0 17.25 -0.3
9.0 17.25 0.0
9.0 17.25 0.245
9.0 17.25 0.49
9.0 17.25 0.735
9.0 17.25 0.98
9.0 17.25 1.225
9.0 17.25 1.47
9.0 17.25 1.715
9.0 17.25 1.96
9.0 17.25 2.205
9.0 17.25 2.45
9.0 17.25 2.67
9.0 17.2915 -0.22
9.0 17.2915 0.0
9.0 17.5 -0.3
9.0 17.5 0.0
9.0 17.5 0.245
9.0 17.5 0.49
9.0 17.5 0.735
9.0 17.5 0.98
9.0 17.5 1.225
9.0 17.5 1.47
9.0 17.5 1.715
9.0 17.5 1.96
9.0 17.5 2.205
9.0 17.5 2.45
9.0 17.5 2.67
9.0 17.54 -0.22
9.0 17.54 0.0
9.0 17.75 -0.3
9.0 17.75 0.0
9.0 17.75 0.245
9.0 17.75 0.49
9.0 17.75 0.735
9.0 17.75 0.98
9.0 17.75 1.225
9.0 17.75 1.47
9.0 17.75 1.715
9.0 17.75 1.96
9.0 17.75 2.205
9.0 17.75 2.45
9.0 17.75 2.67
9.0 17.7885 -0.22
9.0 17.7885 0.0
9.0 18.0 -0.3
9.0 18.0 0.0
9.0 18.0 0.245
9.0 18.0 0.49
9.0 18.0 0.735
9.0 18.0 0.98
9.0 18.0 1.225
9.0 18.0 1.47
9.0 18.0 1.715
9.0 18.0 1.96
9.0 18.0 2.205
9.0 18.0 2.45
9.0 18.0 2.67
9.0 18.0369 -0.22
9.0 18.0369 0.0
9.0 18.25 -0.3
9.0 18.25 0.0
9.0 18.25 0.245
9.0 18.25 0.49
9.0 18.25 0.735
9.0 18.25 0.98
9.0 18.25 1.225
9.0 18.25 1.47
9.0 18.25 1.715
9.0 18.25 1.96
9.0 18.25 2.205
9.0 18.25 2.45
9.0 18.25 2.67
9.0 18.2854 -0.22
9.0 18.2854 0.0
9.0 18.5 -0.3
9.0 18.5 0.0
9.0 18.5 0.245
9.0 18.5 0.49
9.0 18.5 0.735
9.0 18.5 0.98
9.0 18.5 1.225
9.0 18.5 1.47
9.0 18.5 1.715
9.0 18.5 1.96
9.0 18.5 2.205
9.0 18.5 2.45
9.0 18.5 2.67
9.0 18.5338 -0.22
9.0 18.5338 0.0
9.0 18.75 -0.3
9.0 18.75 0.0
9.0 18.75 0.245
9.0 18.75 0.49
9.0 18.75 0.735
9.0 18.75 0.98
9.0 18.75 1.225
9.0 18.75 1.47
9.0 18.75 1.715
9.0 18.75 1.96
9.0 18.75 2.205
9.0 18.75 2.45
9.0 18.75 2.67
9.0 18.7823 -0.22
9.0 18.7823 0.0
9.0 19.0 -0.3
9.0 19.0 0.0
9.0 19.0 0.245
9.0 19.0 0.49
9.0 19.0 0.735
9.0 19.0 0.98
9.0 19.0 1.225
9.0 19.0 1.47
9.0 19.0 1.715
9.0 19.0 1.96
9.0 19.0 2.205
9.0 19.0 2.45
9.0 19.0 2.67
9.0 19.0308 -0.22
9.0 19.0308 0.0
9.0 19.25 -0.3
9.0 19.25 0.0
9.0 19.25 0.245
9.0 19.25 0.49
9.0 19.25 0.735
9.0 19.25 0.98
9.0 19.25 1.225
9.0 19.25 1.47
9.0 19.25 1.715
9.0 19.25 1.96
9.0 19.25 2.205
9.0 19.25 2.45
9.0 19.25 2.67
9.0 19.2792 -0.22
9.0 19.2792 0.0
9.0 19.5 -0.3
9.0 19.5 0.0
9.0 19.5 0.245
9.0 19.5 0.49
9.0 19.5 0.735
9.0 19.5 0.98
9.0 19.5 1.225
9.0 19.5 1.47
9.0 19.5 1.715
9.0 19.5 1.96
9.0 19.5 2.205
9.0 19.5 2.45
9.0 19.5 2.67
9.0 19.5277 -0.22
9.0 19.5277 0.0
9.0 19.75 -0.3
9.0 19.75 0.0
9.0 19.75 0.245
9.0 19.75 0.49
9.0 19.75 0.735
9.0 19.75 0.98
9.0 19.75 1.225
9.0 19.75 1.47
9.0 19.75 1.715
9.0 19.75 1.96
9.0 19.75 2.205
9.0 19.75 2.45
9.0 19.75 2.67
9.0 19.7762 -0.22
9.0 19.7762 0.0
9.0 20.0 -0.3
9.0 20.0 0.0
9.0 20.0 0.245
9.0 20.0 0.49
9.0 20.0 0.735
9.0 20.0 0.98
9.0 20.0 1.225
9.0 20.0 1.47
9.0 20.0 1.715
9.0 20.0 1.96
9.0 20.0 2.205
9.0 20.0 2.45
9.0 20.0 2.67
9.0 20.0246 -0.22
9.0 20.0246 0.0
9.0 20.25 -0.3
9.0 20.25 0.0
9.0 20.25 0.245
9.0 20.25 0.49
9.0 20.25 0.735
9.0 20.25 0.98
9.0 20.25 1.225
9.0 20.25 1.47
9.0 20.25 1.715
9.0 20.25 1.96
9.0 20.25 2.205
9.0 20.25 2.45
9.0 20.25 2.67
9.0 20.2731 -0.22
9.0 20.2731 0.0
9.0 20.5 -0.3
9.0 20.5 0.0
9.0 20.5 0.245
9.0 20.5 0.49
9.0 20.5 0.735
9.0 20.5 0.98
9.0 20.5 1.225
9.0 20.5 1.47
9.0 20.5 1.715
9.0 20.5 1.96
9.0 20.5 2.205
9.0 20.5 2.45
9.0 20.5 2.67
9.0 20.5215 -0.22
9.0 20.5215 0.0
9.0 20.75 -0.3
9.0 20.75 0.0
9.0 20.75 0.245
9.0 20.75 0.49
9.0 20.75 0.735
9.0 20.75 0.98
9.0 20.75 1.225
9.0 20.75 1.47
9.0 20.75 1.715
9.0 20.75 1.96
9.0 20.75 2.205
9.0 20.75 2.45
9.0 20.75 2.67
9.0 20.77 -0.22
9.0 20.77 0.0
9.0 21.0 -0.3
9.0 21.0 0.0
9.0 21.0 0.245
9.0 21.0 0.49
9.0 21.0 0.735
9.0 21.0 0.98
9.0 21.0 1.225
9.0 21.0 1.47
9.0 21.0 1.715
9.0 21.0 1.96
9.0 21.0 2.205
9.0 21.0 2.45
9.0 21.0 2.67
9.0 21.0185 -0.22
9.0 21.0185 0.0
9.0 21.25 -0.3
9.0 21.25 0.0
9.0 21.25 0.245
9.0 21.25 0.49
9.0 21.25 0.735
9.0 21.25 0.98
9.0 21.25 1.225
9.0 21.25 1.47
9.0 21.25 1.715
9.0 21.25 1.96
9.0 21.25 2.205
9.0 21.25 2.45
9.0 21.25 2.67
9.0 21.2669 -0.22
9.0 21.2669 0.0
9.0 21.5 -0.3
9.0 21.5 0.0
9.0 21.5 0.245
9.0 21.5 0.49
9.0 21.5 0.735
9.0 21.5 0.98
9.0 21.5 1.225
9.0 21.5 1.47
9.0 21.5 1.715
9.0 21.5 1.96
9.0 21.5 2.205
9.0 21.5 2.45
9.0 21.5 2.67
9.0 21.5154 -0.22
9.0 21.5154 0.0
9.0 21.75 -0.3
9.0 21.75 0.0
9.0 21.75 0.245
9.0 21.75 0.49
9.0 21.75 0.735
9.0 21.75 0.98
9.0 21.75 1.225
9.0 21.75 1.47
9.0 21.75 1.715
9.0 21.75 1.96
9.0 21.75 2.205
9.0 21.75 2.45
9.0 21.75 2.67
9.0 21.7638 -0.22
9.0 21.7638 0.0
9.0 22.0 -0.3
9.0 22.0 0.0
9.0 22.0 0.245
9.0 22.0 0.49
9.0 22.0 0.735
9.0 22.0 0.98
9.0 22.0 1.225
9.0 22.0 1.47
9.0 22.0 1.715
9.0 22.0 1.96
9.0 22.0 2.205
9.0 22.0 2.45
9.0 22.0 2.67
9.0 22.0123 -0.22
9.0 22.0123 0.0
9.0 22.25 -0.3
9.0 22.25 0.0
9.0 22.25 0.245
9.0 22.25 0.49
9.0 22.25 0.735
9.0 22.25 0.98
9.0 22.25 1.225
9.0 22.25 1.47
9.0 22.25 1.715
9.0 22.25 1.96
9.0 22.25 2.205
9.0 22.25 2.45
9.0 22.25 2.67
9.0 22.2608 -0.22
9.0 22.2608 0.0
9.0 22.5 -0.3
9.0 22.5 0.0
9.0 22.5 0.245
9.0 22.5 0.49
9.0 22.5 0.735
9.0 22.5 0.98
9.0 22.5 1.225
9.0 22.5 1.47
9.0 22.5 1.715
9.0 22.5 1.96
9.0 22.5 2.205
9.0 22.5 2.45
9.0 22.5 2.67
9.0 22.5092 -0.22
9.0 22.5092 0.0
9.0 22.75 -0.3
9.0 22.75 0.0
9.0 22.75 0.245
9.0 22.75 0.49
9.0 22.75 0.735
9.0 22.75 0.98
9.0 22.75 1.225
9.0 22.75 1.47
9.0 22.75 1.715
9.0 22.75 1.96
9.0 22.75 2.205
9.0 22.75 2.45
9.0 22.75 2.67
9.0 22.7577 -0.22
9.0 22.7577 0.0
9.0 23.0 -0.3
9.0 23.0 0.0
9.0 23.0 0.245
9.0 23.0 0.49
9.0 23.0 0.735
9.0 23.0 0.98
9.0 23.0 1.225
9.0 23.0 1.47
9.0 23.0 1.715
9.0 23.0 1.96
9.0 23.0 2.205
9.0 23.0 2.45
9.0 23.0 2.67
9.0 23.0062 -0.22
9.0 23.0062 0.0
9.0 23.25 -0.3
9.0 23.25 0.0
9.0 23.25 0.245
9.0 23.25 0.49
9.0 23.25 0.735
9.0 23.25 0.98
9.0 23.25 1.225
9.0 23.25 1.47
9.0 23.25 1.715
9.0 23.25 1.96
9.0 23.25 2.205
9.0 23.25 2.45
9.0 23.25 2.67
9.0 23.2546 -0.22
9.0 23.2546 0.0
9.0 23.5 -0.3
9.0 23.5 0.0
9.0 23.5 0.245
9.0 23.5 0.49
9.0 23.5 0.735
9.0 23.5 0.98
9.0 23.5 1.225
9.0 23.5 1.47
9.0 23.5 1.715
9.0 23.5 1.96
9.0 23.5 2.205
9.0 23.5 2.45
9.0 23.5 2.67
9.0 23.5031 -0.22
9.0 23.5031 0.0
9.0 23.75 -0.3
9.0 23.75 0.0
9.0 23.75 0.245
9.0 23.75 0.49
9.0 23.75 0.735
9.0 23.75 0.98
9.0 23.75 1.225
9.0 23.75 1.47
9.0 23.75 1.715
9.0 23.75 1.96
9.0 23.75 2.205
9.0 23.75 2.45
9.0 23.75 2.67
9.0 23.7515 -0.22
9.0 23.7515 0.0
9.0 23.82 0.0
9.0 23.82 0.245
9.0 23.82 0.49
9.0 23.82 0.735
9.0 23.82 0.98
9.0 23.82 1.225
9.0 23.82 1.47
9.0 23.82 1.715
9.0 23.82 1.96
9.0 23.82 2.205
9.0 23.82 2.45
9.0 24.0 -0.3
9.0 24.0 -0.22
9.0 24.0 0.0
9.0 24.0 0.245
9.0 24.0 0.49
9.0 24.0 0.735
9.0 24.0 0.98
9.0 24.0 1.225
9.0 24.0 1.47
9.0 24.0 1.715
9.0 24.0 1.96
9.0 24.0 2.205
9.0 24.0 2.45
9.0 24.0 2.67
9.0 24.25 -0.3
9.0 24.25 0.0
9.0 24.5 -0.3
9.0 24.5 0.0
9.0 24.75 -0.3
9.0 24.75 0.0
9.0 25.0 -0.3
9.0 25.0 -0.15
9.0 25.0 0.0
9.25 -1.0 -0.3
9.25 -1.0 -0.15
9.25 -1.0 0.0
9.25 -0.75 -0.3
9.25 -0.75 0.0
9.25 -0.5 -0.3
9.25 -0.5 0.0
9.25 -0.25 -0.3
9.25 -0.25 0.0
9.25 0.0 -0.3
9.25 0.0 0.0
9.25 0.25 -0.3
9.25 0.25 0.0
9.25 0.5 -0.3
9.25 0.5 0.0
9.25 0.75 -0.3
9.25 0.75 0.0
9.25 1.0 -0.3
9.25 1.0 0.0
9.25 1.25 -0.3
9.25 1.25 0.0
9.25 1.5 -0.3
9.25 1.5 0.0
9.25 1.75 -0.3
9.25 1.75 0.0
9.25 2.0 -0.3
9.25 2.0 0.0
9.25 2.25 -0.3
9.25 2.25 0.0
9.25 2.5 -0.3
9.25 2.5 0.0
9.25 2.75 -0.3
9.25 2.75 0.0
9.25 3.0 -0.3
9.25 3.0 0.0
9.25 3.25 -0.3
9.25 3.25 0.0
9.25 3.5 -0.3
9.25 3.5 0.0
9.25 3.75 -0.3
9.25 3.75 0.0
9.25 4.0 -0.3
9.25 4.0 0.0
9.25 4.25 -0.3
9.25 4.25 0.0
9.25 4.5 -0.3
9.25 4.5 0.0
9.25 4.75 -0.3
9.25 4.75 0.0
9.25 5.0 -0.3
9.25 5.0 0.0
9.25 5.25 -0.3
9.25 5.25 0.0
9.25 5.5 -0.3
9.25 5.5 0.0
9.25 5.75 -0.3
9.25 5.75 0.0
9.25 6.0 -0.3
9.25 6.0 0.0
9.25 6.25 -0.3
9.25 6.25 0.0
9.25 6.5 -0.3
9.25 6.5 0.0
9.25 6.75 -0.3
9.25 6.75 0.0
9.25 7.0 -0.3
9.25 7.0 0.0
9.25 7.25 -0.3
9.25 7.25 0.0
9.25 7.5 -0.3
9.25 7.5 0.0
9.25 7.75 -0.3
9.25 7.75 0.0
9.25 8.0 -0.3
9.25 8.0 0.0
9.25 8.25 -0.3
9.25 8.25 0.0
9.25 8.5 -0.3
9.25 8.5 0.0
9.25 8.75 -0.3
9.25 8.75 0.0
9.25 9.0 -0.3
9.25 9.0 0.0
9.25 9.25 -0.3
9.25 9.25 0.0
9.25 9.5 -0.3
9.25 9.5 0.0
9.25 9.75 -0.3
9.25 9.75 0.0
9.25 10.0 -0.3
9.25 10.0 0.0
9.25 10.25 -0.3
9.25 10.25 0.0
9.25 10.5 -0.3
9.25 10.5 0.0
9.25 10.75 -0.3
9.25 10.75 0.0
9.25 11.0 -0.3
9.25 11.0 0.0
9.25 11.25 -0.3
9.25 11.25 0.0
9.25 11.5 -0.3
9.25 11.5 0.0
9.25 11.75 -0.3
9.25 11.75 0.0
9.25 12.0 -0.3
9.25 12.0 0.0
9.25 12.25 -0.3
9.25 12.25 0.0
9.25 12.5 -0.3
9.25 12.5 0.0
9.25 12.75 -0.3
9.25 12.75 0.0
9.25 13.0 -0.3
9.25 13.0 0.0
9.25 13.25 -0.3
9.25 13.25 0.0
9.25 13.5 -0.3
9.25 13.5 0.0
9.25 13.75 -0.3
9.25 13.75 0.0
9.25 14.0 -0.3
9.25 14.0 0.0
9.25 14.25 -0.3
9.25 14.25 0.0
9.25 14.5 -0.3
9.25 14.5 0.0
9.25 14.75 -0.3
9.25 14.75 0.0
9.25 15.0 -0.3
9.25 15.0 0.0
9.25 15.25 -0.3
9.25 15.25 0.0
9.25 15.5 -0.3
9.25 15.5 0.0
9.25 15.75 -0.3
9.25 15.75 0.0
9.25 16.0 -0.3
9.25 16.0 0.0
9.25 16.25 -0.3
9.25 16.25 0.0
9.25 16.5 -0.3
9.25 16.5 0.0
9.25 16.75 -0.3
9.25 16.75 0.0
9.25 17.0 -0.3
9.25 17.0 0.0
9.25 17.25 -0.3
9.25 17.25 0.0
9.25 17.5 -0.3
9.25 17.5 0.0
9.25 17.75 -0.3
9.25 17.75 0.0
9.25 18.0 -0.3
9.25 18.0 0.0
9.25 18.25 -0.3
9.25 18.25 0.0
9.25 18.5 -0.3
9.25 18.5 0.0
9.25 18.75 -0.3
9.25 18.75 0.0
9.25 19.0 -0.3
9.25 19.0 0.0
9.25 19.25 -0.3
9.25 19.25 0.0
9.25 19.5 -0.3
9.25 19.5 0.0
9.25 19.75 -0.3
9.25 19.75 0.0
9.25 20.0 -0.3
9.25 20.0 0.0
9.25 20.25 -0.3
9.25 20.25 0.0
9.25 20.5 -0.3
9.25 20.5 0.0
9.25 20.75 -0.3
9.25 20.75 0.0
9.25 21.0 -0.3
9.25 21.0 0.0
9.25 21.25 -0.3
9.25 21.25 0.0
9.25 21.5 -0.3
9.25 21.5 0.0
9.25 21.75 -0.3
9.25 21.75 0.0
9.25 22.0 -0.3
9.25 22.0 0.0
9.25 22.25 -0.3
9.25 22.25 0.0
9.25 22.5 -0.3
9.25 22.5 0.0
9.25 22.75 -0.3
9.25 22.75 0.0
9.25 23.0 -0.3
9.25 23.0 0.0
9.25 23.25 -0.3
9.25 23.25 0.0
9.25 23.5 -0.3
9.25 23.5 0.0
9.25 23.75 -0.3
9.25 23.75 0.0
9.25 24.0 -0.3
9.25 24.0 0.0
9.25 24.25 -0.3
9.25 24.25 0.0
9.25 24.5 -0.3
9.25 24.5 0.0
9.25 24.75 -0.3
9.25 24.75 0.0
9.25 25.0 -0.3
9.25 25.0 -0.15
9.25 25.0 0.0
9.5 -1.0 -0.3
9.5 -1.0 -0.15
9.5 -1.0 0.0
9.5 -0.75 -0.3
9.5 -0.75 0.0
9.5 -0.5 -0.3
9.5 -0.5 0.0
9.5 -0.25 -0.3
9.5 -0.25 0.0
9.5 0.0 -0.3
9.5 0.0 0.0
9.5 0.25 -0.3
9.5 0.25 0.0
9.5 0.5 -0.3
9.5 0.5 0.0
9.5 0.75 -0.3
9.5 0.75 0.0
9.5 1.0 -0.3
9.5 1.0 0.0
9.5 1.25 -0.3
9.5 1.25 0.0
9.5 1.5 -0.3
9.5 1.5 0.0
9.5 1.75 -0.3
9.5 1.75 0.0
9.5 2.0 -0.3
9.5 2.0 0.0
9.5 2.25 -0.3
9.5 2.25 0.0
9.5 2.5 -0.3
9.5 2.5 0.0
9.5 2.75 -0.3
9.5 2.75 0.0
9.5 3.0 -0.3
9.5 3.0 0.0
9.5 3.25 -0.3
9.5 3.25 0.0
9.5 3.5 -0.3
9.5 3.5 0.0
9.5 3.75 -0.3
9.5 3.75 0.0
9.5 4.0 -0.3
9.5 4.0 0.0
9.5 4.25 -0.3
9.5 4.25 0.0
9.5 4.5 -0.3
9.5 4.5 0.0
9.5 4.75 -0.3
9.5 4.75 0.0
9.5 5.0 -0.3
9.5 5.0 0.0
9.5 5.25 -0.3
9.5 5.25 0.0
9.5 5.5 -0.3
9.5 5.5 0.0
9.5 5.75 -0.3
9.5 5.75 0.0
9.5 6.0 -0.3
9.5 6.0 0.0
9.5 6.25 -0.3
9.5 6.25 0.0
9.5 6.5 -0.3
9.5 6.5 0.0
9.5 6.75 -0.3
9.5 6.75 0.0
9.5 7.0 -0.3
9.5 7.0 0.0
9.5 7.25 -0.3
9.5 7.25 0.0
9.5 7.5 -0.3
9.5 7.5 0.0
9.5 7.75 -0.3
9.5 7.75 0.0
9.5 8.0 -0.3
9.5 8.0 0.0
9.5 8.25 -0.3
9.5 8.25 0.0
9.5 8.5 -0.3
9.5 8.5 0.0
9.5 8.75 -0.3
9.5 8.75 0.0
9.5 9.0 -0.3
9.5 9.0 0.0
9.5 9.25 -0.3
9.5 9.25 0.0
9.5 9.5 -0.3
9.5 9.5 0.0
9.5 9.75 -0.3
9.5 9.75 0.0
9.5 10.0 -0.3
9.5 10.0 0.0
9.5 10.25 -0.3
9.5 10.25 0.0
9.5 10.5 -0.3
9.5 10.5 0.0
9.5 10.75 -0.3
9.5 10.75 0.0
9.5 11.0 -0.3
9.5 11.0 0.0
9.5 11.25 -0.3
9.5 11.25 0.0
9.5 11.5 -0.3
9.5 11.5 0.0
9.5 11.75 -0.3
9.5 11.75 0.0
9.5 12.0 -0.3
9.5 12.0 0.0
9.5 12.25 -0.3
9.5 12.25 0.0
9.5 12.5 -0.3
9.5 12.5 0.0
9.5 12.75 -0.3
9.5 12.75 0.0
9.5 13.0 -0.3
9.5 13.0 0.0
9.5 13.25 -0.3
9.5 13.25 0.0
9.5 13.5 -0.3
9.5 13.5 0.0
9.5 13.75 -0.3
9.5 13.75 0.0
9.5 14.0 -0.3
9.5 14.0 0.0
9.5 14.25 -0.3
9.5 14.25 0.0
9.5 14.5 -0.3
9.5 14.5 0.0
9.5 14.75 -0.3
9.5 14.75 0.0
9.5 15.0 -0.3
9.5 15.0 0.0
9.5 15.25 -0.3
9.5 15.25 0.0
9.5 15.5 -0.3
9.5 15.5 0.0
9.5 15.75 -0.3
9.5 15.75 0.0
9.5 16.0 -0.3
9.5 16.0 0.0
9.5 16.25 -0.3
9.5 16.25 0.0
9.5 16.5 -0.3
9.5 16.5 0.0
9.5 16.75 -0.3
9.5 16.75 0.0
9.5 17.0 -0.3
9.5 17.0 0.0
9.5 17.25 -0.3
9.5 17.25 0.0
9.5 17.5 -0.3
9.5 17.5 0.0
9.5 17.75 -0.3
9.5 17.75 0.0
9.5 18.0 -0.3
9.5 18.0 0.0
9.5 18.25 -0.3
9.5 18.25 0.0
9.5 18.5 -0.3
9.5 18.5 0.0
9.5 18.75 -0.3
9.5 18.75 0.0
9.5 19.0 -0.3
9.5 19.0 0.0
9.5 19.25 -0.3
9.5 19.25 0.0
9.5 19.5 -0.3
9.5 19.5 0.0
9.5 19.75 -0.3
9.5 19.75 0.0
9.5 20.0 -0.3
9.5 20.0 0.0
9.5 20.25 -0.3
9.5 20.25 0.0
9.5 20.5 -0.3
9.5 20.5 0.0
9.5 20.75 -0.3
9.5 20.75 0.0
9.5 21.0 -0.3
9.5 21.0 0.0
9.5 21.25 -0.3
9.5 21.25 0.0
9.5 21.5 -0.3
9.5 21.5 0.0
9.5 21.75 -0.3
9.5 21.75 0.0
9.5 22.0 -0.3
9.5 22.0 0.0
9.5 22.25 -0.3
9.5 22.25 0.0
9.5 22.5 -0.3
9.5 22.5 0.0
9.5 22.75 -0.3
9.5 22.75 0.0
9.5 23.0 -0.3
9.5 23.0 0.0
9.5 23.25 -0.3
9.5 23.25 0.0
9.5 23.5 -0.3
9.5 23.5 0.0
9.5 23.75 -0.3
9.5 23.75 0.0
9.5 24.0 -0.3
9.5 24.0 0.0
9.5 24.25 -0.3
9.5 24.25 0.0
9.5 24.5 -0.3
9.5 24.5 0.0
9.5 24.75 -0.3
9.5 24.75 0.0
9.5 25.0 -0.3
9.5 25.0 -0.15
9.5 25.0 0.0
9.75 -1.0 -0.3
9.75 -1.0 -0.15
9.75 -1.0 0.0
9.75 -0.75 -0.3
9.75 -0.75 0.0
9.75 -0.5 -0.3
9.75 -0.5 0.0
9.75 -0.25 -0.3
9.75 -0.25 0.0
9.75 0.0 -0.3
9.75 0.0 0.0
9.75 0.25 -0.3
9.75 0.25 0.0
9.75 0.5 -0.3
9.75 0.5 0.0
9.75 0.75 -0.3
9.75 0.75 0.0
9.75 1.0 -0.3
9.75 1.0 0.0
9.75 1.25 -0.3
9.75 1.25 0.0
9.75 1.5 -0.3
9.75 1.5 0.0
9.75 1.75 -0.3
9.75 1.75 0.0
9.75 2.0 -0.3
9.75 2.0 0.0
9.75 2.25 -0.3
9.75 2.25 0.0
9.75 2.5 -0.3
9.75 2.5 0.0
9.75 2.75 -0.3
9.75 2.75 0.0
9.75 3.0 -0.3
9.75 3.0 0.0
9.75 3.25 -0.3
9.75 3.25 0.0
9.75 3.5 -0.3
9.75 3.5 0.0
9.75 3.75 -0.3
9.75 3.75 0.0
9.75 4.0 -0.3
9.75 4.0 0.0
9.75 4.25 -0.3
9.75 4.25 0.0
9.75 4.5 -0.3
9.75 4.5 0.0
9.75 4.75 -0.3
9.75 4.75 0.0
9.75 5.0 -0.3
9.75 5.0 0.0
9.75 5.25 -0.3
9.75 5.25 0.0
9.75 5.5 -0.3
9.75 5.5 0.0
9.75 5.75 -0.3
9.75 5.75 0.0
9.75 6.0 -0.3
9.75 6.0 0.0
9.75 6.25 -0.3
9.75 6.25 0.0
9.75 6.5 -0.3
9.75 6.5 0.0
9.75 6.75 -0.3
9.75 6.75 0.0
9.75 7.0 -0.3
9.75 7.0 0.0
9.75 7.25 -0.3
9.75 7.25 0.0
9.75 7.5 -0.3
9.75 7.5 0.0
9.75 7.75 -0.3
9.75 7.75 0.0
9.75 8.0 -0.3
9.75 8.0 0.0
9.75 8.25 -0.3
9.75 8.25 0.0
9.75 8.5 -0.3
9.75 8.5 0.0
9.75 8.75 -0.3
9.75 8.75 0.0
9.75 9.0 -0.3
9.75 9.0 0.0
9.75 9.25 -0.3
9.75 9.25 0.0
9.75 9.5 -0.3
9.75 9.5 0.0
9.75 9.75 -0.3
9.75 9.75 0.0
9.75 10.0 -0.3
9.75 10.0 0.0
9.75 10.25 -0.3
9.75 10.25 0.0
9.75 10.5 -0.3
9.75 10.5 0.0
9.75 10.75 -0.3
9.75 10.75 0.0
9.75 11.0 -0.3
9.75 11.0 0.0
9.75 11.25 -0.3
9.75 11.25 0.0
9.75 11.5 -0.3
9.75 11.5 0.0
9.75 11.75 -0.3
9.75 11.75 0.0
9.75 12.0 -0.3
9.75 12.0 0.0
9.75 12.25 -0.3
9.75 12.25 0.0
9.75 12.5 -0.3
9.75 12.5 0.0
9.75 12.75 -0.3
9.75 12.75 0.0
9.75 13.0 -0.3
9.75 13.0 0.0
9.75 13.25 -0.3
9.75 13.25 0.0
9.75 13.5 -0.3
9.75 13.5 0.0
9.75 13.75 -0.3
9.75 13.75 0.0
9.75 14.0 -0.3
9.75 14.0 0.0
9.75 14.25 -0.3
9.75 14.25 0.0
9.75 14.5 -0.3
9.75 14.5 0.0
9.75 14.75 -0.3
9.75 14.75 0.0
9.75 15.0 -0.3
9.75 15.0 0.0
9.75 15.25 -0.3
9.75 15.25 0.0
9.75 15.5 -0.3
9.75 15.5 0.0
9.75 15.75 -0.3
9.75 15.75 0.0
9.75 16.0 -0.3
9.75 16.0 0.0
9.75 16.25 -0.3
9.75 16.25 0.0
9.75 16.5 -0.3
9.75 16.5 0.0
9.75 16.75 -0.3
9.75 16.75 0.0
9.75 17.0 -0.3
9.75 17.0 0.0
9.75 17.25 -0.3
9.75 17.25 0.0
9.75 17.5 -0.3
9.75 17.5 0.0
9.75 17.75 -0.3
9.75 17.75 0.0
9.75 18.0 -0.3
9.75 18.0 0.0
9.75 18.25 -0.3
9.75 18.25 0.0
9.75 18.5 -0.3
9.75 18.5 0.0
9.75 18.75 -0.3
9.75 18.75 0.0
9.75 19.0 -0.3
9.75 19.0 0.0
9.75 19.25 -0.3
9.75 19.25 0.0
9.75 19.5 -0.3
9.75 19.5 0.0
9.75 19.75 -0.3
9.75 19.75 0.0
9.75 20.0 -0.3
9.75 20.0 0.0
9.75 20.25 -0.3
9.75 20.25 0.0
9.75 20.5 -0.3
9.75 20.5 0.0
9.75 20.75 -0.3
9.75 20.75 0.0
9.75 21.0 -0.3
9.75 21.0 0.0
9.75 21.25 -0.3
9.75 21.25 0.0
9.75 21.5 -0.3
9.75 21.5 0.0
9.75 21.75 -0.3
9.75 21.75 0.0
9.75 22.0 -0.3
9.75 22.0 0.0
9.75 22.25 -0.3
9.75 22.25 0.0
9.75 22.5 -0.3
9.75 22.5 0.0
9.75 22.75 -0.3
9.75 22.75 0.0
9.75 23.0 -0.3
9.75 23.0 0.0
9.75 23.25 -0.3
9.75 23.25 0.0
9.75 23.5 -0.3
9.75 23.5 0.0
9.75 23.75 -0.3
9.75 23.75 0.0
9.75 24.0 -0.3
9.75 24.0 0.0
9.75 24.25 -0.3
9.75 24.25 0.0
9.75 24.5 -0.3
9.75 24.5 0.0
9.75 24.75 -0.3
9.75 24.75 0.0
9.75 25.0 -0.3
9.75 25.0 -0.15
9.75 25.0 0.0
10.0 -1.0 -0.3
10.0 -1.0 -0.15
10.0 -1.0 0.0
10.0 -0.75 -0.3
10.0 -0.75 -0.15
10.0 -0.75 0.0
10.0 -0.5 -0.3
10.0 -0.5 -0.15
10.0 -0.5 0.0
10.0 -0.25 -0.3
10.0 -0.25 -0.15
10.0 -0.25 0.0
10.0 0.0 -0.3
10.0 0.0 -0.15
10.0 0.0 0.0
10.0 0.25 -0.3
10.0 0.25 -0.15
10.0 0.25 0.0
10.0 0.5 -0.3
10.0 0.5 -0.15
10.0 0.5 0.0
10.0 0.75 -0.3
10.0 0.75 -0.15
10.0 0.75 0.0
10.0 1.0 -0.3
10.0 1.0 -0.15
10.0 1.0 0.0
10.0 1.25 -0.3
10.0 1.25 -0.15
10.0 1.25 0.0
10.0 1.5 -0.3
10.0 1.5 -0.15
10.0 1.5 0.0
10.0 1.75 -0.3
10.0 1.75 -0.15
10.0 1.75 0.0
10.0 2.0 -0.3
10.0 2.0 -0.15
10.0 2.0 0.0
10.0 2.25 -0.3
10.0 2.25 -0.15
10.0 2.25 0.0
10.0 2.5 -0.3
10.0 2.5 -0.15
10.0 2.5 0.0
10.0 2.75 -0.3
10.0 2.75 -0.15
10.0 2.75 0.0
10.0 3.0 -0.3
10.0 3.0 -0.15
10.0 3.0 0.0
10.0 3.25 -0.3
10.0 3.25 -0.15
10.0 3.25 0.0
10.0 3.5 -0.3
10.0 3.5 -0.15
10.0 3.5 0.0
10.0 3.75 -0.3
10.0 3.75 -0.15
10.0 3.75 0.0
10.0 4.0 -0.3
10.0 4.0 -0.15
10.0 4.0 0.0
10.0 4.25 -0.3
10.0 4.25 -0.15
10.0 4.25 0.0
10.0 4.5 -0.3
10.0 4.5 -0.15
10.0 4.5 0.0
10.0 4.75 -0.3
10.0 4.75 -0.15
10.0 4.75 0.0
10.0 5.0 -0.3
10.0 5.0 -0.15
10.0 5.0 0.0
10.0 5.25 -0.3
10.0 5.25 -0.15
10.0 5.25 0.0
10.0 5.5 -0.3
10.0 5.5 -0.15
10.0 5.5 0.0
10.0 5.75 -0.3
10.0 5.75 -0.15
10.0 5.75 0.0
10.0 6.0 -0.3
10.0 6.0 -0.15
10.0 6.0 0.0
10.0 6.25 -0.3
10.0 6.25 -0.15
10.0 6.25 0.0
10.0 6.5 -0.3
10.0 6.5 -0.15
10.0 6.5 0.0
10.0 6.75 -0.3
10.0 6.75 -0.15
10.0 6.75 0.0
10.0 7.0 -0.3
10.0 7.0 -0.15
10.0 7.0 0.0
10.0 7.25 -0.3
10.0 7.25 -0.15
10.0 7.25 0.0
10.0 7.5 -0.3
10.0 7.5 -0.15
10.0 7.5 0.0
10.0 7.75 -0.3
10.0 7.75 -0.15
10.0 7.75 0.0
10.0 8.0 -0.3
10.0 8.0 -0.15
10.0 8.0 0.0
10.0 8.25 -0.3
10.0 8.25 -0.15
10.0 8.25 0.0
10.0 8.5 -0.3
10.0 8.5 -0.15
10.0 8.5 0.0
10.0 8.75 -0.3
10.0 8.75 -0.15
10.0 8.75 0.0
10.0 9.0 -0.3
10.0 9.0 -0.15
10.0 9.0 0.0
10.0 9.25 -0.3
10.0 9.25 -0.15
10.0 9.25 0.0
10.0 9.5 -0.3
10.0 9.5 -0.15
10.0 9.5 0.0
10.0 9.75 -0.3
10.0 9.75 -0.15
10.0 9.75 0.0
10.0 10.0 -0.3
10.0 10.0 -0.15
10.0 10.0 0.0
10.0 10.25 -0.3
10.0 10.25 -0.15
10.0 10.25 0.0
10.0 10.5 -0.3
10.0 10.5 -0.15
10.0 10.5 0.0
10.0 10.75 -0.3
10.0 10.75 -0.15
10.0 10.75 0.0
10.0 11.0 -0.3
10.0 11.0 -0.15
10.0 11.0 0.0
10.0 11.25 -0.3
10.0 11.25 -0.15
10.0 11.25 0.0
10.0 11.5 -0.3
10.0 11.5 -0.15
10.0 11.5 0.0
10.0 11.75 -0.3
10.0 11.75 -0.15
10.0 11.75 0.0
10.0 12.0 -0.3
10.0 12.0 -0.15
10.0 12.0 0.0
10.0 12.25 -0.3
10.0 12.25 -0.15
10.0 12.25 0.0
10.0 12.5 -0.3
10.0 12.5 -0.15
10.0 12.5 0.0
10.0 12.75 -0.3
10.0 12.75 -0.15
10.0 12.75 0.0
10.0 13.0 -0.3
10.0 13.0 -0.15
10.0 13.0 0.0
10.0 13.25 -0.3
10.0 13.25 -0.15
10.0 13.25 0.0
10.0 13.5 -0.3
10.0 13.5 -0.15
10.0 13.5 0.0
10.0 13.75 -0.3
10.0 13.75 -0.15
10.0 13.75 0.0
10.0 14.0 -0.3
10.0 14.0 -0.15
10.0 14.0 0.0
10.0 14.25 -0.3
10.0 14.25 -0.15
10.0 14.25 0.0
10.0 14.5 -0.3
10.0 14.5 -0.15
10.0 14.5 0.0
10.0 14.75 -0.3
10.0 14.75 -0.15
10.0 14.75 0.0
10.0 15.0 -0.3
10.0 15.0 -0.15
10.0 15.0 0.0
10.0 15.25 -0.3
10.0 15.25 -0.15
10.0 15.25 0.0
10.0 15.5 -0.3
10.0 15.5 -0.15
10.0 15.5 0.0
10.0 15.75 -0.3
10.0 15.75 -0.15
10.0 15.75 0.0
10.0 16.0 -0.3
10.0 16.0 -0.15
10.0 16.0 0.0
10.0 16.25 -0.3
10.0 16.25 -0.15
10.0 16.25 0.0
10.0 16.5 -0.3
10.0 16.5 -0.15
10.0 16.5 0.0
10.0 16.75 -0.3
10.0 16.75 -0.15
10.0 16.75 0.0
10.0 17.0 -0.3
10.0 17.0 -0.15
10.0 17.0 0.0
10.0 17.25 -0.3
10.0 17.25 -0.15
10.0 17.25 0.0
10.0 17.5 -0.3
10.0 17.5 -0.15
10.0 17.5 0.0
10.0 17.75 -0.3
10.0 17.75 -0.15
10.0 17.75 0.0
10.0 18.0 -0.3
10.0 18.0 -0.15
10.0 18.0 0.0
10.0 18.25 -0.3
10.0 18.25 -0.15
10.0 18.25 0.0
10.0 18.5 -0.3
10.0 18.5 -0.15
10.0 18.5 0.0
10.0 18.75 -0.3
10.0 18.75 -0.15
10.0 18.75 0.0
10.0 19.0 -0.3
10.0 19.0 -0.15
10.0 19.0 0.0
10.0 19.25 -0.3
10.0 19.25 -0.15
10.0 19.25 0.0
10.0 19.5 -0.3
10.0 19.5 -0.15
10.0 19.5 0.0
10.0 19.75 -0.3
10.0 19.75 -0.15
10.0 19.75 0.0
10.0 20.0 -0.3
10.0 20.0 -0.15
10.0 20.0 0.0
10.0 20.25 -0.3
10.0 20.25 -0.15
10.0 20.25 0.0
10.0 20.5 -0.3
10.0 20.5 -0.15
10.0 20.5 0.0
10.0 20.75 -0.3
10.0 20.75 -0.15
10.0 20.75 0.0
10.0 21.0 -0.3
10.0 21.0 -0.15
10.0 21.0 0.0
10.0 21.25 -0.3
10.0 21.25 -0.15
10.0 21.25 0.0
10.0 21.5 -0.3
10.0 21.5 -0.15
10.0 21.5 0.0
10.0 21.75 -0.3
10.0 21.75 -0.15
10.0 21.75 0.0
10.0 22.0 -0.3
10.0 22.0 -0.15
10.0 22.0 0.0
10.0 22.25 -0.3
10.0 22.25 -0.15
10.0 22.25 0.0
10.0 22.5 -0.3
10.0 22.5 -0.15
10.0 22.5 0.0
10.0 22.75 -0.3
10.0 22.75 -0.15
10.0 22.75 0.0
10.0 23.0 -0.3
10.0 23.0 -0.15
10.0 23.0 0.0
10.0 23.25 -0.3
10.0 23.25 -0.15
10.0 23.25 0.0
10.0 23.5 -0.3
10.0 23.5 -0.15
10.0 23.5 0.0
10.0 23.75 -0.3
10.0 23.75 -0.15
10.0 23.75 0.0
10.0 24.0 -0.3
10.0 24.0 -0.15
10.0 24.0 0.0
10.0 24.25 -0.3
10.0 24.25 -0.15
10.0 24.25 0.0
10.0 24.5 -0.3
10.0 24.5 -0.15
10.0 24.5 0.0
10.0 24.75 -0.3
10.0 24.75 -0.15
10.0 24.75 0.0
10.0 25.0 -0.3
10.0 25.0 -0.15
10.0 25.0 0.0
